[tokenizer] tokenizer_131k holds a 265-token tokenizer, rebuilding for 131,072
[tokenizer] corpus: 300 parquet shard(s) under data
[tokenizer] training vocab_size=131,072 into tokenizer_131k
[tokenizer] max_chars=8,000,000,000 doc_cap=40,000  (scaled 4.0x from the 32,768 defaults)
[tokenizer] this reads a large slice of the corpus; one-time cost per size
max_chars: 8,000,000,000
doc_cap: 40,000
vocab_size: 131,072
2026-09-04 18:10:08,655 - rustbpe - INFO - Processing sequences from iterator (buffer_size: 8192)
2026-09-04 18:14:53,255 - rustbpe - INFO - Processed 2770373 sequences total, 5301910 unique
2026-09-04 18:14:53,650 - rustbpe - INFO - Starting BPE training: 130807 merges to compute
2026-09-04 18:14:53,651 - rustbpe - INFO - Computing initial pair counts from 5301910 unique sequences
2026-09-04 18:15:02,889 - rustbpe - INFO - Building heap with 22274 unique pairs
2026-09-04 18:15:02,892 - rustbpe - INFO - Starting merge loop
2026-09-04 18:15:12,369 - rustbpe - INFO - Progress: 1% (1309/130807 merges) - Last merge: (517, 281) -> 1564 (frequency: 435816)
2026-09-04 18:15:13,571 - rustbpe - INFO - Progress: 2% (2617/130807 merges) - Last merge: (257, 561) -> 2872 (frequency: 185126)
2026-09-04 18:15:14,445 - rustbpe - INFO - Progress: 3% (3925/130807 merges) - Last merge: (2645, 273) -> 4180 (frequency: 105068)
2026-09-04 18:15:15,188 - rustbpe - INFO - Progress: 4% (5233/130807 merges) - Last merge: (517, 648) -> 5488 (frequency: 70006)
2026-09-04 18:15:15,774 - rustbpe - INFO - Progress: 5% (6541/130807 merges) - Last merge: (3550, 330) -> 6796 (frequency: 51472)
2026-09-04 18:15:16,251 - rustbpe - INFO - Progress: 6% (7849/130807 merges) - Last merge: (278, 457) -> 8104 (frequency: 39334)
2026-09-04 18:15:16,678 - rustbpe - INFO - Progress: 7% (9157/130807 merges) - Last merge: (1116, 283) -> 9412 (frequency: 31112)
2026-09-04 18:15:17,026 - rustbpe - INFO - Progress: 8% (10465/130807 merges) - Last merge: (107, 103) -> 10720 (frequency: 25488)
2026-09-04 18:15:17,363 - rustbpe - INFO - Progress: 9% (11773/130807 merges) - Last merge: (111, 460) -> 12028 (frequency: 21105)
2026-09-04 18:15:17,729 - rustbpe - INFO - Progress: 10% (13081/130807 merges) - Last merge: (1737, 9868) -> 13336 (frequency: 17720)
2026-09-04 18:15:18,030 - rustbpe - INFO - Progress: 11% (14389/130807 merges) - Last merge: (277, 304) -> 14644 (frequency: 15251)
2026-09-04 18:15:18,309 - rustbpe - INFO - Progress: 12% (15697/130807 merges) - Last merge: (3709, 859) -> 15952 (frequency: 13179)
2026-09-04 18:15:18,592 - rustbpe - INFO - Progress: 13% (17005/130807 merges) - Last merge: (112, 1047) -> 17260 (frequency: 11530)
2026-09-04 18:15:18,849 - rustbpe - INFO - Progress: 14% (18313/130807 merges) - Last merge: (4586, 400) -> 18568 (frequency: 10249)
2026-09-04 18:15:19,065 - rustbpe - INFO - Progress: 15% (19622/130807 merges) - Last merge: (321, 4936) -> 19877 (frequency: 9166)
2026-09-04 18:15:19,408 - rustbpe - INFO - Progress: 16% (20930/130807 merges) - Last merge: (3633, 18505) -> 21185 (frequency: 8220)
2026-09-04 18:15:19,691 - rustbpe - INFO - Progress: 17% (22238/130807 merges) - Last merge: (4671, 15020) -> 22493 (frequency: 7393)
2026-09-04 18:15:19,912 - rustbpe - INFO - Progress: 18% (23546/130807 merges) - Last merge: (16562, 120) -> 23801 (frequency: 6706)
2026-09-04 18:15:20,107 - rustbpe - INFO - Progress: 19% (24854/130807 merges) - Last merge: (41, 839) -> 25109 (frequency: 6118)
2026-09-04 18:15:20,293 - rustbpe - INFO - Progress: 20% (26162/130807 merges) - Last merge: (1469, 1242) -> 26417 (frequency: 5605)
2026-09-04 18:15:20,479 - rustbpe - INFO - Progress: 21% (27470/130807 merges) - Last merge: (9511, 2295) -> 27725 (frequency: 5129)
2026-09-04 18:15:20,679 - rustbpe - INFO - Progress: 22% (28778/130807 merges) - Last merge: (399, 357) -> 29033 (frequency: 4712)
2026-09-04 18:15:20,826 - rustbpe - INFO - Progress: 23% (30086/130807 merges) - Last merge: (8107, 1894) -> 30341 (frequency: 4359)
2026-09-04 18:15:20,971 - rustbpe - INFO - Progress: 24% (31394/130807 merges) - Last merge: (3960, 115) -> 31649 (frequency: 4036)
2026-09-04 18:15:21,118 - rustbpe - INFO - Progress: 25% (32702/130807 merges) - Last merge: (358, 3043) -> 32957 (frequency: 3754)
2026-09-04 18:15:21,295 - rustbpe - INFO - Progress: 26% (34010/130807 merges) - Last merge: (1103, 107) -> 34265 (frequency: 3500)
2026-09-04 18:15:21,451 - rustbpe - INFO - Progress: 27% (35318/130807 merges) - Last merge: (275, 30617) -> 35573 (frequency: 3268)
2026-09-04 18:15:21,602 - rustbpe - INFO - Progress: 28% (36626/130807 merges) - Last merge: (28477, 1077) -> 36881 (frequency: 3059)
2026-09-04 18:15:21,804 - rustbpe - INFO - Progress: 29% (37935/130807 merges) - Last merge: (5669, 24540) -> 38190 (frequency: 2872)
2026-09-04 18:15:21,953 - rustbpe - INFO - Progress: 30% (39243/130807 merges) - Last merge: (320, 573) -> 39498 (frequency: 2700)
2026-09-04 18:15:22,092 - rustbpe - INFO - Progress: 31% (40551/130807 merges) - Last merge: (4784, 380) -> 40806 (frequency: 2546)
2026-09-04 18:15:22,218 - rustbpe - INFO - Progress: 32% (41859/130807 merges) - Last merge: (45, 1677) -> 42114 (frequency: 2403)
2026-09-04 18:15:22,327 - rustbpe - INFO - Progress: 33% (43167/130807 merges) - Last merge: (499, 474) -> 43422 (frequency: 2268)
2026-09-04 18:15:22,425 - rustbpe - INFO - Progress: 34% (44475/130807 merges) - Last merge: (1681, 9758) -> 44730 (frequency: 2150)
2026-09-04 18:15:22,531 - rustbpe - INFO - Progress: 35% (45783/130807 merges) - Last merge: (33612, 2907) -> 46038 (frequency: 2037)
2026-09-04 18:15:22,603 - rustbpe - INFO - Progress: 36% (47091/130807 merges) - Last merge: (229, 159) -> 47346 (frequency: 1935)
2026-09-04 18:15:22,681 - rustbpe - INFO - Progress: 37% (48399/130807 merges) - Last merge: (27917, 27705) -> 48654 (frequency: 1842)
2026-09-04 18:15:22,774 - rustbpe - INFO - Progress: 38% (49707/130807 merges) - Last merge: (557, 1563) -> 49962 (frequency: 1751)
2026-09-04 18:15:22,859 - rustbpe - INFO - Progress: 39% (51015/130807 merges) - Last merge: (4672, 460) -> 51270 (frequency: 1671)
2026-09-04 18:15:22,936 - rustbpe - INFO - Progress: 40% (52323/130807 merges) - Last merge: (322, 652) -> 52578 (frequency: 1593)
2026-09-04 18:15:23,021 - rustbpe - INFO - Progress: 41% (53631/130807 merges) - Last merge: (405, 1283) -> 53886 (frequency: 1519)
2026-09-04 18:15:23,099 - rustbpe - INFO - Progress: 42% (54939/130807 merges) - Last merge: (3712, 330) -> 55194 (frequency: 1452)
2026-09-04 18:15:23,177 - rustbpe - INFO - Progress: 43% (56248/130807 merges) - Last merge: (4281, 1227) -> 56503 (frequency: 1390)
2026-09-04 18:15:23,247 - rustbpe - INFO - Progress: 44% (57556/130807 merges) - Last merge: (2536, 28833) -> 57811 (frequency: 1331)
2026-09-04 18:15:23,311 - rustbpe - INFO - Progress: 45% (58864/130807 merges) - Last merge: (7891, 5586) -> 59119 (frequency: 1278)
2026-09-04 18:15:23,382 - rustbpe - INFO - Progress: 46% (60172/130807 merges) - Last merge: (451, 8509) -> 60427 (frequency: 1227)
2026-09-04 18:15:23,438 - rustbpe - INFO - Progress: 47% (61480/130807 merges) - Last merge: (51163, 42725) -> 61735 (frequency: 1181)
2026-09-04 18:15:23,497 - rustbpe - INFO - Progress: 48% (62788/130807 merges) - Last merge: (413, 112) -> 63043 (frequency: 1133)
2026-09-04 18:15:23,572 - rustbpe - INFO - Progress: 49% (64096/130807 merges) - Last merge: (112, 110) -> 64351 (frequency: 1090)
2026-09-04 18:15:23,650 - rustbpe - INFO - Progress: 50% (65404/130807 merges) - Last merge: (10619, 2082) -> 65659 (frequency: 1049)
2026-09-04 18:15:23,719 - rustbpe - INFO - Progress: 51% (66712/130807 merges) - Last merge: (1047, 259) -> 66967 (frequency: 1010)
2026-09-04 18:15:23,800 - rustbpe - INFO - Progress: 52% (68020/130807 merges) - Last merge: (100, 3790) -> 68275 (frequency: 974)
2026-09-04 18:15:23,869 - rustbpe - INFO - Progress: 53% (69328/130807 merges) - Last merge: (4451, 31149) -> 69583 (frequency: 940)
2026-09-04 18:15:23,957 - rustbpe - INFO - Progress: 54% (70636/130807 merges) - Last merge: (1916, 53465) -> 70891 (frequency: 907)
2026-09-04 18:15:24,044 - rustbpe - INFO - Progress: 55% (71944/130807 merges) - Last merge: (704, 21519) -> 72199 (frequency: 875)
2026-09-04 18:15:24,118 - rustbpe - INFO - Progress: 56% (73252/130807 merges) - Last merge: (1764, 34) -> 73507 (frequency: 845)
2026-09-04 18:15:24,200 - rustbpe - INFO - Progress: 57% (74560/130807 merges) - Last merge: (328, 316) -> 74815 (frequency: 818)
2026-09-04 18:15:24,268 - rustbpe - INFO - Progress: 58% (75869/130807 merges) - Last merge: (114, 9824) -> 76124 (frequency: 792)
2026-09-04 18:15:24,334 - rustbpe - INFO - Progress: 59% (77177/130807 merges) - Last merge: (19675, 69725) -> 77432 (frequency: 767)
2026-09-04 18:15:24,407 - rustbpe - INFO - Progress: 60% (78485/130807 merges) - Last merge: (11675, 86) -> 78740 (frequency: 743)
2026-09-04 18:15:24,474 - rustbpe - INFO - Progress: 61% (79793/130807 merges) - Last merge: (72, 18132) -> 80048 (frequency: 719)
2026-09-04 18:15:24,534 - rustbpe - INFO - Progress: 62% (81101/130807 merges) - Last merge: (21588, 2666) -> 81356 (frequency: 698)
2026-09-04 18:15:24,609 - rustbpe - INFO - Progress: 63% (82409/130807 merges) - Last merge: (9039, 8346) -> 82664 (frequency: 676)
2026-09-04 18:15:24,671 - rustbpe - INFO - Progress: 64% (83717/130807 merges) - Last merge: (3106, 293) -> 83972 (frequency: 655)
2026-09-04 18:15:24,743 - rustbpe - INFO - Progress: 65% (85025/130807 merges) - Last merge: (574, 1753) -> 85280 (frequency: 635)
2026-09-04 18:15:24,805 - rustbpe - INFO - Progress: 66% (86333/130807 merges) - Last merge: (420, 1324) -> 86588 (frequency: 617)
2026-09-04 18:15:24,854 - rustbpe - INFO - Progress: 67% (87641/130807 merges) - Last merge: (67, 841) -> 87896 (frequency: 600)
2026-09-04 18:15:24,922 - rustbpe - INFO - Progress: 68% (88949/130807 merges) - Last merge: (6463, 79333) -> 89204 (frequency: 584)
2026-09-04 18:15:24,975 - rustbpe - INFO - Progress: 69% (90257/130807 merges) - Last merge: (23621, 109) -> 90512 (frequency: 569)
2026-09-04 18:15:25,037 - rustbpe - INFO - Progress: 70% (91565/130807 merges) - Last merge: (3248, 105) -> 91820 (frequency: 553)
2026-09-04 18:15:25,095 - rustbpe - INFO - Progress: 71% (92873/130807 merges) - Last merge: (4204, 917) -> 93128 (frequency: 538)
2026-09-04 18:15:25,146 - rustbpe - INFO - Progress: 72% (94182/130807 merges) - Last merge: (115, 11124) -> 94437 (frequency: 523)
2026-09-04 18:15:25,190 - rustbpe - INFO - Progress: 73% (95490/130807 merges) - Last merge: (1634, 45) -> 95745 (frequency: 510)
2026-09-04 18:15:25,237 - rustbpe - INFO - Progress: 74% (96798/130807 merges) - Last merge: (276, 6870) -> 97053 (frequency: 497)
2026-09-04 18:15:25,293 - rustbpe - INFO - Progress: 75% (98106/130807 merges) - Last merge: (84, 4927) -> 98361 (frequency: 485)
2026-09-04 18:15:25,346 - rustbpe - INFO - Progress: 76% (99414/130807 merges) - Last merge: (38830, 78238) -> 99669 (frequency: 474)
2026-09-04 18:15:25,403 - rustbpe - INFO - Progress: 77% (100722/130807 merges) - Last merge: (3557, 14121) -> 100977 (frequency: 462)
2026-09-04 18:15:25,446 - rustbpe - INFO - Progress: 78% (102030/130807 merges) - Last merge: (79, 3577) -> 102285 (frequency: 450)
2026-09-04 18:15:25,488 - rustbpe - INFO - Progress: 79% (103338/130807 merges) - Last merge: (95, 88) -> 103593 (frequency: 439)
2026-09-04 18:15:25,534 - rustbpe - INFO - Progress: 80% (104646/130807 merges) - Last merge: (6381, 8485) -> 104901 (frequency: 429)
2026-09-04 18:15:25,570 - rustbpe - INFO - Progress: 81% (105954/130807 merges) - Last merge: (319, 23640) -> 106209 (frequency: 418)
2026-09-04 18:15:25,605 - rustbpe - INFO - Progress: 82% (107262/130807 merges) - Last merge: (49582, 5257) -> 107517 (frequency: 409)
2026-09-04 18:15:25,648 - rustbpe - INFO - Progress: 83% (108570/130807 merges) - Last merge: (428, 16521) -> 108825 (frequency: 399)
2026-09-04 18:15:25,680 - rustbpe - INFO - Progress: 84% (109878/130807 merges) - Last merge: (536, 13372) -> 110133 (frequency: 390)
2026-09-04 18:15:25,719 - rustbpe - INFO - Progress: 85% (111186/130807 merges) - Last merge: (67532, 8356) -> 111441 (frequency: 382)
2026-09-04 18:15:25,763 - rustbpe - INFO - Progress: 86% (112495/130807 merges) - Last merge: (1902, 652) -> 112750 (frequency: 373)
2026-09-04 18:15:25,801 - rustbpe - INFO - Progress: 87% (113803/130807 merges) - Last merge: (1084, 6301) -> 114058 (frequency: 365)
2026-09-04 18:15:25,843 - rustbpe - INFO - Progress: 88% (115111/130807 merges) - Last merge: (1751, 6435) -> 115366 (frequency: 357)
2026-09-04 18:15:25,874 - rustbpe - INFO - Progress: 89% (116419/130807 merges) - Last merge: (437, 3860) -> 116674 (frequency: 349)
2026-09-04 18:15:25,911 - rustbpe - INFO - Progress: 90% (117727/130807 merges) - Last merge: (2690, 97) -> 117982 (frequency: 342)
2026-09-04 18:15:25,944 - rustbpe - INFO - Progress: 91% (119035/130807 merges) - Last merge: (5926, 21930) -> 119290 (frequency: 335)
2026-09-04 18:15:25,977 - rustbpe - INFO - Progress: 92% (120343/130807 merges) - Last merge: (345, 281) -> 120598 (frequency: 328)
2026-09-04 18:15:26,005 - rustbpe - INFO - Progress: 93% (121651/130807 merges) - Last merge: (22809, 104) -> 121906 (frequency: 322)
2026-09-04 18:15:26,041 - rustbpe - INFO - Progress: 94% (122959/130807 merges) - Last merge: (613, 811) -> 123214 (frequency: 315)
2026-09-04 18:15:26,070 - rustbpe - INFO - Progress: 95% (124267/130807 merges) - Last merge: (23592, 708) -> 124522 (frequency: 309)
2026-09-04 18:15:26,105 - rustbpe - INFO - Progress: 96% (125575/130807 merges) - Last merge: (96429, 80) -> 125830 (frequency: 303)
2026-09-04 18:15:26,131 - rustbpe - INFO - Progress: 97% (126883/130807 merges) - Last merge: (91, 56717) -> 127138 (frequency: 296)
2026-09-04 18:15:26,162 - rustbpe - INFO - Progress: 98% (128191/130807 merges) - Last merge: (22738, 11066) -> 128446 (frequency: 291)
2026-09-04 18:15:26,196 - rustbpe - INFO - Progress: 99% (129499/130807 merges) - Last merge: (1033, 17477) -> 129754 (frequency: 285)
2026-09-04 18:15:26,220 - rustbpe - INFO - Progress: 100% (130807/130807 merges) - Last merge: (6723, 86) -> 131062 (frequency: 280)
2026-09-04 18:15:26,220 - rustbpe - INFO - Finished training: 130807 merges completed
Training time: 319.27s
Saved tokenizer encoding to tokenizer_131k/tokenizer.pkl
Saved token_bytes to tokenizer_131k/token_bytes.pt
[tokenizer] building freq_table.pt (unigram counts over the corpus)
[code_assign] shard 1/300: shard_00000.parquet
[code_assign] shard 2/300: shard_00001.parquet
[code_assign] shard 3/300: shard_00002.parquet
[code_assign] shard 4/300: shard_00003.parquet
[code_assign] shard 5/300: shard_00004.parquet
[code_assign] shard 6/300: shard_00005.parquet
[code_assign] shard 7/300: shard_00006.parquet
[code_assign] shard 8/300: shard_00007.parquet
[code_assign] shard 9/300: shard_00008.parquet
[code_assign] shard 10/300: shard_00009.parquet
[code_assign] shard 11/300: shard_00010.parquet
[code_assign] shard 12/300: shard_00011.parquet
[code_assign] shard 13/300: shard_00012.parquet
[code_assign] shard 14/300: shard_00013.parquet
[code_assign] shard 15/300: shard_00014.parquet
[code_assign] shard 16/300: shard_00015.parquet
[code_assign] shard 17/300: shard_00016.parquet
[code_assign] shard 18/300: shard_00017.parquet
[code_assign] shard 19/300: shard_00018.parquet
[code_assign] shard 20/300: shard_00019.parquet
[code_assign] shard 21/300: shard_00020.parquet
[code_assign] shard 22/300: shard_00021.parquet
[code_assign] shard 23/300: shard_00022.parquet
[code_assign] shard 24/300: shard_00023.parquet
[code_assign] shard 25/300: shard_00024.parquet
[code_assign] shard 26/300: shard_00025.parquet
[code_assign] shard 27/300: shard_00026.parquet
[code_assign] shard 28/300: shard_00027.parquet
[code_assign] shard 29/300: shard_00028.parquet
[code_assign] shard 30/300: shard_00029.parquet
[code_assign] shard 31/300: shard_00030.parquet
[code_assign] shard 32/300: shard_00031.parquet
[code_assign] shard 33/300: shard_00032.parquet
[code_assign] shard 34/300: shard_00033.parquet
[code_assign] shard 35/300: shard_00034.parquet
[code_assign] shard 36/300: shard_00035.parquet
[code_assign] shard 37/300: shard_00036.parquet
[code_assign] shard 38/300: shard_00037.parquet
[code_assign] shard 39/300: shard_00038.parquet
[code_assign] shard 40/300: shard_00039.parquet
[code_assign] shard 41/300: shard_00040.parquet
[code_assign] shard 42/300: shard_00041.parquet
[code_assign] shard 43/300: shard_00042.parquet
[code_assign] shard 44/300: shard_00043.parquet
[code_assign] shard 45/300: shard_00044.parquet
[code_assign] shard 46/300: shard_00045.parquet
[code_assign] shard 47/300: shard_00046.parquet
[code_assign] shard 48/300: shard_00047.parquet
[code_assign] shard 49/300: shard_00048.parquet
[code_assign] shard 50/300: shard_00049.parquet
[code_assign] shard 51/300: shard_00050.parquet
[code_assign] shard 52/300: shard_00051.parquet
[code_assign] shard 53/300: shard_00052.parquet
[code_assign] shard 54/300: shard_00053.parquet
[code_assign] shard 55/300: shard_00054.parquet
[code_assign] shard 56/300: shard_00055.parquet
[code_assign] shard 57/300: shard_00056.parquet
[code_assign] shard 58/300: shard_00057.parquet
[code_assign] shard 59/300: shard_00058.parquet
[code_assign] shard 60/300: shard_00059.parquet
[code_assign] shard 61/300: shard_00060.parquet
[code_assign] shard 62/300: shard_00061.parquet
[code_assign] shard 63/300: shard_00062.parquet
[code_assign] shard 64/300: shard_00063.parquet
[code_assign] shard 65/300: shard_00064.parquet
[code_assign] shard 66/300: shard_00065.parquet
[code_assign] shard 67/300: shard_00066.parquet
[code_assign] shard 68/300: shard_00067.parquet
[code_assign] shard 69/300: shard_00068.parquet
[code_assign] shard 70/300: shard_00069.parquet
[code_assign] shard 71/300: shard_00070.parquet
[code_assign] shard 72/300: shard_00071.parquet
[code_assign] shard 73/300: shard_00072.parquet
[code_assign] shard 74/300: shard_00073.parquet
[code_assign] shard 75/300: shard_00074.parquet
[code_assign] shard 76/300: shard_00075.parquet
[code_assign] shard 77/300: shard_00076.parquet
[code_assign] shard 78/300: shard_00077.parquet
[code_assign] shard 79/300: shard_00078.parquet
[code_assign] shard 80/300: shard_00079.parquet
[code_assign] shard 81/300: shard_00080.parquet
[code_assign] shard 82/300: shard_00081.parquet
[code_assign] shard 83/300: shard_00082.parquet
[code_assign] shard 84/300: shard_00083.parquet
[code_assign] shard 85/300: shard_00084.parquet
[code_assign] shard 86/300: shard_00085.parquet
[code_assign] shard 87/300: shard_00086.parquet
[code_assign] shard 88/300: shard_00087.parquet
[code_assign] shard 89/300: shard_00088.parquet
[code_assign] shard 90/300: shard_00089.parquet
[code_assign] shard 91/300: shard_00090.parquet
[code_assign] shard 92/300: shard_00091.parquet
[code_assign] shard 93/300: shard_00092.parquet
[code_assign] shard 94/300: shard_00093.parquet
[code_assign] shard 95/300: shard_00094.parquet
[code_assign] shard 96/300: shard_00095.parquet
[code_assign] shard 97/300: shard_00096.parquet
[code_assign] shard 98/300: shard_00097.parquet
[code_assign] shard 99/300: shard_00098.parquet
[code_assign] shard 100/300: shard_00099.parquet
[code_assign] shard 101/300: shard_00100.parquet
[code_assign] shard 102/300: shard_00101.parquet
[code_assign] shard 103/300: shard_00102.parquet
[code_assign] shard 104/300: shard_00103.parquet
[code_assign] shard 105/300: shard_00104.parquet
[code_assign] shard 106/300: shard_00105.parquet
[code_assign] shard 107/300: shard_00106.parquet
[code_assign] shard 108/300: shard_00107.parquet
[code_assign] shard 109/300: shard_00108.parquet
[code_assign] shard 110/300: shard_00109.parquet
[code_assign] shard 111/300: shard_00110.parquet
[code_assign] shard 112/300: shard_00111.parquet
[code_assign] shard 113/300: shard_00112.parquet
[code_assign] shard 114/300: shard_00113.parquet
[code_assign] shard 115/300: shard_00114.parquet
[code_assign] shard 116/300: shard_00115.parquet
[code_assign] shard 117/300: shard_00116.parquet
[code_assign] shard 118/300: shard_00117.parquet
[code_assign] shard 119/300: shard_00118.parquet
[code_assign] shard 120/300: shard_00119.parquet
[code_assign] shard 121/300: shard_00120.parquet
[code_assign] shard 122/300: shard_00121.parquet
[code_assign] shard 123/300: shard_00122.parquet
[code_assign] shard 124/300: shard_00123.parquet
[code_assign] shard 125/300: shard_00124.parquet
[code_assign] shard 126/300: shard_00125.parquet
[code_assign] shard 127/300: shard_00126.parquet
[code_assign] shard 128/300: shard_00127.parquet
[code_assign] shard 129/300: shard_00128.parquet
[code_assign] shard 130/300: shard_00129.parquet
[code_assign] shard 131/300: shard_00130.parquet
[code_assign] shard 132/300: shard_00131.parquet
[code_assign] shard 133/300: shard_00132.parquet
[code_assign] shard 134/300: shard_00133.parquet
[code_assign] shard 135/300: shard_00134.parquet
[code_assign] shard 136/300: shard_00135.parquet
[code_assign] shard 137/300: shard_00136.parquet
[code_assign] shard 138/300: shard_00137.parquet
[code_assign] shard 139/300: shard_00138.parquet
[code_assign] shard 140/300: shard_00139.parquet
[code_assign] shard 141/300: shard_00140.parquet
[code_assign] shard 142/300: shard_00141.parquet
[code_assign] shard 143/300: shard_00142.parquet
[code_assign] shard 144/300: shard_00143.parquet
[code_assign] shard 145/300: shard_00144.parquet
[code_assign] shard 146/300: shard_00145.parquet
[code_assign] shard 147/300: shard_00146.parquet
[code_assign] shard 148/300: shard_00147.parquet
[code_assign] shard 149/300: shard_00148.parquet
[code_assign] shard 150/300: shard_00149.parquet
[code_assign] shard 151/300: shard_00150.parquet
[code_assign] shard 152/300: shard_00151.parquet
[code_assign] shard 153/300: shard_00152.parquet
[code_assign] shard 154/300: shard_00153.parquet
[code_assign] shard 155/300: shard_00154.parquet
[code_assign] shard 156/300: shard_00155.parquet
[code_assign] shard 157/300: shard_00156.parquet
[code_assign] shard 158/300: shard_00157.parquet
[code_assign] shard 159/300: shard_00158.parquet
[code_assign] shard 160/300: shard_00159.parquet
[code_assign] shard 161/300: shard_00160.parquet
[code_assign] shard 162/300: shard_00161.parquet
[code_assign] shard 163/300: shard_00162.parquet
[code_assign] shard 164/300: shard_00163.parquet
[code_assign] shard 165/300: shard_00164.parquet
[code_assign] shard 166/300: shard_00165.parquet
[code_assign] shard 167/300: shard_00166.parquet
[code_assign] shard 168/300: shard_00167.parquet
[code_assign] shard 169/300: shard_00168.parquet
[code_assign] shard 170/300: shard_00169.parquet
[code_assign] shard 171/300: shard_00170.parquet
[code_assign] shard 172/300: shard_00171.parquet
[code_assign] shard 173/300: shard_00172.parquet
[code_assign] shard 174/300: shard_00173.parquet
[code_assign] shard 175/300: shard_00174.parquet
[code_assign] shard 176/300: shard_00175.parquet
[code_assign] shard 177/300: shard_00176.parquet
[code_assign] shard 178/300: shard_00177.parquet
[code_assign] shard 179/300: shard_00178.parquet
[code_assign] shard 180/300: shard_00179.parquet
[code_assign] shard 181/300: shard_00180.parquet
[code_assign] shard 182/300: shard_00181.parquet
[code_assign] shard 183/300: shard_00182.parquet
[code_assign] shard 184/300: shard_00183.parquet
[code_assign] shard 185/300: shard_00184.parquet
[code_assign] shard 186/300: shard_00185.parquet
[code_assign] shard 187/300: shard_00186.parquet
[code_assign] shard 188/300: shard_00187.parquet
[code_assign] shard 189/300: shard_00188.parquet
[code_assign] shard 190/300: shard_00189.parquet
[code_assign] shard 191/300: shard_00190.parquet
[code_assign] shard 192/300: shard_00191.parquet
[code_assign] shard 193/300: shard_00192.parquet
[code_assign] shard 194/300: shard_00193.parquet
[code_assign] shard 195/300: shard_00194.parquet
[code_assign] shard 196/300: shard_00195.parquet
[code_assign] shard 197/300: shard_00196.parquet
[code_assign] shard 198/300: shard_00197.parquet
[code_assign] shard 199/300: shard_00198.parquet
[code_assign] shard 200/300: shard_00199.parquet
[code_assign] shard 201/300: shard_00200.parquet
[code_assign] shard 202/300: shard_00201.parquet
[code_assign] shard 203/300: shard_00202.parquet
[code_assign] shard 204/300: shard_00203.parquet
[code_assign] shard 205/300: shard_00204.parquet
[code_assign] shard 206/300: shard_00205.parquet
[code_assign] shard 207/300: shard_00206.parquet
[code_assign] shard 208/300: shard_00207.parquet
[code_assign] shard 209/300: shard_00208.parquet
[code_assign] shard 210/300: shard_00209.parquet
[code_assign] shard 211/300: shard_00210.parquet
[code_assign] shard 212/300: shard_00211.parquet
[code_assign] shard 213/300: shard_00212.parquet
[code_assign] shard 214/300: shard_00213.parquet
[code_assign] shard 215/300: shard_00214.parquet
[code_assign] shard 216/300: shard_00215.parquet
[code_assign] shard 217/300: shard_00216.parquet
[code_assign] shard 218/300: shard_00217.parquet
[code_assign] shard 219/300: shard_00218.parquet
[code_assign] shard 220/300: shard_00219.parquet
[code_assign] shard 221/300: shard_00220.parquet
[code_assign] shard 222/300: shard_00221.parquet
[code_assign] shard 223/300: shard_00222.parquet
[code_assign] shard 224/300: shard_00223.parquet
[code_assign] shard 225/300: shard_00224.parquet
[code_assign] shard 226/300: shard_00225.parquet
[code_assign] shard 227/300: shard_00226.parquet
[code_assign] shard 228/300: shard_00227.parquet
[code_assign] shard 229/300: shard_00228.parquet
[code_assign] shard 230/300: shard_00229.parquet
[code_assign] shard 231/300: shard_00230.parquet
[code_assign] shard 232/300: shard_00231.parquet
[code_assign] shard 233/300: shard_00232.parquet
[code_assign] shard 234/300: shard_00233.parquet
[code_assign] shard 235/300: shard_00234.parquet
[code_assign] shard 236/300: shard_00235.parquet
[code_assign] shard 237/300: shard_00236.parquet
[code_assign] shard 238/300: shard_00237.parquet
[code_assign] shard 239/300: shard_00238.parquet
[code_assign] shard 240/300: shard_00239.parquet
[code_assign] shard 241/300: shard_00240.parquet
[code_assign] shard 242/300: shard_00241.parquet
[code_assign] shard 243/300: shard_00242.parquet
[code_assign] shard 244/300: shard_00243.parquet
[code_assign] shard 245/300: shard_00244.parquet
[code_assign] shard 246/300: shard_00245.parquet
[code_assign] shard 247/300: shard_00246.parquet
[code_assign] shard 248/300: shard_00247.parquet
[code_assign] shard 249/300: shard_00248.parquet
[code_assign] shard 250/300: shard_00249.parquet
[code_assign] shard 251/300: shard_00250.parquet
[code_assign] shard 252/300: shard_00251.parquet
[code_assign] shard 253/300: shard_00252.parquet
[code_assign] shard 254/300: shard_00253.parquet
[code_assign] shard 255/300: shard_00254.parquet
[code_assign] shard 256/300: shard_00255.parquet
[code_assign] shard 257/300: shard_00256.parquet
[code_assign] shard 258/300: shard_00257.parquet
[code_assign] shard 259/300: shard_00258.parquet
[code_assign] shard 260/300: shard_00259.parquet
[code_assign] shard 261/300: shard_00260.parquet
[code_assign] shard 262/300: shard_00261.parquet
[code_assign] shard 263/300: shard_00262.parquet
[code_assign] shard 264/300: shard_00263.parquet
[code_assign] shard 265/300: shard_00264.parquet
[code_assign] shard 266/300: shard_00265.parquet
[code_assign] shard 267/300: shard_00266.parquet
[code_assign] shard 268/300: shard_00267.parquet
[code_assign] shard 269/300: shard_00268.parquet
[code_assign] shard 270/300: shard_00269.parquet
[code_assign] shard 271/300: shard_00270.parquet
[code_assign] shard 272/300: shard_00271.parquet
[code_assign] shard 273/300: shard_00272.parquet
[code_assign] shard 274/300: shard_00273.parquet
[code_assign] shard 275/300: shard_00274.parquet
[code_assign] shard 276/300: shard_00275.parquet
[code_assign] shard 277/300: shard_00276.parquet
[code_assign] shard 278/300: shard_00277.parquet
[code_assign] shard 279/300: shard_00278.parquet
[code_assign] shard 280/300: shard_00279.parquet
[code_assign] shard 281/300: shard_00280.parquet
[code_assign] shard 282/300: shard_00281.parquet
[code_assign] shard 283/300: shard_00282.parquet
[code_assign] shard 284/300: shard_00283.parquet
[code_assign] shard 285/300: shard_00284.parquet
[code_assign] shard 286/300: shard_00285.parquet
[code_assign] shard 287/300: shard_00286.parquet
[code_assign] shard 288/300: shard_00287.parquet
[code_assign] shard 289/300: shard_00288.parquet
[code_assign] shard 290/300: shard_00289.parquet
[code_assign] shard 291/300: shard_00290.parquet
[code_assign] shard 292/300: shard_00291.parquet
[code_assign] shard 293/300: shard_00292.parquet
[code_assign] shard 294/300: shard_00293.parquet
[code_assign] shard 295/300: shard_00294.parquet
[code_assign] shard 296/300: shard_00295.parquet
[code_assign] shard 297/300: shard_00296.parquet
[code_assign] shard 298/300: shard_00297.parquet
[code_assign] shard 299/300: shard_00298.parquet
[code_assign] shard 300/300: shard_00299.parquet
[code_assign] wrote tokenizer_131k/freq_table.pt: 131,021/131,072 ids seen, 15,168,705,536 occurrences
[tokenizer] ready: tokenizer_131k, vocab_size 131,072
2026-09-04 19:28:13,295 - httpx - INFO - HTTP Request: GET https://huggingface.co/api/agent-harnesses "HTTP/1.1 200 OK"
2026-09-04 19:28:13,521 - httpx - INFO - HTTP Request: HEAD https://huggingface.co/varunneal/flash-attention-3/resolve/main/kernel-status.toml "HTTP/1.1 404 Not Found"
2026-09-04 19:28:17,117 - httpx - INFO - HTTP Request: GET https://huggingface.co/api/models/varunneal/flash-attention-3/tree/main/build?recursive=false&expand=false "HTTP/1.1 200 OK"
2026-09-04 19:28:19,285 - httpx - INFO - HTTP Request: GET https://huggingface.co/api/models/varunneal/flash-attention-3/revision/main "HTTP/1.1 200 OK"
2026-09-04 19:28:19,436 - httpx - INFO - HTTP Request: HEAD https://huggingface.co/varunneal/flash-attention-3/resolve/de87b9b5af06dd9984df595bef90b2eba44b181a/build/torch29-cxx11-cu128-x86_64-linux/flash_attention_3/_C.abi3.so "HTTP/1.1 302 Found"
2026-09-04 19:28:19,717 - httpx - INFO - HTTP Request: HEAD https://huggingface.co/varunneal/flash-attention-3/resolve/de87b9b5af06dd9984df595bef90b2eba44b181a/build/torch29-cxx11-cu128-x86_64-linux/flash_attention_3/flash_attn_config.py "HTTP/1.1 307 Temporary Redirect"
2026-09-04 19:28:19,719 - httpx - INFO - HTTP Request: HEAD https://huggingface.co/varunneal/flash-attention-3/resolve/de87b9b5af06dd9984df595bef90b2eba44b181a/build/torch29-cxx11-cu128-x86_64-linux/flash_attention_3/__init__.py "HTTP/1.1 307 Temporary Redirect"
2026-09-04 19:28:19,721 - httpx - INFO - HTTP Request: HEAD https://huggingface.co/varunneal/flash-attention-3/resolve/de87b9b5af06dd9984df595bef90b2eba44b181a/build/torch29-cxx11-cu128-x86_64-linux/flash_attention_3/flash_attn_interface.py "HTTP/1.1 307 Temporary Redirect"
2026-09-04 19:28:19,739 - httpx - INFO - HTTP Request: HEAD https://huggingface.co/api/resolve-cache/models/varunneal/flash-attention-3/de87b9b5af06dd9984df595bef90b2eba44b181a/build%2Ftorch29-cxx11-cu128-x86_64-linux%2Fflash_attention_3%2Fflash_attn_config.py "HTTP/1.1 200 OK"
2026-09-04 19:28:19,740 - httpx - INFO - HTTP Request: HEAD https://huggingface.co/api/resolve-cache/models/varunneal/flash-attention-3/de87b9b5af06dd9984df595bef90b2eba44b181a/build%2Ftorch29-cxx11-cu128-x86_64-linux%2Fflash_attention_3%2F__init__.py "HTTP/1.1 200 OK"
2026-09-04 19:28:19,741 - httpx - INFO - HTTP Request: HEAD https://huggingface.co/api/resolve-cache/models/varunneal/flash-attention-3/de87b9b5af06dd9984df595bef90b2eba44b181a/build%2Ftorch29-cxx11-cu128-x86_64-linux%2Fflash_attention_3%2Fflash_attn_interface.py "HTTP/1.1 200 OK"
2026-09-04 19:28:19,755 - httpx - INFO - HTTP Request: GET https://huggingface.co/api/resolve-cache/models/varunneal/flash-attention-3/de87b9b5af06dd9984df595bef90b2eba44b181a/build%2Ftorch29-cxx11-cu128-x86_64-linux%2Fflash_attention_3%2F__init__.py "HTTP/1.1 200 OK"
2026-09-04 19:28:19,755 - httpx - INFO - HTTP Request: GET https://huggingface.co/api/resolve-cache/models/varunneal/flash-attention-3/de87b9b5af06dd9984df595bef90b2eba44b181a/build%2Ftorch29-cxx11-cu128-x86_64-linux%2Fflash_attention_3%2Fflash_attn_interface.py "HTTP/1.1 200 OK"
2026-09-04 19:28:19,756 - httpx - INFO - HTTP Request: GET https://huggingface.co/api/resolve-cache/models/varunneal/flash-attention-3/de87b9b5af06dd9984df595bef90b2eba44b181a/build%2Ftorch29-cxx11-cu128-x86_64-linux%2Fflash_attention_3%2Fflash_attn_config.py "HTTP/1.1 200 OK"

============================================================
  C08: V=131072 benchmark, depth 4, d=256, M=1024
  tokenizer tokenizer_131k
  TARGET TOKENS: 385351680   (pinned from the dense arm)
  out out/c08_vocab131k
============================================================

--- BASE_dense_s1  (depth 4, V=131072) ---
Requested NPROC_PER_NODE=8, but only 1 GPU(s) visible. Capping.
Using NPROC_PER_NODE=1
NANOCHAT_SKIP_ENV_SETUP=0
===== GPU Info =====
Fri Sep  4 20:31:56 2026       
+-----------------------------------------------------------------------------------------+
| NVIDIA-SMI 580.95.05              Driver Version: 580.95.05      CUDA Version: 13.0     |
+-----------------------------------------+------------------------+----------------------+
| GPU  Name                 Persistence-M | Bus-Id          Disp.A | Volatile Uncorr. ECC |
| Fan  Temp   Perf          Pwr:Usage/Cap |           Memory-Usage | GPU-Util  Compute M. |
|                                         |                        |               MIG M. |
|=========================================+========================+======================|
|   0  NVIDIA H200                    On  |   00000000:8B:00.0 Off |                    0 |
| N/A   42C    P0             77W /  700W |       4MiB / 143771MiB |      0%      Default |
|                                         |                        |             Disabled |
+-----------------------------------------+------------------------+----------------------+

+-----------------------------------------------------------------------------------------+
| Processes:                                                                              |
|  GPU   GI   CI              PID   Type   Process name                        GPU Memory |
|        ID   ID                                                               Usage      |
|=========================================================================================|
|  No running processes found                                                             |
+-----------------------------------------------------------------------------------------+
Starting Research Sweep. Output directory: out/c08_vocab131k/d4/BASE_dense_s1
UV_SYSTEM_PYTHON=1: using system Python, skipping venv creation.
Validating system environment dependencies via uv...
Using Python 3.12.10 environment at: /usr/local
Resolved 159 packages in 547ms
   Building nanochat @ file:///__modal/volumes/vo-bQhldLiDvEWGzP8qdXUlGO
      Built nanochat @ file:///__modal/volumes/vo-bQhldLiDvEWGzP8qdXUlGO
Prepared 1 package in 1.20s
Uninstalled 1 package in 2ms
Installed 1 package in 0.72ms
 - nanochat==0.1.0 (from file:///root)
 + nanochat==0.1.0 (from file:///__modal/volumes/vo-bQhldLiDvEWGzP8qdXUlGO)
Reset report and wrote header to out/report/header.md
Dataset (up to 300 shards) already exists in data, skipping download.
Tokenizer already exists in tokenizer_131k, skipping training.
================================================================
Processing Depth: 4
================================================================
2026-09-04 20:32:10,174 - httpx - INFO - HTTP Request: HEAD https://huggingface.co/varunneal/flash-attention-3/resolve/main/kernel-status.toml "HTTP/1.1 404 Not Found"
2026-09-04 20:32:10,353 - httpx - INFO - HTTP Request: GET https://huggingface.co/api/models/varunneal/flash-attention-3/tree/main/build?recursive=false&expand=false "HTTP/1.1 200 OK"
2026-09-04 20:32:10,663 - httpx - INFO - HTTP Request: GET https://huggingface.co/api/models/varunneal/flash-attention-3/revision/main "HTTP/1.1 200 OK"
[sweep] Requested 8 DDP workers but only 1 GPU(s) available — using 1.
================================================================
Starting Sweep for Depth 4
Target Tokens: 385,351,680
================================================================
  Overriding default target_dim (128) with full model_dim 256

--- Training base ---

  ┌─────────────────────────────────────────────────────┐
  │  🆕  STARTING FRESH: [base]
  │     No checkpoints found — training from scratch.
  └─────────────────────────────────────────────────────┘

Running: /usr/local/bin/torchrun --standalone --nproc_per_node=1 -m scripts.base_train --depth 4 --aspect-ratio 64 --head-dim 128 --model-dim 256 --max-seq-len 2048 --device-batch-size 64 --total-batch-size 262144 --target-tokens 385351680 --eval-every -1 --log-every 200 --core-metric-every 0 --save-every 200 --warmup-ratio 0.005 --warmdown-ratio 0.65 --final-lr-frac 0.05 --adam-beta2 0.99 --research-warmup-ratio 0.05 --use-onecycle 0 --router-context-window -1 --remix-use-basis-gate 1 --remix-use-output-gate 1 --remix-use-context 1 --remix-basis-gate-mode mlp --remix-gate-lr-scale 0.3 --p22-n-templates 1 --p22-template-routing-learned 0 --p22-template-topk 0 --p22-attn-moe-route none --p26-output-gated-linear 0 --p28-shared-basis 0 --p28-chunk-routing-size 0 --p28-global-template-bank none --p28-attn-proj-templates 0 --p28-attn-qk-templates 0 --p31-chunk-route-impl compose --p31-top1-gate ones --p31-template-delta-rank 0 --p31-route-side output --p31-drop-basis-proj 0 --p31-basis-side-templates 0 --remix-template-block-diag 0 --remix-template-lr-scale 1.0 --p29-grad-equalize 0 --target-active-params 0 --compile-regional 0 --timing-probe-steps 0 --compile-mode default --remix-basis-gate-rank 8 --cclblock-modulation weight --cclblock-orth-lambda 0.0 --p35-template-diversity-lambda 0.0 --cclblock-context-stream local --cclblock-ema-factor 0.99 --cclblock-stale-ctx-lag 0 --cclblock-sparse-gate-k 0 --cclblock-gate-temperature 1.0 --cclblock-context-bank-size 0 --cclblock-per-head-ctx 0 --cclblock-context-source norm_x --cclblock-chunk-size 0 --cclblock-aux-objective none --cclblock-aux-lambda 0.1 --cclblock-boundary-token-id 198 --use-ral 0 --ral-rank 32 --p34-ffn-schedule  --p34-ffn-no-ffn-replacement none --p34-ffn-last-depth 1 --p36-swiglu-ffn 0 --p36-swiglu-mult 2.6666666666666665 --cond-sites both --p22-route-affine 0 --cond-rank 256 --cond-mult-steps 0 --cond-gate-source router --cond-coeff-act centered --cond-router-rank 0 --cond-router-act none --cond-live-init 0.0 --cond-chunk-size 0 --cond-mult-scale -1.0 --cond-mult-impl wy --cond-attn-projs qkvo --cond-layer-frac 1.0 --cclblock-film-gate 0 --cclblock-attn-shadow-dim 0 --cclblock-dynamic-ratio 0.25 --cclblock-gate-rank 8 --cclblock-num-regimes 8 --cclblock-regime-temperature 1.0 --cclblock-poly-order 2 --cclblock-lie-generators 4 --cclblock-grassmann-bank-size 4 --cclblock-tucker-rank 32 --cclblock-tucker-modes 8 --cclblock-svs-rank 64 --cclblock-svs-eps 0.1 --cclblock-vq-codes 8 --cclblock-vq-temperature 1.0 --cclblock-dcu-warmup-steps 0 --cclblock-fsi-rotations 8 --cclblock-fsi-selector-dim 64 --cclblock-aesp-strata 4 --cclblock-aesp-delta-rank 4 --cclblock-ckr-branches 4 --cclblock-ckr-kernel-size 64 --cclblock-ckr-pos-channels 1 --cclblock-ckr-dual-optim 0 --cclblock-ckr-content-bias 0.0 --cclblock-giad-rank 32 --cclblock-psg-kernel-size 64 --cclblock-ss-dynamic-ratio 0.25 --cclblock-ss-branches 2 --cclblock-ss-kernel-size 64 --cclblock-lokr-branches 8 --cclblock-lokr-rank 16 --cclblock-ckr-temp-start 2.0 --cclblock-ckr-temp-end 0.3 --cclblock-com-kernel-size 32 --cclblock-ckr-ortho-init 0 --cclblock-ckr-branch-dropout 0.0 --cclblock-ckr-diversity-lambda 0.0 --cclblock-pgr-kernel-size 64 --cclblock-cil-kernel-size 64 --cclblock-prb-kernel-size 64 --p18-layer-drop 0.0 --p18-dynamic-activation 0 --p18-mixture-norm 0 --p18-aux-sim-lambda 0.0 --p18-gradient-penalty 0.0 --p18-per-channel-scale 0 --p19-residual-gate 0 --p19-head-importance 0 --p19-residual-mix-groups 0 --p19-attn-logit-bias 0 --p19-residual-decay 0 --p19-grad-equilibrium 0.0 --p19-spectral-reparam 0 --p19-weight-anticollapse 0.0 --p19-ve-bias 0 --p19-weight-noise 0.0 --p20-hrcs-scale 0 --p20-lswr-scale 0 --p20-lswr-planes 8 --p20-lrcfb-branches 0 --p20-lrcfb-narrow 0 --p20-lrcfb-learned 0 --p20-lrcfb-topk 0 --p20-dgcr-branches 0 --p20-dgcr-aux-weight 0.01 --p20-mone-experts 0 --p20-mone-topk 0 --p20-mone-narrow 1 --p20-mone-frozen 0 --p20-ncea-branches 0 --p20-ncea-eps 0.1 --p20-adwi 0 --p20-pwu-branches 0 --p20-pwu-phase 1 --p20-fsvd-gate 0 --p20-wbfc-clusters 0 --p20-wbfc-active 0 --p21-per-experts 0 --p21-per-topk 0 --p21-per-learned 0 --p21-per-attn 0 --p23-tiny-expert 0 --p23-n-experts 64 --p23-topk 16 --p23-learned-route 0 --p23-std-moe-experts 0 --p23-std-moe-topk -1 --p23-std-moe-aux-weight 0.01 --p23-lokr 0 --p23-lokr-rank 4 --p23-use-shared-block-router 0 --p23-linear-moe-experts 0 --p23-linear-moe-topk 0 --p23-quantile-route 0 --seed 1 --p34-ffn-mult 4.0 --p34-ffn-single 0 --p34-dense-attn 0 --p24-use-sliced-weight 0 --p24-sliced-weight-reduction-scale 8 --p24-sliced-weight-min-select 128 --p24-sliced-weight-scope per_token --p24-sliced-weight-balance-coeff 0.01 --p24-quantile-route 0 --p24-use-folded-mod 0 --p24-folded-mod-reduction-scale 8 --p24-folded-mod-scope per_layer --p24-folded-mod-gate-act tanh_centered --p24-use-sequence-gated-linear 0 --p24-sequence-gated-scope per_layer --p24-sequence-gated-act tanh_centered --p24-folded-mod-min-dim 128 --remix-shared-context-gates 0 --remix-use-dual-gate 0 --remix-basis-scale-factor 4 --remix-output-gate-rank 16 --p24-use-sliced-weight 0 --p24-sliced-weight-reduction-scale 8 --p24-sliced-weight-min-select 128 --p24-sliced-weight-scope per_token --p24-sliced-weight-balance-coeff 0.01 --p24-quantile-route 0 --p24-use-folded-mod 0 --p24-folded-mod-reduction-scale 8 --p24-folded-mod-scope per_layer --p24-folded-mod-gate-act tanh_centered --p24-use-sequence-gated-linear 0 --p24-sequence-gated-scope per_layer --p24-sequence-gated-act tanh_centered --remix-disable-ln-basis 0 --dense-intermediate-ln 0 --use-mol 0 --mol-n-blocks 5 --mol-n-shared 1 --mol-topk 3 --mol-thin-dim 256 --mol-head-dim 64 --mol-ffn-mult 4.0 --mol-router-aux 0.05 --mol-routed-attn softmax --mol-dispatch 1 --mol-capacity-factor 1.0 --mol-block-lr-scale 1.0 --mol-per-block-ve 0 --use-mst 0 --mst-n-subs 8 --mst-sub-dim 64 --mst-head-dim 0 --mst-input-mode fixed_slice --mst-rotated-slice-learned 0 --mst-routing-mode soft_weighted --mst-routing-topk 4 --mst-routing-aux-weight 0.01 --mst-diversity-weight 0.0 --mst-ffn-mode standard --mst-transition-mode parallel --mst-final-mode aggregate_proj --mst-final-topk -1 --mst-ffn-shared-up 0 --mst-ffn-inner-dim 0 --mst-sub-dropout 0.0 --mst-transition-every 1 --mst-ffa-temperature 1.0 --mst-global-residual 0 --mst-hybrid-dense 0 --mst-cross-sub-kv 0 --mst-sub-aux-weight 0.0 --mst-progressive-merge 0 --mst-multi-scale-windows 0 --mst-delta-residual 0 --mst-sub-layers 1 --mst-grad-equalize 0 --mst-block-diagonal-muon 0 --mst-transition-width-mult 1.0 --mst-sub-lr-scale 1.0 --mst-shared-expert 0 --mst-router-entropy-weight 0.0 --mst-shared-kv-attn 0 --mst-contrastive-diversity-weight 0.0 --mst-transition-nonlinear 0 --mst-transition-gated 0 --mst-transition-mlp 0 --mst-cross-sub-gate 0 --mst-hyper-connect 0 --mst-cross-kv-inject 0 --mst-slice-transition 0 --mst-lookback-layers 0 --mst-bilinear-transition 0 --mst-cross-sub-qmod 0 --mst-feature-cycle 0 --mst-mean-transition 0 --mst-sub-head-dim 0 --mst-final-norm 0 --mst-per-stream-ve 0 --mst-ve-map 0 --mst-ve-map-rank 0 --mst-lm-head-dim 0 --mst-compose-windows 0 --mst-channel-mix none --mst-channel-mix-site layer --mst-distribute-block-muon 0 --mst-trans-spectral-lr 0 --mst-talking-heads 0 --mst-wo-mode block --mst-stream-topk 0 --mst-stream-shared 0 --mst-stream-router-aux 0.01 --mst-stream-router-noise 0.0 --mst-stream-dispatch 0 --mst-stream-capacity-factor 1.0 --mst-stream-gate-attn 0 --mst-ffn-monarch none --mst-shampoo 0 --mst-precond-every 10 --mst-shampoo-beta 0.95 --use-eet 0 --eet-frozen-kv 1 --eet-reenter-final 0 --eet-compute-skip 0 --eet-target-active-frac 0.125 --eet-capacity-schedule bell --eet-exit-fracs  --eet-router-type mlp2 --eet-router-hidden 0 --eet-freq-prior-alpha 0.0 --eet-pos-prior-beta 0.0 --eet-domain-prior 0 --eet-warmup-frac 0.02 --eet-explore-frac 0.15 --eet-reconstruct-lambda 1.0 --eet-efficiency-lambda-start 0.01 --eet-efficiency-lambda-end 0.1 --eet-translator-rank 0 --eet-max-frozen-kv-frac 0.75 --eet-exit-threshold 0.5 --eet-min-exit-layer 1 --eet-loss-variant reconstruct --eet-topk-vocab 512 --eet-entropy-lambda 0.3 --eet-surprise-lambda 0.1 --eet-adv-lambda 1.0 --eet-adv-entropy-lambda 0.2 --eet-quality-lambda 1.0 --eet-quality-entropy-bonus 0.1 --eet-gumbel-temp-start 0.0 --eet-gumbel-temp-end 0.1 --eet-gumbel-hard 1 --eet-commitment-beta 0.1 --eet-global-router 0 --eet-freq-efficiency-alpha 0.0 --eet-diversity-lambda 0.0 --eet-ce-guided-lambda 1.0 --eet-router-lr-mult 5.0 --eet-model-lr-mult 1.0 --eet-depth-weight-type none --eet-depth-weight-max 2.5 --eet-use-override 0 --eet-override-prob-start 0.5 --eet-override-prob-end 0.1 --eet-capacity-alignment-lambda 0.0 --eet-router-task-grad 1 --eet-reinforce-interval 0 --eet-reinforce-lambda 0.1 --eet-exit-adapter-rank 0 --eet-router-after-block 0 --eet-ffn-skip 0 --eet-ffn-target-frac 0.5 --eet-ffn-full-attn 1 --eet-depth-affine 0 --eet-capacity-anneal-frac 0.0 --eet-learned-schedule 0 --eet-departure-summary 0 --eet-route-consistency-lambda 0.0 --eet-dense-distill-interval 0 --eet-dense-distill-lambda 0.5 --eet-depth-lr-scale 0 --eet-depth-grad-scale 0 --eet-detach-aux-from-backbone 0 --eet-detach-exit-from-backbone 0 --use-code-head 0 --sch-head-type code --sch-bits 0 --sch-order 2 --sch-max-m 0 --sch-phi-mode monomial --sch-code-mode binary --sch-code-path  --sch-code-ecc-bits 0 --sch-code-seed 1234 --sch-phi-density 0.0 --sch-phi-dtype bf16 --sch-phi-normalize 1 --sch-phi-center 0 --sch-g-type linear --sch-g-hidden 0 --sch-g-layers 2 --sch-g-out-std 0.001 --sch-mixture 1 --sch-residual-rank 0 --sch-logit-act none --sch-bias 0 --sch-input-mode table --sch-input-hidden 0 --sch-product-groups 8 --sch-product-codebook 256 --sch-product-source hash --sch-product-impl dense --sch-phi-whiten 0 --sch-mixture-per-phi 0 --sch-mixture-topk 0 --sch-mixture-aux 0.01 --sch-monarch-m1 0 --sch-holdout-tokens 0 --sch-holdout-seed 7 --sch-holdout-min-id 256 --sch-holdout-mode target --sch-decile-metrics 1 --sch-rank-probe 16384 --sch-eval-steps 100 --compile --tokenizer-dir tokenizer_131k --data-dir data --max-shards 300 --checkpoints-dir /__modal/volumes/vo-bQhldLiDvEWGzP8qdXUlGO/out/c08_vocab131k/d4/BASE_dense_s1/depth_4/ckpt_base --model-tag base
2026-09-04 20:32:18,621 - httpx - INFO - HTTP Request: HEAD https://huggingface.co/varunneal/flash-attention-3/resolve/main/kernel-status.toml "HTTP/1.1 404 Not Found"
2026-09-04 20:32:18,816 - httpx - INFO - HTTP Request: GET https://huggingface.co/api/models/varunneal/flash-attention-3/tree/main/build?recursive=false&expand=false "HTTP/1.1 200 OK"
2026-09-04 20:32:18,994 - httpx - INFO - HTTP Request: GET https://huggingface.co/api/models/varunneal/flash-attention-3/revision/main "HTTP/1.1 200 OK"

                                                       █████                █████
                                                      ░░███                ░░███
     ████████    ██████   ████████    ██████   ██████  ░███████    ██████  ███████
    ░░███░░███  ░░░░░███ ░░███░░███  ███░░███ ███░░███ ░███░░███  ░░░░░███░░░███░
     ░███ ░███   ███████  ░███ ░███ ░███ ░███░███ ░░░  ░███ ░███   ███████  ░███
     ░███ ░███  ███░░███  ░███ ░███ ░███ ░███░███  ███ ░███ ░███  ███░░███  ░███ ███
     ████ █████░░████████ ████ █████░░██████ ░░██████  ████ █████░░███████  ░░█████
    ░░░░ ░░░░░  ░░░░░░░░ ░░░░ ░░░░░  ░░░░░░   ░░░░░░  ░░░░ ░░░░░  ░░░░░░░░   ░░░░░
    
Autodetected device type: cuda
2026-09-04 20:32:23,099 - nanochat.common - INFO - Distributed world size: 1
GPU: NVIDIA H200 | Peak FLOPS (BF16): 9.89e+14
COMPUTE_DTYPE: torch.bfloat16 (auto-detected: CUDA SM 90 (bf16 supported))
✓ Using Flash Attention 3 (Hopper GPU detected) — efficient and fast.
Vocab size: 131,072
Model config:
{
  "sequence_len": 2048,
  "vocab_size": 131072,
  "n_layer": 4,
  "n_head": 2,
  "n_kv_head": 2,
  "n_embd": 256,
  "use_moe": false,
  "use_perm": false,
  "moe_num_experts": 8,
  "moe_router_dim": 64,
  "moe_embed_dim": 64,
  "dropout": 0.0,
  "use_remix_linear": false,
  "remix_context_dim": 64,
  "remix_context_dim_ratio": 6,
  "remix_basis_size": 64,
  "remix_output_gate_rank": 16,
  "remixed_linear_kwargs": {
    "use_basis_gate": true,
    "use_output_gate": true,
    "use_context": true,
    "basis_gate_mode": "mlp",
    "sparse_gate_k": 0,
    "gate_temperature": 1.0,
    "basis_scale_factor": 4,
    "n_templates": 1,
    "template_routing_learned": false,
    "template_topk": 0,
    "tiny_expert": false,
    "tiny_expert_topk": 16,
    "lokr_expert": false,
    "lokr_n_experts": 64,
    "lokr_topk": 16,
    "lokr_rank": 4,
    "lokr_learned": false,
    "basis_gate_rank": 8,
    "disable_ln_basis": false,
    "chunk_route_impl": "compose",
    "top1_gate": "ones",
    "template_delta_rank": 0,
    "route_side": "output",
    "drop_basis_proj": false,
    "basis_side_templates": 0,
    "grad_equalize": false,
    "output_gate_rank": 16,
    "operator_modulation": "none",
    "lie_generators": 4,
    "poly_order": 2,
    "grassmann_bank_size": 4
  },
  "use_pos_embed": false,
  "moe_use_abs_pos_embed": false,
  "use_layer_context": true,
  "scale_basis_size": true,
  "remix_use_dual_gate": false,
  "remix_use_fused": false,
  "p26_output_gated_linear": 0,
  "p28_shared_basis": 0,
  "p28_chunk_routing_size": 0,
  "p28_global_template_bank": "none",
  "p28_attn_proj_templates": 0,
  "p28_attn_qk_templates": 0,
  "p29_template_block_diag": 0,
  "p29_template_lr_scale": 1.0,
  "p29_grad_equalize": 0,
  "p34_ffn_mult": 4.0,
  "p34_ffn_single": 0,
  "p34_dense_attn": 0,
  "legacy_init_fallback": 0,
  "p35_template_diversity_lambda": 0.0,
  "p22_route_affine": 0,
  "p34_ffn_schedule": "",
  "p34_ffn_no_ffn_replacement": "none",
  "p34_ffn_last_depth": 1,
  "p36_swiglu_ffn": 0,
  "p36_swiglu_mult": 2.6666666666666665,
  "cond_sites": "both",
  "cond_rank": 256,
  "cond_mult_steps": 0,
  "cond_gate_source": "router",
  "cond_coeff_act": "centered",
  "cond_router_rank": 0,
  "cond_live_init": 0.0,
  "cond_router_act": "none",
  "cond_chunk_size": 0,
  "cond_mult_scale": -1.0,
  "cond_mult_impl": "wy",
  "cond_attn_projs": "qkvo",
  "cond_layer_frac": 1.0,
  "perm_expert_mode": "low_rank",
  "perm_rank": 16,
  "router_context_window": -1,
  "router_causal": true,
  "router_num_heads": 4,
  "router_num_queries": 16,
  "router_n_layers": 2,
  "router_use_vocab_prior": false,
  "window_pattern": "SSSL",
  "cclblock_modulation": "weight",
  "cclblock_orth_lambda": 0.0,
  "cclblock_context_stream": "local",
  "cclblock_ema_factor": 0.99,
  "cclblock_stale_ctx_lag": 0,
  "cclblock_sparse_gate_k": 0,
  "cclblock_gate_temperature": 1.0,
  "cclblock_context_bank_size": 0,
  "cclblock_per_head_ctx": false,
  "cclblock_context_source": "norm_x",
  "cclblock_chunk_size": 0,
  "cclblock_aux_objective": "none",
  "cclblock_aux_lambda": 0.1,
  "cclblock_boundary_token_id": 198,
  "use_ral": false,
  "ral_rank": 32,
  "cclblock_film_gate": false,
  "cclblock_attn_shadow_dim": 0,
  "cclblock_dynamic_ratio": 0.25,
  "cclblock_gate_rank": 8,
  "cclblock_num_regimes": 8,
  "cclblock_regime_temperature": 1.0,
  "cclblock_poly_order": 2,
  "cclblock_lie_generators": 4,
  "cclblock_grassmann_bank_size": 4,
  "cclblock_tucker_rank": 32,
  "cclblock_tucker_modes": 8,
  "cclblock_svs_rank": 64,
  "cclblock_svs_eps": 0.1,
  "cclblock_vq_codes": 8,
  "cclblock_vq_temperature": 1.0,
  "cclblock_dcu_warmup_steps": 0,
  "cclblock_fsi_rotations": 8,
  "cclblock_fsi_selector_dim": 64,
  "cclblock_aesp_strata": 4,
  "cclblock_aesp_delta_rank": 4,
  "cclblock_ckr_branches": 4,
  "cclblock_ckr_kernel_size": 64,
  "cclblock_ckr_pos_channels": 1,
  "cclblock_ckr_dual_optim": 0,
  "cclblock_ckr_content_bias": 0.0,
  "cclblock_giad_rank": 32,
  "cclblock_psg_kernel_size": 64,
  "cclblock_ss_dynamic_ratio": 0.25,
  "cclblock_ss_branches": 2,
  "cclblock_ss_kernel_size": 64,
  "cclblock_lokr_branches": 8,
  "cclblock_lokr_rank": 16,
  "cclblock_ckr_temp_start": 2.0,
  "cclblock_ckr_temp_end": 0.3,
  "cclblock_com_kernel_size": 32,
  "cclblock_ckr_ortho_init": 0,
  "cclblock_ckr_branch_dropout": 0.0,
  "cclblock_ckr_diversity_lambda": 0.0,
  "cclblock_ckr_layer_selective": 0,
  "cclblock_pgr_kernel_size": 64,
  "cclblock_cil_kernel_size": 64,
  "cclblock_prb_kernel_size": 64,
  "p18_layer_drop": 0.0,
  "p18_dynamic_activation": 0,
  "p18_mixture_norm": 0,
  "p18_causal_attn_bias": 0,
  "p18_aux_sim_lambda": 0.0,
  "p18_gradient_penalty": 0.0,
  "p18_per_channel_scale": 0,
  "p19_residual_gate": 0,
  "p19_head_importance": 0,
  "p19_residual_mix_groups": 0,
  "p19_attn_logit_bias": 0,
  "p19_residual_decay": 0,
  "p19_grad_equilibrium": 0.0,
  "p19_spectral_reparam": 0,
  "p19_weight_anticollapse": 0.0,
  "p19_ve_bias": 0,
  "p19_weight_noise": 0.0,
  "p20_hrcs_scale": 0,
  "p20_lswr_scale": 0,
  "p20_lswr_planes": 8,
  "p20_lrcfb_branches": 0,
  "p20_lrcfb_narrow": 0,
  "p20_lrcfb_learned": 0,
  "p20_lrcfb_topk": 0,
  "p20_dgcr_branches": 0,
  "p20_dgcr_aux_weight": 0.01,
  "p20_mone_experts": 0,
  "p20_mone_topk": 0,
  "p20_mone_narrow": 1,
  "p20_mone_frozen": 0,
  "p20_ncea_branches": 0,
  "p20_ncea_eps": 0.1,
  "p20_adwi": 0,
  "p20_pwu_branches": 0,
  "p20_pwu_phase": 1,
  "p20_fsvd_gate": 0,
  "p20_wbfc_clusters": 0,
  "p20_wbfc_active": 0,
  "p21_per_experts": 0,
  "p21_per_topk": 0,
  "p21_per_learned": 0,
  "p21_per_attn": 0,
  "p22_attn_moe_route": "none",
  "p23_tiny_expert": 0,
  "p23_n_experts": 64,
  "p23_topk": 16,
  "p23_learned_route": 0,
  "p23_std_moe_experts": 0,
  "p23_std_moe_topk": -1,
  "p23_std_moe_aux_weight": 0.01,
  "p23_lokr": 0,
  "p23_lokr_rank": 4,
  "p23_use_shared_block_router": 0,
  "p23_linear_moe_experts": 0,
  "p23_linear_moe_topk": 0,
  "p23_quantile_route": 0,
  "remix_shared_context_gates": 0,
  "p24_use_sliced_weight": 0,
  "p24_sliced_weight_reduction_scale": 8,
  "p24_sliced_weight_min_select": 128,
  "p24_sliced_weight_scope": "per_token",
  "p24_sliced_weight_balance_coeff": 0.01,
  "p24_quantile_route": 0,
  "p24_use_folded_mod": 0,
  "p24_folded_mod_reduction_scale": 8,
  "p24_folded_mod_min_dim": 128,
  "p24_folded_mod_scope": "per_layer",
  "p24_folded_mod_gate_act": "tanh_centered",
  "p24_use_sequence_gated_linear": 0,
  "p24_sequence_gated_scope": "per_layer",
  "p24_sequence_gated_act": "tanh_centered",
  "remix_disable_ln_basis": 0,
  "dense_intermediate_ln": 0,
  "use_mol": false,
  "mol_n_blocks": 5,
  "mol_n_shared": 1,
  "mol_topk": 3,
  "mol_thin_dim": 256,
  "mol_head_dim": 64,
  "mol_ffn_mult": 4.0,
  "mol_router_aux": 0.05,
  "mol_routed_attn": "softmax",
  "mol_dispatch": 1,
  "mol_capacity_factor": 1.0,
  "mol_block_lr_scale": 1.0,
  "mol_per_block_ve": 0,
  "use_mst": false,
  "mst_n_subs": 8,
  "mst_sub_dim": 64,
  "mst_head_dim": 0,
  "mst_input_mode": "fixed_slice",
  "mst_rotated_slice_learned": false,
  "mst_routing_mode": "soft_weighted",
  "mst_routing_topk": 4,
  "mst_routing_aux_weight": 0.01,
  "mst_diversity_weight": 0.0,
  "mst_ffn_mode": "standard",
  "mst_transition_mode": "parallel",
  "mst_final_mode": "aggregate_proj",
  "mst_final_topk": -1,
  "mst_ffn_shared_up": 0,
  "mst_ffn_inner_dim": 0,
  "mst_sub_dropout": 0.0,
  "mst_transition_every": 1,
  "mst_ffa_temperature": 1.0,
  "mst_global_residual": 0,
  "mst_hybrid_dense": 0,
  "mst_cross_sub_kv": 0,
  "mst_sub_aux_weight": 0.0,
  "mst_progressive_merge": 0,
  "mst_multi_scale_windows": 0,
  "mst_delta_residual": 0,
  "mst_sub_layers": 1,
  "mst_grad_equalize": 0,
  "mst_block_diagonal_muon": 0,
  "mst_transition_width_mult": 1.0,
  "mst_sub_lr_scale": 1.0,
  "mst_shared_expert": 0,
  "mst_router_entropy_weight": 0.0,
  "mst_shared_kv_attn": 0,
  "mst_contrastive_diversity_weight": 0.0,
  "mst_transition_nonlinear": 0,
  "mst_transition_gated": 0,
  "mst_transition_mlp": 0,
  "mst_cross_sub_gate": 0,
  "mst_hyper_connect": 0,
  "mst_cross_kv_inject": 0,
  "mst_slice_transition": 0,
  "mst_lookback_layers": 0,
  "mst_bilinear_transition": 0,
  "mst_cross_sub_qmod": 0,
  "mst_feature_cycle": 0,
  "mst_mean_transition": 0,
  "mst_sub_head_dim": 0,
  "mst_final_norm": 0,
  "mst_per_stream_ve": 0,
  "mst_ve_map": 0,
  "mst_ve_map_rank": 0,
  "mst_lm_head_dim": 0,
  "mst_compose_windows": 0,
  "mst_channel_mix": "none",
  "mst_channel_mix_site": "layer",
  "mst_distribute_block_muon": 0,
  "mst_trans_spectral_lr": 0,
  "mst_talking_heads": 0,
  "mst_wo_mode": "block",
  "mst_stream_topk": 0,
  "mst_stream_shared": 0,
  "mst_stream_router_aux": 0.01,
  "mst_stream_router_noise": 0.0,
  "mst_stream_dispatch": 0,
  "mst_stream_capacity_factor": 1.0,
  "mst_stream_gate_attn": 0,
  "mst_ffn_monarch": "none",
  "mst_shampoo": 0,
  "mst_precond_every": 10,
  "mst_shampoo_beta": 0.95,
  "use_eet": false,
  "eet_frozen_kv": true,
  "eet_reenter_final": false,
  "eet_router_type": "mlp2",
  "eet_router_hidden": 0,
  "eet_freq_prior_alpha": 0.0,
  "eet_pos_prior_beta": 0.0,
  "eet_domain_prior": false,
  "eet_warmup_frac": 0.02,
  "eet_explore_frac": 0.15,
  "eet_reconstruct_lambda": 1.0,
  "eet_efficiency_lambda_start": 0.01,
  "eet_efficiency_lambda_end": 0.1,
  "eet_translator_rank": 0,
  "eet_max_frozen_kv_frac": 0.75,
  "eet_exit_threshold": 0.5,
  "eet_min_exit_layer": 1,
  "eet_loss_variant": "reconstruct",
  "eet_topk_vocab": 512,
  "eet_entropy_lambda": 0.3,
  "eet_surprise_lambda": 0.1,
  "eet_adv_lambda": 1.0,
  "eet_adv_entropy_lambda": 0.2,
  "eet_quality_lambda": 1.0,
  "eet_quality_entropy_bonus": 0.1,
  "eet_gumbel_temp_start": 0.0,
  "eet_gumbel_temp_end": 0.1,
  "eet_gumbel_hard": true,
  "eet_commitment_beta": 0.1,
  "eet_global_router": false,
  "eet_freq_efficiency_alpha": 0.0,
  "eet_diversity_lambda": 0.0,
  "eet_ce_guided_lambda": 1.0,
  "eet_router_lr_mult": 5.0,
  "eet_model_lr_mult": 1.0,
  "eet_depth_weight_type": "none",
  "eet_depth_weight_max": 2.5,
  "eet_use_override": 0,
  "eet_override_prob_start": 0.5,
  "eet_override_prob_end": 0.1,
  "eet_compute_skip": false,
  "eet_target_active_frac": 0.125,
  "eet_capacity_schedule": "bell",
  "eet_exit_fracs": null,
  "eet_capacity_alignment_lambda": 0.0,
  "eet_router_task_grad": true,
  "eet_reinforce_interval": 0,
  "eet_reinforce_lambda": 0.1,
  "eet_exit_adapter_rank": 0,
  "eet_router_after_block": 0,
  "eet_ffn_skip": false,
  "eet_ffn_target_frac": 0.5,
  "eet_ffn_full_attn": true,
  "eet_depth_affine": false,
  "eet_capacity_anneal_frac": 0.0,
  "eet_learned_schedule": false,
  "eet_departure_summary": false,
  "eet_route_consistency_lambda": 0.0,
  "eet_dense_distill_interval": 0,
  "eet_dense_distill_lambda": 0.5,
  "eet_depth_lr_scale": false,
  "eet_depth_grad_scale": false,
  "eet_detach_aux_from_backbone": false,
  "eet_detach_exit_from_backbone": false,
  "use_code_head": false,
  "sch_head_type": "code",
  "sch_bits": 0,
  "sch_order": 2,
  "sch_max_m": 0,
  "sch_phi_mode": "monomial",
  "sch_code_mode": "binary",
  "sch_code_path": "",
  "sch_code_ecc_bits": 0,
  "sch_code_seed": 1234,
  "sch_phi_density": 0.0,
  "sch_phi_dtype": "bf16",
  "sch_phi_normalize": 1,
  "sch_phi_center": 0,
  "sch_g_type": "linear",
  "sch_g_hidden": 0,
  "sch_g_layers": 2,
  "sch_g_out_std": 0.001,
  "sch_mixture": 1,
  "sch_residual_rank": 0,
  "sch_logit_act": "none",
  "sch_bias": 0,
  "sch_input_mode": "table",
  "sch_input_hidden": 0,
  "sch_product_groups": 8,
  "sch_product_codebook": 256,
  "sch_product_source": "hash",
  "sch_product_impl": "dense",
  "sch_phi_whiten": 0,
  "sch_mixture_per_phi": 0,
  "sch_mixture_topk": 0,
  "sch_mixture_aux": 0.01,
  "sch_monarch_m1": 0
}
Seeded weight init with --seed 1
Checkpoints directory: /__modal/volumes/vo-bQhldLiDvEWGzP8qdXUlGO/out/c08_vocab131k/d4/BASE_dense_s1/depth_4/ckpt_base/base
✓ Wrapping model with DistributedDataParallel (rank 0, find_unused_parameters=False, broadcast_buffers=True)
Parameter counts:
wte                     : 33,554,432
wpe                     : 0
value_embeds            : 67,108,864
lm_head                 : 33,554,432
transformer_matrices    : 3,145,856
research                : 0
scalars                 : 8
total                   : 137,363,592
Estimated FLOPs per token (total):  2.288525e+08
Estimated FLOPs per token (active): 2.288525e+08
Estimated active params:            137,363,592
Scaling LRs by 0.7071 for batch size 262,144 (reference: 524,288)
Scaling weight decay from 0.200000 to 0.165666 for depth 4
Scaling the LR for the AdamW parameters ∝1/√(256/768) = 1.732051
Calculated number of iterations from target data:param ratio: 1,470
Total number of training tokens: 385,351,680
Tokens : Scaling params ratio: 10.50
Total training FLOPs estimate: 8.818869e+16
Total training FLOPs (active):  8.818869e+16
Total active training FLOPs estimate: 8.818869e+16
Using base scheduler: linear warmup/flat/linear warmdown
Tokens / micro-batch / rank: 64 x 2048 = 131,072
Tokens / micro-batch: 131,072
Total batch size 262,144 => gradient accumulation steps: 2
Running pre-compilation warmup (1 dummy forward+backward to init lazy allocations)...
[rank0]:W0904 20:32:23.945000 509 site-packages/torch/_logging/_internal.py:1199] [0/0] Profiler function <class 'torch.autograd.profiler.record_function'> will be ignored
Warmup complete. Steady-state VRAM: 2.0 GB allocated
step 00000/01470 (0.00%) | loss: 11.782931 | lrm: 0.14 | lr(adamw:7.872e-02, muon:2.020e-03) | dt: 342.95ms | tok/sec: 764,388 | bf16_mfu: 17.69 | epoch: 1 pq: 0 rg: 1 | total time: 0.00m
2026-09-04 20:33:56,677 - nanochat.checkpoint_manager - INFO - Saved model parameters to: /__modal/volumes/vo-bQhldLiDvEWGzP8qdXUlGO/out/c08_vocab131k/d4/BASE_dense_s1/depth_4/ckpt_base/base/model_000200.pt
2026-09-04 20:33:56,688 - nanochat.checkpoint_manager - INFO - Saved metadata to: /__modal/volumes/vo-bQhldLiDvEWGzP8qdXUlGO/out/c08_vocab131k/d4/BASE_dense_s1/depth_4/ckpt_base/base/meta_000200.json
2026-09-04 20:33:59,128 - nanochat.checkpoint_manager - INFO - Saved optimizer state to: /__modal/volumes/vo-bQhldLiDvEWGzP8qdXUlGO/out/c08_vocab131k/d4/BASE_dense_s1/depth_4/ckpt_base/base/optim_000200_rank0.pt
step 00200/01470 (13.61%) | loss: 4.499841 | lrm: 1.00 | lr(adamw:5.510e-01, muon:1.414e-02) | dt: 235.73ms | tok/sec: 1,112,067 | bf16_mfu: 25.73 | epoch: 1 pq: 1 rg: 22 | total time: 0.78m | eta: 5.2m
2026-09-04 20:34:50,229 - nanochat.checkpoint_manager - INFO - Saved model parameters to: /__modal/volumes/vo-bQhldLiDvEWGzP8qdXUlGO/out/c08_vocab131k/d4/BASE_dense_s1/depth_4/ckpt_base/base/model_000400.pt
2026-09-04 20:34:50,239 - nanochat.checkpoint_manager - INFO - Saved metadata to: /__modal/volumes/vo-bQhldLiDvEWGzP8qdXUlGO/out/c08_vocab131k/d4/BASE_dense_s1/depth_4/ckpt_base/base/meta_000400.json
2026-09-04 20:34:52,267 - nanochat.checkpoint_manager - INFO - Saved optimizer state to: /__modal/volumes/vo-bQhldLiDvEWGzP8qdXUlGO/out/c08_vocab131k/d4/BASE_dense_s1/depth_4/ckpt_base/base/optim_000400_rank0.pt
Removed previous periodic checkpoint at step 000200
step 00400/01470 (27.21%) | loss: 4.111940 | lrm: 1.00 | lr(adamw:5.510e-01, muon:1.414e-02) | dt: 243.76ms | tok/sec: 1,075,399 | bf16_mfu: 24.88 | epoch: 1 pq: 2 rg: 40 | total time: 1.62m | eta: 4.4m
2026-09-04 20:35:43,894 - nanochat.checkpoint_manager - INFO - Saved model parameters to: /__modal/volumes/vo-bQhldLiDvEWGzP8qdXUlGO/out/c08_vocab131k/d4/BASE_dense_s1/depth_4/ckpt_base/base/model_000600.pt
2026-09-04 20:35:43,902 - nanochat.checkpoint_manager - INFO - Saved metadata to: /__modal/volumes/vo-bQhldLiDvEWGzP8qdXUlGO/out/c08_vocab131k/d4/BASE_dense_s1/depth_4/ckpt_base/base/meta_000600.json
2026-09-04 20:35:45,984 - nanochat.checkpoint_manager - INFO - Saved optimizer state to: /__modal/volumes/vo-bQhldLiDvEWGzP8qdXUlGO/out/c08_vocab131k/d4/BASE_dense_s1/depth_4/ckpt_base/base/optim_000600_rank0.pt
Removed previous periodic checkpoint at step 000400
step 00600/01470 (40.82%) | loss: 3.967333 | lrm: 0.91 | lr(adamw:5.040e-01, muon:1.293e-02) | dt: 246.05ms | tok/sec: 1,065,427 | bf16_mfu: 24.65 | epoch: 1 pq: 3 rg: 58 | total time: 2.46m | eta: 3.6m
2026-09-04 20:36:38,285 - nanochat.checkpoint_manager - INFO - Saved model parameters to: /__modal/volumes/vo-bQhldLiDvEWGzP8qdXUlGO/out/c08_vocab131k/d4/BASE_dense_s1/depth_4/ckpt_base/base/model_000800.pt
2026-09-04 20:36:38,295 - nanochat.checkpoint_manager - INFO - Saved metadata to: /__modal/volumes/vo-bQhldLiDvEWGzP8qdXUlGO/out/c08_vocab131k/d4/BASE_dense_s1/depth_4/ckpt_base/base/meta_000800.json
2026-09-04 20:36:40,426 - nanochat.checkpoint_manager - INFO - Saved optimizer state to: /__modal/volumes/vo-bQhldLiDvEWGzP8qdXUlGO/out/c08_vocab131k/d4/BASE_dense_s1/depth_4/ckpt_base/base/optim_000800_rank0.pt
Removed previous periodic checkpoint at step 000600
step 00800/01470 (54.42%) | loss: 3.888921 | lrm: 0.72 | lr(adamw:3.944e-01, muon:1.012e-02) | dt: 245.48ms | tok/sec: 1,067,890 | bf16_mfu: 24.71 | epoch: 1 pq: 4 rg: 78 | total time: 3.31m | eta: 2.8m
2026-09-04 20:37:33,083 - nanochat.checkpoint_manager - INFO - Saved model parameters to: /__modal/volumes/vo-bQhldLiDvEWGzP8qdXUlGO/out/c08_vocab131k/d4/BASE_dense_s1/depth_4/ckpt_base/base/model_001000.pt
2026-09-04 20:37:33,094 - nanochat.checkpoint_manager - INFO - Saved metadata to: /__modal/volumes/vo-bQhldLiDvEWGzP8qdXUlGO/out/c08_vocab131k/d4/BASE_dense_s1/depth_4/ckpt_base/base/meta_001000.json
2026-09-04 20:37:35,028 - nanochat.checkpoint_manager - INFO - Saved optimizer state to: /__modal/volumes/vo-bQhldLiDvEWGzP8qdXUlGO/out/c08_vocab131k/d4/BASE_dense_s1/depth_4/ckpt_base/base/optim_001000_rank0.pt
Removed previous periodic checkpoint at step 000800
step 01000/01470 (68.03%) | loss: 3.802950 | lrm: 0.52 | lr(adamw:2.849e-01, muon:7.312e-03) | dt: 248.08ms | tok/sec: 1,056,683 | bf16_mfu: 24.45 | epoch: 1 pq: 6 rg: 15 | total time: 4.17m | eta: 2.0m
2026-09-04 20:38:28,049 - nanochat.checkpoint_manager - INFO - Saved model parameters to: /__modal/volumes/vo-bQhldLiDvEWGzP8qdXUlGO/out/c08_vocab131k/d4/BASE_dense_s1/depth_4/ckpt_base/base/model_001200.pt
2026-09-04 20:38:28,059 - nanochat.checkpoint_manager - INFO - Saved metadata to: /__modal/volumes/vo-bQhldLiDvEWGzP8qdXUlGO/out/c08_vocab131k/d4/BASE_dense_s1/depth_4/ckpt_base/base/meta_001200.json
2026-09-04 20:38:30,223 - nanochat.checkpoint_manager - INFO - Saved optimizer state to: /__modal/volumes/vo-bQhldLiDvEWGzP8qdXUlGO/out/c08_vocab131k/d4/BASE_dense_s1/depth_4/ckpt_base/base/optim_001200_rank0.pt
Removed previous periodic checkpoint at step 001000
step 01200/01470 (81.63%) | loss: 3.730879 | lrm: 0.32 | lr(adamw:1.754e-01, muon:4.502e-03) | dt: 243.17ms | tok/sec: 1,078,024 | bf16_mfu: 24.95 | epoch: 1 pq: 7 rg: 34 | total time: 5.04m | eta: 1.1m
2026-09-04 20:39:23,247 - nanochat.checkpoint_manager - INFO - Saved model parameters to: /__modal/volumes/vo-bQhldLiDvEWGzP8qdXUlGO/out/c08_vocab131k/d4/BASE_dense_s1/depth_4/ckpt_base/base/model_001400.pt
2026-09-04 20:39:23,258 - nanochat.checkpoint_manager - INFO - Saved metadata to: /__modal/volumes/vo-bQhldLiDvEWGzP8qdXUlGO/out/c08_vocab131k/d4/BASE_dense_s1/depth_4/ckpt_base/base/meta_001400.json
2026-09-04 20:39:25,195 - nanochat.checkpoint_manager - INFO - Saved optimizer state to: /__modal/volumes/vo-bQhldLiDvEWGzP8qdXUlGO/out/c08_vocab131k/d4/BASE_dense_s1/depth_4/ckpt_base/base/optim_001400_rank0.pt
Removed previous periodic checkpoint at step 001200
step 01400/01470 (95.24%) | loss: 3.678423 | lrm: 0.12 | lr(adamw:6.588e-02, muon:1.691e-03) | dt: 249.82ms | tok/sec: 1,049,335 | bf16_mfu: 24.28 | epoch: 1 pq: 8 rg: 54 | total time: 5.90m | eta: 0.3m
step 01469/01470 (99.93%) | loss: 3.678315 | lrm: 0.05 | lr(adamw:2.810e-02, muon:7.212e-04) | dt: 260.21ms | tok/sec: 1,007,423 | bf16_mfu: 23.31 | epoch: 1 pq: 9 rg: 7 | total time: 6.20m | eta: 0.0m
/usr/local/lib/python3.12/site-packages/torch/_dynamo/variables/functions.py:1598: UserWarning: Dynamo does not know how to trace the builtin `torch._C._distributed_c10d.pybind11_detail_function_record_v1_system_libstdcpp_gxx_abi_1xxx_use_cxx11_abi_1._broadcast_coalesced.` This function is either a Python builtin (e.g. _warnings.warn) or a third-party C/C++ Python extension (perhaps created with pybind).
If it is a Python builtin, please file an issue on GitHub so the PyTorch team can add support for it and see the next case for a workaround.
If it is a third-party C/C++ Python extension, please either wrap it into a PyTorch-understood custom operator (see https://pytorch.org/tutorials/advanced/custom_ops_landing_page.html for more details) or, if it is traceable, use `torch.compiler.allow_in_graph`.
  torch._dynamo.utils.warn_once(explanation + "\n" + "\n".join(hints))
Step 01470 | Validation bpb: 1.053475 | val_loss: 3.665649
<|bos|>The capital of France is the capital of the United States. The capital of France is the capital of the
<|bos|>The chemical symbol of gold is the symbol of gold. The symbol of gold is the symbol of gold. The
<|bos|>If yesterday was Friday, then tomorrow will be tomorrow. The next day, we will be going to be going to the next
<|bos|>The opposite of hot is the cold. The cold is the cold. The cold is the cold. The
<|bos|>The planets of the solar system are: they are the most common and most common. They are the most common and most
<|bos|>My favorite color is the red, blue, and green. I have a red color that is a
<|bos|>If 5*x + 3 = 13, then x is 5*x + 3 = 13, then x is 5*x
2026-09-04 20:40:32,167 - nanochat.checkpoint_manager - INFO - Saved model parameters to: /__modal/volumes/vo-bQhldLiDvEWGzP8qdXUlGO/out/c08_vocab131k/d4/BASE_dense_s1/depth_4/ckpt_base/base/model_001470.pt
2026-09-04 20:40:32,177 - nanochat.checkpoint_manager - INFO - Saved metadata to: /__modal/volumes/vo-bQhldLiDvEWGzP8qdXUlGO/out/c08_vocab131k/d4/BASE_dense_s1/depth_4/ckpt_base/base/meta_001470.json
2026-09-04 20:40:34,079 - nanochat.checkpoint_manager - INFO - Saved optimizer state to: /__modal/volumes/vo-bQhldLiDvEWGzP8qdXUlGO/out/c08_vocab131k/d4/BASE_dense_s1/depth_4/ckpt_base/base/optim_001470_rank0.pt
step 01470/01470 (final) | loss: 3.678315 | early_stop: 0
Peak memory usage: 40551.56MiB
Total training time: 6.20m
Minimum validation bpb: 1.053475
Minimum validation loss (nats/byte): 3.665649
[SCH] diagnostics failed (training results are unaffected): CUDA out of memory. Tried to allocate 64.00 GiB. GPU 0 has a total capacity of 139.80 GiB of which 8.33 GiB is free. Process 1 has 131.40 GiB memory in use. Of the allocated memory 130.05 GiB is allocated by PyTorch, and 84.94 MiB is reserved by PyTorch but unallocated. If reserved but unallocated memory is large try setting PYTORCH_CUDA_ALLOC_CONF=expandable_segments:True to avoid fragmentation.  See documentation for Memory Management  (https://pytorch.org/docs/stable/notes/cuda.html#environment-variables)
Traceback (most recent call last):
  File "/__modal/volumes/vo-bQhldLiDvEWGzP8qdXUlGO/scripts/base_train.py", line 2972, in <module>
    _sch = run_all_diagnostics(
           ^^^^^^^^^^^^^^^^^^^^
  File "/__modal/volumes/vo-bQhldLiDvEWGzP8qdXUlGO/nanochat/code_metrics.py", line 446, in run_all_diagnostics
    res = evaluate_bpb_grouped(model, build_val_loader(), steps, token_bytes,
          ^^^^^^^^^^^^^^^^^^^^^^^^^^^^^^^^^^^^^^^^^^^^^^^^^^^^^^^^^^^^^^^^^^^
  File "/usr/local/lib/python3.12/site-packages/torch/utils/_contextlib.py", line 120, in decorate_context
    return func(*args, **kwargs)
           ^^^^^^^^^^^^^^^^^^^^^
  File "/__modal/volumes/vo-bQhldLiDvEWGzP8qdXUlGO/nanochat/code_metrics.py", line 116, in evaluate_bpb_grouped
    loss2d = model(x, y, loss_reduction='none').view(-1).double()
             ^^^^^^^^^^^^^^^^^^^^^^^^^^^^^^^^^^
  File "/usr/local/lib/python3.12/site-packages/torch/nn/modules/module.py", line 1775, in _wrapped_call_impl
    return self._call_impl(*args, **kwargs)
           ^^^^^^^^^^^^^^^^^^^^^^^^^^^^^^^^
  File "/usr/local/lib/python3.12/site-packages/torch/nn/modules/module.py", line 1786, in _call_impl
    return forward_call(*args, **kwargs)
           ^^^^^^^^^^^^^^^^^^^^^^^^^^^^^
  File "/__modal/volumes/vo-bQhldLiDvEWGzP8qdXUlGO/nanochat/gpt.py", line 11352, in forward
    logits = softcap * torch.tanh(logits / softcap) # squash the logits
                       ^^^^^^^^^^^^^^^^^^^^^^^^^^^^
torch.OutOfMemoryError: CUDA out of memory. Tried to allocate 64.00 GiB. GPU 0 has a total capacity of 139.80 GiB of which 8.33 GiB is free. Process 1 has 131.40 GiB memory in use. Of the allocated memory 130.05 GiB is allocated by PyTorch, and 84.94 MiB is reserved by PyTorch but unallocated. If reserved but unallocated memory is large try setting PYTORCH_CUDA_ALLOC_CONF=expandable_segments:True to avoid fragmentation.  See documentation for Memory Management  (https://pytorch.org/docs/stable/notes/cuda.html#environment-variables)
Final Validation BPB for base: 1.0535

--- Generating Report ---
Saved plot to out/c08_vocab131k/d4/BASE_dense_s1/depth_4/comparison_depth_4.png
Saved TSV data to out/c08_vocab131k/d4/BASE_dense_s1/depth_4/results_depth_4.tsv
Generating report to out/report/report.md
Copying report.md to current directory for convenience
================================================================
Sweep Complete! Results saved to out/c08_vocab131k/d4/BASE_dense_s1
================================================================
OK    BASE_dense_s1

--- MON_M1024_s1  (depth 4, V=131072) ---
Requested NPROC_PER_NODE=8, but only 1 GPU(s) visible. Capping.
Using NPROC_PER_NODE=1
NANOCHAT_SKIP_ENV_SETUP=0
===== GPU Info =====
Fri Sep  4 20:46:20 2026       
+-----------------------------------------------------------------------------------------+
| NVIDIA-SMI 580.95.05              Driver Version: 580.95.05      CUDA Version: 13.0     |
+-----------------------------------------+------------------------+----------------------+
| GPU  Name                 Persistence-M | Bus-Id          Disp.A | Volatile Uncorr. ECC |
| Fan  Temp   Perf          Pwr:Usage/Cap |           Memory-Usage | GPU-Util  Compute M. |
|                                         |                        |               MIG M. |
|=========================================+========================+======================|
|   0  NVIDIA H200                    On  |   00000000:8B:00.0 Off |                    0 |
| N/A   42C    P0             77W /  700W |       4MiB / 143771MiB |      0%      Default |
|                                         |                        |             Disabled |
+-----------------------------------------+------------------------+----------------------+

+-----------------------------------------------------------------------------------------+
| Processes:                                                                              |
|  GPU   GI   CI              PID   Type   Process name                        GPU Memory |
|        ID   ID                                                               Usage      |
|=========================================================================================|
|  No running processes found                                                             |
+-----------------------------------------------------------------------------------------+
Starting Research Sweep. Output directory: out/c08_vocab131k/d4/MON_M1024_s1
UV_SYSTEM_PYTHON=1: using system Python, skipping venv creation.
Validating system environment dependencies via uv...
Using Python 3.12.10 environment at: /usr/local
Resolved 159 packages in 237ms
   Building nanochat @ file:///__modal/volumes/vo-bQhldLiDvEWGzP8qdXUlGO
      Built nanochat @ file:///__modal/volumes/vo-bQhldLiDvEWGzP8qdXUlGO
Prepared 1 package in 966ms
Uninstalled 1 package in 0.69ms
Installed 1 package in 0.73ms
 ~ nanochat==0.1.0 (from file:///__modal/volumes/vo-bQhldLiDvEWGzP8qdXUlGO)
Reset report and wrote header to out/report/header.md
Dataset (up to 300 shards) already exists in data, skipping download.
Tokenizer already exists in tokenizer_131k, skipping training.
================================================================
Processing Depth: 4
================================================================
2026-09-04 20:46:30,928 - httpx - INFO - HTTP Request: HEAD https://huggingface.co/varunneal/flash-attention-3/resolve/main/kernel-status.toml "HTTP/1.1 404 Not Found"
2026-09-04 20:46:31,141 - httpx - INFO - HTTP Request: GET https://huggingface.co/api/models/varunneal/flash-attention-3/tree/main/build?recursive=false&expand=false "HTTP/1.1 200 OK"
2026-09-04 20:46:31,327 - httpx - INFO - HTTP Request: GET https://huggingface.co/api/models/varunneal/flash-attention-3/revision/main "HTTP/1.1 200 OK"
[sweep] Requested 8 DDP workers but only 1 GPU(s) available — using 1.
================================================================
Unfinished experiments found from a previous run:
  [base] ckpt_dir = /__modal/volumes/vo-bQhldLiDvEWGzP8qdXUlGO/out/c08_vocab131k/d4/MON_M1024_s1/depth_4/ckpt_base
These will be resumed from their last checkpoint.
================================================================
================================================================
Starting Sweep for Depth 4
Target Tokens: 385,351,680
================================================================
  Overriding default target_dim (128) with full model_dim 256

--- Training base ---

  ┌─────────────────────────────────────────────────────┐
  │  🆕  STARTING FRESH: [base]
  │     No checkpoints found — training from scratch.
  └─────────────────────────────────────────────────────┘

Running: /usr/local/bin/torchrun --standalone --nproc_per_node=1 -m scripts.base_train --depth 4 --aspect-ratio 64 --head-dim 128 --model-dim 256 --max-seq-len 2048 --device-batch-size 32 --total-batch-size 262144 --target-tokens 385351680 --eval-every -1 --log-every 200 --core-metric-every 0 --save-every 200 --warmup-ratio 0.005 --warmdown-ratio 0.65 --final-lr-frac 0.05 --adam-beta2 0.99 --research-warmup-ratio 0.05 --use-onecycle 0 --router-context-window -1 --remix-use-basis-gate 1 --remix-use-output-gate 1 --remix-use-context 1 --remix-basis-gate-mode mlp --remix-gate-lr-scale 0.3 --p22-n-templates 1 --p22-template-routing-learned 0 --p22-template-topk 0 --p22-attn-moe-route none --p26-output-gated-linear 0 --p28-shared-basis 0 --p28-chunk-routing-size 0 --p28-global-template-bank none --p28-attn-proj-templates 0 --p28-attn-qk-templates 0 --p31-chunk-route-impl compose --p31-top1-gate ones --p31-template-delta-rank 0 --p31-route-side output --p31-drop-basis-proj 0 --p31-basis-side-templates 0 --remix-template-block-diag 0 --remix-template-lr-scale 1.0 --p29-grad-equalize 0 --target-active-params 0 --compile-regional 0 --timing-probe-steps 0 --compile-mode default --remix-basis-gate-rank 8 --cclblock-modulation weight --cclblock-orth-lambda 0.0 --p35-template-diversity-lambda 0.0 --cclblock-context-stream local --cclblock-ema-factor 0.99 --cclblock-stale-ctx-lag 0 --cclblock-sparse-gate-k 0 --cclblock-gate-temperature 1.0 --cclblock-context-bank-size 0 --cclblock-per-head-ctx 0 --cclblock-context-source norm_x --cclblock-chunk-size 0 --cclblock-aux-objective none --cclblock-aux-lambda 0.1 --cclblock-boundary-token-id 198 --use-ral 0 --ral-rank 32 --p34-ffn-schedule  --p34-ffn-no-ffn-replacement none --p34-ffn-last-depth 1 --p36-swiglu-ffn 0 --p36-swiglu-mult 2.6666666666666665 --cond-sites both --p22-route-affine 0 --cond-rank 256 --cond-mult-steps 0 --cond-gate-source router --cond-coeff-act centered --cond-router-rank 0 --cond-router-act none --cond-live-init 0.0 --cond-chunk-size 0 --cond-mult-scale -1.0 --cond-mult-impl wy --cond-attn-projs qkvo --cond-layer-frac 1.0 --cclblock-film-gate 0 --cclblock-attn-shadow-dim 0 --cclblock-dynamic-ratio 0.25 --cclblock-gate-rank 8 --cclblock-num-regimes 8 --cclblock-regime-temperature 1.0 --cclblock-poly-order 2 --cclblock-lie-generators 4 --cclblock-grassmann-bank-size 4 --cclblock-tucker-rank 32 --cclblock-tucker-modes 8 --cclblock-svs-rank 64 --cclblock-svs-eps 0.1 --cclblock-vq-codes 8 --cclblock-vq-temperature 1.0 --cclblock-dcu-warmup-steps 0 --cclblock-fsi-rotations 8 --cclblock-fsi-selector-dim 64 --cclblock-aesp-strata 4 --cclblock-aesp-delta-rank 4 --cclblock-ckr-branches 4 --cclblock-ckr-kernel-size 64 --cclblock-ckr-pos-channels 1 --cclblock-ckr-dual-optim 0 --cclblock-ckr-content-bias 0.0 --cclblock-giad-rank 32 --cclblock-psg-kernel-size 64 --cclblock-ss-dynamic-ratio 0.25 --cclblock-ss-branches 2 --cclblock-ss-kernel-size 64 --cclblock-lokr-branches 8 --cclblock-lokr-rank 16 --cclblock-ckr-temp-start 2.0 --cclblock-ckr-temp-end 0.3 --cclblock-com-kernel-size 32 --cclblock-ckr-ortho-init 0 --cclblock-ckr-branch-dropout 0.0 --cclblock-ckr-diversity-lambda 0.0 --cclblock-pgr-kernel-size 64 --cclblock-cil-kernel-size 64 --cclblock-prb-kernel-size 64 --p18-layer-drop 0.0 --p18-dynamic-activation 0 --p18-mixture-norm 0 --p18-aux-sim-lambda 0.0 --p18-gradient-penalty 0.0 --p18-per-channel-scale 0 --p19-residual-gate 0 --p19-head-importance 0 --p19-residual-mix-groups 0 --p19-attn-logit-bias 0 --p19-residual-decay 0 --p19-grad-equilibrium 0.0 --p19-spectral-reparam 0 --p19-weight-anticollapse 0.0 --p19-ve-bias 0 --p19-weight-noise 0.0 --p20-hrcs-scale 0 --p20-lswr-scale 0 --p20-lswr-planes 8 --p20-lrcfb-branches 0 --p20-lrcfb-narrow 0 --p20-lrcfb-learned 0 --p20-lrcfb-topk 0 --p20-dgcr-branches 0 --p20-dgcr-aux-weight 0.01 --p20-mone-experts 0 --p20-mone-topk 0 --p20-mone-narrow 1 --p20-mone-frozen 0 --p20-ncea-branches 0 --p20-ncea-eps 0.1 --p20-adwi 0 --p20-pwu-branches 0 --p20-pwu-phase 1 --p20-fsvd-gate 0 --p20-wbfc-clusters 0 --p20-wbfc-active 0 --p21-per-experts 0 --p21-per-topk 0 --p21-per-learned 0 --p21-per-attn 0 --p23-tiny-expert 0 --p23-n-experts 64 --p23-topk 16 --p23-learned-route 0 --p23-std-moe-experts 0 --p23-std-moe-topk -1 --p23-std-moe-aux-weight 0.01 --p23-lokr 0 --p23-lokr-rank 4 --p23-use-shared-block-router 0 --p23-linear-moe-experts 0 --p23-linear-moe-topk 0 --p23-quantile-route 0 --seed 1 --p34-ffn-mult 4.0 --p34-ffn-single 0 --p34-dense-attn 0 --p24-use-sliced-weight 0 --p24-sliced-weight-reduction-scale 8 --p24-sliced-weight-min-select 128 --p24-sliced-weight-scope per_token --p24-sliced-weight-balance-coeff 0.01 --p24-quantile-route 0 --p24-use-folded-mod 0 --p24-folded-mod-reduction-scale 8 --p24-folded-mod-scope per_layer --p24-folded-mod-gate-act tanh_centered --p24-use-sequence-gated-linear 0 --p24-sequence-gated-scope per_layer --p24-sequence-gated-act tanh_centered --p24-folded-mod-min-dim 128 --remix-shared-context-gates 0 --remix-use-dual-gate 0 --remix-basis-scale-factor 4 --remix-output-gate-rank 16 --p24-use-sliced-weight 0 --p24-sliced-weight-reduction-scale 8 --p24-sliced-weight-min-select 128 --p24-sliced-weight-scope per_token --p24-sliced-weight-balance-coeff 0.01 --p24-quantile-route 0 --p24-use-folded-mod 0 --p24-folded-mod-reduction-scale 8 --p24-folded-mod-scope per_layer --p24-folded-mod-gate-act tanh_centered --p24-use-sequence-gated-linear 0 --p24-sequence-gated-scope per_layer --p24-sequence-gated-act tanh_centered --remix-disable-ln-basis 0 --dense-intermediate-ln 0 --use-mol 0 --mol-n-blocks 5 --mol-n-shared 1 --mol-topk 3 --mol-thin-dim 256 --mol-head-dim 64 --mol-ffn-mult 4.0 --mol-router-aux 0.05 --mol-routed-attn softmax --mol-dispatch 1 --mol-capacity-factor 1.0 --mol-block-lr-scale 1.0 --mol-per-block-ve 0 --use-mst 0 --mst-n-subs 8 --mst-sub-dim 64 --mst-head-dim 0 --mst-input-mode fixed_slice --mst-rotated-slice-learned 0 --mst-routing-mode soft_weighted --mst-routing-topk 4 --mst-routing-aux-weight 0.01 --mst-diversity-weight 0.0 --mst-ffn-mode standard --mst-transition-mode parallel --mst-final-mode aggregate_proj --mst-final-topk -1 --mst-ffn-shared-up 0 --mst-ffn-inner-dim 0 --mst-sub-dropout 0.0 --mst-transition-every 1 --mst-ffa-temperature 1.0 --mst-global-residual 0 --mst-hybrid-dense 0 --mst-cross-sub-kv 0 --mst-sub-aux-weight 0.0 --mst-progressive-merge 0 --mst-multi-scale-windows 0 --mst-delta-residual 0 --mst-sub-layers 1 --mst-grad-equalize 0 --mst-block-diagonal-muon 0 --mst-transition-width-mult 1.0 --mst-sub-lr-scale 1.0 --mst-shared-expert 0 --mst-router-entropy-weight 0.0 --mst-shared-kv-attn 0 --mst-contrastive-diversity-weight 0.0 --mst-transition-nonlinear 0 --mst-transition-gated 0 --mst-transition-mlp 0 --mst-cross-sub-gate 0 --mst-hyper-connect 0 --mst-cross-kv-inject 0 --mst-slice-transition 0 --mst-lookback-layers 0 --mst-bilinear-transition 0 --mst-cross-sub-qmod 0 --mst-feature-cycle 0 --mst-mean-transition 0 --mst-sub-head-dim 0 --mst-final-norm 0 --mst-per-stream-ve 0 --mst-ve-map 0 --mst-ve-map-rank 0 --mst-lm-head-dim 0 --mst-compose-windows 0 --mst-channel-mix none --mst-channel-mix-site layer --mst-distribute-block-muon 0 --mst-trans-spectral-lr 0 --mst-talking-heads 0 --mst-wo-mode block --mst-stream-topk 0 --mst-stream-shared 0 --mst-stream-router-aux 0.01 --mst-stream-router-noise 0.0 --mst-stream-dispatch 0 --mst-stream-capacity-factor 1.0 --mst-stream-gate-attn 0 --mst-ffn-monarch none --mst-shampoo 0 --mst-precond-every 10 --mst-shampoo-beta 0.95 --use-eet 0 --eet-frozen-kv 1 --eet-reenter-final 0 --eet-compute-skip 0 --eet-target-active-frac 0.125 --eet-capacity-schedule bell --eet-exit-fracs  --eet-router-type mlp2 --eet-router-hidden 0 --eet-freq-prior-alpha 0.0 --eet-pos-prior-beta 0.0 --eet-domain-prior 0 --eet-warmup-frac 0.02 --eet-explore-frac 0.15 --eet-reconstruct-lambda 1.0 --eet-efficiency-lambda-start 0.01 --eet-efficiency-lambda-end 0.1 --eet-translator-rank 0 --eet-max-frozen-kv-frac 0.75 --eet-exit-threshold 0.5 --eet-min-exit-layer 1 --eet-loss-variant reconstruct --eet-topk-vocab 512 --eet-entropy-lambda 0.3 --eet-surprise-lambda 0.1 --eet-adv-lambda 1.0 --eet-adv-entropy-lambda 0.2 --eet-quality-lambda 1.0 --eet-quality-entropy-bonus 0.1 --eet-gumbel-temp-start 0.0 --eet-gumbel-temp-end 0.1 --eet-gumbel-hard 1 --eet-commitment-beta 0.1 --eet-global-router 0 --eet-freq-efficiency-alpha 0.0 --eet-diversity-lambda 0.0 --eet-ce-guided-lambda 1.0 --eet-router-lr-mult 5.0 --eet-model-lr-mult 1.0 --eet-depth-weight-type none --eet-depth-weight-max 2.5 --eet-use-override 0 --eet-override-prob-start 0.5 --eet-override-prob-end 0.1 --eet-capacity-alignment-lambda 0.0 --eet-router-task-grad 1 --eet-reinforce-interval 0 --eet-reinforce-lambda 0.1 --eet-exit-adapter-rank 0 --eet-router-after-block 0 --eet-ffn-skip 0 --eet-ffn-target-frac 0.5 --eet-ffn-full-attn 1 --eet-depth-affine 0 --eet-capacity-anneal-frac 0.0 --eet-learned-schedule 0 --eet-departure-summary 0 --eet-route-consistency-lambda 0.0 --eet-dense-distill-interval 0 --eet-dense-distill-lambda 0.5 --eet-depth-lr-scale 0 --eet-depth-grad-scale 0 --eet-detach-aux-from-backbone 0 --eet-detach-exit-from-backbone 0 --use-code-head 1 --sch-head-type monarch --sch-bits 0 --sch-order 2 --sch-max-m 1024 --sch-phi-mode monomial --sch-code-mode binary --sch-code-path  --sch-code-ecc-bits 0 --sch-code-seed 1234 --sch-phi-density 0.0 --sch-phi-dtype fp32 --sch-phi-normalize 1 --sch-phi-center 0 --sch-g-type linear --sch-g-hidden 0 --sch-g-layers 2 --sch-g-out-std 0.001 --sch-mixture 1 --sch-residual-rank 0 --sch-logit-act none --sch-bias 1 --sch-input-mode table --sch-input-hidden 0 --sch-product-groups 8 --sch-product-codebook 256 --sch-product-source hash --sch-product-impl dense --sch-phi-whiten 0 --sch-mixture-per-phi 0 --sch-mixture-topk 0 --sch-mixture-aux 0.01 --sch-monarch-m1 0 --sch-holdout-tokens 0 --sch-holdout-seed 7 --sch-holdout-min-id 256 --sch-holdout-mode target --sch-decile-metrics 1 --sch-rank-probe 16384 --sch-eval-steps 100 --compile --tokenizer-dir tokenizer_131k --data-dir data --max-shards 300 --checkpoints-dir /__modal/volumes/vo-bQhldLiDvEWGzP8qdXUlGO/out/c08_vocab131k/d4/MON_M1024_s1/depth_4/ckpt_base --model-tag base
2026-09-04 20:46:38,059 - httpx - INFO - HTTP Request: HEAD https://huggingface.co/varunneal/flash-attention-3/resolve/main/kernel-status.toml "HTTP/1.1 404 Not Found"
2026-09-04 20:46:38,233 - httpx - INFO - HTTP Request: GET https://huggingface.co/api/models/varunneal/flash-attention-3/tree/main/build?recursive=false&expand=false "HTTP/1.1 200 OK"
2026-09-04 20:46:38,407 - httpx - INFO - HTTP Request: GET https://huggingface.co/api/models/varunneal/flash-attention-3/revision/main "HTTP/1.1 200 OK"

                                                       █████                █████
                                                      ░░███                ░░███
     ████████    ██████   ████████    ██████   ██████  ░███████    ██████  ███████
    ░░███░░███  ░░░░░███ ░░███░░███  ███░░███ ███░░███ ░███░░███  ░░░░░███░░░███░
     ░███ ░███   ███████  ░███ ░███ ░███ ░███░███ ░░░  ░███ ░███   ███████  ░███
     ░███ ░███  ███░░███  ░███ ░███ ░███ ░███░███  ███ ░███ ░███  ███░░███  ░███ ███
     ████ █████░░████████ ████ █████░░██████ ░░██████  ████ █████░░███████  ░░█████
    ░░░░ ░░░░░  ░░░░░░░░ ░░░░ ░░░░░  ░░░░░░   ░░░░░░  ░░░░ ░░░░░  ░░░░░░░░   ░░░░░
    
Autodetected device type: cuda
2026-09-04 20:46:39,378 - nanochat.common - INFO - Distributed world size: 1
GPU: NVIDIA H200 | Peak FLOPS (BF16): 9.89e+14
COMPUTE_DTYPE: torch.bfloat16 (auto-detected: CUDA SM 90 (bf16 supported))
✓ Using Flash Attention 3 (Hopper GPU detected) — efficient and fast.
Vocab size: 131,072
[SCH] head=monarch V=131072, M=1024, m1=32, m2=32, block_out=4096, rank_ceiling=257 | head params 4,587,520 | head FLOPs/token 27,000,832 | dense equivalent 201,326,592
Model config:
{
  "sequence_len": 2048,
  "vocab_size": 131072,
  "n_layer": 4,
  "n_head": 2,
  "n_kv_head": 2,
  "n_embd": 256,
  "use_moe": false,
  "use_perm": false,
  "moe_num_experts": 8,
  "moe_router_dim": 64,
  "moe_embed_dim": 64,
  "dropout": 0.0,
  "use_remix_linear": false,
  "remix_context_dim": 64,
  "remix_context_dim_ratio": 6,
  "remix_basis_size": 64,
  "remix_output_gate_rank": 16,
  "remixed_linear_kwargs": {
    "use_basis_gate": true,
    "use_output_gate": true,
    "use_context": true,
    "basis_gate_mode": "mlp",
    "sparse_gate_k": 0,
    "gate_temperature": 1.0,
    "basis_scale_factor": 4,
    "n_templates": 1,
    "template_routing_learned": false,
    "template_topk": 0,
    "tiny_expert": false,
    "tiny_expert_topk": 16,
    "lokr_expert": false,
    "lokr_n_experts": 64,
    "lokr_topk": 16,
    "lokr_rank": 4,
    "lokr_learned": false,
    "basis_gate_rank": 8,
    "disable_ln_basis": false,
    "chunk_route_impl": "compose",
    "top1_gate": "ones",
    "template_delta_rank": 0,
    "route_side": "output",
    "drop_basis_proj": false,
    "basis_side_templates": 0,
    "grad_equalize": false,
    "output_gate_rank": 16,
    "operator_modulation": "none",
    "lie_generators": 4,
    "poly_order": 2,
    "grassmann_bank_size": 4
  },
  "use_pos_embed": false,
  "moe_use_abs_pos_embed": false,
  "use_layer_context": true,
  "scale_basis_size": true,
  "remix_use_dual_gate": false,
  "remix_use_fused": false,
  "p26_output_gated_linear": 0,
  "p28_shared_basis": 0,
  "p28_chunk_routing_size": 0,
  "p28_global_template_bank": "none",
  "p28_attn_proj_templates": 0,
  "p28_attn_qk_templates": 0,
  "p29_template_block_diag": 0,
  "p29_template_lr_scale": 1.0,
  "p29_grad_equalize": 0,
  "p34_ffn_mult": 4.0,
  "p34_ffn_single": 0,
  "p34_dense_attn": 0,
  "legacy_init_fallback": 0,
  "p35_template_diversity_lambda": 0.0,
  "p22_route_affine": 0,
  "p34_ffn_schedule": "",
  "p34_ffn_no_ffn_replacement": "none",
  "p34_ffn_last_depth": 1,
  "p36_swiglu_ffn": 0,
  "p36_swiglu_mult": 2.6666666666666665,
  "cond_sites": "both",
  "cond_rank": 256,
  "cond_mult_steps": 0,
  "cond_gate_source": "router",
  "cond_coeff_act": "centered",
  "cond_router_rank": 0,
  "cond_live_init": 0.0,
  "cond_router_act": "none",
  "cond_chunk_size": 0,
  "cond_mult_scale": -1.0,
  "cond_mult_impl": "wy",
  "cond_attn_projs": "qkvo",
  "cond_layer_frac": 1.0,
  "perm_expert_mode": "low_rank",
  "perm_rank": 16,
  "router_context_window": -1,
  "router_causal": true,
  "router_num_heads": 4,
  "router_num_queries": 16,
  "router_n_layers": 2,
  "router_use_vocab_prior": false,
  "window_pattern": "SSSL",
  "cclblock_modulation": "weight",
  "cclblock_orth_lambda": 0.0,
  "cclblock_context_stream": "local",
  "cclblock_ema_factor": 0.99,
  "cclblock_stale_ctx_lag": 0,
  "cclblock_sparse_gate_k": 0,
  "cclblock_gate_temperature": 1.0,
  "cclblock_context_bank_size": 0,
  "cclblock_per_head_ctx": false,
  "cclblock_context_source": "norm_x",
  "cclblock_chunk_size": 0,
  "cclblock_aux_objective": "none",
  "cclblock_aux_lambda": 0.1,
  "cclblock_boundary_token_id": 198,
  "use_ral": false,
  "ral_rank": 32,
  "cclblock_film_gate": false,
  "cclblock_attn_shadow_dim": 0,
  "cclblock_dynamic_ratio": 0.25,
  "cclblock_gate_rank": 8,
  "cclblock_num_regimes": 8,
  "cclblock_regime_temperature": 1.0,
  "cclblock_poly_order": 2,
  "cclblock_lie_generators": 4,
  "cclblock_grassmann_bank_size": 4,
  "cclblock_tucker_rank": 32,
  "cclblock_tucker_modes": 8,
  "cclblock_svs_rank": 64,
  "cclblock_svs_eps": 0.1,
  "cclblock_vq_codes": 8,
  "cclblock_vq_temperature": 1.0,
  "cclblock_dcu_warmup_steps": 0,
  "cclblock_fsi_rotations": 8,
  "cclblock_fsi_selector_dim": 64,
  "cclblock_aesp_strata": 4,
  "cclblock_aesp_delta_rank": 4,
  "cclblock_ckr_branches": 4,
  "cclblock_ckr_kernel_size": 64,
  "cclblock_ckr_pos_channels": 1,
  "cclblock_ckr_dual_optim": 0,
  "cclblock_ckr_content_bias": 0.0,
  "cclblock_giad_rank": 32,
  "cclblock_psg_kernel_size": 64,
  "cclblock_ss_dynamic_ratio": 0.25,
  "cclblock_ss_branches": 2,
  "cclblock_ss_kernel_size": 64,
  "cclblock_lokr_branches": 8,
  "cclblock_lokr_rank": 16,
  "cclblock_ckr_temp_start": 2.0,
  "cclblock_ckr_temp_end": 0.3,
  "cclblock_com_kernel_size": 32,
  "cclblock_ckr_ortho_init": 0,
  "cclblock_ckr_branch_dropout": 0.0,
  "cclblock_ckr_diversity_lambda": 0.0,
  "cclblock_ckr_layer_selective": 0,
  "cclblock_pgr_kernel_size": 64,
  "cclblock_cil_kernel_size": 64,
  "cclblock_prb_kernel_size": 64,
  "p18_layer_drop": 0.0,
  "p18_dynamic_activation": 0,
  "p18_mixture_norm": 0,
  "p18_causal_attn_bias": 0,
  "p18_aux_sim_lambda": 0.0,
  "p18_gradient_penalty": 0.0,
  "p18_per_channel_scale": 0,
  "p19_residual_gate": 0,
  "p19_head_importance": 0,
  "p19_residual_mix_groups": 0,
  "p19_attn_logit_bias": 0,
  "p19_residual_decay": 0,
  "p19_grad_equilibrium": 0.0,
  "p19_spectral_reparam": 0,
  "p19_weight_anticollapse": 0.0,
  "p19_ve_bias": 0,
  "p19_weight_noise": 0.0,
  "p20_hrcs_scale": 0,
  "p20_lswr_scale": 0,
  "p20_lswr_planes": 8,
  "p20_lrcfb_branches": 0,
  "p20_lrcfb_narrow": 0,
  "p20_lrcfb_learned": 0,
  "p20_lrcfb_topk": 0,
  "p20_dgcr_branches": 0,
  "p20_dgcr_aux_weight": 0.01,
  "p20_mone_experts": 0,
  "p20_mone_topk": 0,
  "p20_mone_narrow": 1,
  "p20_mone_frozen": 0,
  "p20_ncea_branches": 0,
  "p20_ncea_eps": 0.1,
  "p20_adwi": 0,
  "p20_pwu_branches": 0,
  "p20_pwu_phase": 1,
  "p20_fsvd_gate": 0,
  "p20_wbfc_clusters": 0,
  "p20_wbfc_active": 0,
  "p21_per_experts": 0,
  "p21_per_topk": 0,
  "p21_per_learned": 0,
  "p21_per_attn": 0,
  "p22_attn_moe_route": "none",
  "p23_tiny_expert": 0,
  "p23_n_experts": 64,
  "p23_topk": 16,
  "p23_learned_route": 0,
  "p23_std_moe_experts": 0,
  "p23_std_moe_topk": -1,
  "p23_std_moe_aux_weight": 0.01,
  "p23_lokr": 0,
  "p23_lokr_rank": 4,
  "p23_use_shared_block_router": 0,
  "p23_linear_moe_experts": 0,
  "p23_linear_moe_topk": 0,
  "p23_quantile_route": 0,
  "remix_shared_context_gates": 0,
  "p24_use_sliced_weight": 0,
  "p24_sliced_weight_reduction_scale": 8,
  "p24_sliced_weight_min_select": 128,
  "p24_sliced_weight_scope": "per_token",
  "p24_sliced_weight_balance_coeff": 0.01,
  "p24_quantile_route": 0,
  "p24_use_folded_mod": 0,
  "p24_folded_mod_reduction_scale": 8,
  "p24_folded_mod_min_dim": 128,
  "p24_folded_mod_scope": "per_layer",
  "p24_folded_mod_gate_act": "tanh_centered",
  "p24_use_sequence_gated_linear": 0,
  "p24_sequence_gated_scope": "per_layer",
  "p24_sequence_gated_act": "tanh_centered",
  "remix_disable_ln_basis": 0,
  "dense_intermediate_ln": 0,
  "use_mol": false,
  "mol_n_blocks": 5,
  "mol_n_shared": 1,
  "mol_topk": 3,
  "mol_thin_dim": 256,
  "mol_head_dim": 64,
  "mol_ffn_mult": 4.0,
  "mol_router_aux": 0.05,
  "mol_routed_attn": "softmax",
  "mol_dispatch": 1,
  "mol_capacity_factor": 1.0,
  "mol_block_lr_scale": 1.0,
  "mol_per_block_ve": 0,
  "use_mst": false,
  "mst_n_subs": 8,
  "mst_sub_dim": 64,
  "mst_head_dim": 0,
  "mst_input_mode": "fixed_slice",
  "mst_rotated_slice_learned": false,
  "mst_routing_mode": "soft_weighted",
  "mst_routing_topk": 4,
  "mst_routing_aux_weight": 0.01,
  "mst_diversity_weight": 0.0,
  "mst_ffn_mode": "standard",
  "mst_transition_mode": "parallel",
  "mst_final_mode": "aggregate_proj",
  "mst_final_topk": -1,
  "mst_ffn_shared_up": 0,
  "mst_ffn_inner_dim": 0,
  "mst_sub_dropout": 0.0,
  "mst_transition_every": 1,
  "mst_ffa_temperature": 1.0,
  "mst_global_residual": 0,
  "mst_hybrid_dense": 0,
  "mst_cross_sub_kv": 0,
  "mst_sub_aux_weight": 0.0,
  "mst_progressive_merge": 0,
  "mst_multi_scale_windows": 0,
  "mst_delta_residual": 0,
  "mst_sub_layers": 1,
  "mst_grad_equalize": 0,
  "mst_block_diagonal_muon": 0,
  "mst_transition_width_mult": 1.0,
  "mst_sub_lr_scale": 1.0,
  "mst_shared_expert": 0,
  "mst_router_entropy_weight": 0.0,
  "mst_shared_kv_attn": 0,
  "mst_contrastive_diversity_weight": 0.0,
  "mst_transition_nonlinear": 0,
  "mst_transition_gated": 0,
  "mst_transition_mlp": 0,
  "mst_cross_sub_gate": 0,
  "mst_hyper_connect": 0,
  "mst_cross_kv_inject": 0,
  "mst_slice_transition": 0,
  "mst_lookback_layers": 0,
  "mst_bilinear_transition": 0,
  "mst_cross_sub_qmod": 0,
  "mst_feature_cycle": 0,
  "mst_mean_transition": 0,
  "mst_sub_head_dim": 0,
  "mst_final_norm": 0,
  "mst_per_stream_ve": 0,
  "mst_ve_map": 0,
  "mst_ve_map_rank": 0,
  "mst_lm_head_dim": 0,
  "mst_compose_windows": 0,
  "mst_channel_mix": "none",
  "mst_channel_mix_site": "layer",
  "mst_distribute_block_muon": 0,
  "mst_trans_spectral_lr": 0,
  "mst_talking_heads": 0,
  "mst_wo_mode": "block",
  "mst_stream_topk": 0,
  "mst_stream_shared": 0,
  "mst_stream_router_aux": 0.01,
  "mst_stream_router_noise": 0.0,
  "mst_stream_dispatch": 0,
  "mst_stream_capacity_factor": 1.0,
  "mst_stream_gate_attn": 0,
  "mst_ffn_monarch": "none",
  "mst_shampoo": 0,
  "mst_precond_every": 10,
  "mst_shampoo_beta": 0.95,
  "use_eet": false,
  "eet_frozen_kv": true,
  "eet_reenter_final": false,
  "eet_router_type": "mlp2",
  "eet_router_hidden": 0,
  "eet_freq_prior_alpha": 0.0,
  "eet_pos_prior_beta": 0.0,
  "eet_domain_prior": false,
  "eet_warmup_frac": 0.02,
  "eet_explore_frac": 0.15,
  "eet_reconstruct_lambda": 1.0,
  "eet_efficiency_lambda_start": 0.01,
  "eet_efficiency_lambda_end": 0.1,
  "eet_translator_rank": 0,
  "eet_max_frozen_kv_frac": 0.75,
  "eet_exit_threshold": 0.5,
  "eet_min_exit_layer": 1,
  "eet_loss_variant": "reconstruct",
  "eet_topk_vocab": 512,
  "eet_entropy_lambda": 0.3,
  "eet_surprise_lambda": 0.1,
  "eet_adv_lambda": 1.0,
  "eet_adv_entropy_lambda": 0.2,
  "eet_quality_lambda": 1.0,
  "eet_quality_entropy_bonus": 0.1,
  "eet_gumbel_temp_start": 0.0,
  "eet_gumbel_temp_end": 0.1,
  "eet_gumbel_hard": true,
  "eet_commitment_beta": 0.1,
  "eet_global_router": false,
  "eet_freq_efficiency_alpha": 0.0,
  "eet_diversity_lambda": 0.0,
  "eet_ce_guided_lambda": 1.0,
  "eet_router_lr_mult": 5.0,
  "eet_model_lr_mult": 1.0,
  "eet_depth_weight_type": "none",
  "eet_depth_weight_max": 2.5,
  "eet_use_override": 0,
  "eet_override_prob_start": 0.5,
  "eet_override_prob_end": 0.1,
  "eet_compute_skip": false,
  "eet_target_active_frac": 0.125,
  "eet_capacity_schedule": "bell",
  "eet_exit_fracs": null,
  "eet_capacity_alignment_lambda": 0.0,
  "eet_router_task_grad": true,
  "eet_reinforce_interval": 0,
  "eet_reinforce_lambda": 0.1,
  "eet_exit_adapter_rank": 0,
  "eet_router_after_block": 0,
  "eet_ffn_skip": false,
  "eet_ffn_target_frac": 0.5,
  "eet_ffn_full_attn": true,
  "eet_depth_affine": false,
  "eet_capacity_anneal_frac": 0.0,
  "eet_learned_schedule": false,
  "eet_departure_summary": false,
  "eet_route_consistency_lambda": 0.0,
  "eet_dense_distill_interval": 0,
  "eet_dense_distill_lambda": 0.5,
  "eet_depth_lr_scale": false,
  "eet_depth_grad_scale": false,
  "eet_detach_aux_from_backbone": false,
  "eet_detach_exit_from_backbone": false,
  "use_code_head": true,
  "sch_head_type": "monarch",
  "sch_bits": 0,
  "sch_order": 2,
  "sch_max_m": 1024,
  "sch_phi_mode": "monomial",
  "sch_code_mode": "binary",
  "sch_code_path": "",
  "sch_code_ecc_bits": 0,
  "sch_code_seed": 1234,
  "sch_phi_density": 0.0,
  "sch_phi_dtype": "fp32",
  "sch_phi_normalize": 1,
  "sch_phi_center": 0,
  "sch_g_type": "linear",
  "sch_g_hidden": 0,
  "sch_g_layers": 2,
  "sch_g_out_std": 0.001,
  "sch_mixture": 1,
  "sch_residual_rank": 0,
  "sch_logit_act": "none",
  "sch_bias": 1,
  "sch_input_mode": "table",
  "sch_input_hidden": 0,
  "sch_product_groups": 8,
  "sch_product_codebook": 256,
  "sch_product_source": "hash",
  "sch_product_impl": "dense",
  "sch_phi_whiten": 0,
  "sch_mixture_per_phi": 0,
  "sch_mixture_topk": 0,
  "sch_mixture_aux": 0.01,
  "sch_monarch_m1": 0
}
Seeded weight init with --seed 1
Checkpoints directory: /__modal/volumes/vo-bQhldLiDvEWGzP8qdXUlGO/out/c08_vocab131k/d4/MON_M1024_s1/depth_4/ckpt_base/base
✓ Wrapping model with DistributedDataParallel (rank 0, find_unused_parameters=False, broadcast_buffers=False)
Parameter counts:
wte                     : 33,554,432
wpe                     : 0
value_embeds            : 67,108,864
lm_head                 : 4,587,520
transformer_matrices    : 3,145,856
research                : 0
scalars                 : 8
total                   : 108,396,680
Estimated FLOPs per token (total):  5.452672e+07
Estimated FLOPs per token (active): 5.452672e+07
Estimated active params:            108,396,680
[SCH] head=monarch V=131072, M=1024, m1=32, m2=32, block_out=4096, rank_ceiling=257 | head params 4,587,520 | head FLOPs/token 27,000,832 | dense equivalent 201,326,592
Scaling LRs by 0.7071 for batch size 262,144 (reference: 524,288)
Scaling weight decay from 0.200000 to 0.054045 for depth 4
Scaling the LR for the AdamW parameters ∝1/√(256/768) = 1.732051
Calculated number of iterations from target data:param ratio: 1,470
Total number of training tokens: 385,351,680
Tokens : Scaling params ratio: 49.83
Total training FLOPs estimate: 2.101196e+16
Total training FLOPs (active):  2.101196e+16
Total active training FLOPs estimate: 2.101196e+16
Using base scheduler: linear warmup/flat/linear warmdown
Tokens / micro-batch / rank: 32 x 2048 = 65,536
Tokens / micro-batch: 65,536
Total batch size 262,144 => gradient accumulation steps: 4
Running pre-compilation warmup (1 dummy forward+backward to init lazy allocations)...
[rank0]:W0904 20:46:39.936000 29606 site-packages/torch/_logging/_internal.py:1199] [0/0] Profiler function <class 'torch.autograd.profiler.record_function'> will be ignored
Warmup complete. Steady-state VRAM: 1.3 GB allocated
step 00000/01470 (0.00%) | loss: 11.779165 | lrm: 0.14 | lr(adamw:7.872e-02, muon:2.020e-03) | dt: 390.02ms | tok/sec: 672,123 | bf16_mfu: 3.71 | epoch: 1 pq: 0 rg: 1 | total time: 0.00m
2026-09-04 20:47:59,956 - nanochat.checkpoint_manager - INFO - Saved model parameters to: /__modal/volumes/vo-bQhldLiDvEWGzP8qdXUlGO/out/c08_vocab131k/d4/MON_M1024_s1/depth_4/ckpt_base/base/model_000200.pt
2026-09-04 20:47:59,966 - nanochat.checkpoint_manager - INFO - Saved metadata to: /__modal/volumes/vo-bQhldLiDvEWGzP8qdXUlGO/out/c08_vocab131k/d4/MON_M1024_s1/depth_4/ckpt_base/base/meta_000200.json
2026-09-04 20:48:01,249 - nanochat.checkpoint_manager - INFO - Saved optimizer state to: /__modal/volumes/vo-bQhldLiDvEWGzP8qdXUlGO/out/c08_vocab131k/d4/MON_M1024_s1/depth_4/ckpt_base/base/optim_000200_rank0.pt
step 00200/01470 (13.61%) | loss: 4.927191 | lrm: 1.00 | lr(adamw:5.510e-01, muon:1.414e-02) | dt: 290.29ms | tok/sec: 903,056 | bf16_mfu: 4.98 | epoch: 1 pq: 1 rg: 21 | total time: 0.94m | eta: 6.3m
2026-09-04 20:49:01,658 - nanochat.checkpoint_manager - INFO - Saved model parameters to: /__modal/volumes/vo-bQhldLiDvEWGzP8qdXUlGO/out/c08_vocab131k/d4/MON_M1024_s1/depth_4/ckpt_base/base/model_000400.pt
2026-09-04 20:49:01,667 - nanochat.checkpoint_manager - INFO - Saved metadata to: /__modal/volumes/vo-bQhldLiDvEWGzP8qdXUlGO/out/c08_vocab131k/d4/MON_M1024_s1/depth_4/ckpt_base/base/meta_000400.json
2026-09-04 20:49:02,911 - nanochat.checkpoint_manager - INFO - Saved optimizer state to: /__modal/volumes/vo-bQhldLiDvEWGzP8qdXUlGO/out/c08_vocab131k/d4/MON_M1024_s1/depth_4/ckpt_base/base/optim_000400_rank0.pt
Removed previous periodic checkpoint at step 000200
step 00400/01470 (27.21%) | loss: 4.488810 | lrm: 1.00 | lr(adamw:5.510e-01, muon:1.414e-02) | dt: 292.34ms | tok/sec: 896,707 | bf16_mfu: 4.94 | epoch: 1 pq: 2 rg: 39 | total time: 1.93m | eta: 5.3m
2026-09-04 20:50:04,185 - nanochat.checkpoint_manager - INFO - Saved model parameters to: /__modal/volumes/vo-bQhldLiDvEWGzP8qdXUlGO/out/c08_vocab131k/d4/MON_M1024_s1/depth_4/ckpt_base/base/model_000600.pt
2026-09-04 20:50:04,194 - nanochat.checkpoint_manager - INFO - Saved metadata to: /__modal/volumes/vo-bQhldLiDvEWGzP8qdXUlGO/out/c08_vocab131k/d4/MON_M1024_s1/depth_4/ckpt_base/base/meta_000600.json
2026-09-04 20:50:05,458 - nanochat.checkpoint_manager - INFO - Saved optimizer state to: /__modal/volumes/vo-bQhldLiDvEWGzP8qdXUlGO/out/c08_vocab131k/d4/MON_M1024_s1/depth_4/ckpt_base/base/optim_000600_rank0.pt
Removed previous periodic checkpoint at step 000400
step 00600/01470 (40.82%) | loss: 4.337709 | lrm: 0.91 | lr(adamw:5.040e-01, muon:1.293e-02) | dt: 296.16ms | tok/sec: 885,128 | bf16_mfu: 4.88 | epoch: 1 pq: 3 rg: 58 | total time: 2.94m | eta: 4.3m
2026-09-04 20:51:07,667 - nanochat.checkpoint_manager - INFO - Saved model parameters to: /__modal/volumes/vo-bQhldLiDvEWGzP8qdXUlGO/out/c08_vocab131k/d4/MON_M1024_s1/depth_4/ckpt_base/base/model_000800.pt
2026-09-04 20:51:07,674 - nanochat.checkpoint_manager - INFO - Saved metadata to: /__modal/volumes/vo-bQhldLiDvEWGzP8qdXUlGO/out/c08_vocab131k/d4/MON_M1024_s1/depth_4/ckpt_base/base/meta_000800.json
2026-09-04 20:51:08,921 - nanochat.checkpoint_manager - INFO - Saved optimizer state to: /__modal/volumes/vo-bQhldLiDvEWGzP8qdXUlGO/out/c08_vocab131k/d4/MON_M1024_s1/depth_4/ckpt_base/base/optim_000800_rank0.pt
Removed previous periodic checkpoint at step 000600
step 00800/01470 (54.42%) | loss: 4.275965 | lrm: 0.72 | lr(adamw:3.944e-01, muon:1.012e-02) | dt: 299.58ms | tok/sec: 875,024 | bf16_mfu: 4.82 | epoch: 1 pq: 4 rg: 78 | total time: 3.97m | eta: 3.4m
2026-09-04 20:52:12,122 - nanochat.checkpoint_manager - INFO - Saved model parameters to: /__modal/volumes/vo-bQhldLiDvEWGzP8qdXUlGO/out/c08_vocab131k/d4/MON_M1024_s1/depth_4/ckpt_base/base/model_001000.pt
2026-09-04 20:52:12,130 - nanochat.checkpoint_manager - INFO - Saved metadata to: /__modal/volumes/vo-bQhldLiDvEWGzP8qdXUlGO/out/c08_vocab131k/d4/MON_M1024_s1/depth_4/ckpt_base/base/meta_001000.json
2026-09-04 20:52:13,377 - nanochat.checkpoint_manager - INFO - Saved optimizer state to: /__modal/volumes/vo-bQhldLiDvEWGzP8qdXUlGO/out/c08_vocab131k/d4/MON_M1024_s1/depth_4/ckpt_base/base/optim_001000_rank0.pt
Removed previous periodic checkpoint at step 000800
step 01000/01470 (68.03%) | loss: 4.162712 | lrm: 0.52 | lr(adamw:2.849e-01, muon:7.312e-03) | dt: 306.35ms | tok/sec: 855,712 | bf16_mfu: 4.72 | epoch: 1 pq: 6 rg: 15 | total time: 5.01m | eta: 2.4m
2026-09-04 20:53:17,230 - nanochat.checkpoint_manager - INFO - Saved model parameters to: /__modal/volumes/vo-bQhldLiDvEWGzP8qdXUlGO/out/c08_vocab131k/d4/MON_M1024_s1/depth_4/ckpt_base/base/model_001200.pt
2026-09-04 20:53:17,238 - nanochat.checkpoint_manager - INFO - Saved metadata to: /__modal/volumes/vo-bQhldLiDvEWGzP8qdXUlGO/out/c08_vocab131k/d4/MON_M1024_s1/depth_4/ckpt_base/base/meta_001200.json
2026-09-04 20:53:18,493 - nanochat.checkpoint_manager - INFO - Saved optimizer state to: /__modal/volumes/vo-bQhldLiDvEWGzP8qdXUlGO/out/c08_vocab131k/d4/MON_M1024_s1/depth_4/ckpt_base/base/optim_001200_rank0.pt
Removed previous periodic checkpoint at step 001000
step 01200/01470 (81.63%) | loss: 4.083342 | lrm: 0.32 | lr(adamw:1.754e-01, muon:4.502e-03) | dt: 306.20ms | tok/sec: 856,131 | bf16_mfu: 4.72 | epoch: 1 pq: 7 rg: 34 | total time: 6.06m | eta: 1.4m
2026-09-04 20:54:22,762 - nanochat.checkpoint_manager - INFO - Saved model parameters to: /__modal/volumes/vo-bQhldLiDvEWGzP8qdXUlGO/out/c08_vocab131k/d4/MON_M1024_s1/depth_4/ckpt_base/base/model_001400.pt
2026-09-04 20:54:22,771 - nanochat.checkpoint_manager - INFO - Saved metadata to: /__modal/volumes/vo-bQhldLiDvEWGzP8qdXUlGO/out/c08_vocab131k/d4/MON_M1024_s1/depth_4/ckpt_base/base/meta_001400.json
2026-09-04 20:54:24,009 - nanochat.checkpoint_manager - INFO - Saved optimizer state to: /__modal/volumes/vo-bQhldLiDvEWGzP8qdXUlGO/out/c08_vocab131k/d4/MON_M1024_s1/depth_4/ckpt_base/base/optim_001400_rank0.pt
Removed previous periodic checkpoint at step 001200
step 01400/01470 (95.24%) | loss: 4.054723 | lrm: 0.12 | lr(adamw:6.588e-02, muon:1.691e-03) | dt: 307.27ms | tok/sec: 853,132 | bf16_mfu: 4.70 | epoch: 1 pq: 8 rg: 54 | total time: 7.12m | eta: 0.4m
step 01469/01470 (99.93%) | loss: 4.064868 | lrm: 0.05 | lr(adamw:2.810e-02, muon:7.212e-04) | dt: 318.88ms | tok/sec: 822,086 | bf16_mfu: 4.53 | epoch: 1 pq: 9 rg: 7 | total time: 7.49m | eta: 0.0m
Step 01470 | Validation bpb: 1.160772 | val_loss: 4.038999
<|bos|>The capital of France is the capital of France. The capital of France is the capital of France. The
<|bos|>The chemical symbol of gold is a symbol of the world's largest carbon atom. The gold atom is a symbol
<|bos|>If yesterday was Friday, then tomorrow will be the day to get the best time to get the best time to get the best
<|bos|>The opposite of hot is the cold. The cold is the most important of the cold. The cold is
<|bos|>The planets of the solar system are: the planets of the solar system are: the planets of the solar system are:
<|bos|>My favorite color is the "black" color. It is a light color, and it is a
<|bos|>If 5*x + 3 = 13, then x is the 3.5.5.5.5.5.5.
2026-09-04 20:55:35,703 - nanochat.checkpoint_manager - INFO - Saved model parameters to: /__modal/volumes/vo-bQhldLiDvEWGzP8qdXUlGO/out/c08_vocab131k/d4/MON_M1024_s1/depth_4/ckpt_base/base/model_001470.pt
2026-09-04 20:55:35,710 - nanochat.checkpoint_manager - INFO - Saved metadata to: /__modal/volumes/vo-bQhldLiDvEWGzP8qdXUlGO/out/c08_vocab131k/d4/MON_M1024_s1/depth_4/ckpt_base/base/meta_001470.json
2026-09-04 20:55:36,966 - nanochat.checkpoint_manager - INFO - Saved optimizer state to: /__modal/volumes/vo-bQhldLiDvEWGzP8qdXUlGO/out/c08_vocab131k/d4/MON_M1024_s1/depth_4/ckpt_base/base/optim_001470_rank0.pt
step 01470/01470 (final) | loss: 4.064868 | early_stop: 0
Peak memory usage: 70094.06MiB
Total training time: 7.49m
Minimum validation bpb: 1.160772
Minimum validation loss (nats/byte): 4.038999
[SCH] run_tag=base  phi_width_M=1024  rank_ceiling=257  rank_effective_rank=408  val_bpb=1.1608  bpb_tail_minus_head=0.6070
Final Validation BPB for base: 1.1608

--- Generating Report ---
Saved plot to out/c08_vocab131k/d4/MON_M1024_s1/depth_4/comparison_depth_4.png
Saved TSV data to out/c08_vocab131k/d4/MON_M1024_s1/depth_4/results_depth_4.tsv
Generating report to out/report/report.md
Copying report.md to current directory for convenience
================================================================
Sweep Complete! Results saved to out/c08_vocab131k/d4/MON_M1024_s1
================================================================
OK    MON_M1024_s1

============================================================
  C08 complete.

    python -m scripts.sweep_report out/c08_vocab131k/d<DEPTH>

  THE ONE NUMBER: gap = bpb_MON - bpb_dense at depth 8.
    V=32768  depth 8, head share 35.2%:  +0.0788  (already known)
    V=131072 depth 8, head share 68.4%:  this run

    below +0.0788  the gap IMPROVED with vocabulary. Unexpected, and the
                   strongest possible result. Go to depth 12 and 16.
    near  +0.0788  V-invariant. Monarch wins the Pareto read at depth 8
                   and 12; re-check 16.
    near  +0.0958  tracks head share, as c07 suggested. Wins at depth 8,
                   loses at 12. The viable window is one rung wide.
    above +0.1478  BREAK-EVEN EXCEEDED. Monarch is above the dense curve
                   even in its most favourable regime. That ends it, and
                   the reason is the mechanism neither model captured:
                   4x the tokens sharing one d x M map, with per-token
                   capacity m1=32 against d unchanged by V.

  The break-even figure uses the dense slope measured at V=32768. Run
  depth 4 as well to get the real V=131072 slope before quoting it.
============================================================


============================================================
  C08: V=131072 benchmark, depth 8, d=512, M=1024
  tokenizer tokenizer_131k
  TARGET TOKENS: 968884224   (pinned from the dense arm)
  out out/c08_vocab131k
============================================================

--- BASE_dense_s1  (depth 8, V=131072) ---
Requested NPROC_PER_NODE=8, but only 1 GPU(s) visible. Capping.
Using NPROC_PER_NODE=1
NANOCHAT_SKIP_ENV_SETUP=0
===== GPU Info =====
Fri Sep  4 19:28:35 2026       
+-----------------------------------------------------------------------------------------+
| NVIDIA-SMI 580.95.05              Driver Version: 580.95.05      CUDA Version: 13.0     |
+-----------------------------------------+------------------------+----------------------+
| GPU  Name                 Persistence-M | Bus-Id          Disp.A | Volatile Uncorr. ECC |
| Fan  Temp   Perf          Pwr:Usage/Cap |           Memory-Usage | GPU-Util  Compute M. |
|                                         |                        |               MIG M. |
|=========================================+========================+======================|
|   0  NVIDIA H200                    On  |   00000000:96:00.0 Off |                    0 |
| N/A   32C    P0             77W /  700W |       4MiB / 143771MiB |      0%      Default |
|                                         |                        |             Disabled |
+-----------------------------------------+------------------------+----------------------+

+-----------------------------------------------------------------------------------------+
| Processes:                                                                              |
|  GPU   GI   CI              PID   Type   Process name                        GPU Memory |
|        ID   ID                                                               Usage      |
|=========================================================================================|
|  No running processes found                                                             |
+-----------------------------------------------------------------------------------------+
Starting Research Sweep. Output directory: out/c08_vocab131k/d8/BASE_dense_s1
UV_SYSTEM_PYTHON=1: using system Python, skipping venv creation.
Validating system environment dependencies via uv...
Using Python 3.12.10 environment at: /usr/local
Resolved 159 packages in 488ms
   Building nanochat @ file:///__modal/volumes/vo-YghGtH0KLHCwgaLsbe3KX9
      Built nanochat @ file:///__modal/volumes/vo-YghGtH0KLHCwgaLsbe3KX9
Prepared 1 package in 983ms
Uninstalled 1 package in 1ms
Installed 1 package in 0.57ms
 - nanochat==0.1.0 (from file:///root)
 + nanochat==0.1.0 (from file:///__modal/volumes/vo-YghGtH0KLHCwgaLsbe3KX9)
Reset report and wrote header to out/report/header.md
Dataset (up to 300 shards) already exists in data, skipping download.
Tokenizer already exists in tokenizer_131k, skipping training.
================================================================
Processing Depth: 8
================================================================
2026-09-04 19:28:45,195 - httpx - INFO - HTTP Request: HEAD https://huggingface.co/varunneal/flash-attention-3/resolve/main/kernel-status.toml "HTTP/1.1 404 Not Found"
2026-09-04 19:28:45,327 - httpx - INFO - HTTP Request: GET https://huggingface.co/api/models/varunneal/flash-attention-3/tree/main/build?recursive=false&expand=false "HTTP/1.1 200 OK"
2026-09-04 19:28:45,493 - httpx - INFO - HTTP Request: GET https://huggingface.co/api/models/varunneal/flash-attention-3/revision/main "HTTP/1.1 200 OK"
[sweep] Requested 8 DDP workers but only 1 GPU(s) available — using 1.
================================================================
Starting Sweep for Depth 8
Target Tokens: 968,884,224
================================================================
  Overriding default target_dim (128) with full model_dim 512

--- Training base ---

  ┌─────────────────────────────────────────────────────┐
  │  🆕  STARTING FRESH: [base]
  │     No checkpoints found — training from scratch.
  └─────────────────────────────────────────────────────┘

Running: /usr/local/bin/torchrun --standalone --nproc_per_node=1 -m scripts.base_train --depth 8 --aspect-ratio 64 --head-dim 128 --model-dim 512 --max-seq-len 2048 --device-batch-size 64 --total-batch-size 262144 --target-tokens 968884224 --eval-every -1 --log-every 200 --core-metric-every 0 --save-every 200 --warmup-ratio 0.005 --warmdown-ratio 0.65 --final-lr-frac 0.05 --adam-beta2 0.99 --research-warmup-ratio 0.05 --use-onecycle 0 --router-context-window -1 --remix-use-basis-gate 1 --remix-use-output-gate 1 --remix-use-context 1 --remix-basis-gate-mode mlp --remix-gate-lr-scale 0.3 --p22-n-templates 1 --p22-template-routing-learned 0 --p22-template-topk 0 --p22-attn-moe-route none --p26-output-gated-linear 0 --p28-shared-basis 0 --p28-chunk-routing-size 0 --p28-global-template-bank none --p28-attn-proj-templates 0 --p28-attn-qk-templates 0 --p31-chunk-route-impl compose --p31-top1-gate ones --p31-template-delta-rank 0 --p31-route-side output --p31-drop-basis-proj 0 --p31-basis-side-templates 0 --remix-template-block-diag 0 --remix-template-lr-scale 1.0 --p29-grad-equalize 0 --target-active-params 0 --compile-regional 0 --timing-probe-steps 0 --compile-mode default --remix-basis-gate-rank 8 --cclblock-modulation weight --cclblock-orth-lambda 0.0 --p35-template-diversity-lambda 0.0 --cclblock-context-stream local --cclblock-ema-factor 0.99 --cclblock-stale-ctx-lag 0 --cclblock-sparse-gate-k 0 --cclblock-gate-temperature 1.0 --cclblock-context-bank-size 0 --cclblock-per-head-ctx 0 --cclblock-context-source norm_x --cclblock-chunk-size 0 --cclblock-aux-objective none --cclblock-aux-lambda 0.1 --cclblock-boundary-token-id 198 --use-ral 0 --ral-rank 32 --p34-ffn-schedule  --p34-ffn-no-ffn-replacement none --p34-ffn-last-depth 1 --p36-swiglu-ffn 0 --p36-swiglu-mult 2.6666666666666665 --cond-sites both --p22-route-affine 0 --cond-rank 256 --cond-mult-steps 0 --cond-gate-source router --cond-coeff-act centered --cond-router-rank 0 --cond-router-act none --cond-live-init 0.0 --cond-chunk-size 0 --cond-mult-scale -1.0 --cond-mult-impl wy --cond-attn-projs qkvo --cond-layer-frac 1.0 --cclblock-film-gate 0 --cclblock-attn-shadow-dim 0 --cclblock-dynamic-ratio 0.25 --cclblock-gate-rank 8 --cclblock-num-regimes 8 --cclblock-regime-temperature 1.0 --cclblock-poly-order 2 --cclblock-lie-generators 4 --cclblock-grassmann-bank-size 4 --cclblock-tucker-rank 32 --cclblock-tucker-modes 8 --cclblock-svs-rank 64 --cclblock-svs-eps 0.1 --cclblock-vq-codes 8 --cclblock-vq-temperature 1.0 --cclblock-dcu-warmup-steps 0 --cclblock-fsi-rotations 8 --cclblock-fsi-selector-dim 64 --cclblock-aesp-strata 4 --cclblock-aesp-delta-rank 4 --cclblock-ckr-branches 4 --cclblock-ckr-kernel-size 64 --cclblock-ckr-pos-channels 1 --cclblock-ckr-dual-optim 0 --cclblock-ckr-content-bias 0.0 --cclblock-giad-rank 32 --cclblock-psg-kernel-size 64 --cclblock-ss-dynamic-ratio 0.25 --cclblock-ss-branches 2 --cclblock-ss-kernel-size 64 --cclblock-lokr-branches 8 --cclblock-lokr-rank 16 --cclblock-ckr-temp-start 2.0 --cclblock-ckr-temp-end 0.3 --cclblock-com-kernel-size 32 --cclblock-ckr-ortho-init 0 --cclblock-ckr-branch-dropout 0.0 --cclblock-ckr-diversity-lambda 0.0 --cclblock-pgr-kernel-size 64 --cclblock-cil-kernel-size 64 --cclblock-prb-kernel-size 64 --p18-layer-drop 0.0 --p18-dynamic-activation 0 --p18-mixture-norm 0 --p18-aux-sim-lambda 0.0 --p18-gradient-penalty 0.0 --p18-per-channel-scale 0 --p19-residual-gate 0 --p19-head-importance 0 --p19-residual-mix-groups 0 --p19-attn-logit-bias 0 --p19-residual-decay 0 --p19-grad-equilibrium 0.0 --p19-spectral-reparam 0 --p19-weight-anticollapse 0.0 --p19-ve-bias 0 --p19-weight-noise 0.0 --p20-hrcs-scale 0 --p20-lswr-scale 0 --p20-lswr-planes 8 --p20-lrcfb-branches 0 --p20-lrcfb-narrow 0 --p20-lrcfb-learned 0 --p20-lrcfb-topk 0 --p20-dgcr-branches 0 --p20-dgcr-aux-weight 0.01 --p20-mone-experts 0 --p20-mone-topk 0 --p20-mone-narrow 1 --p20-mone-frozen 0 --p20-ncea-branches 0 --p20-ncea-eps 0.1 --p20-adwi 0 --p20-pwu-branches 0 --p20-pwu-phase 1 --p20-fsvd-gate 0 --p20-wbfc-clusters 0 --p20-wbfc-active 0 --p21-per-experts 0 --p21-per-topk 0 --p21-per-learned 0 --p21-per-attn 0 --p23-tiny-expert 0 --p23-n-experts 64 --p23-topk 16 --p23-learned-route 0 --p23-std-moe-experts 0 --p23-std-moe-topk -1 --p23-std-moe-aux-weight 0.01 --p23-lokr 0 --p23-lokr-rank 4 --p23-use-shared-block-router 0 --p23-linear-moe-experts 0 --p23-linear-moe-topk 0 --p23-quantile-route 0 --seed 1 --p34-ffn-mult 4.0 --p34-ffn-single 0 --p34-dense-attn 0 --p24-use-sliced-weight 0 --p24-sliced-weight-reduction-scale 8 --p24-sliced-weight-min-select 128 --p24-sliced-weight-scope per_token --p24-sliced-weight-balance-coeff 0.01 --p24-quantile-route 0 --p24-use-folded-mod 0 --p24-folded-mod-reduction-scale 8 --p24-folded-mod-scope per_layer --p24-folded-mod-gate-act tanh_centered --p24-use-sequence-gated-linear 0 --p24-sequence-gated-scope per_layer --p24-sequence-gated-act tanh_centered --p24-folded-mod-min-dim 128 --remix-shared-context-gates 0 --remix-use-dual-gate 0 --remix-basis-scale-factor 4 --remix-output-gate-rank 16 --p24-use-sliced-weight 0 --p24-sliced-weight-reduction-scale 8 --p24-sliced-weight-min-select 128 --p24-sliced-weight-scope per_token --p24-sliced-weight-balance-coeff 0.01 --p24-quantile-route 0 --p24-use-folded-mod 0 --p24-folded-mod-reduction-scale 8 --p24-folded-mod-scope per_layer --p24-folded-mod-gate-act tanh_centered --p24-use-sequence-gated-linear 0 --p24-sequence-gated-scope per_layer --p24-sequence-gated-act tanh_centered --remix-disable-ln-basis 0 --dense-intermediate-ln 0 --use-mol 0 --mol-n-blocks 5 --mol-n-shared 1 --mol-topk 3 --mol-thin-dim 256 --mol-head-dim 64 --mol-ffn-mult 4.0 --mol-router-aux 0.05 --mol-routed-attn softmax --mol-dispatch 1 --mol-capacity-factor 1.0 --mol-block-lr-scale 1.0 --mol-per-block-ve 0 --use-mst 0 --mst-n-subs 8 --mst-sub-dim 64 --mst-head-dim 0 --mst-input-mode fixed_slice --mst-rotated-slice-learned 0 --mst-routing-mode soft_weighted --mst-routing-topk 4 --mst-routing-aux-weight 0.01 --mst-diversity-weight 0.0 --mst-ffn-mode standard --mst-transition-mode parallel --mst-final-mode aggregate_proj --mst-final-topk -1 --mst-ffn-shared-up 0 --mst-ffn-inner-dim 0 --mst-sub-dropout 0.0 --mst-transition-every 1 --mst-ffa-temperature 1.0 --mst-global-residual 0 --mst-hybrid-dense 0 --mst-cross-sub-kv 0 --mst-sub-aux-weight 0.0 --mst-progressive-merge 0 --mst-multi-scale-windows 0 --mst-delta-residual 0 --mst-sub-layers 1 --mst-grad-equalize 0 --mst-block-diagonal-muon 0 --mst-transition-width-mult 1.0 --mst-sub-lr-scale 1.0 --mst-shared-expert 0 --mst-router-entropy-weight 0.0 --mst-shared-kv-attn 0 --mst-contrastive-diversity-weight 0.0 --mst-transition-nonlinear 0 --mst-transition-gated 0 --mst-transition-mlp 0 --mst-cross-sub-gate 0 --mst-hyper-connect 0 --mst-cross-kv-inject 0 --mst-slice-transition 0 --mst-lookback-layers 0 --mst-bilinear-transition 0 --mst-cross-sub-qmod 0 --mst-feature-cycle 0 --mst-mean-transition 0 --mst-sub-head-dim 0 --mst-final-norm 0 --mst-per-stream-ve 0 --mst-ve-map 0 --mst-ve-map-rank 0 --mst-lm-head-dim 0 --mst-compose-windows 0 --mst-channel-mix none --mst-channel-mix-site layer --mst-distribute-block-muon 0 --mst-trans-spectral-lr 0 --mst-talking-heads 0 --mst-wo-mode block --mst-stream-topk 0 --mst-stream-shared 0 --mst-stream-router-aux 0.01 --mst-stream-router-noise 0.0 --mst-stream-dispatch 0 --mst-stream-capacity-factor 1.0 --mst-stream-gate-attn 0 --mst-ffn-monarch none --mst-shampoo 0 --mst-precond-every 10 --mst-shampoo-beta 0.95 --use-eet 0 --eet-frozen-kv 1 --eet-reenter-final 0 --eet-compute-skip 0 --eet-target-active-frac 0.125 --eet-capacity-schedule bell --eet-exit-fracs  --eet-router-type mlp2 --eet-router-hidden 0 --eet-freq-prior-alpha 0.0 --eet-pos-prior-beta 0.0 --eet-domain-prior 0 --eet-warmup-frac 0.02 --eet-explore-frac 0.15 --eet-reconstruct-lambda 1.0 --eet-efficiency-lambda-start 0.01 --eet-efficiency-lambda-end 0.1 --eet-translator-rank 0 --eet-max-frozen-kv-frac 0.75 --eet-exit-threshold 0.5 --eet-min-exit-layer 1 --eet-loss-variant reconstruct --eet-topk-vocab 512 --eet-entropy-lambda 0.3 --eet-surprise-lambda 0.1 --eet-adv-lambda 1.0 --eet-adv-entropy-lambda 0.2 --eet-quality-lambda 1.0 --eet-quality-entropy-bonus 0.1 --eet-gumbel-temp-start 0.0 --eet-gumbel-temp-end 0.1 --eet-gumbel-hard 1 --eet-commitment-beta 0.1 --eet-global-router 0 --eet-freq-efficiency-alpha 0.0 --eet-diversity-lambda 0.0 --eet-ce-guided-lambda 1.0 --eet-router-lr-mult 5.0 --eet-model-lr-mult 1.0 --eet-depth-weight-type none --eet-depth-weight-max 2.5 --eet-use-override 0 --eet-override-prob-start 0.5 --eet-override-prob-end 0.1 --eet-capacity-alignment-lambda 0.0 --eet-router-task-grad 1 --eet-reinforce-interval 0 --eet-reinforce-lambda 0.1 --eet-exit-adapter-rank 0 --eet-router-after-block 0 --eet-ffn-skip 0 --eet-ffn-target-frac 0.5 --eet-ffn-full-attn 1 --eet-depth-affine 0 --eet-capacity-anneal-frac 0.0 --eet-learned-schedule 0 --eet-departure-summary 0 --eet-route-consistency-lambda 0.0 --eet-dense-distill-interval 0 --eet-dense-distill-lambda 0.5 --eet-depth-lr-scale 0 --eet-depth-grad-scale 0 --eet-detach-aux-from-backbone 0 --eet-detach-exit-from-backbone 0 --use-code-head 0 --sch-head-type code --sch-bits 0 --sch-order 2 --sch-max-m 0 --sch-phi-mode monomial --sch-code-mode binary --sch-code-path  --sch-code-ecc-bits 0 --sch-code-seed 1234 --sch-phi-density 0.0 --sch-phi-dtype bf16 --sch-phi-normalize 1 --sch-phi-center 0 --sch-g-type linear --sch-g-hidden 0 --sch-g-layers 2 --sch-g-out-std 0.001 --sch-mixture 1 --sch-residual-rank 0 --sch-logit-act none --sch-bias 0 --sch-input-mode table --sch-input-hidden 0 --sch-product-groups 8 --sch-product-codebook 256 --sch-product-source hash --sch-product-impl dense --sch-phi-whiten 0 --sch-mixture-per-phi 0 --sch-mixture-topk 0 --sch-mixture-aux 0.01 --sch-monarch-m1 0 --sch-holdout-tokens 0 --sch-holdout-seed 7 --sch-holdout-min-id 256 --sch-holdout-mode target --sch-decile-metrics 1 --sch-rank-probe 16384 --sch-eval-steps 100 --compile --tokenizer-dir tokenizer_131k --data-dir data --max-shards 300 --checkpoints-dir /__modal/volumes/vo-YghGtH0KLHCwgaLsbe3KX9/out/c08_vocab131k/d8/BASE_dense_s1/depth_8/ckpt_base --model-tag base
2026-09-04 19:28:51,350 - httpx - INFO - HTTP Request: HEAD https://huggingface.co/varunneal/flash-attention-3/resolve/main/kernel-status.toml "HTTP/1.1 404 Not Found"
2026-09-04 19:28:51,487 - httpx - INFO - HTTP Request: GET https://huggingface.co/api/models/varunneal/flash-attention-3/tree/main/build?recursive=false&expand=false "HTTP/1.1 200 OK"
2026-09-04 19:28:51,637 - httpx - INFO - HTTP Request: GET https://huggingface.co/api/models/varunneal/flash-attention-3/revision/main "HTTP/1.1 200 OK"

                                                       █████                █████
                                                      ░░███                ░░███
     ████████    ██████   ████████    ██████   ██████  ░███████    ██████  ███████
    ░░███░░███  ░░░░░███ ░░███░░███  ███░░███ ███░░███ ░███░░███  ░░░░░███░░░███░
     ░███ ░███   ███████  ░███ ░███ ░███ ░███░███ ░░░  ░███ ░███   ███████  ░███
     ░███ ░███  ███░░███  ░███ ░███ ░███ ░███░███  ███ ░███ ░███  ███░░███  ░███ ███
     ████ █████░░████████ ████ █████░░██████ ░░██████  ████ █████░░███████  ░░█████
    ░░░░ ░░░░░  ░░░░░░░░ ░░░░ ░░░░░  ░░░░░░   ░░░░░░  ░░░░ ░░░░░  ░░░░░░░░   ░░░░░
    
Autodetected device type: cuda
2026-09-04 19:28:54,022 - nanochat.common - INFO - Distributed world size: 1
GPU: NVIDIA H200 | Peak FLOPS (BF16): 9.89e+14
COMPUTE_DTYPE: torch.bfloat16 (auto-detected: CUDA SM 90 (bf16 supported))
✓ Using Flash Attention 3 (Hopper GPU detected) — efficient and fast.
Vocab size: 131,072
Model config:
{
  "sequence_len": 2048,
  "vocab_size": 131072,
  "n_layer": 8,
  "n_head": 4,
  "n_kv_head": 4,
  "n_embd": 512,
  "use_moe": false,
  "use_perm": false,
  "moe_num_experts": 8,
  "moe_router_dim": 64,
  "moe_embed_dim": 64,
  "dropout": 0.0,
  "use_remix_linear": false,
  "remix_context_dim": 64,
  "remix_context_dim_ratio": 6,
  "remix_basis_size": 64,
  "remix_output_gate_rank": 16,
  "remixed_linear_kwargs": {
    "use_basis_gate": true,
    "use_output_gate": true,
    "use_context": true,
    "basis_gate_mode": "mlp",
    "sparse_gate_k": 0,
    "gate_temperature": 1.0,
    "basis_scale_factor": 4,
    "n_templates": 1,
    "template_routing_learned": false,
    "template_topk": 0,
    "tiny_expert": false,
    "tiny_expert_topk": 16,
    "lokr_expert": false,
    "lokr_n_experts": 64,
    "lokr_topk": 16,
    "lokr_rank": 4,
    "lokr_learned": false,
    "basis_gate_rank": 8,
    "disable_ln_basis": false,
    "chunk_route_impl": "compose",
    "top1_gate": "ones",
    "template_delta_rank": 0,
    "route_side": "output",
    "drop_basis_proj": false,
    "basis_side_templates": 0,
    "grad_equalize": false,
    "output_gate_rank": 16,
    "operator_modulation": "none",
    "lie_generators": 4,
    "poly_order": 2,
    "grassmann_bank_size": 4
  },
  "use_pos_embed": false,
  "moe_use_abs_pos_embed": false,
  "use_layer_context": true,
  "scale_basis_size": true,
  "remix_use_dual_gate": false,
  "remix_use_fused": false,
  "p26_output_gated_linear": 0,
  "p28_shared_basis": 0,
  "p28_chunk_routing_size": 0,
  "p28_global_template_bank": "none",
  "p28_attn_proj_templates": 0,
  "p28_attn_qk_templates": 0,
  "p29_template_block_diag": 0,
  "p29_template_lr_scale": 1.0,
  "p29_grad_equalize": 0,
  "p34_ffn_mult": 4.0,
  "p34_ffn_single": 0,
  "p34_dense_attn": 0,
  "legacy_init_fallback": 0,
  "p35_template_diversity_lambda": 0.0,
  "p22_route_affine": 0,
  "p34_ffn_schedule": "",
  "p34_ffn_no_ffn_replacement": "none",
  "p34_ffn_last_depth": 1,
  "p36_swiglu_ffn": 0,
  "p36_swiglu_mult": 2.6666666666666665,
  "cond_sites": "both",
  "cond_rank": 256,
  "cond_mult_steps": 0,
  "cond_gate_source": "router",
  "cond_coeff_act": "centered",
  "cond_router_rank": 0,
  "cond_live_init": 0.0,
  "cond_router_act": "none",
  "cond_chunk_size": 0,
  "cond_mult_scale": -1.0,
  "cond_mult_impl": "wy",
  "cond_attn_projs": "qkvo",
  "cond_layer_frac": 1.0,
  "perm_expert_mode": "low_rank",
  "perm_rank": 16,
  "router_context_window": -1,
  "router_causal": true,
  "router_num_heads": 4,
  "router_num_queries": 16,
  "router_n_layers": 2,
  "router_use_vocab_prior": false,
  "window_pattern": "SSSL",
  "cclblock_modulation": "weight",
  "cclblock_orth_lambda": 0.0,
  "cclblock_context_stream": "local",
  "cclblock_ema_factor": 0.99,
  "cclblock_stale_ctx_lag": 0,
  "cclblock_sparse_gate_k": 0,
  "cclblock_gate_temperature": 1.0,
  "cclblock_context_bank_size": 0,
  "cclblock_per_head_ctx": false,
  "cclblock_context_source": "norm_x",
  "cclblock_chunk_size": 0,
  "cclblock_aux_objective": "none",
  "cclblock_aux_lambda": 0.1,
  "cclblock_boundary_token_id": 198,
  "use_ral": false,
  "ral_rank": 32,
  "cclblock_film_gate": false,
  "cclblock_attn_shadow_dim": 0,
  "cclblock_dynamic_ratio": 0.25,
  "cclblock_gate_rank": 8,
  "cclblock_num_regimes": 8,
  "cclblock_regime_temperature": 1.0,
  "cclblock_poly_order": 2,
  "cclblock_lie_generators": 4,
  "cclblock_grassmann_bank_size": 4,
  "cclblock_tucker_rank": 32,
  "cclblock_tucker_modes": 8,
  "cclblock_svs_rank": 64,
  "cclblock_svs_eps": 0.1,
  "cclblock_vq_codes": 8,
  "cclblock_vq_temperature": 1.0,
  "cclblock_dcu_warmup_steps": 0,
  "cclblock_fsi_rotations": 8,
  "cclblock_fsi_selector_dim": 64,
  "cclblock_aesp_strata": 4,
  "cclblock_aesp_delta_rank": 4,
  "cclblock_ckr_branches": 4,
  "cclblock_ckr_kernel_size": 64,
  "cclblock_ckr_pos_channels": 1,
  "cclblock_ckr_dual_optim": 0,
  "cclblock_ckr_content_bias": 0.0,
  "cclblock_giad_rank": 32,
  "cclblock_psg_kernel_size": 64,
  "cclblock_ss_dynamic_ratio": 0.25,
  "cclblock_ss_branches": 2,
  "cclblock_ss_kernel_size": 64,
  "cclblock_lokr_branches": 8,
  "cclblock_lokr_rank": 16,
  "cclblock_ckr_temp_start": 2.0,
  "cclblock_ckr_temp_end": 0.3,
  "cclblock_com_kernel_size": 32,
  "cclblock_ckr_ortho_init": 0,
  "cclblock_ckr_branch_dropout": 0.0,
  "cclblock_ckr_diversity_lambda": 0.0,
  "cclblock_ckr_layer_selective": 0,
  "cclblock_pgr_kernel_size": 64,
  "cclblock_cil_kernel_size": 64,
  "cclblock_prb_kernel_size": 64,
  "p18_layer_drop": 0.0,
  "p18_dynamic_activation": 0,
  "p18_mixture_norm": 0,
  "p18_causal_attn_bias": 0,
  "p18_aux_sim_lambda": 0.0,
  "p18_gradient_penalty": 0.0,
  "p18_per_channel_scale": 0,
  "p19_residual_gate": 0,
  "p19_head_importance": 0,
  "p19_residual_mix_groups": 0,
  "p19_attn_logit_bias": 0,
  "p19_residual_decay": 0,
  "p19_grad_equilibrium": 0.0,
  "p19_spectral_reparam": 0,
  "p19_weight_anticollapse": 0.0,
  "p19_ve_bias": 0,
  "p19_weight_noise": 0.0,
  "p20_hrcs_scale": 0,
  "p20_lswr_scale": 0,
  "p20_lswr_planes": 8,
  "p20_lrcfb_branches": 0,
  "p20_lrcfb_narrow": 0,
  "p20_lrcfb_learned": 0,
  "p20_lrcfb_topk": 0,
  "p20_dgcr_branches": 0,
  "p20_dgcr_aux_weight": 0.01,
  "p20_mone_experts": 0,
  "p20_mone_topk": 0,
  "p20_mone_narrow": 1,
  "p20_mone_frozen": 0,
  "p20_ncea_branches": 0,
  "p20_ncea_eps": 0.1,
  "p20_adwi": 0,
  "p20_pwu_branches": 0,
  "p20_pwu_phase": 1,
  "p20_fsvd_gate": 0,
  "p20_wbfc_clusters": 0,
  "p20_wbfc_active": 0,
  "p21_per_experts": 0,
  "p21_per_topk": 0,
  "p21_per_learned": 0,
  "p21_per_attn": 0,
  "p22_attn_moe_route": "none",
  "p23_tiny_expert": 0,
  "p23_n_experts": 64,
  "p23_topk": 16,
  "p23_learned_route": 0,
  "p23_std_moe_experts": 0,
  "p23_std_moe_topk": -1,
  "p23_std_moe_aux_weight": 0.01,
  "p23_lokr": 0,
  "p23_lokr_rank": 4,
  "p23_use_shared_block_router": 0,
  "p23_linear_moe_experts": 0,
  "p23_linear_moe_topk": 0,
  "p23_quantile_route": 0,
  "remix_shared_context_gates": 0,
  "p24_use_sliced_weight": 0,
  "p24_sliced_weight_reduction_scale": 8,
  "p24_sliced_weight_min_select": 128,
  "p24_sliced_weight_scope": "per_token",
  "p24_sliced_weight_balance_coeff": 0.01,
  "p24_quantile_route": 0,
  "p24_use_folded_mod": 0,
  "p24_folded_mod_reduction_scale": 8,
  "p24_folded_mod_min_dim": 128,
  "p24_folded_mod_scope": "per_layer",
  "p24_folded_mod_gate_act": "tanh_centered",
  "p24_use_sequence_gated_linear": 0,
  "p24_sequence_gated_scope": "per_layer",
  "p24_sequence_gated_act": "tanh_centered",
  "remix_disable_ln_basis": 0,
  "dense_intermediate_ln": 0,
  "use_mol": false,
  "mol_n_blocks": 5,
  "mol_n_shared": 1,
  "mol_topk": 3,
  "mol_thin_dim": 256,
  "mol_head_dim": 64,
  "mol_ffn_mult": 4.0,
  "mol_router_aux": 0.05,
  "mol_routed_attn": "softmax",
  "mol_dispatch": 1,
  "mol_capacity_factor": 1.0,
  "mol_block_lr_scale": 1.0,
  "mol_per_block_ve": 0,
  "use_mst": false,
  "mst_n_subs": 8,
  "mst_sub_dim": 64,
  "mst_head_dim": 0,
  "mst_input_mode": "fixed_slice",
  "mst_rotated_slice_learned": false,
  "mst_routing_mode": "soft_weighted",
  "mst_routing_topk": 4,
  "mst_routing_aux_weight": 0.01,
  "mst_diversity_weight": 0.0,
  "mst_ffn_mode": "standard",
  "mst_transition_mode": "parallel",
  "mst_final_mode": "aggregate_proj",
  "mst_final_topk": -1,
  "mst_ffn_shared_up": 0,
  "mst_ffn_inner_dim": 0,
  "mst_sub_dropout": 0.0,
  "mst_transition_every": 1,
  "mst_ffa_temperature": 1.0,
  "mst_global_residual": 0,
  "mst_hybrid_dense": 0,
  "mst_cross_sub_kv": 0,
  "mst_sub_aux_weight": 0.0,
  "mst_progressive_merge": 0,
  "mst_multi_scale_windows": 0,
  "mst_delta_residual": 0,
  "mst_sub_layers": 1,
  "mst_grad_equalize": 0,
  "mst_block_diagonal_muon": 0,
  "mst_transition_width_mult": 1.0,
  "mst_sub_lr_scale": 1.0,
  "mst_shared_expert": 0,
  "mst_router_entropy_weight": 0.0,
  "mst_shared_kv_attn": 0,
  "mst_contrastive_diversity_weight": 0.0,
  "mst_transition_nonlinear": 0,
  "mst_transition_gated": 0,
  "mst_transition_mlp": 0,
  "mst_cross_sub_gate": 0,
  "mst_hyper_connect": 0,
  "mst_cross_kv_inject": 0,
  "mst_slice_transition": 0,
  "mst_lookback_layers": 0,
  "mst_bilinear_transition": 0,
  "mst_cross_sub_qmod": 0,
  "mst_feature_cycle": 0,
  "mst_mean_transition": 0,
  "mst_sub_head_dim": 0,
  "mst_final_norm": 0,
  "mst_per_stream_ve": 0,
  "mst_ve_map": 0,
  "mst_ve_map_rank": 0,
  "mst_lm_head_dim": 0,
  "mst_compose_windows": 0,
  "mst_channel_mix": "none",
  "mst_channel_mix_site": "layer",
  "mst_distribute_block_muon": 0,
  "mst_trans_spectral_lr": 0,
  "mst_talking_heads": 0,
  "mst_wo_mode": "block",
  "mst_stream_topk": 0,
  "mst_stream_shared": 0,
  "mst_stream_router_aux": 0.01,
  "mst_stream_router_noise": 0.0,
  "mst_stream_dispatch": 0,
  "mst_stream_capacity_factor": 1.0,
  "mst_stream_gate_attn": 0,
  "mst_ffn_monarch": "none",
  "mst_shampoo": 0,
  "mst_precond_every": 10,
  "mst_shampoo_beta": 0.95,
  "use_eet": false,
  "eet_frozen_kv": true,
  "eet_reenter_final": false,
  "eet_router_type": "mlp2",
  "eet_router_hidden": 0,
  "eet_freq_prior_alpha": 0.0,
  "eet_pos_prior_beta": 0.0,
  "eet_domain_prior": false,
  "eet_warmup_frac": 0.02,
  "eet_explore_frac": 0.15,
  "eet_reconstruct_lambda": 1.0,
  "eet_efficiency_lambda_start": 0.01,
  "eet_efficiency_lambda_end": 0.1,
  "eet_translator_rank": 0,
  "eet_max_frozen_kv_frac": 0.75,
  "eet_exit_threshold": 0.5,
  "eet_min_exit_layer": 1,
  "eet_loss_variant": "reconstruct",
  "eet_topk_vocab": 512,
  "eet_entropy_lambda": 0.3,
  "eet_surprise_lambda": 0.1,
  "eet_adv_lambda": 1.0,
  "eet_adv_entropy_lambda": 0.2,
  "eet_quality_lambda": 1.0,
  "eet_quality_entropy_bonus": 0.1,
  "eet_gumbel_temp_start": 0.0,
  "eet_gumbel_temp_end": 0.1,
  "eet_gumbel_hard": true,
  "eet_commitment_beta": 0.1,
  "eet_global_router": false,
  "eet_freq_efficiency_alpha": 0.0,
  "eet_diversity_lambda": 0.0,
  "eet_ce_guided_lambda": 1.0,
  "eet_router_lr_mult": 5.0,
  "eet_model_lr_mult": 1.0,
  "eet_depth_weight_type": "none",
  "eet_depth_weight_max": 2.5,
  "eet_use_override": 0,
  "eet_override_prob_start": 0.5,
  "eet_override_prob_end": 0.1,
  "eet_compute_skip": false,
  "eet_target_active_frac": 0.125,
  "eet_capacity_schedule": "bell",
  "eet_exit_fracs": null,
  "eet_capacity_alignment_lambda": 0.0,
  "eet_router_task_grad": true,
  "eet_reinforce_interval": 0,
  "eet_reinforce_lambda": 0.1,
  "eet_exit_adapter_rank": 0,
  "eet_router_after_block": 0,
  "eet_ffn_skip": false,
  "eet_ffn_target_frac": 0.5,
  "eet_ffn_full_attn": true,
  "eet_depth_affine": false,
  "eet_capacity_anneal_frac": 0.0,
  "eet_learned_schedule": false,
  "eet_departure_summary": false,
  "eet_route_consistency_lambda": 0.0,
  "eet_dense_distill_interval": 0,
  "eet_dense_distill_lambda": 0.5,
  "eet_depth_lr_scale": false,
  "eet_depth_grad_scale": false,
  "eet_detach_aux_from_backbone": false,
  "eet_detach_exit_from_backbone": false,
  "use_code_head": false,
  "sch_head_type": "code",
  "sch_bits": 0,
  "sch_order": 2,
  "sch_max_m": 0,
  "sch_phi_mode": "monomial",
  "sch_code_mode": "binary",
  "sch_code_path": "",
  "sch_code_ecc_bits": 0,
  "sch_code_seed": 1234,
  "sch_phi_density": 0.0,
  "sch_phi_dtype": "bf16",
  "sch_phi_normalize": 1,
  "sch_phi_center": 0,
  "sch_g_type": "linear",
  "sch_g_hidden": 0,
  "sch_g_layers": 2,
  "sch_g_out_std": 0.001,
  "sch_mixture": 1,
  "sch_residual_rank": 0,
  "sch_logit_act": "none",
  "sch_bias": 0,
  "sch_input_mode": "table",
  "sch_input_hidden": 0,
  "sch_product_groups": 8,
  "sch_product_codebook": 256,
  "sch_product_source": "hash",
  "sch_product_impl": "dense",
  "sch_phi_whiten": 0,
  "sch_mixture_per_phi": 0,
  "sch_mixture_topk": 0,
  "sch_mixture_aux": 0.01,
  "sch_monarch_m1": 0
}
Seeded weight init with --seed 1
Checkpoints directory: /__modal/volumes/vo-YghGtH0KLHCwgaLsbe3KX9/out/c08_vocab131k/d8/BASE_dense_s1/depth_8/ckpt_base/base
✓ Wrapping model with DistributedDataParallel (rank 0, find_unused_parameters=False, broadcast_buffers=True)
Parameter counts:
wte                     : 67,108,864
wpe                     : 0
value_embeds            : 268,435,456
lm_head                 : 67,108,864
transformer_matrices    : 25,166,336
research                : 0
scalars                 : 16
total                   : 427,819,536
Estimated FLOPs per token (total):  5.882542e+08
Estimated FLOPs per token (active): 5.882542e+08
Estimated active params:            427,819,536
Scaling LRs by 0.7071 for batch size 262,144 (reference: 524,288)
Scaling weight decay from 0.200000 to 0.160707 for depth 8
Scaling the LR for the AdamW parameters ∝1/√(512/768) = 1.224745
Calculated number of iterations from target data:param ratio: 3,696
Total number of training tokens: 968,884,224
Tokens : Scaling params ratio: 10.50
Total training FLOPs estimate: 5.699502e+17
Total training FLOPs (active):  5.699502e+17
Total active training FLOPs estimate: 5.699502e+17
Using base scheduler: linear warmup/flat/linear warmdown
Tokens / micro-batch / rank: 64 x 2048 = 131,072
Tokens / micro-batch: 131,072
Total batch size 262,144 => gradient accumulation steps: 2
Running pre-compilation warmup (1 dummy forward+backward to init lazy allocations)...
[rank0]:W0904 19:28:54.617000 3034 site-packages/torch/_logging/_internal.py:1199] [0/0] Profiler function <class 'torch.autograd.profiler.record_function'> will be ignored
Warmup complete. Steady-state VRAM: 6.5 GB allocated
step 00000/03696 (0.00%) | loss: 11.783741 | lrm: 0.06 | lr(adamw:2.262e-02, muon:7.857e-04) | dt: 506.70ms | tok/sec: 517,355 | bf16_mfu: 30.77 | epoch: 1 pq: 0 rg: 1 | total time: 0.00m
2026-09-04 19:31:00,244 - nanochat.checkpoint_manager - INFO - Saved model parameters to: /__modal/volumes/vo-YghGtH0KLHCwgaLsbe3KX9/out/c08_vocab131k/d8/BASE_dense_s1/depth_8/ckpt_base/base/model_000200.pt
2026-09-04 19:31:00,247 - nanochat.checkpoint_manager - INFO - Saved metadata to: /__modal/volumes/vo-YghGtH0KLHCwgaLsbe3KX9/out/c08_vocab131k/d8/BASE_dense_s1/depth_8/ckpt_base/base/meta_000200.json
2026-09-04 19:31:04,086 - nanochat.checkpoint_manager - INFO - Saved optimizer state to: /__modal/volumes/vo-YghGtH0KLHCwgaLsbe3KX9/out/c08_vocab131k/d8/BASE_dense_s1/depth_8/ckpt_base/base/optim_000200_rank0.pt
step 00200/03696 (5.41%) | loss: 4.236216 | lrm: 1.00 | lr(adamw:4.071e-01, muon:1.414e-02) | dt: 422.34ms | tok/sec: 620,689 | bf16_mfu: 36.92 | epoch: 1 pq: 1 rg: 22 | total time: 1.35m | eta: 24.8m
2026-09-04 19:32:31,435 - nanochat.checkpoint_manager - INFO - Saved model parameters to: /__modal/volumes/vo-YghGtH0KLHCwgaLsbe3KX9/out/c08_vocab131k/d8/BASE_dense_s1/depth_8/ckpt_base/base/model_000400.pt
2026-09-04 19:32:31,439 - nanochat.checkpoint_manager - INFO - Saved metadata to: /__modal/volumes/vo-YghGtH0KLHCwgaLsbe3KX9/out/c08_vocab131k/d8/BASE_dense_s1/depth_8/ckpt_base/base/meta_000400.json
2026-09-04 19:32:35,068 - nanochat.checkpoint_manager - INFO - Saved optimizer state to: /__modal/volumes/vo-YghGtH0KLHCwgaLsbe3KX9/out/c08_vocab131k/d8/BASE_dense_s1/depth_8/ckpt_base/base/optim_000400_rank0.pt
Removed previous periodic checkpoint at step 000200
step 00400/03696 (10.82%) | loss: 3.836764 | lrm: 1.00 | lr(adamw:4.071e-01, muon:1.414e-02) | dt: 422.63ms | tok/sec: 620,263 | bf16_mfu: 36.89 | epoch: 1 pq: 2 rg: 40 | total time: 2.77m | eta: 23.4m
2026-09-04 19:34:02,453 - nanochat.checkpoint_manager - INFO - Saved model parameters to: /__modal/volumes/vo-YghGtH0KLHCwgaLsbe3KX9/out/c08_vocab131k/d8/BASE_dense_s1/depth_8/ckpt_base/base/model_000600.pt
2026-09-04 19:34:02,455 - nanochat.checkpoint_manager - INFO - Saved metadata to: /__modal/volumes/vo-YghGtH0KLHCwgaLsbe3KX9/out/c08_vocab131k/d8/BASE_dense_s1/depth_8/ckpt_base/base/meta_000600.json
2026-09-04 19:34:06,444 - nanochat.checkpoint_manager - INFO - Saved optimizer state to: /__modal/volumes/vo-YghGtH0KLHCwgaLsbe3KX9/out/c08_vocab131k/d8/BASE_dense_s1/depth_8/ckpt_base/base/optim_000600_rank0.pt
Removed previous periodic checkpoint at step 000400
step 00600/03696 (16.23%) | loss: 3.685862 | lrm: 1.00 | lr(adamw:4.071e-01, muon:1.414e-02) | dt: 426.17ms | tok/sec: 615,122 | bf16_mfu: 36.59 | epoch: 1 pq: 3 rg: 58 | total time: 4.19m | eta: 22.0m
2026-09-04 19:35:34,186 - nanochat.checkpoint_manager - INFO - Saved model parameters to: /__modal/volumes/vo-YghGtH0KLHCwgaLsbe3KX9/out/c08_vocab131k/d8/BASE_dense_s1/depth_8/ckpt_base/base/model_000800.pt
2026-09-04 19:35:34,189 - nanochat.checkpoint_manager - INFO - Saved metadata to: /__modal/volumes/vo-YghGtH0KLHCwgaLsbe3KX9/out/c08_vocab131k/d8/BASE_dense_s1/depth_8/ckpt_base/base/meta_000800.json
2026-09-04 19:35:38,212 - nanochat.checkpoint_manager - INFO - Saved optimizer state to: /__modal/volumes/vo-YghGtH0KLHCwgaLsbe3KX9/out/c08_vocab131k/d8/BASE_dense_s1/depth_8/ckpt_base/base/optim_000800_rank0.pt
Removed previous periodic checkpoint at step 000600
step 00800/03696 (21.65%) | loss: 3.626327 | lrm: 1.00 | lr(adamw:4.071e-01, muon:1.414e-02) | dt: 431.51ms | tok/sec: 607,498 | bf16_mfu: 36.13 | epoch: 1 pq: 4 rg: 78 | total time: 5.63m | eta: 20.6m
2026-09-04 19:37:06,144 - nanochat.checkpoint_manager - INFO - Saved model parameters to: /__modal/volumes/vo-YghGtH0KLHCwgaLsbe3KX9/out/c08_vocab131k/d8/BASE_dense_s1/depth_8/ckpt_base/base/model_001000.pt
2026-09-04 19:37:06,147 - nanochat.checkpoint_manager - INFO - Saved metadata to: /__modal/volumes/vo-YghGtH0KLHCwgaLsbe3KX9/out/c08_vocab131k/d8/BASE_dense_s1/depth_8/ckpt_base/base/meta_001000.json
2026-09-04 19:37:10,050 - nanochat.checkpoint_manager - INFO - Saved optimizer state to: /__modal/volumes/vo-YghGtH0KLHCwgaLsbe3KX9/out/c08_vocab131k/d8/BASE_dense_s1/depth_8/ckpt_base/base/optim_001000_rank0.pt
Removed previous periodic checkpoint at step 000800
step 01000/03696 (27.06%) | loss: 3.553818 | lrm: 1.00 | lr(adamw:4.071e-01, muon:1.414e-02) | dt: 432.41ms | tok/sec: 606,232 | bf16_mfu: 36.06 | epoch: 1 pq: 6 rg: 15 | total time: 7.06m | eta: 19.2m
2026-09-04 19:38:38,125 - nanochat.checkpoint_manager - INFO - Saved model parameters to: /__modal/volumes/vo-YghGtH0KLHCwgaLsbe3KX9/out/c08_vocab131k/d8/BASE_dense_s1/depth_8/ckpt_base/base/model_001200.pt
2026-09-04 19:38:38,128 - nanochat.checkpoint_manager - INFO - Saved metadata to: /__modal/volumes/vo-YghGtH0KLHCwgaLsbe3KX9/out/c08_vocab131k/d8/BASE_dense_s1/depth_8/ckpt_base/base/meta_001200.json
2026-09-04 19:38:42,022 - nanochat.checkpoint_manager - INFO - Saved optimizer state to: /__modal/volumes/vo-YghGtH0KLHCwgaLsbe3KX9/out/c08_vocab131k/d8/BASE_dense_s1/depth_8/ckpt_base/base/optim_001200_rank0.pt
Removed previous periodic checkpoint at step 001000
step 01200/03696 (32.47%) | loss: 3.496124 | lrm: 1.00 | lr(adamw:4.071e-01, muon:1.414e-02) | dt: 428.29ms | tok/sec: 612,066 | bf16_mfu: 36.41 | epoch: 1 pq: 7 rg: 34 | total time: 8.50m | eta: 17.8m
2026-09-04 19:40:10,357 - nanochat.checkpoint_manager - INFO - Saved model parameters to: /__modal/volumes/vo-YghGtH0KLHCwgaLsbe3KX9/out/c08_vocab131k/d8/BASE_dense_s1/depth_8/ckpt_base/base/model_001400.pt
2026-09-04 19:40:10,360 - nanochat.checkpoint_manager - INFO - Saved metadata to: /__modal/volumes/vo-YghGtH0KLHCwgaLsbe3KX9/out/c08_vocab131k/d8/BASE_dense_s1/depth_8/ckpt_base/base/meta_001400.json
2026-09-04 19:40:14,305 - nanochat.checkpoint_manager - INFO - Saved optimizer state to: /__modal/volumes/vo-YghGtH0KLHCwgaLsbe3KX9/out/c08_vocab131k/d8/BASE_dense_s1/depth_8/ckpt_base/base/optim_001400_rank0.pt
Removed previous periodic checkpoint at step 001200
step 01400/03696 (37.88%) | loss: 3.448727 | lrm: 0.96 | lr(adamw:3.900e-01, muon:1.355e-02) | dt: 433.96ms | tok/sec: 604,069 | bf16_mfu: 35.93 | epoch: 1 pq: 8 rg: 54 | total time: 9.94m | eta: 16.4m
2026-09-04 19:41:42,834 - nanochat.checkpoint_manager - INFO - Saved model parameters to: /__modal/volumes/vo-YghGtH0KLHCwgaLsbe3KX9/out/c08_vocab131k/d8/BASE_dense_s1/depth_8/ckpt_base/base/model_001600.pt
2026-09-04 19:41:42,838 - nanochat.checkpoint_manager - INFO - Saved metadata to: /__modal/volumes/vo-YghGtH0KLHCwgaLsbe3KX9/out/c08_vocab131k/d8/BASE_dense_s1/depth_8/ckpt_base/base/meta_001600.json
2026-09-04 19:41:46,952 - nanochat.checkpoint_manager - INFO - Saved optimizer state to: /__modal/volumes/vo-YghGtH0KLHCwgaLsbe3KX9/out/c08_vocab131k/d8/BASE_dense_s1/depth_8/ckpt_base/base/optim_001600_rank0.pt
Removed previous periodic checkpoint at step 001400
step 01600/03696 (43.29%) | loss: 3.424414 | lrm: 0.88 | lr(adamw:3.578e-01, muon:1.243e-02) | dt: 425.40ms | tok/sec: 616,228 | bf16_mfu: 36.65 | epoch: 1 pq: 9 rg: 74 | total time: 11.38m | eta: 15.0m
2026-09-04 19:43:15,595 - nanochat.checkpoint_manager - INFO - Saved model parameters to: /__modal/volumes/vo-YghGtH0KLHCwgaLsbe3KX9/out/c08_vocab131k/d8/BASE_dense_s1/depth_8/ckpt_base/base/model_001800.pt
2026-09-04 19:43:15,598 - nanochat.checkpoint_manager - INFO - Saved metadata to: /__modal/volumes/vo-YghGtH0KLHCwgaLsbe3KX9/out/c08_vocab131k/d8/BASE_dense_s1/depth_8/ckpt_base/base/meta_001800.json
2026-09-04 19:43:19,354 - nanochat.checkpoint_manager - INFO - Saved optimizer state to: /__modal/volumes/vo-YghGtH0KLHCwgaLsbe3KX9/out/c08_vocab131k/d8/BASE_dense_s1/depth_8/ckpt_base/base/optim_001800_rank0.pt
Removed previous periodic checkpoint at step 001600
step 01800/03696 (48.70%) | loss: 3.381249 | lrm: 0.80 | lr(adamw:3.256e-01, muon:1.131e-02) | dt: 427.44ms | tok/sec: 613,286 | bf16_mfu: 36.48 | epoch: 1 pq: 11 rg: 10 | total time: 12.83m | eta: 13.6m
<|bos|>The capital of France is the capital of the capital of the capital of the capital of the capital of the
<|bos|>The chemical symbol of gold is gold, and it is a symbol of wealth and wealth. It is a symbol
<|bos|>If yesterday was Friday, then tomorrow will be Friday. If tomorrow will be Friday, then tomorrow will be Friday. If tomorrow
<|bos|>The opposite of hot is the opposite of cold. The cold is the opposite of hot. The cold is
<|bos|>The planets of the solar system are: 1. The planets of the solar system are: 2. The planets
<|bos|>My favorite color is white. I have a lot of color in my mind, but I have a
<|bos|>If 5*x + 3 = 13, then x is 13.5. If 5* is 13, then x is
2026-09-04 19:44:48,754 - nanochat.checkpoint_manager - INFO - Saved model parameters to: /__modal/volumes/vo-YghGtH0KLHCwgaLsbe3KX9/out/c08_vocab131k/d8/BASE_dense_s1/depth_8/ckpt_base/base/model_002000.pt
2026-09-04 19:44:48,757 - nanochat.checkpoint_manager - INFO - Saved metadata to: /__modal/volumes/vo-YghGtH0KLHCwgaLsbe3KX9/out/c08_vocab131k/d8/BASE_dense_s1/depth_8/ckpt_base/base/meta_002000.json
2026-09-04 19:44:52,399 - nanochat.checkpoint_manager - INFO - Saved optimizer state to: /__modal/volumes/vo-YghGtH0KLHCwgaLsbe3KX9/out/c08_vocab131k/d8/BASE_dense_s1/depth_8/ckpt_base/base/optim_002000_rank0.pt
Removed previous periodic checkpoint at step 001800
step 02000/03696 (54.11%) | loss: 3.338795 | lrm: 0.72 | lr(adamw:2.934e-01, muon:1.019e-02) | dt: 438.75ms | tok/sec: 597,478 | bf16_mfu: 35.54 | epoch: 1 pq: 12 rg: 30 | total time: 14.28m | eta: 12.2m
2026-09-04 19:46:21,260 - nanochat.checkpoint_manager - INFO - Saved model parameters to: /__modal/volumes/vo-YghGtH0KLHCwgaLsbe3KX9/out/c08_vocab131k/d8/BASE_dense_s1/depth_8/ckpt_base/base/model_002200.pt
2026-09-04 19:46:21,263 - nanochat.checkpoint_manager - INFO - Saved metadata to: /__modal/volumes/vo-YghGtH0KLHCwgaLsbe3KX9/out/c08_vocab131k/d8/BASE_dense_s1/depth_8/ckpt_base/base/meta_002200.json
2026-09-04 19:46:24,638 - nanochat.checkpoint_manager - INFO - Saved optimizer state to: /__modal/volumes/vo-YghGtH0KLHCwgaLsbe3KX9/out/c08_vocab131k/d8/BASE_dense_s1/depth_8/ckpt_base/base/optim_002200_rank0.pt
Removed previous periodic checkpoint at step 002000
step 02200/03696 (59.52%) | loss: 3.312213 | lrm: 0.64 | lr(adamw:2.612e-01, muon:9.075e-03) | dt: 431.53ms | tok/sec: 607,469 | bf16_mfu: 36.13 | epoch: 1 pq: 13 rg: 50 | total time: 15.72m | eta: 10.7m
2026-09-04 19:47:53,511 - nanochat.checkpoint_manager - INFO - Saved model parameters to: /__modal/volumes/vo-YghGtH0KLHCwgaLsbe3KX9/out/c08_vocab131k/d8/BASE_dense_s1/depth_8/ckpt_base/base/model_002400.pt
2026-09-04 19:47:53,514 - nanochat.checkpoint_manager - INFO - Saved metadata to: /__modal/volumes/vo-YghGtH0KLHCwgaLsbe3KX9/out/c08_vocab131k/d8/BASE_dense_s1/depth_8/ckpt_base/base/meta_002400.json
2026-09-04 19:47:57,181 - nanochat.checkpoint_manager - INFO - Saved optimizer state to: /__modal/volumes/vo-YghGtH0KLHCwgaLsbe3KX9/out/c08_vocab131k/d8/BASE_dense_s1/depth_8/ckpt_base/base/optim_002400_rank0.pt
Removed previous periodic checkpoint at step 002200
step 02400/03696 (64.94%) | loss: 3.291675 | lrm: 0.56 | lr(adamw:2.290e-01, muon:7.956e-03) | dt: 432.44ms | tok/sec: 606,193 | bf16_mfu: 36.06 | epoch: 1 pq: 14 rg: 70 | total time: 17.18m | eta: 9.3m
2026-09-04 19:49:26,240 - nanochat.checkpoint_manager - INFO - Saved model parameters to: /__modal/volumes/vo-YghGtH0KLHCwgaLsbe3KX9/out/c08_vocab131k/d8/BASE_dense_s1/depth_8/ckpt_base/base/model_002600.pt
2026-09-04 19:49:26,243 - nanochat.checkpoint_manager - INFO - Saved metadata to: /__modal/volumes/vo-YghGtH0KLHCwgaLsbe3KX9/out/c08_vocab131k/d8/BASE_dense_s1/depth_8/ckpt_base/base/meta_002600.json
2026-09-04 19:49:29,953 - nanochat.checkpoint_manager - INFO - Saved optimizer state to: /__modal/volumes/vo-YghGtH0KLHCwgaLsbe3KX9/out/c08_vocab131k/d8/BASE_dense_s1/depth_8/ckpt_base/base/optim_002600_rank0.pt
Removed previous periodic checkpoint at step 002400
step 02600/03696 (70.35%) | loss: 3.265576 | lrm: 0.48 | lr(adamw:1.968e-01, muon:6.837e-03) | dt: 438.27ms | tok/sec: 598,129 | bf16_mfu: 35.58 | epoch: 1 pq: 16 rg: 6 | total time: 18.63m | eta: 7.9m
2026-09-04 19:50:59,068 - nanochat.checkpoint_manager - INFO - Saved model parameters to: /__modal/volumes/vo-YghGtH0KLHCwgaLsbe3KX9/out/c08_vocab131k/d8/BASE_dense_s1/depth_8/ckpt_base/base/model_002800.pt
2026-09-04 19:50:59,071 - nanochat.checkpoint_manager - INFO - Saved metadata to: /__modal/volumes/vo-YghGtH0KLHCwgaLsbe3KX9/out/c08_vocab131k/d8/BASE_dense_s1/depth_8/ckpt_base/base/meta_002800.json
2026-09-04 19:51:02,797 - nanochat.checkpoint_manager - INFO - Saved optimizer state to: /__modal/volumes/vo-YghGtH0KLHCwgaLsbe3KX9/out/c08_vocab131k/d8/BASE_dense_s1/depth_8/ckpt_base/base/optim_002800_rank0.pt
Removed previous periodic checkpoint at step 002600
step 02800/03696 (75.76%) | loss: 3.230829 | lrm: 0.40 | lr(adamw:1.646e-01, muon:5.719e-03) | dt: 434.23ms | tok/sec: 603,696 | bf16_mfu: 35.91 | epoch: 1 pq: 17 rg: 25 | total time: 20.08m | eta: 6.4m
2026-09-04 19:52:31,823 - nanochat.checkpoint_manager - INFO - Saved model parameters to: /__modal/volumes/vo-YghGtH0KLHCwgaLsbe3KX9/out/c08_vocab131k/d8/BASE_dense_s1/depth_8/ckpt_base/base/model_003000.pt
2026-09-04 19:52:31,826 - nanochat.checkpoint_manager - INFO - Saved metadata to: /__modal/volumes/vo-YghGtH0KLHCwgaLsbe3KX9/out/c08_vocab131k/d8/BASE_dense_s1/depth_8/ckpt_base/base/meta_003000.json
2026-09-04 19:52:35,696 - nanochat.checkpoint_manager - INFO - Saved optimizer state to: /__modal/volumes/vo-YghGtH0KLHCwgaLsbe3KX9/out/c08_vocab131k/d8/BASE_dense_s1/depth_8/ckpt_base/base/optim_003000_rank0.pt
Removed previous periodic checkpoint at step 002800
step 03000/03696 (81.17%) | loss: 3.200160 | lrm: 0.33 | lr(adamw:1.324e-01, muon:4.600e-03) | dt: 435.84ms | tok/sec: 601,463 | bf16_mfu: 35.77 | epoch: 1 pq: 18 rg: 44 | total time: 21.54m | eta: 5.0m
2026-09-04 19:54:04,793 - nanochat.checkpoint_manager - INFO - Saved model parameters to: /__modal/volumes/vo-YghGtH0KLHCwgaLsbe3KX9/out/c08_vocab131k/d8/BASE_dense_s1/depth_8/ckpt_base/base/model_003200.pt
2026-09-04 19:54:04,796 - nanochat.checkpoint_manager - INFO - Saved metadata to: /__modal/volumes/vo-YghGtH0KLHCwgaLsbe3KX9/out/c08_vocab131k/d8/BASE_dense_s1/depth_8/ckpt_base/base/meta_003200.json
2026-09-04 19:54:08,626 - nanochat.checkpoint_manager - INFO - Saved optimizer state to: /__modal/volumes/vo-YghGtH0KLHCwgaLsbe3KX9/out/c08_vocab131k/d8/BASE_dense_s1/depth_8/ckpt_base/base/optim_003200_rank0.pt
Removed previous periodic checkpoint at step 003000
step 03200/03696 (86.58%) | loss: 3.187229 | lrm: 0.25 | lr(adamw:1.002e-01, muon:3.481e-03) | dt: 439.61ms | tok/sec: 596,309 | bf16_mfu: 35.47 | epoch: 1 pq: 19 rg: 63 | total time: 22.99m | eta: 3.6m
2026-09-04 19:55:37,836 - nanochat.checkpoint_manager - INFO - Saved model parameters to: /__modal/volumes/vo-YghGtH0KLHCwgaLsbe3KX9/out/c08_vocab131k/d8/BASE_dense_s1/depth_8/ckpt_base/base/model_003400.pt
2026-09-04 19:55:37,839 - nanochat.checkpoint_manager - INFO - Saved metadata to: /__modal/volumes/vo-YghGtH0KLHCwgaLsbe3KX9/out/c08_vocab131k/d8/BASE_dense_s1/depth_8/ckpt_base/base/meta_003400.json
2026-09-04 19:55:41,734 - nanochat.checkpoint_manager - INFO - Saved optimizer state to: /__modal/volumes/vo-YghGtH0KLHCwgaLsbe3KX9/out/c08_vocab131k/d8/BASE_dense_s1/depth_8/ckpt_base/base/optim_003400_rank0.pt
Removed previous periodic checkpoint at step 003200
step 03400/03696 (91.99%) | loss: 3.154318 | lrm: 0.17 | lr(adamw:6.801e-02, muon:2.363e-03) | dt: 431.48ms | tok/sec: 607,545 | bf16_mfu: 36.14 | epoch: 1 pq: 20 rg: 83 | total time: 24.45m | eta: 2.1m
2026-09-04 19:57:10,990 - nanochat.checkpoint_manager - INFO - Saved model parameters to: /__modal/volumes/vo-YghGtH0KLHCwgaLsbe3KX9/out/c08_vocab131k/d8/BASE_dense_s1/depth_8/ckpt_base/base/model_003600.pt
2026-09-04 19:57:10,993 - nanochat.checkpoint_manager - INFO - Saved metadata to: /__modal/volumes/vo-YghGtH0KLHCwgaLsbe3KX9/out/c08_vocab131k/d8/BASE_dense_s1/depth_8/ckpt_base/base/meta_003600.json
2026-09-04 19:57:14,927 - nanochat.checkpoint_manager - INFO - Saved optimizer state to: /__modal/volumes/vo-YghGtH0KLHCwgaLsbe3KX9/out/c08_vocab131k/d8/BASE_dense_s1/depth_8/ckpt_base/base/optim_003600_rank0.pt
Removed previous periodic checkpoint at step 003400
step 03600/03696 (97.40%) | loss: 3.149922 | lrm: 0.09 | lr(adamw:3.581e-02, muon:1.244e-03) | dt: 436.04ms | tok/sec: 601,195 | bf16_mfu: 35.76 | epoch: 1 pq: 22 rg: 18 | total time: 25.90m | eta: 0.7m
step 03695/03696 (99.97%) | loss: 3.158362 | lrm: 0.05 | lr(adamw:2.051e-02, muon:7.127e-04) | dt: 437.65ms | tok/sec: 598,977 | bf16_mfu: 35.63 | epoch: 1 pq: 22 rg: 67 | total time: 26.59m | eta: 0.0m
/usr/local/lib/python3.12/site-packages/torch/_dynamo/variables/functions.py:1598: UserWarning: Dynamo does not know how to trace the builtin `torch._C._distributed_c10d.pybind11_detail_function_record_v1_system_libstdcpp_gxx_abi_1xxx_use_cxx11_abi_1._broadcast_coalesced.` This function is either a Python builtin (e.g. _warnings.warn) or a third-party C/C++ Python extension (perhaps created with pybind).
If it is a Python builtin, please file an issue on GitHub so the PyTorch team can add support for it and see the next case for a workaround.
If it is a third-party C/C++ Python extension, please either wrap it into a PyTorch-understood custom operator (see https://pytorch.org/tutorials/advanced/custom_ops_landing_page.html for more details) or, if it is traceable, use `torch.compiler.allow_in_graph`.
  torch._dynamo.utils.warn_once(explanation + "\n" + "\n".join(hints))
Step 03696 | Validation bpb: 0.902908 | val_loss: 3.141742
<|bos|>The capital of France is the capital of the city of Paris. The city is located in the city of
<|bos|>The chemical symbol of gold is 92. The symbol of gold is 92. The symbol of gold is
<|bos|>If yesterday was Friday, then tomorrow will be Friday. If tomorrow was Friday, then tomorrow will be Friday. If tomorrow was
<|bos|>The opposite of hot is cold. The cold is cold. The cold is hot. The cold is cold
<|bos|>The planets of the solar system are: Mercury, Venus, Mars, Jupiter, Saturn, Uranus, Neptune, Uranus,
<|bos|>My favorite color is red. I love it. I love it. I love it. I love
<|bos|>If 5*x + 3 = 13, then x is the number of times the number of times the number of times the number of times
2026-09-04 19:58:48,816 - nanochat.checkpoint_manager - INFO - Saved model parameters to: /__modal/volumes/vo-YghGtH0KLHCwgaLsbe3KX9/out/c08_vocab131k/d8/BASE_dense_s1/depth_8/ckpt_base/base/model_003696.pt
2026-09-04 19:58:48,819 - nanochat.checkpoint_manager - INFO - Saved metadata to: /__modal/volumes/vo-YghGtH0KLHCwgaLsbe3KX9/out/c08_vocab131k/d8/BASE_dense_s1/depth_8/ckpt_base/base/meta_003696.json
2026-09-04 19:58:52,290 - nanochat.checkpoint_manager - INFO - Saved optimizer state to: /__modal/volumes/vo-YghGtH0KLHCwgaLsbe3KX9/out/c08_vocab131k/d8/BASE_dense_s1/depth_8/ckpt_base/base/optim_003696_rank0.pt
step 03696/03696 (final) | loss: 3.158362 | early_stop: 0
Peak memory usage: 61302.71MiB
Total training time: 26.59m
Minimum validation bpb: 0.902908
Minimum validation loss (nats/byte): 3.141742
Final Validation BPB for base: 0.9029

--- Generating Report ---
Saved plot to out/c08_vocab131k/d8/BASE_dense_s1/depth_8/comparison_depth_8.png
Saved TSV data to out/c08_vocab131k/d8/BASE_dense_s1/depth_8/results_depth_8.tsv
Generating report to out/report/report.md
Copying report.md to current directory for convenience
================================================================
Sweep Complete! Results saved to out/c08_vocab131k/d8/BASE_dense_s1
================================================================
OK    BASE_dense_s1
--- MON_M1024_s1  (depth 8, V=131072) ---
Requested NPROC_PER_NODE=8, but only 1 GPU(s) visible. Capping.
Using NPROC_PER_NODE=1
NANOCHAT_SKIP_ENV_SETUP=0
===== GPU Info =====
Fri Sep  4 20:36:42 2026       
+-----------------------------------------------------------------------------------------+
| NVIDIA-SMI 580.95.05              Driver Version: 580.95.05      CUDA Version: 13.0     |
+-----------------------------------------+------------------------+----------------------+
| GPU  Name                 Persistence-M | Bus-Id          Disp.A | Volatile Uncorr. ECC |
| Fan  Temp   Perf          Pwr:Usage/Cap |           Memory-Usage | GPU-Util  Compute M. |
|                                         |                        |               MIG M. |
|=========================================+========================+======================|
|   0  NVIDIA H200                    On  |   00000000:97:00.0 Off |                    0 |
| N/A   32C    P0             79W /  700W |       4MiB / 143771MiB |      0%      Default |
|                                         |                        |             Disabled |
+-----------------------------------------+------------------------+----------------------+

+-----------------------------------------------------------------------------------------+
| Processes:                                                                              |
|  GPU   GI   CI              PID   Type   Process name                        GPU Memory |
|        ID   ID                                                               Usage      |
|=========================================================================================|
|  No running processes found                                                             |
+-----------------------------------------------------------------------------------------+
Starting Research Sweep. Output directory: out/c08_vocab131k/d8/MON_M1024_s1
UV_SYSTEM_PYTHON=1: using system Python, skipping venv creation.
Validating system environment dependencies via uv...
Using Python 3.12.10 environment at: /usr/local
Resolved 159 packages in 513ms
   Building nanochat @ file:///__modal/volumes/vo-bQhldLiDvEWGzP8qdXUlGO
      Built nanochat @ file:///__modal/volumes/vo-bQhldLiDvEWGzP8qdXUlGO
Prepared 1 package in 1.18s
Uninstalled 1 package in 1ms
Installed 1 package in 1ms
 - nanochat==0.1.0 (from file:///root)
 + nanochat==0.1.0 (from file:///__modal/volumes/vo-bQhldLiDvEWGzP8qdXUlGO)
Reset report and wrote header to out/report/header.md
Dataset (up to 300 shards) already exists in data, skipping download.
Tokenizer already exists in tokenizer_131k, skipping training.
================================================================
Processing Depth: 8
================================================================
2026-09-04 20:36:54,639 - httpx - INFO - HTTP Request: HEAD https://huggingface.co/varunneal/flash-attention-3/resolve/main/kernel-status.toml "HTTP/1.1 404 Not Found"
2026-09-04 20:36:54,770 - httpx - INFO - HTTP Request: GET https://huggingface.co/api/models/varunneal/flash-attention-3/tree/main/build?recursive=false&expand=false "HTTP/1.1 200 OK"
2026-09-04 20:36:54,910 - httpx - INFO - HTTP Request: GET https://huggingface.co/api/models/varunneal/flash-attention-3/revision/main "HTTP/1.1 200 OK"
[sweep] Requested 8 DDP workers but only 1 GPU(s) available — using 1.
================================================================
Starting Sweep for Depth 8
Target Tokens: 968,884,224
================================================================
  Overriding default target_dim (128) with full model_dim 512

--- Training base ---

  ┌─────────────────────────────────────────────────────┐
  │  🆕  STARTING FRESH: [base]
  │     No checkpoints found — training from scratch.
  └─────────────────────────────────────────────────────┘

Running: /usr/local/bin/torchrun --standalone --nproc_per_node=1 -m scripts.base_train --depth 8 --aspect-ratio 64 --head-dim 128 --model-dim 512 --max-seq-len 2048 --device-batch-size 32 --total-batch-size 262144 --target-tokens 968884224 --eval-every -1 --log-every 200 --core-metric-every 0 --save-every 200 --warmup-ratio 0.005 --warmdown-ratio 0.65 --final-lr-frac 0.05 --adam-beta2 0.99 --research-warmup-ratio 0.05 --use-onecycle 0 --router-context-window -1 --remix-use-basis-gate 1 --remix-use-output-gate 1 --remix-use-context 1 --remix-basis-gate-mode mlp --remix-gate-lr-scale 0.3 --p22-n-templates 1 --p22-template-routing-learned 0 --p22-template-topk 0 --p22-attn-moe-route none --p26-output-gated-linear 0 --p28-shared-basis 0 --p28-chunk-routing-size 0 --p28-global-template-bank none --p28-attn-proj-templates 0 --p28-attn-qk-templates 0 --p31-chunk-route-impl compose --p31-top1-gate ones --p31-template-delta-rank 0 --p31-route-side output --p31-drop-basis-proj 0 --p31-basis-side-templates 0 --remix-template-block-diag 0 --remix-template-lr-scale 1.0 --p29-grad-equalize 0 --target-active-params 0 --compile-regional 0 --timing-probe-steps 0 --compile-mode default --remix-basis-gate-rank 8 --cclblock-modulation weight --cclblock-orth-lambda 0.0 --p35-template-diversity-lambda 0.0 --cclblock-context-stream local --cclblock-ema-factor 0.99 --cclblock-stale-ctx-lag 0 --cclblock-sparse-gate-k 0 --cclblock-gate-temperature 1.0 --cclblock-context-bank-size 0 --cclblock-per-head-ctx 0 --cclblock-context-source norm_x --cclblock-chunk-size 0 --cclblock-aux-objective none --cclblock-aux-lambda 0.1 --cclblock-boundary-token-id 198 --use-ral 0 --ral-rank 32 --p34-ffn-schedule  --p34-ffn-no-ffn-replacement none --p34-ffn-last-depth 1 --p36-swiglu-ffn 0 --p36-swiglu-mult 2.6666666666666665 --cond-sites both --p22-route-affine 0 --cond-rank 256 --cond-mult-steps 0 --cond-gate-source router --cond-coeff-act centered --cond-router-rank 0 --cond-router-act none --cond-live-init 0.0 --cond-chunk-size 0 --cond-mult-scale -1.0 --cond-mult-impl wy --cond-attn-projs qkvo --cond-layer-frac 1.0 --cclblock-film-gate 0 --cclblock-attn-shadow-dim 0 --cclblock-dynamic-ratio 0.25 --cclblock-gate-rank 8 --cclblock-num-regimes 8 --cclblock-regime-temperature 1.0 --cclblock-poly-order 2 --cclblock-lie-generators 4 --cclblock-grassmann-bank-size 4 --cclblock-tucker-rank 32 --cclblock-tucker-modes 8 --cclblock-svs-rank 64 --cclblock-svs-eps 0.1 --cclblock-vq-codes 8 --cclblock-vq-temperature 1.0 --cclblock-dcu-warmup-steps 0 --cclblock-fsi-rotations 8 --cclblock-fsi-selector-dim 64 --cclblock-aesp-strata 4 --cclblock-aesp-delta-rank 4 --cclblock-ckr-branches 4 --cclblock-ckr-kernel-size 64 --cclblock-ckr-pos-channels 1 --cclblock-ckr-dual-optim 0 --cclblock-ckr-content-bias 0.0 --cclblock-giad-rank 32 --cclblock-psg-kernel-size 64 --cclblock-ss-dynamic-ratio 0.25 --cclblock-ss-branches 2 --cclblock-ss-kernel-size 64 --cclblock-lokr-branches 8 --cclblock-lokr-rank 16 --cclblock-ckr-temp-start 2.0 --cclblock-ckr-temp-end 0.3 --cclblock-com-kernel-size 32 --cclblock-ckr-ortho-init 0 --cclblock-ckr-branch-dropout 0.0 --cclblock-ckr-diversity-lambda 0.0 --cclblock-pgr-kernel-size 64 --cclblock-cil-kernel-size 64 --cclblock-prb-kernel-size 64 --p18-layer-drop 0.0 --p18-dynamic-activation 0 --p18-mixture-norm 0 --p18-aux-sim-lambda 0.0 --p18-gradient-penalty 0.0 --p18-per-channel-scale 0 --p19-residual-gate 0 --p19-head-importance 0 --p19-residual-mix-groups 0 --p19-attn-logit-bias 0 --p19-residual-decay 0 --p19-grad-equilibrium 0.0 --p19-spectral-reparam 0 --p19-weight-anticollapse 0.0 --p19-ve-bias 0 --p19-weight-noise 0.0 --p20-hrcs-scale 0 --p20-lswr-scale 0 --p20-lswr-planes 8 --p20-lrcfb-branches 0 --p20-lrcfb-narrow 0 --p20-lrcfb-learned 0 --p20-lrcfb-topk 0 --p20-dgcr-branches 0 --p20-dgcr-aux-weight 0.01 --p20-mone-experts 0 --p20-mone-topk 0 --p20-mone-narrow 1 --p20-mone-frozen 0 --p20-ncea-branches 0 --p20-ncea-eps 0.1 --p20-adwi 0 --p20-pwu-branches 0 --p20-pwu-phase 1 --p20-fsvd-gate 0 --p20-wbfc-clusters 0 --p20-wbfc-active 0 --p21-per-experts 0 --p21-per-topk 0 --p21-per-learned 0 --p21-per-attn 0 --p23-tiny-expert 0 --p23-n-experts 64 --p23-topk 16 --p23-learned-route 0 --p23-std-moe-experts 0 --p23-std-moe-topk -1 --p23-std-moe-aux-weight 0.01 --p23-lokr 0 --p23-lokr-rank 4 --p23-use-shared-block-router 0 --p23-linear-moe-experts 0 --p23-linear-moe-topk 0 --p23-quantile-route 0 --seed 1 --p34-ffn-mult 4.0 --p34-ffn-single 0 --p34-dense-attn 0 --p24-use-sliced-weight 0 --p24-sliced-weight-reduction-scale 8 --p24-sliced-weight-min-select 128 --p24-sliced-weight-scope per_token --p24-sliced-weight-balance-coeff 0.01 --p24-quantile-route 0 --p24-use-folded-mod 0 --p24-folded-mod-reduction-scale 8 --p24-folded-mod-scope per_layer --p24-folded-mod-gate-act tanh_centered --p24-use-sequence-gated-linear 0 --p24-sequence-gated-scope per_layer --p24-sequence-gated-act tanh_centered --p24-folded-mod-min-dim 128 --remix-shared-context-gates 0 --remix-use-dual-gate 0 --remix-basis-scale-factor 4 --remix-output-gate-rank 16 --p24-use-sliced-weight 0 --p24-sliced-weight-reduction-scale 8 --p24-sliced-weight-min-select 128 --p24-sliced-weight-scope per_token --p24-sliced-weight-balance-coeff 0.01 --p24-quantile-route 0 --p24-use-folded-mod 0 --p24-folded-mod-reduction-scale 8 --p24-folded-mod-scope per_layer --p24-folded-mod-gate-act tanh_centered --p24-use-sequence-gated-linear 0 --p24-sequence-gated-scope per_layer --p24-sequence-gated-act tanh_centered --remix-disable-ln-basis 0 --dense-intermediate-ln 0 --use-mol 0 --mol-n-blocks 5 --mol-n-shared 1 --mol-topk 3 --mol-thin-dim 256 --mol-head-dim 64 --mol-ffn-mult 4.0 --mol-router-aux 0.05 --mol-routed-attn softmax --mol-dispatch 1 --mol-capacity-factor 1.0 --mol-block-lr-scale 1.0 --mol-per-block-ve 0 --use-mst 0 --mst-n-subs 8 --mst-sub-dim 64 --mst-head-dim 0 --mst-input-mode fixed_slice --mst-rotated-slice-learned 0 --mst-routing-mode soft_weighted --mst-routing-topk 4 --mst-routing-aux-weight 0.01 --mst-diversity-weight 0.0 --mst-ffn-mode standard --mst-transition-mode parallel --mst-final-mode aggregate_proj --mst-final-topk -1 --mst-ffn-shared-up 0 --mst-ffn-inner-dim 0 --mst-sub-dropout 0.0 --mst-transition-every 1 --mst-ffa-temperature 1.0 --mst-global-residual 0 --mst-hybrid-dense 0 --mst-cross-sub-kv 0 --mst-sub-aux-weight 0.0 --mst-progressive-merge 0 --mst-multi-scale-windows 0 --mst-delta-residual 0 --mst-sub-layers 1 --mst-grad-equalize 0 --mst-block-diagonal-muon 0 --mst-transition-width-mult 1.0 --mst-sub-lr-scale 1.0 --mst-shared-expert 0 --mst-router-entropy-weight 0.0 --mst-shared-kv-attn 0 --mst-contrastive-diversity-weight 0.0 --mst-transition-nonlinear 0 --mst-transition-gated 0 --mst-transition-mlp 0 --mst-cross-sub-gate 0 --mst-hyper-connect 0 --mst-cross-kv-inject 0 --mst-slice-transition 0 --mst-lookback-layers 0 --mst-bilinear-transition 0 --mst-cross-sub-qmod 0 --mst-feature-cycle 0 --mst-mean-transition 0 --mst-sub-head-dim 0 --mst-final-norm 0 --mst-per-stream-ve 0 --mst-ve-map 0 --mst-ve-map-rank 0 --mst-lm-head-dim 0 --mst-compose-windows 0 --mst-channel-mix none --mst-channel-mix-site layer --mst-distribute-block-muon 0 --mst-trans-spectral-lr 0 --mst-talking-heads 0 --mst-wo-mode block --mst-stream-topk 0 --mst-stream-shared 0 --mst-stream-router-aux 0.01 --mst-stream-router-noise 0.0 --mst-stream-dispatch 0 --mst-stream-capacity-factor 1.0 --mst-stream-gate-attn 0 --mst-ffn-monarch none --mst-shampoo 0 --mst-precond-every 10 --mst-shampoo-beta 0.95 --use-eet 0 --eet-frozen-kv 1 --eet-reenter-final 0 --eet-compute-skip 0 --eet-target-active-frac 0.125 --eet-capacity-schedule bell --eet-exit-fracs  --eet-router-type mlp2 --eet-router-hidden 0 --eet-freq-prior-alpha 0.0 --eet-pos-prior-beta 0.0 --eet-domain-prior 0 --eet-warmup-frac 0.02 --eet-explore-frac 0.15 --eet-reconstruct-lambda 1.0 --eet-efficiency-lambda-start 0.01 --eet-efficiency-lambda-end 0.1 --eet-translator-rank 0 --eet-max-frozen-kv-frac 0.75 --eet-exit-threshold 0.5 --eet-min-exit-layer 1 --eet-loss-variant reconstruct --eet-topk-vocab 512 --eet-entropy-lambda 0.3 --eet-surprise-lambda 0.1 --eet-adv-lambda 1.0 --eet-adv-entropy-lambda 0.2 --eet-quality-lambda 1.0 --eet-quality-entropy-bonus 0.1 --eet-gumbel-temp-start 0.0 --eet-gumbel-temp-end 0.1 --eet-gumbel-hard 1 --eet-commitment-beta 0.1 --eet-global-router 0 --eet-freq-efficiency-alpha 0.0 --eet-diversity-lambda 0.0 --eet-ce-guided-lambda 1.0 --eet-router-lr-mult 5.0 --eet-model-lr-mult 1.0 --eet-depth-weight-type none --eet-depth-weight-max 2.5 --eet-use-override 0 --eet-override-prob-start 0.5 --eet-override-prob-end 0.1 --eet-capacity-alignment-lambda 0.0 --eet-router-task-grad 1 --eet-reinforce-interval 0 --eet-reinforce-lambda 0.1 --eet-exit-adapter-rank 0 --eet-router-after-block 0 --eet-ffn-skip 0 --eet-ffn-target-frac 0.5 --eet-ffn-full-attn 1 --eet-depth-affine 0 --eet-capacity-anneal-frac 0.0 --eet-learned-schedule 0 --eet-departure-summary 0 --eet-route-consistency-lambda 0.0 --eet-dense-distill-interval 0 --eet-dense-distill-lambda 0.5 --eet-depth-lr-scale 0 --eet-depth-grad-scale 0 --eet-detach-aux-from-backbone 0 --eet-detach-exit-from-backbone 0 --use-code-head 1 --sch-head-type monarch --sch-bits 0 --sch-order 2 --sch-max-m 1024 --sch-phi-mode monomial --sch-code-mode binary --sch-code-path  --sch-code-ecc-bits 0 --sch-code-seed 1234 --sch-phi-density 0.0 --sch-phi-dtype fp32 --sch-phi-normalize 1 --sch-phi-center 0 --sch-g-type linear --sch-g-hidden 0 --sch-g-layers 2 --sch-g-out-std 0.001 --sch-mixture 1 --sch-residual-rank 0 --sch-logit-act none --sch-bias 1 --sch-input-mode table --sch-input-hidden 0 --sch-product-groups 8 --sch-product-codebook 256 --sch-product-source hash --sch-product-impl dense --sch-phi-whiten 0 --sch-mixture-per-phi 0 --sch-mixture-topk 0 --sch-mixture-aux 0.01 --sch-monarch-m1 0 --sch-holdout-tokens 0 --sch-holdout-seed 7 --sch-holdout-min-id 256 --sch-holdout-mode target --sch-decile-metrics 1 --sch-rank-probe 16384 --sch-eval-steps 100 --compile --tokenizer-dir tokenizer_131k --data-dir data --max-shards 300 --checkpoints-dir /__modal/volumes/vo-bQhldLiDvEWGzP8qdXUlGO/out/c08_vocab131k/d8/MON_M1024_s1/depth_8/ckpt_base --model-tag base
2026-09-04 20:37:02,357 - httpx - INFO - HTTP Request: HEAD https://huggingface.co/varunneal/flash-attention-3/resolve/main/kernel-status.toml "HTTP/1.1 404 Not Found"
2026-09-04 20:37:02,510 - httpx - INFO - HTTP Request: GET https://huggingface.co/api/models/varunneal/flash-attention-3/tree/main/build?recursive=false&expand=false "HTTP/1.1 200 OK"
2026-09-04 20:37:02,639 - httpx - INFO - HTTP Request: GET https://huggingface.co/api/models/varunneal/flash-attention-3/revision/main "HTTP/1.1 200 OK"

                                                       █████                █████
                                                      ░░███                ░░███
     ████████    ██████   ████████    ██████   ██████  ░███████    ██████  ███████
    ░░███░░███  ░░░░░███ ░░███░░███  ███░░███ ███░░███ ░███░░███  ░░░░░███░░░███░
     ░███ ░███   ███████  ░███ ░███ ░███ ░███░███ ░░░  ░███ ░███   ███████  ░███
     ░███ ░███  ███░░███  ░███ ░███ ░███ ░███░███  ███ ░███ ░███  ███░░███  ░███ ███
     ████ █████░░████████ ████ █████░░██████ ░░██████  ████ █████░░███████  ░░█████
    ░░░░ ░░░░░  ░░░░░░░░ ░░░░ ░░░░░  ░░░░░░   ░░░░░░  ░░░░ ░░░░░  ░░░░░░░░   ░░░░░
    
Autodetected device type: cuda
2026-09-04 20:37:04,675 - nanochat.common - INFO - Distributed world size: 1
GPU: NVIDIA H200 | Peak FLOPS (BF16): 9.89e+14
COMPUTE_DTYPE: torch.bfloat16 (auto-detected: CUDA SM 90 (bf16 supported))
✓ Using Flash Attention 3 (Hopper GPU detected) — efficient and fast.
Vocab size: 131,072
[SCH] head=monarch V=131072, M=1024, m1=32, m2=32, block_out=4096, rank_ceiling=513 | head params 4,849,664 | head FLOPs/token 28,573,696 | dense equivalent 402,653,184
Model config:
{
  "sequence_len": 2048,
  "vocab_size": 131072,
  "n_layer": 8,
  "n_head": 4,
  "n_kv_head": 4,
  "n_embd": 512,
  "use_moe": false,
  "use_perm": false,
  "moe_num_experts": 8,
  "moe_router_dim": 64,
  "moe_embed_dim": 64,
  "dropout": 0.0,
  "use_remix_linear": false,
  "remix_context_dim": 64,
  "remix_context_dim_ratio": 6,
  "remix_basis_size": 64,
  "remix_output_gate_rank": 16,
  "remixed_linear_kwargs": {
    "use_basis_gate": true,
    "use_output_gate": true,
    "use_context": true,
    "basis_gate_mode": "mlp",
    "sparse_gate_k": 0,
    "gate_temperature": 1.0,
    "basis_scale_factor": 4,
    "n_templates": 1,
    "template_routing_learned": false,
    "template_topk": 0,
    "tiny_expert": false,
    "tiny_expert_topk": 16,
    "lokr_expert": false,
    "lokr_n_experts": 64,
    "lokr_topk": 16,
    "lokr_rank": 4,
    "lokr_learned": false,
    "basis_gate_rank": 8,
    "disable_ln_basis": false,
    "chunk_route_impl": "compose",
    "top1_gate": "ones",
    "template_delta_rank": 0,
    "route_side": "output",
    "drop_basis_proj": false,
    "basis_side_templates": 0,
    "grad_equalize": false,
    "output_gate_rank": 16,
    "operator_modulation": "none",
    "lie_generators": 4,
    "poly_order": 2,
    "grassmann_bank_size": 4
  },
  "use_pos_embed": false,
  "moe_use_abs_pos_embed": false,
  "use_layer_context": true,
  "scale_basis_size": true,
  "remix_use_dual_gate": false,
  "remix_use_fused": false,
  "p26_output_gated_linear": 0,
  "p28_shared_basis": 0,
  "p28_chunk_routing_size": 0,
  "p28_global_template_bank": "none",
  "p28_attn_proj_templates": 0,
  "p28_attn_qk_templates": 0,
  "p29_template_block_diag": 0,
  "p29_template_lr_scale": 1.0,
  "p29_grad_equalize": 0,
  "p34_ffn_mult": 4.0,
  "p34_ffn_single": 0,
  "p34_dense_attn": 0,
  "legacy_init_fallback": 0,
  "p35_template_diversity_lambda": 0.0,
  "p22_route_affine": 0,
  "p34_ffn_schedule": "",
  "p34_ffn_no_ffn_replacement": "none",
  "p34_ffn_last_depth": 1,
  "p36_swiglu_ffn": 0,
  "p36_swiglu_mult": 2.6666666666666665,
  "cond_sites": "both",
  "cond_rank": 256,
  "cond_mult_steps": 0,
  "cond_gate_source": "router",
  "cond_coeff_act": "centered",
  "cond_router_rank": 0,
  "cond_live_init": 0.0,
  "cond_router_act": "none",
  "cond_chunk_size": 0,
  "cond_mult_scale": -1.0,
  "cond_mult_impl": "wy",
  "cond_attn_projs": "qkvo",
  "cond_layer_frac": 1.0,
  "perm_expert_mode": "low_rank",
  "perm_rank": 16,
  "router_context_window": -1,
  "router_causal": true,
  "router_num_heads": 4,
  "router_num_queries": 16,
  "router_n_layers": 2,
  "router_use_vocab_prior": false,
  "window_pattern": "SSSL",
  "cclblock_modulation": "weight",
  "cclblock_orth_lambda": 0.0,
  "cclblock_context_stream": "local",
  "cclblock_ema_factor": 0.99,
  "cclblock_stale_ctx_lag": 0,
  "cclblock_sparse_gate_k": 0,
  "cclblock_gate_temperature": 1.0,
  "cclblock_context_bank_size": 0,
  "cclblock_per_head_ctx": false,
  "cclblock_context_source": "norm_x",
  "cclblock_chunk_size": 0,
  "cclblock_aux_objective": "none",
  "cclblock_aux_lambda": 0.1,
  "cclblock_boundary_token_id": 198,
  "use_ral": false,
  "ral_rank": 32,
  "cclblock_film_gate": false,
  "cclblock_attn_shadow_dim": 0,
  "cclblock_dynamic_ratio": 0.25,
  "cclblock_gate_rank": 8,
  "cclblock_num_regimes": 8,
  "cclblock_regime_temperature": 1.0,
  "cclblock_poly_order": 2,
  "cclblock_lie_generators": 4,
  "cclblock_grassmann_bank_size": 4,
  "cclblock_tucker_rank": 32,
  "cclblock_tucker_modes": 8,
  "cclblock_svs_rank": 64,
  "cclblock_svs_eps": 0.1,
  "cclblock_vq_codes": 8,
  "cclblock_vq_temperature": 1.0,
  "cclblock_dcu_warmup_steps": 0,
  "cclblock_fsi_rotations": 8,
  "cclblock_fsi_selector_dim": 64,
  "cclblock_aesp_strata": 4,
  "cclblock_aesp_delta_rank": 4,
  "cclblock_ckr_branches": 4,
  "cclblock_ckr_kernel_size": 64,
  "cclblock_ckr_pos_channels": 1,
  "cclblock_ckr_dual_optim": 0,
  "cclblock_ckr_content_bias": 0.0,
  "cclblock_giad_rank": 32,
  "cclblock_psg_kernel_size": 64,
  "cclblock_ss_dynamic_ratio": 0.25,
  "cclblock_ss_branches": 2,
  "cclblock_ss_kernel_size": 64,
  "cclblock_lokr_branches": 8,
  "cclblock_lokr_rank": 16,
  "cclblock_ckr_temp_start": 2.0,
  "cclblock_ckr_temp_end": 0.3,
  "cclblock_com_kernel_size": 32,
  "cclblock_ckr_ortho_init": 0,
  "cclblock_ckr_branch_dropout": 0.0,
  "cclblock_ckr_diversity_lambda": 0.0,
  "cclblock_ckr_layer_selective": 0,
  "cclblock_pgr_kernel_size": 64,
  "cclblock_cil_kernel_size": 64,
  "cclblock_prb_kernel_size": 64,
  "p18_layer_drop": 0.0,
  "p18_dynamic_activation": 0,
  "p18_mixture_norm": 0,
  "p18_causal_attn_bias": 0,
  "p18_aux_sim_lambda": 0.0,
  "p18_gradient_penalty": 0.0,
  "p18_per_channel_scale": 0,
  "p19_residual_gate": 0,
  "p19_head_importance": 0,
  "p19_residual_mix_groups": 0,
  "p19_attn_logit_bias": 0,
  "p19_residual_decay": 0,
  "p19_grad_equilibrium": 0.0,
  "p19_spectral_reparam": 0,
  "p19_weight_anticollapse": 0.0,
  "p19_ve_bias": 0,
  "p19_weight_noise": 0.0,
  "p20_hrcs_scale": 0,
  "p20_lswr_scale": 0,
  "p20_lswr_planes": 8,
  "p20_lrcfb_branches": 0,
  "p20_lrcfb_narrow": 0,
  "p20_lrcfb_learned": 0,
  "p20_lrcfb_topk": 0,
  "p20_dgcr_branches": 0,
  "p20_dgcr_aux_weight": 0.01,
  "p20_mone_experts": 0,
  "p20_mone_topk": 0,
  "p20_mone_narrow": 1,
  "p20_mone_frozen": 0,
  "p20_ncea_branches": 0,
  "p20_ncea_eps": 0.1,
  "p20_adwi": 0,
  "p20_pwu_branches": 0,
  "p20_pwu_phase": 1,
  "p20_fsvd_gate": 0,
  "p20_wbfc_clusters": 0,
  "p20_wbfc_active": 0,
  "p21_per_experts": 0,
  "p21_per_topk": 0,
  "p21_per_learned": 0,
  "p21_per_attn": 0,
  "p22_attn_moe_route": "none",
  "p23_tiny_expert": 0,
  "p23_n_experts": 64,
  "p23_topk": 16,
  "p23_learned_route": 0,
  "p23_std_moe_experts": 0,
  "p23_std_moe_topk": -1,
  "p23_std_moe_aux_weight": 0.01,
  "p23_lokr": 0,
  "p23_lokr_rank": 4,
  "p23_use_shared_block_router": 0,
  "p23_linear_moe_experts": 0,
  "p23_linear_moe_topk": 0,
  "p23_quantile_route": 0,
  "remix_shared_context_gates": 0,
  "p24_use_sliced_weight": 0,
  "p24_sliced_weight_reduction_scale": 8,
  "p24_sliced_weight_min_select": 128,
  "p24_sliced_weight_scope": "per_token",
  "p24_sliced_weight_balance_coeff": 0.01,
  "p24_quantile_route": 0,
  "p24_use_folded_mod": 0,
  "p24_folded_mod_reduction_scale": 8,
  "p24_folded_mod_min_dim": 128,
  "p24_folded_mod_scope": "per_layer",
  "p24_folded_mod_gate_act": "tanh_centered",
  "p24_use_sequence_gated_linear": 0,
  "p24_sequence_gated_scope": "per_layer",
  "p24_sequence_gated_act": "tanh_centered",
  "remix_disable_ln_basis": 0,
  "dense_intermediate_ln": 0,
  "use_mol": false,
  "mol_n_blocks": 5,
  "mol_n_shared": 1,
  "mol_topk": 3,
  "mol_thin_dim": 256,
  "mol_head_dim": 64,
  "mol_ffn_mult": 4.0,
  "mol_router_aux": 0.05,
  "mol_routed_attn": "softmax",
  "mol_dispatch": 1,
  "mol_capacity_factor": 1.0,
  "mol_block_lr_scale": 1.0,
  "mol_per_block_ve": 0,
  "use_mst": false,
  "mst_n_subs": 8,
  "mst_sub_dim": 64,
  "mst_head_dim": 0,
  "mst_input_mode": "fixed_slice",
  "mst_rotated_slice_learned": false,
  "mst_routing_mode": "soft_weighted",
  "mst_routing_topk": 4,
  "mst_routing_aux_weight": 0.01,
  "mst_diversity_weight": 0.0,
  "mst_ffn_mode": "standard",
  "mst_transition_mode": "parallel",
  "mst_final_mode": "aggregate_proj",
  "mst_final_topk": -1,
  "mst_ffn_shared_up": 0,
  "mst_ffn_inner_dim": 0,
  "mst_sub_dropout": 0.0,
  "mst_transition_every": 1,
  "mst_ffa_temperature": 1.0,
  "mst_global_residual": 0,
  "mst_hybrid_dense": 0,
  "mst_cross_sub_kv": 0,
  "mst_sub_aux_weight": 0.0,
  "mst_progressive_merge": 0,
  "mst_multi_scale_windows": 0,
  "mst_delta_residual": 0,
  "mst_sub_layers": 1,
  "mst_grad_equalize": 0,
  "mst_block_diagonal_muon": 0,
  "mst_transition_width_mult": 1.0,
  "mst_sub_lr_scale": 1.0,
  "mst_shared_expert": 0,
  "mst_router_entropy_weight": 0.0,
  "mst_shared_kv_attn": 0,
  "mst_contrastive_diversity_weight": 0.0,
  "mst_transition_nonlinear": 0,
  "mst_transition_gated": 0,
  "mst_transition_mlp": 0,
  "mst_cross_sub_gate": 0,
  "mst_hyper_connect": 0,
  "mst_cross_kv_inject": 0,
  "mst_slice_transition": 0,
  "mst_lookback_layers": 0,
  "mst_bilinear_transition": 0,
  "mst_cross_sub_qmod": 0,
  "mst_feature_cycle": 0,
  "mst_mean_transition": 0,
  "mst_sub_head_dim": 0,
  "mst_final_norm": 0,
  "mst_per_stream_ve": 0,
  "mst_ve_map": 0,
  "mst_ve_map_rank": 0,
  "mst_lm_head_dim": 0,
  "mst_compose_windows": 0,
  "mst_channel_mix": "none",
  "mst_channel_mix_site": "layer",
  "mst_distribute_block_muon": 0,
  "mst_trans_spectral_lr": 0,
  "mst_talking_heads": 0,
  "mst_wo_mode": "block",
  "mst_stream_topk": 0,
  "mst_stream_shared": 0,
  "mst_stream_router_aux": 0.01,
  "mst_stream_router_noise": 0.0,
  "mst_stream_dispatch": 0,
  "mst_stream_capacity_factor": 1.0,
  "mst_stream_gate_attn": 0,
  "mst_ffn_monarch": "none",
  "mst_shampoo": 0,
  "mst_precond_every": 10,
  "mst_shampoo_beta": 0.95,
  "use_eet": false,
  "eet_frozen_kv": true,
  "eet_reenter_final": false,
  "eet_router_type": "mlp2",
  "eet_router_hidden": 0,
  "eet_freq_prior_alpha": 0.0,
  "eet_pos_prior_beta": 0.0,
  "eet_domain_prior": false,
  "eet_warmup_frac": 0.02,
  "eet_explore_frac": 0.15,
  "eet_reconstruct_lambda": 1.0,
  "eet_efficiency_lambda_start": 0.01,
  "eet_efficiency_lambda_end": 0.1,
  "eet_translator_rank": 0,
  "eet_max_frozen_kv_frac": 0.75,
  "eet_exit_threshold": 0.5,
  "eet_min_exit_layer": 1,
  "eet_loss_variant": "reconstruct",
  "eet_topk_vocab": 512,
  "eet_entropy_lambda": 0.3,
  "eet_surprise_lambda": 0.1,
  "eet_adv_lambda": 1.0,
  "eet_adv_entropy_lambda": 0.2,
  "eet_quality_lambda": 1.0,
  "eet_quality_entropy_bonus": 0.1,
  "eet_gumbel_temp_start": 0.0,
  "eet_gumbel_temp_end": 0.1,
  "eet_gumbel_hard": true,
  "eet_commitment_beta": 0.1,
  "eet_global_router": false,
  "eet_freq_efficiency_alpha": 0.0,
  "eet_diversity_lambda": 0.0,
  "eet_ce_guided_lambda": 1.0,
  "eet_router_lr_mult": 5.0,
  "eet_model_lr_mult": 1.0,
  "eet_depth_weight_type": "none",
  "eet_depth_weight_max": 2.5,
  "eet_use_override": 0,
  "eet_override_prob_start": 0.5,
  "eet_override_prob_end": 0.1,
  "eet_compute_skip": false,
  "eet_target_active_frac": 0.125,
  "eet_capacity_schedule": "bell",
  "eet_exit_fracs": null,
  "eet_capacity_alignment_lambda": 0.0,
  "eet_router_task_grad": true,
  "eet_reinforce_interval": 0,
  "eet_reinforce_lambda": 0.1,
  "eet_exit_adapter_rank": 0,
  "eet_router_after_block": 0,
  "eet_ffn_skip": false,
  "eet_ffn_target_frac": 0.5,
  "eet_ffn_full_attn": true,
  "eet_depth_affine": false,
  "eet_capacity_anneal_frac": 0.0,
  "eet_learned_schedule": false,
  "eet_departure_summary": false,
  "eet_route_consistency_lambda": 0.0,
  "eet_dense_distill_interval": 0,
  "eet_dense_distill_lambda": 0.5,
  "eet_depth_lr_scale": false,
  "eet_depth_grad_scale": false,
  "eet_detach_aux_from_backbone": false,
  "eet_detach_exit_from_backbone": false,
  "use_code_head": true,
  "sch_head_type": "monarch",
  "sch_bits": 0,
  "sch_order": 2,
  "sch_max_m": 1024,
  "sch_phi_mode": "monomial",
  "sch_code_mode": "binary",
  "sch_code_path": "",
  "sch_code_ecc_bits": 0,
  "sch_code_seed": 1234,
  "sch_phi_density": 0.0,
  "sch_phi_dtype": "fp32",
  "sch_phi_normalize": 1,
  "sch_phi_center": 0,
  "sch_g_type": "linear",
  "sch_g_hidden": 0,
  "sch_g_layers": 2,
  "sch_g_out_std": 0.001,
  "sch_mixture": 1,
  "sch_residual_rank": 0,
  "sch_logit_act": "none",
  "sch_bias": 1,
  "sch_input_mode": "table",
  "sch_input_hidden": 0,
  "sch_product_groups": 8,
  "sch_product_codebook": 256,
  "sch_product_source": "hash",
  "sch_product_impl": "dense",
  "sch_phi_whiten": 0,
  "sch_mixture_per_phi": 0,
  "sch_mixture_topk": 0,
  "sch_mixture_aux": 0.01,
  "sch_monarch_m1": 0
}
Seeded weight init with --seed 1
Checkpoints directory: /__modal/volumes/vo-bQhldLiDvEWGzP8qdXUlGO/out/c08_vocab131k/d8/MON_M1024_s1/depth_8/ckpt_base/base
✓ Wrapping model with DistributedDataParallel (rank 0, find_unused_parameters=False, broadcast_buffers=False)
Parameter counts:
wte                     : 67,108,864
wpe                     : 0
value_embeds            : 268,435,456
lm_head                 : 4,849,664
transformer_matrices    : 25,166,336
research                : 0
scalars                 : 16
total                   : 365,560,336
Estimated FLOPs per token (total):  2.141747e+08
Estimated FLOPs per token (active): 2.141747e+08
Estimated active params:            365,560,336
[SCH] head=monarch V=131072, M=1024, m1=32, m2=32, block_out=4096, rank_ceiling=513 | head params 4,849,664 | head FLOPs/token 28,573,696 | dense equivalent 402,653,184
Scaling LRs by 0.7071 for batch size 262,144 (reference: 524,288)
Scaling weight decay from 0.200000 to 0.065288 for depth 8
Scaling the LR for the AdamW parameters ∝1/√(512/768) = 1.224745
Calculated number of iterations from target data:param ratio: 3,696
Total number of training tokens: 968,884,224
Tokens : Scaling params ratio: 32.28
Total training FLOPs estimate: 2.075105e+17
Total training FLOPs (active):  2.075105e+17
Total active training FLOPs estimate: 2.075105e+17
Using base scheduler: linear warmup/flat/linear warmdown
Tokens / micro-batch / rank: 32 x 2048 = 65,536
Tokens / micro-batch: 65,536
Total batch size 262,144 => gradient accumulation steps: 4
Running pre-compilation warmup (1 dummy forward+backward to init lazy allocations)...
[rank0]:W0904 20:37:06.232000 522 site-packages/torch/_logging/_internal.py:1199] [0/0] Profiler function <class 'torch.autograd.profiler.record_function'> will be ignored
Warmup complete. Steady-state VRAM: 4.4 GB allocated
step 00000/03696 (0.00%) | loss: 11.780063 | lrm: 0.06 | lr(adamw:2.262e-02, muon:7.857e-04) | dt: 548.70ms | tok/sec: 477,752 | bf16_mfu: 10.35 | epoch: 1 pq: 0 rg: 1 | total time: 0.00m
2026-09-04 20:39:00,919 - nanochat.checkpoint_manager - INFO - Saved model parameters to: /__modal/volumes/vo-bQhldLiDvEWGzP8qdXUlGO/out/c08_vocab131k/d8/MON_M1024_s1/depth_8/ckpt_base/base/model_000200.pt
2026-09-04 20:39:00,921 - nanochat.checkpoint_manager - INFO - Saved metadata to: /__modal/volumes/vo-bQhldLiDvEWGzP8qdXUlGO/out/c08_vocab131k/d8/MON_M1024_s1/depth_8/ckpt_base/base/meta_000200.json
2026-09-04 20:39:04,154 - nanochat.checkpoint_manager - INFO - Saved optimizer state to: /__modal/volumes/vo-bQhldLiDvEWGzP8qdXUlGO/out/c08_vocab131k/d8/MON_M1024_s1/depth_8/ckpt_base/base/optim_000200_rank0.pt
step 00200/03696 (5.41%) | loss: 4.726723 | lrm: 1.00 | lr(adamw:4.071e-01, muon:1.414e-02) | dt: 397.50ms | tok/sec: 659,480 | bf16_mfu: 14.28 | epoch: 1 pq: 1 rg: 21 | total time: 1.29m | eta: 23.8m
2026-09-04 20:40:27,814 - nanochat.checkpoint_manager - INFO - Saved model parameters to: /__modal/volumes/vo-bQhldLiDvEWGzP8qdXUlGO/out/c08_vocab131k/d8/MON_M1024_s1/depth_8/ckpt_base/base/model_000400.pt
2026-09-04 20:40:27,817 - nanochat.checkpoint_manager - INFO - Saved metadata to: /__modal/volumes/vo-bQhldLiDvEWGzP8qdXUlGO/out/c08_vocab131k/d8/MON_M1024_s1/depth_8/ckpt_base/base/meta_000400.json
2026-09-04 20:40:31,115 - nanochat.checkpoint_manager - INFO - Saved optimizer state to: /__modal/volumes/vo-bQhldLiDvEWGzP8qdXUlGO/out/c08_vocab131k/d8/MON_M1024_s1/depth_8/ckpt_base/base/optim_000400_rank0.pt
Removed previous periodic checkpoint at step 000200
step 00400/03696 (10.82%) | loss: 4.265994 | lrm: 1.00 | lr(adamw:4.071e-01, muon:1.414e-02) | dt: 398.90ms | tok/sec: 657,167 | bf16_mfu: 14.23 | epoch: 1 pq: 2 rg: 39 | total time: 2.66m | eta: 22.5m
2026-09-04 20:41:55,500 - nanochat.checkpoint_manager - INFO - Saved model parameters to: /__modal/volumes/vo-bQhldLiDvEWGzP8qdXUlGO/out/c08_vocab131k/d8/MON_M1024_s1/depth_8/ckpt_base/base/model_000600.pt
2026-09-04 20:41:55,503 - nanochat.checkpoint_manager - INFO - Saved metadata to: /__modal/volumes/vo-bQhldLiDvEWGzP8qdXUlGO/out/c08_vocab131k/d8/MON_M1024_s1/depth_8/ckpt_base/base/meta_000600.json
2026-09-04 20:41:58,493 - nanochat.checkpoint_manager - INFO - Saved optimizer state to: /__modal/volumes/vo-bQhldLiDvEWGzP8qdXUlGO/out/c08_vocab131k/d8/MON_M1024_s1/depth_8/ckpt_base/base/optim_000600_rank0.pt
Removed previous periodic checkpoint at step 000400
step 00600/03696 (16.23%) | loss: 4.093021 | lrm: 1.00 | lr(adamw:4.071e-01, muon:1.414e-02) | dt: 405.27ms | tok/sec: 646,836 | bf16_mfu: 14.01 | epoch: 1 pq: 3 rg: 58 | total time: 4.04m | eta: 21.2m
2026-09-04 20:43:24,008 - nanochat.checkpoint_manager - INFO - Saved model parameters to: /__modal/volumes/vo-bQhldLiDvEWGzP8qdXUlGO/out/c08_vocab131k/d8/MON_M1024_s1/depth_8/ckpt_base/base/model_000800.pt
2026-09-04 20:43:24,011 - nanochat.checkpoint_manager - INFO - Saved metadata to: /__modal/volumes/vo-bQhldLiDvEWGzP8qdXUlGO/out/c08_vocab131k/d8/MON_M1024_s1/depth_8/ckpt_base/base/meta_000800.json
2026-09-04 20:43:27,221 - nanochat.checkpoint_manager - INFO - Saved optimizer state to: /__modal/volumes/vo-bQhldLiDvEWGzP8qdXUlGO/out/c08_vocab131k/d8/MON_M1024_s1/depth_8/ckpt_base/base/optim_000800_rank0.pt
Removed previous periodic checkpoint at step 000600
step 00800/03696 (21.65%) | loss: 4.044166 | lrm: 1.00 | lr(adamw:4.071e-01, muon:1.414e-02) | dt: 406.93ms | tok/sec: 644,201 | bf16_mfu: 13.95 | epoch: 1 pq: 4 rg: 78 | total time: 5.44m | eta: 19.9m
2026-09-04 20:44:52,941 - nanochat.checkpoint_manager - INFO - Saved model parameters to: /__modal/volumes/vo-bQhldLiDvEWGzP8qdXUlGO/out/c08_vocab131k/d8/MON_M1024_s1/depth_8/ckpt_base/base/model_001000.pt
2026-09-04 20:44:52,944 - nanochat.checkpoint_manager - INFO - Saved metadata to: /__modal/volumes/vo-bQhldLiDvEWGzP8qdXUlGO/out/c08_vocab131k/d8/MON_M1024_s1/depth_8/ckpt_base/base/meta_001000.json
2026-09-04 20:44:56,194 - nanochat.checkpoint_manager - INFO - Saved optimizer state to: /__modal/volumes/vo-bQhldLiDvEWGzP8qdXUlGO/out/c08_vocab131k/d8/MON_M1024_s1/depth_8/ckpt_base/base/optim_001000_rank0.pt
Removed previous periodic checkpoint at step 000800
step 01000/03696 (27.06%) | loss: 3.938178 | lrm: 1.00 | lr(adamw:4.071e-01, muon:1.414e-02) | dt: 407.62ms | tok/sec: 643,112 | bf16_mfu: 13.93 | epoch: 1 pq: 6 rg: 15 | total time: 6.84m | eta: 18.6m
2026-09-04 20:46:22,469 - nanochat.checkpoint_manager - INFO - Saved model parameters to: /__modal/volumes/vo-bQhldLiDvEWGzP8qdXUlGO/out/c08_vocab131k/d8/MON_M1024_s1/depth_8/ckpt_base/base/model_001200.pt
2026-09-04 20:46:22,472 - nanochat.checkpoint_manager - INFO - Saved metadata to: /__modal/volumes/vo-bQhldLiDvEWGzP8qdXUlGO/out/c08_vocab131k/d8/MON_M1024_s1/depth_8/ckpt_base/base/meta_001200.json
2026-09-04 20:46:25,597 - nanochat.checkpoint_manager - INFO - Saved optimizer state to: /__modal/volumes/vo-bQhldLiDvEWGzP8qdXUlGO/out/c08_vocab131k/d8/MON_M1024_s1/depth_8/ckpt_base/base/optim_001200_rank0.pt
Removed previous periodic checkpoint at step 001000
step 01200/03696 (32.47%) | loss: 3.863810 | lrm: 1.00 | lr(adamw:4.071e-01, muon:1.414e-02) | dt: 408.57ms | tok/sec: 641,617 | bf16_mfu: 13.89 | epoch: 1 pq: 7 rg: 34 | total time: 8.25m | eta: 17.3m
2026-09-04 20:47:51,845 - nanochat.checkpoint_manager - INFO - Saved model parameters to: /__modal/volumes/vo-bQhldLiDvEWGzP8qdXUlGO/out/c08_vocab131k/d8/MON_M1024_s1/depth_8/ckpt_base/base/model_001400.pt
2026-09-04 20:47:51,848 - nanochat.checkpoint_manager - INFO - Saved metadata to: /__modal/volumes/vo-bQhldLiDvEWGzP8qdXUlGO/out/c08_vocab131k/d8/MON_M1024_s1/depth_8/ckpt_base/base/meta_001400.json
2026-09-04 20:47:54,694 - nanochat.checkpoint_manager - INFO - Saved optimizer state to: /__modal/volumes/vo-bQhldLiDvEWGzP8qdXUlGO/out/c08_vocab131k/d8/MON_M1024_s1/depth_8/ckpt_base/base/optim_001400_rank0.pt
Removed previous periodic checkpoint at step 001200
step 01400/03696 (37.88%) | loss: 3.841491 | lrm: 0.96 | lr(adamw:3.900e-01, muon:1.355e-02) | dt: 409.46ms | tok/sec: 640,219 | bf16_mfu: 13.86 | epoch: 1 pq: 8 rg: 54 | total time: 9.66m | eta: 16.0m
2026-09-04 20:49:21,104 - nanochat.checkpoint_manager - INFO - Saved model parameters to: /__modal/volumes/vo-bQhldLiDvEWGzP8qdXUlGO/out/c08_vocab131k/d8/MON_M1024_s1/depth_8/ckpt_base/base/model_001600.pt
2026-09-04 20:49:21,107 - nanochat.checkpoint_manager - INFO - Saved metadata to: /__modal/volumes/vo-bQhldLiDvEWGzP8qdXUlGO/out/c08_vocab131k/d8/MON_M1024_s1/depth_8/ckpt_base/base/meta_001600.json
2026-09-04 20:49:24,204 - nanochat.checkpoint_manager - INFO - Saved optimizer state to: /__modal/volumes/vo-bQhldLiDvEWGzP8qdXUlGO/out/c08_vocab131k/d8/MON_M1024_s1/depth_8/ckpt_base/base/optim_001600_rank0.pt
Removed previous periodic checkpoint at step 001400
step 01600/03696 (43.29%) | loss: 3.792018 | lrm: 0.88 | lr(adamw:3.578e-01, muon:1.243e-02) | dt: 413.30ms | tok/sec: 634,272 | bf16_mfu: 13.74 | epoch: 1 pq: 9 rg: 74 | total time: 11.08m | eta: 14.6m
2026-09-04 20:51:38,669 - nanochat.checkpoint_manager - INFO - Saved model parameters to: /__modal/volumes/vo-bQhldLiDvEWGzP8qdXUlGO/out/c08_vocab131k/d8/MON_M1024_s1/depth_8/ckpt_base/base/model_001800.pt
2026-09-04 20:51:38,671 - nanochat.checkpoint_manager - INFO - Saved metadata to: /__modal/volumes/vo-bQhldLiDvEWGzP8qdXUlGO/out/c08_vocab131k/d8/MON_M1024_s1/depth_8/ckpt_base/base/meta_001800.json
2026-09-04 20:51:43,352 - nanochat.checkpoint_manager - INFO - Saved optimizer state to: /__modal/volumes/vo-bQhldLiDvEWGzP8qdXUlGO/out/c08_vocab131k/d8/MON_M1024_s1/depth_8/ckpt_base/base/optim_001800_rank0.pt
Removed previous periodic checkpoint at step 001600
step 01800/03696 (48.70%) | loss: 3.769132 | lrm: 0.80 | lr(adamw:3.256e-01, muon:1.131e-02) | dt: 554.13ms | tok/sec: 473,076 | bf16_mfu: 10.24 | epoch: 1 pq: 11 rg: 10 | total time: 13.27m | eta: 14.1m
<|bos|>The capital of France is the capital of the world, and the capital of the world is the capital of
<|bos|>The chemical symbol of gold is iron. The chemical symbol of gold is iron. The chemical symbol of gold is
<|bos|>If yesterday was Friday, then tomorrow will be Saturday, and the day will be Saturday. The day will be Saturday, and
<|bos|>The opposite of hot is bad. It's not bad. It's not bad. It's not bad
<|bos|>The planets of the solar system are: Mars, Venus, Mars, Mars, Jupiter, Saturn, Uranus, Neptune,
<|bos|>My favorite color is the red, but I'm not sure how it works. I'm not sure
<|bos|>If 5*x + 3 = 13, then x is 1.5. This is the same as 5x + 3
2026-09-04 20:53:11,339 - nanochat.checkpoint_manager - INFO - Saved model parameters to: /__modal/volumes/vo-bQhldLiDvEWGzP8qdXUlGO/out/c08_vocab131k/d8/MON_M1024_s1/depth_8/ckpt_base/base/model_002000.pt
2026-09-04 20:53:11,343 - nanochat.checkpoint_manager - INFO - Saved metadata to: /__modal/volumes/vo-bQhldLiDvEWGzP8qdXUlGO/out/c08_vocab131k/d8/MON_M1024_s1/depth_8/ckpt_base/base/meta_002000.json
2026-09-04 20:53:14,090 - nanochat.checkpoint_manager - INFO - Saved optimizer state to: /__modal/volumes/vo-bQhldLiDvEWGzP8qdXUlGO/out/c08_vocab131k/d8/MON_M1024_s1/depth_8/ckpt_base/base/optim_002000_rank0.pt
Removed previous periodic checkpoint at step 001800
step 02000/03696 (54.11%) | loss: 3.728864 | lrm: 0.72 | lr(adamw:2.934e-01, muon:1.019e-02) | dt: 410.87ms | tok/sec: 638,026 | bf16_mfu: 13.82 | epoch: 1 pq: 12 rg: 30 | total time: 14.69m | eta: 12.5m
2026-09-04 20:54:41,441 - nanochat.checkpoint_manager - INFO - Saved model parameters to: /__modal/volumes/vo-bQhldLiDvEWGzP8qdXUlGO/out/c08_vocab131k/d8/MON_M1024_s1/depth_8/ckpt_base/base/model_002200.pt
2026-09-04 20:54:41,444 - nanochat.checkpoint_manager - INFO - Saved metadata to: /__modal/volumes/vo-bQhldLiDvEWGzP8qdXUlGO/out/c08_vocab131k/d8/MON_M1024_s1/depth_8/ckpt_base/base/meta_002200.json
2026-09-04 20:54:44,296 - nanochat.checkpoint_manager - INFO - Saved optimizer state to: /__modal/volumes/vo-bQhldLiDvEWGzP8qdXUlGO/out/c08_vocab131k/d8/MON_M1024_s1/depth_8/ckpt_base/base/optim_002200_rank0.pt
Removed previous periodic checkpoint at step 002000
step 02200/03696 (59.52%) | loss: 3.706489 | lrm: 0.64 | lr(adamw:2.612e-01, muon:9.075e-03) | dt: 412.96ms | tok/sec: 634,800 | bf16_mfu: 13.75 | epoch: 1 pq: 13 rg: 50 | total time: 16.12m | eta: 11.0m
2026-09-04 20:56:11,413 - nanochat.checkpoint_manager - INFO - Saved model parameters to: /__modal/volumes/vo-bQhldLiDvEWGzP8qdXUlGO/out/c08_vocab131k/d8/MON_M1024_s1/depth_8/ckpt_base/base/model_002400.pt
2026-09-04 20:56:11,415 - nanochat.checkpoint_manager - INFO - Saved metadata to: /__modal/volumes/vo-bQhldLiDvEWGzP8qdXUlGO/out/c08_vocab131k/d8/MON_M1024_s1/depth_8/ckpt_base/base/meta_002400.json
2026-09-04 20:56:14,102 - nanochat.checkpoint_manager - INFO - Saved optimizer state to: /__modal/volumes/vo-bQhldLiDvEWGzP8qdXUlGO/out/c08_vocab131k/d8/MON_M1024_s1/depth_8/ckpt_base/base/optim_002400_rank0.pt
Removed previous periodic checkpoint at step 002200
step 02400/03696 (64.94%) | loss: 3.665978 | lrm: 0.56 | lr(adamw:2.290e-01, muon:7.956e-03) | dt: 413.97ms | tok/sec: 633,240 | bf16_mfu: 13.71 | epoch: 1 pq: 14 rg: 69 | total time: 17.55m | eta: 9.5m
2026-09-04 20:57:41,471 - nanochat.checkpoint_manager - INFO - Saved model parameters to: /__modal/volumes/vo-bQhldLiDvEWGzP8qdXUlGO/out/c08_vocab131k/d8/MON_M1024_s1/depth_8/ckpt_base/base/model_002600.pt
2026-09-04 20:57:41,474 - nanochat.checkpoint_manager - INFO - Saved metadata to: /__modal/volumes/vo-bQhldLiDvEWGzP8qdXUlGO/out/c08_vocab131k/d8/MON_M1024_s1/depth_8/ckpt_base/base/meta_002600.json
2026-09-04 20:57:44,450 - nanochat.checkpoint_manager - INFO - Saved optimizer state to: /__modal/volumes/vo-bQhldLiDvEWGzP8qdXUlGO/out/c08_vocab131k/d8/MON_M1024_s1/depth_8/ckpt_base/base/optim_002600_rank0.pt
Removed previous periodic checkpoint at step 002400
step 02600/03696 (70.35%) | loss: 3.634383 | lrm: 0.48 | lr(adamw:1.968e-01, muon:6.837e-03) | dt: 413.74ms | tok/sec: 633,592 | bf16_mfu: 13.72 | epoch: 1 pq: 16 rg: 6 | total time: 18.98m | eta: 8.0m
2026-09-04 20:59:11,767 - nanochat.checkpoint_manager - INFO - Saved model parameters to: /__modal/volumes/vo-bQhldLiDvEWGzP8qdXUlGO/out/c08_vocab131k/d8/MON_M1024_s1/depth_8/ckpt_base/base/model_002800.pt
2026-09-04 20:59:11,770 - nanochat.checkpoint_manager - INFO - Saved metadata to: /__modal/volumes/vo-bQhldLiDvEWGzP8qdXUlGO/out/c08_vocab131k/d8/MON_M1024_s1/depth_8/ckpt_base/base/meta_002800.json
2026-09-04 20:59:14,549 - nanochat.checkpoint_manager - INFO - Saved optimizer state to: /__modal/volumes/vo-bQhldLiDvEWGzP8qdXUlGO/out/c08_vocab131k/d8/MON_M1024_s1/depth_8/ckpt_base/base/optim_002800_rank0.pt
Removed previous periodic checkpoint at step 002600
step 02800/03696 (75.76%) | loss: 3.610344 | lrm: 0.40 | lr(adamw:1.646e-01, muon:5.719e-03) | dt: 415.93ms | tok/sec: 630,266 | bf16_mfu: 13.65 | epoch: 1 pq: 17 rg: 25 | total time: 20.41m | eta: 6.6m
2026-09-04 21:00:42,057 - nanochat.checkpoint_manager - INFO - Saved model parameters to: /__modal/volumes/vo-bQhldLiDvEWGzP8qdXUlGO/out/c08_vocab131k/d8/MON_M1024_s1/depth_8/ckpt_base/base/model_003000.pt
2026-09-04 21:00:42,060 - nanochat.checkpoint_manager - INFO - Saved metadata to: /__modal/volumes/vo-bQhldLiDvEWGzP8qdXUlGO/out/c08_vocab131k/d8/MON_M1024_s1/depth_8/ckpt_base/base/meta_003000.json
2026-09-04 21:00:44,778 - nanochat.checkpoint_manager - INFO - Saved optimizer state to: /__modal/volumes/vo-bQhldLiDvEWGzP8qdXUlGO/out/c08_vocab131k/d8/MON_M1024_s1/depth_8/ckpt_base/base/optim_003000_rank0.pt
Removed previous periodic checkpoint at step 002800
step 03000/03696 (81.17%) | loss: 3.575529 | lrm: 0.33 | lr(adamw:1.324e-01, muon:4.600e-03) | dt: 415.47ms | tok/sec: 630,953 | bf16_mfu: 13.66 | epoch: 1 pq: 18 rg: 43 | total time: 21.84m | eta: 5.1m
2026-09-04 21:02:12,383 - nanochat.checkpoint_manager - INFO - Saved model parameters to: /__modal/volumes/vo-bQhldLiDvEWGzP8qdXUlGO/out/c08_vocab131k/d8/MON_M1024_s1/depth_8/ckpt_base/base/model_003200.pt
2026-09-04 21:02:12,386 - nanochat.checkpoint_manager - INFO - Saved metadata to: /__modal/volumes/vo-bQhldLiDvEWGzP8qdXUlGO/out/c08_vocab131k/d8/MON_M1024_s1/depth_8/ckpt_base/base/meta_003200.json
2026-09-04 21:02:15,301 - nanochat.checkpoint_manager - INFO - Saved optimizer state to: /__modal/volumes/vo-bQhldLiDvEWGzP8qdXUlGO/out/c08_vocab131k/d8/MON_M1024_s1/depth_8/ckpt_base/base/optim_003200_rank0.pt
Removed previous periodic checkpoint at step 003000
step 03200/03696 (86.58%) | loss: 3.581914 | lrm: 0.25 | lr(adamw:1.002e-01, muon:3.481e-03) | dt: 418.52ms | tok/sec: 626,365 | bf16_mfu: 13.56 | epoch: 1 pq: 19 rg: 62 | total time: 23.27m | eta: 3.6m
2026-09-04 21:03:42,890 - nanochat.checkpoint_manager - INFO - Saved model parameters to: /__modal/volumes/vo-bQhldLiDvEWGzP8qdXUlGO/out/c08_vocab131k/d8/MON_M1024_s1/depth_8/ckpt_base/base/model_003400.pt
2026-09-04 21:03:42,893 - nanochat.checkpoint_manager - INFO - Saved metadata to: /__modal/volumes/vo-bQhldLiDvEWGzP8qdXUlGO/out/c08_vocab131k/d8/MON_M1024_s1/depth_8/ckpt_base/base/meta_003400.json
2026-09-04 21:03:45,633 - nanochat.checkpoint_manager - INFO - Saved optimizer state to: /__modal/volumes/vo-bQhldLiDvEWGzP8qdXUlGO/out/c08_vocab131k/d8/MON_M1024_s1/depth_8/ckpt_base/base/optim_003400_rank0.pt
Removed previous periodic checkpoint at step 003200
step 03400/03696 (91.99%) | loss: 3.545421 | lrm: 0.17 | lr(adamw:6.801e-02, muon:2.363e-03) | dt: 418.54ms | tok/sec: 626,324 | bf16_mfu: 13.56 | epoch: 1 pq: 20 rg: 83 | total time: 24.71m | eta: 2.2m
2026-09-04 21:05:13,194 - nanochat.checkpoint_manager - INFO - Saved model parameters to: /__modal/volumes/vo-bQhldLiDvEWGzP8qdXUlGO/out/c08_vocab131k/d8/MON_M1024_s1/depth_8/ckpt_base/base/model_003600.pt
2026-09-04 21:05:13,197 - nanochat.checkpoint_manager - INFO - Saved metadata to: /__modal/volumes/vo-bQhldLiDvEWGzP8qdXUlGO/out/c08_vocab131k/d8/MON_M1024_s1/depth_8/ckpt_base/base/meta_003600.json
2026-09-04 21:05:16,316 - nanochat.checkpoint_manager - INFO - Saved optimizer state to: /__modal/volumes/vo-bQhldLiDvEWGzP8qdXUlGO/out/c08_vocab131k/d8/MON_M1024_s1/depth_8/ckpt_base/base/optim_003600_rank0.pt
Removed previous periodic checkpoint at step 003400
step 03600/03696 (97.40%) | loss: 3.535282 | lrm: 0.09 | lr(adamw:3.581e-02, muon:1.244e-03) | dt: 419.65ms | tok/sec: 624,677 | bf16_mfu: 13.53 | epoch: 1 pq: 22 rg: 18 | total time: 26.14m | eta: 0.7m
step 03695/03696 (99.97%) | loss: 3.583393 | lrm: 0.05 | lr(adamw:2.051e-02, muon:7.127e-04) | dt: 429.21ms | tok/sec: 610,756 | bf16_mfu: 13.23 | epoch: 1 pq: 22 rg: 67 | total time: 26.82m | eta: 0.0m
Step 03696 | Validation bpb: 1.013961 | val_loss: 3.528160
<|bos|>The capital of France is the capital of the United Kingdom, and the capital of the United States is the
<|bos|>The chemical symbol of gold is 2.5. The chemical symbol of gold is 2.5.
<|bos|>If yesterday was Friday, then tomorrow will be Friday, then tomorrow will be Friday. If yesterday was Friday, then tomorrow will
<|bos|>The opposite of hot is cold. The temperature of the air is about 100 degrees Fahrenheit. The
<|bos|>The planets of the solar system are: 1) the planet Mercury, 2) the planet Venus, 3
<|bos|>My favorite color is red. It's a beautiful color that's a little bit different from the other
<|bos|>If 5*x + 3 = 13, then x is the number of moles of the substance. If 5*x + 3 =
2026-09-04 21:06:51,060 - nanochat.checkpoint_manager - INFO - Saved model parameters to: /__modal/volumes/vo-bQhldLiDvEWGzP8qdXUlGO/out/c08_vocab131k/d8/MON_M1024_s1/depth_8/ckpt_base/base/model_003696.pt
2026-09-04 21:06:51,063 - nanochat.checkpoint_manager - INFO - Saved metadata to: /__modal/volumes/vo-bQhldLiDvEWGzP8qdXUlGO/out/c08_vocab131k/d8/MON_M1024_s1/depth_8/ckpt_base/base/meta_003696.json
2026-09-04 21:06:53,785 - nanochat.checkpoint_manager - INFO - Saved optimizer state to: /__modal/volumes/vo-bQhldLiDvEWGzP8qdXUlGO/out/c08_vocab131k/d8/MON_M1024_s1/depth_8/ckpt_base/base/optim_003696_rank0.pt
step 03696/03696 (final) | loss: 3.583393 | early_stop: 0
Peak memory usage: 82177.71MiB
Total training time: 26.82m
Minimum validation bpb: 1.013961
Minimum validation loss (nats/byte): 3.528160
[SCH] run_tag=base  phi_width_M=1024  rank_ceiling=513  rank_effective_rank=590  val_bpb=1.0140  bpb_tail_minus_head=0.5059
Final Validation BPB for base: 1.0140

--- Generating Report ---
Saved plot to out/c08_vocab131k/d8/MON_M1024_s1/depth_8/comparison_depth_8.png
Saved TSV data to out/c08_vocab131k/d8/MON_M1024_s1/depth_8/results_depth_8.tsv
Generating report to out/report/report.md
Copying report.md to current directory for convenience
================================================================
Sweep Complete! Results saved to out/c08_vocab131k/d8/MON_M1024_s1
================================================================
OK    MON_M1024_s1

============================================================
  C08 complete.

    python -m scripts.sweep_report out/c08_vocab131k/d<DEPTH>

  THE ONE NUMBER: gap = bpb_MON - bpb_dense at depth 8.
    V=32768  depth 8, head share 35.2%:  +0.0788  (already known)
    V=131072 depth 8, head share 68.4%:  this run

    below +0.0788  the gap IMPROVED with vocabulary. Unexpected, and the
                   strongest possible result. Go to depth 12 and 16.
    near  +0.0788  V-invariant. Monarch wins the Pareto read at depth 8
                   and 12; re-check 16.
    near  +0.0958  tracks head share, as c07 suggested. Wins at depth 8,
                   loses at 12. The viable window is one rung wide.
    above +0.1478  BREAK-EVEN EXCEEDED. Monarch is above the dense curve
                   even in its most favourable regime. That ends it, and
                   the reason is the mechanism neither model captured:
                   4x the tokens sharing one d x M map, with per-token
                   capacity m1=32 against d unchanged by V.

  The break-even figure uses the dense slope measured at V=32768. Run
  depth 4 as well to get the real V=131072 slope before quoting it.
============================================================

