 [axes] DIMS=64,64,32 does not tile V=32768; using 32,32,32
  [axes] DIMS2=512,256 does not tile V=32768; using 256,128
[tokenizer] tokenizer already has tokenizer.pkl and token_bytes.pt
[tokenizer] tokenizer/freq_table.pt already present
[tokenizer] ready: tokenizer, vocab_size 32,768
2026-09-06 13:39:50,372 - httpx - INFO - HTTP Request: GET https://huggingface.co/api/agent-harnesses "HTTP/1.1 200 OK"
2026-09-06 13:39:50,534 - httpx - INFO - HTTP Request: HEAD https://huggingface.co/varunneal/flash-attention-3/resolve/main/kernel-status.toml "HTTP/1.1 404 Not Found"
2026-09-06 13:39:50,683 - httpx - INFO - HTTP Request: GET https://huggingface.co/api/models/varunneal/flash-attention-3/tree/main/build?recursive=false&expand=false "HTTP/1.1 200 OK"
2026-09-06 13:39:50,825 - httpx - INFO - HTTP Request: GET https://huggingface.co/api/models/varunneal/flash-attention-3/revision/main "HTTP/1.1 200 OK"
2026-09-06 13:39:50,984 - httpx - INFO - HTTP Request: HEAD https://huggingface.co/varunneal/flash-attention-3/resolve/de87b9b5af06dd9984df595bef90b2eba44b181a/build/torch29-cxx11-cu128-x86_64-linux/flash_attention_3/__init__.py "HTTP/1.1 307 Temporary Redirect"
2026-09-06 13:39:50,985 - httpx - INFO - HTTP Request: HEAD https://huggingface.co/varunneal/flash-attention-3/resolve/de87b9b5af06dd9984df595bef90b2eba44b181a/build/torch29-cxx11-cu128-x86_64-linux/flash_attention_3/flash_attn_config.py "HTTP/1.1 307 Temporary Redirect"
2026-09-06 13:39:50,993 - httpx - INFO - HTTP Request: HEAD https://huggingface.co/api/resolve-cache/models/varunneal/flash-attention-3/de87b9b5af06dd9984df595bef90b2eba44b181a/build%2Ftorch29-cxx11-cu128-x86_64-linux%2Fflash_attention_3%2F__init__.py "HTTP/1.1 200 OK"
2026-09-06 13:39:50,993 - httpx - INFO - HTTP Request: HEAD https://huggingface.co/api/resolve-cache/models/varunneal/flash-attention-3/de87b9b5af06dd9984df595bef90b2eba44b181a/build%2Ftorch29-cxx11-cu128-x86_64-linux%2Fflash_attention_3%2Fflash_attn_config.py "HTTP/1.1 200 OK"
2026-09-06 13:39:51,002 - httpx - INFO - HTTP Request: GET https://huggingface.co/api/resolve-cache/models/varunneal/flash-attention-3/de87b9b5af06dd9984df595bef90b2eba44b181a/build%2Ftorch29-cxx11-cu128-x86_64-linux%2Fflash_attention_3%2Fflash_attn_config.py "HTTP/1.1 200 OK"
2026-09-06 13:39:51,004 - httpx - INFO - HTTP Request: GET https://huggingface.co/api/resolve-cache/models/varunneal/flash-attention-3/de87b9b5af06dd9984df595bef90b2eba44b181a/build%2Ftorch29-cxx11-cu128-x86_64-linux%2Fflash_attention_3%2F__init__.py "HTTP/1.1 200 OK"
2026-09-06 13:39:51,066 - httpx - INFO - HTTP Request: HEAD https://huggingface.co/varunneal/flash-attention-3/resolve/de87b9b5af06dd9984df595bef90b2eba44b181a/build/torch29-cxx11-cu128-x86_64-linux/flash_attention_3/flash_attn_interface.py "HTTP/1.1 307 Temporary Redirect"
2026-09-06 13:39:51,074 - httpx - INFO - HTTP Request: HEAD https://huggingface.co/api/resolve-cache/models/varunneal/flash-attention-3/de87b9b5af06dd9984df595bef90b2eba44b181a/build%2Ftorch29-cxx11-cu128-x86_64-linux%2Fflash_attention_3%2Fflash_attn_interface.py "HTTP/1.1 200 OK"
2026-09-06 13:39:51,080 - httpx - INFO - HTTP Request: HEAD https://huggingface.co/varunneal/flash-attention-3/resolve/de87b9b5af06dd9984df595bef90b2eba44b181a/build/torch29-cxx11-cu128-x86_64-linux/flash_attention_3/_C.abi3.so "HTTP/1.1 302 Found"
2026-09-06 13:39:51,082 - httpx - INFO - HTTP Request: GET https://huggingface.co/api/resolve-cache/models/varunneal/flash-attention-3/de87b9b5af06dd9984df595bef90b2eba44b181a/build%2Ftorch29-cxx11-cu128-x86_64-linux%2Fflash_attention_3%2Fflash_attn_interface.py "HTTP/1.1 200 OK"
============================================================
  C14: nonnegative factorized head, V=32768, depth 8, d=512
  cp axes 32,32,32   ranks 1 32   assignment --sch-nfh-perm file --sch-nfh-perm-path perms/nfh_g3_v32768.pt
  arm              head MACs   vs dense    total FLOPs   break-even bpb
  NFH_cp_R1            0.05M     0.0030x       0.6012x  +0.0373
  NFH_cp_R32           1.59M     0.0947x       0.6379x  +0.0330
  (break-even uses the measured dense slope at V=32768: 0.169 bpb/decade)
  target tokens 440401920   device-batch 128
============================================================

--- NFH_cp_R1_s1  (depth 8, V=32768, device-batch 128) ---
Requested NPROC_PER_NODE=8, but only 1 GPU(s) visible. Capping.
Using NPROC_PER_NODE=1
NANOCHAT_SKIP_ENV_SETUP=0
===== GPU Info =====
Sun Sep  6 13:39:57 2026       
+-----------------------------------------------------------------------------------------+
| NVIDIA-SMI 580.95.05              Driver Version: 580.95.05      CUDA Version: 13.0     |
+-----------------------------------------+------------------------+----------------------+
| GPU  Name                 Persistence-M | Bus-Id          Disp.A | Volatile Uncorr. ECC |
| Fan  Temp   Perf          Pwr:Usage/Cap |           Memory-Usage | GPU-Util  Compute M. |
|                                         |                        |               MIG M. |
|=========================================+========================+======================|
|   0  NVIDIA H200                    On  |   00000000:96:00.0 Off |                    0 |
| N/A   29C    P0             78W /  700W |       4MiB / 143771MiB |      0%      Default |
|                                         |                        |             Disabled |
+-----------------------------------------+------------------------+----------------------+

+-----------------------------------------------------------------------------------------+
| Processes:                                                                              |
|  GPU   GI   CI              PID   Type   Process name                        GPU Memory |
|        ID   ID                                                               Usage      |
|=========================================================================================|
|  No running processes found                                                             |
+-----------------------------------------------------------------------------------------+
Starting Research Sweep. Output directory: out/c14_nfh/d8/NFH_cp_R1_s1
UV_SYSTEM_PYTHON=1: using system Python, skipping venv creation.
Validating system environment dependencies via uv...
Using Python 3.12.10 environment at: /usr/local
Resolved 159 packages in 512ms
   Building nanochat @ file:///__modal/volumes/vo-JoBoNS1zSnilqDcfeqvH0o
      Built nanochat @ file:///__modal/volumes/vo-JoBoNS1zSnilqDcfeqvH0o
Prepared 1 package in 1.26s
Uninstalled 1 package in 1ms
Installed 1 package in 1ms
 - nanochat==0.1.0 (from file:///root)
 + nanochat==0.1.0 (from file:///__modal/volumes/vo-JoBoNS1zSnilqDcfeqvH0o)
Reset report and wrote header to out/report/header.md
Dataset (up to 300 shards) already exists in data, skipping download.
Tokenizer already exists in tokenizer, skipping training.
================================================================
Processing Depth: 8
================================================================
2026-09-06 13:40:10,008 - httpx - INFO - HTTP Request: HEAD https://huggingface.co/varunneal/flash-attention-3/resolve/main/kernel-status.toml "HTTP/1.1 404 Not Found"
2026-09-06 13:40:10,155 - httpx - INFO - HTTP Request: GET https://huggingface.co/api/models/varunneal/flash-attention-3/tree/main/build?recursive=false&expand=false "HTTP/1.1 200 OK"
2026-09-06 13:40:10,305 - httpx - INFO - HTTP Request: GET https://huggingface.co/api/models/varunneal/flash-attention-3/revision/main "HTTP/1.1 200 OK"
[sweep] Requested 8 DDP workers but only 1 GPU(s) available — using 1.
================================================================
Starting Sweep for Depth 8
Target Tokens: 440,401,920
================================================================
  Overriding default target_dim (128) with full model_dim 512

--- Training base ---

  ┌─────────────────────────────────────────────────────┐
  │  🆕  STARTING FRESH: [base]
  │     No checkpoints found — training from scratch.
  └─────────────────────────────────────────────────────┘

Running: /usr/local/bin/torchrun --standalone --nproc_per_node=1 -m scripts.base_train --depth 8 --aspect-ratio 64 --head-dim 128 --model-dim 512 --max-seq-len 2048 --device-batch-size 128 --total-batch-size 262144 --target-tokens 440401920 --eval-every -1 --log-every 200 --core-metric-every 0 --save-every 200 --warmup-ratio 0.005 --warmdown-ratio 0.65 --final-lr-frac 0.05 --adam-beta2 0.99 --research-warmup-ratio 0.05 --use-onecycle 0 --router-context-window -1 --remix-use-basis-gate 1 --remix-use-output-gate 1 --remix-use-context 1 --remix-basis-gate-mode mlp --remix-gate-lr-scale 0.3 --p22-n-templates 1 --p22-template-routing-learned 0 --p22-template-topk 0 --p22-attn-moe-route none --p26-output-gated-linear 0 --p28-shared-basis 0 --p28-chunk-routing-size 0 --p28-global-template-bank none --p28-attn-proj-templates 0 --p28-attn-qk-templates 0 --p31-chunk-route-impl compose --p31-top1-gate ones --p31-template-delta-rank 0 --p31-route-side output --p31-drop-basis-proj 0 --p31-basis-side-templates 0 --remix-template-block-diag 0 --remix-template-lr-scale 1.0 --p29-grad-equalize 0 --target-active-params 0 --compile-regional 0 --timing-probe-steps 0 --compile-mode default --remix-basis-gate-rank 8 --cclblock-modulation weight --cclblock-orth-lambda 0.0 --p35-template-diversity-lambda 0.0 --cclblock-context-stream local --cclblock-ema-factor 0.99 --cclblock-stale-ctx-lag 0 --cclblock-sparse-gate-k 0 --cclblock-gate-temperature 1.0 --cclblock-context-bank-size 0 --cclblock-per-head-ctx 0 --cclblock-context-source norm_x --cclblock-chunk-size 0 --cclblock-aux-objective none --cclblock-aux-lambda 0.1 --cclblock-boundary-token-id 198 --use-ral 0 --ral-rank 32 --p34-ffn-schedule  --p34-ffn-no-ffn-replacement none --p34-ffn-last-depth 1 --p36-swiglu-ffn 0 --p36-swiglu-mult 2.6666666666666665 --cond-sites both --p22-route-affine 0 --cond-rank 256 --cond-mult-steps 0 --cond-gate-source router --cond-coeff-act centered --cond-router-rank 0 --cond-router-act none --cond-live-init 0.0 --cond-chunk-size 0 --cond-mult-scale -1.0 --cond-mult-impl wy --cond-attn-projs qkvo --cond-layer-frac 1.0 --cclblock-film-gate 0 --cclblock-attn-shadow-dim 0 --cclblock-dynamic-ratio 0.25 --cclblock-gate-rank 8 --cclblock-num-regimes 8 --cclblock-regime-temperature 1.0 --cclblock-poly-order 2 --cclblock-lie-generators 4 --cclblock-grassmann-bank-size 4 --cclblock-tucker-rank 32 --cclblock-tucker-modes 8 --cclblock-svs-rank 64 --cclblock-svs-eps 0.1 --cclblock-vq-codes 8 --cclblock-vq-temperature 1.0 --cclblock-dcu-warmup-steps 0 --cclblock-fsi-rotations 8 --cclblock-fsi-selector-dim 64 --cclblock-aesp-strata 4 --cclblock-aesp-delta-rank 4 --cclblock-ckr-branches 4 --cclblock-ckr-kernel-size 64 --cclblock-ckr-pos-channels 1 --cclblock-ckr-dual-optim 0 --cclblock-ckr-content-bias 0.0 --cclblock-giad-rank 32 --cclblock-psg-kernel-size 64 --cclblock-ss-dynamic-ratio 0.25 --cclblock-ss-branches 2 --cclblock-ss-kernel-size 64 --cclblock-lokr-branches 8 --cclblock-lokr-rank 16 --cclblock-ckr-temp-start 2.0 --cclblock-ckr-temp-end 0.3 --cclblock-com-kernel-size 32 --cclblock-ckr-ortho-init 0 --cclblock-ckr-branch-dropout 0.0 --cclblock-ckr-diversity-lambda 0.0 --cclblock-pgr-kernel-size 64 --cclblock-cil-kernel-size 64 --cclblock-prb-kernel-size 64 --p18-layer-drop 0.0 --p18-dynamic-activation 0 --p18-mixture-norm 0 --p18-aux-sim-lambda 0.0 --p18-gradient-penalty 0.0 --p18-per-channel-scale 0 --p19-residual-gate 0 --p19-head-importance 0 --p19-residual-mix-groups 0 --p19-attn-logit-bias 0 --p19-residual-decay 0 --p19-grad-equilibrium 0.0 --p19-spectral-reparam 0 --p19-weight-anticollapse 0.0 --p19-ve-bias 0 --p19-weight-noise 0.0 --p20-hrcs-scale 0 --p20-lswr-scale 0 --p20-lswr-planes 8 --p20-lrcfb-branches 0 --p20-lrcfb-narrow 0 --p20-lrcfb-learned 0 --p20-lrcfb-topk 0 --p20-dgcr-branches 0 --p20-dgcr-aux-weight 0.01 --p20-mone-experts 0 --p20-mone-topk 0 --p20-mone-narrow 1 --p20-mone-frozen 0 --p20-ncea-branches 0 --p20-ncea-eps 0.1 --p20-adwi 0 --p20-pwu-branches 0 --p20-pwu-phase 1 --p20-fsvd-gate 0 --p20-wbfc-clusters 0 --p20-wbfc-active 0 --p21-per-experts 0 --p21-per-topk 0 --p21-per-learned 0 --p21-per-attn 0 --p23-tiny-expert 0 --p23-n-experts 64 --p23-topk 16 --p23-learned-route 0 --p23-std-moe-experts 0 --p23-std-moe-topk -1 --p23-std-moe-aux-weight 0.01 --p23-lokr 0 --p23-lokr-rank 4 --p23-use-shared-block-router 0 --p23-linear-moe-experts 0 --p23-linear-moe-topk 0 --p23-quantile-route 0 --seed 1 --p34-ffn-mult 4.0 --p34-ffn-single 0 --p34-dense-attn 0 --p24-use-sliced-weight 0 --p24-sliced-weight-reduction-scale 8 --p24-sliced-weight-min-select 128 --p24-sliced-weight-scope per_token --p24-sliced-weight-balance-coeff 0.01 --p24-quantile-route 0 --p24-use-folded-mod 0 --p24-folded-mod-reduction-scale 8 --p24-folded-mod-scope per_layer --p24-folded-mod-gate-act tanh_centered --p24-use-sequence-gated-linear 0 --p24-sequence-gated-scope per_layer --p24-sequence-gated-act tanh_centered --p24-folded-mod-min-dim 128 --remix-shared-context-gates 0 --remix-use-dual-gate 0 --remix-basis-scale-factor 4 --remix-output-gate-rank 16 --p24-use-sliced-weight 0 --p24-sliced-weight-reduction-scale 8 --p24-sliced-weight-min-select 128 --p24-sliced-weight-scope per_token --p24-sliced-weight-balance-coeff 0.01 --p24-quantile-route 0 --p24-use-folded-mod 0 --p24-folded-mod-reduction-scale 8 --p24-folded-mod-scope per_layer --p24-folded-mod-gate-act tanh_centered --p24-use-sequence-gated-linear 0 --p24-sequence-gated-scope per_layer --p24-sequence-gated-act tanh_centered --remix-disable-ln-basis 0 --dense-intermediate-ln 0 --use-mol 0 --mol-n-blocks 5 --mol-n-shared 1 --mol-topk 3 --mol-thin-dim 256 --mol-head-dim 64 --mol-ffn-mult 4.0 --mol-router-aux 0.05 --mol-routed-attn softmax --mol-dispatch 1 --mol-capacity-factor 1.0 --mol-block-lr-scale 1.0 --mol-per-block-ve 0 --use-mst 0 --mst-n-subs 8 --mst-sub-dim 64 --mst-head-dim 0 --mst-input-mode fixed_slice --mst-rotated-slice-learned 0 --mst-routing-mode soft_weighted --mst-routing-topk 4 --mst-routing-aux-weight 0.01 --mst-diversity-weight 0.0 --mst-ffn-mode standard --mst-transition-mode parallel --mst-final-mode aggregate_proj --mst-final-topk -1 --mst-ffn-shared-up 0 --mst-ffn-inner-dim 0 --mst-sub-dropout 0.0 --mst-transition-every 1 --mst-ffa-temperature 1.0 --mst-global-residual 0 --mst-hybrid-dense 0 --mst-cross-sub-kv 0 --mst-sub-aux-weight 0.0 --mst-progressive-merge 0 --mst-multi-scale-windows 0 --mst-delta-residual 0 --mst-sub-layers 1 --mst-grad-equalize 0 --mst-block-diagonal-muon 0 --mst-transition-width-mult 1.0 --mst-sub-lr-scale 1.0 --mst-shared-expert 0 --mst-router-entropy-weight 0.0 --mst-shared-kv-attn 0 --mst-contrastive-diversity-weight 0.0 --mst-transition-nonlinear 0 --mst-transition-gated 0 --mst-transition-mlp 0 --mst-cross-sub-gate 0 --mst-hyper-connect 0 --mst-cross-kv-inject 0 --mst-slice-transition 0 --mst-lookback-layers 0 --mst-bilinear-transition 0 --mst-cross-sub-qmod 0 --mst-feature-cycle 0 --mst-mean-transition 0 --mst-sub-head-dim 0 --mst-final-norm 0 --mst-per-stream-ve 0 --mst-ve-map 0 --mst-ve-map-rank 0 --mst-lm-head-dim 0 --mst-compose-windows 0 --mst-channel-mix none --mst-channel-mix-site layer --mst-distribute-block-muon 0 --mst-trans-spectral-lr 0 --mst-talking-heads 0 --mst-wo-mode block --mst-stream-topk 0 --mst-stream-shared 0 --mst-stream-router-aux 0.01 --mst-stream-router-noise 0.0 --mst-stream-dispatch 0 --mst-stream-capacity-factor 1.0 --mst-stream-gate-attn 0 --mst-ffn-monarch none --mst-shampoo 0 --mst-precond-every 10 --mst-shampoo-beta 0.95 --use-eet 0 --eet-frozen-kv 1 --eet-reenter-final 0 --eet-compute-skip 0 --eet-target-active-frac 0.125 --eet-capacity-schedule bell --eet-exit-fracs  --eet-router-type mlp2 --eet-router-hidden 0 --eet-freq-prior-alpha 0.0 --eet-pos-prior-beta 0.0 --eet-domain-prior 0 --eet-warmup-frac 0.02 --eet-explore-frac 0.15 --eet-reconstruct-lambda 1.0 --eet-efficiency-lambda-start 0.01 --eet-efficiency-lambda-end 0.1 --eet-translator-rank 0 --eet-max-frozen-kv-frac 0.75 --eet-exit-threshold 0.5 --eet-min-exit-layer 1 --eet-loss-variant reconstruct --eet-topk-vocab 512 --eet-entropy-lambda 0.3 --eet-surprise-lambda 0.1 --eet-adv-lambda 1.0 --eet-adv-entropy-lambda 0.2 --eet-quality-lambda 1.0 --eet-quality-entropy-bonus 0.1 --eet-gumbel-temp-start 0.0 --eet-gumbel-temp-end 0.1 --eet-gumbel-hard 1 --eet-commitment-beta 0.1 --eet-global-router 0 --eet-freq-efficiency-alpha 0.0 --eet-diversity-lambda 0.0 --eet-ce-guided-lambda 1.0 --eet-router-lr-mult 5.0 --eet-model-lr-mult 1.0 --eet-depth-weight-type none --eet-depth-weight-max 2.5 --eet-use-override 0 --eet-override-prob-start 0.5 --eet-override-prob-end 0.1 --eet-capacity-alignment-lambda 0.0 --eet-router-task-grad 1 --eet-reinforce-interval 0 --eet-reinforce-lambda 0.1 --eet-exit-adapter-rank 0 --eet-router-after-block 0 --eet-ffn-skip 0 --eet-ffn-target-frac 0.5 --eet-ffn-full-attn 1 --eet-depth-affine 0 --eet-capacity-anneal-frac 0.0 --eet-learned-schedule 0 --eet-departure-summary 0 --eet-route-consistency-lambda 0.0 --eet-dense-distill-interval 0 --eet-dense-distill-lambda 0.5 --eet-depth-lr-scale 0 --eet-depth-grad-scale 0 --eet-detach-aux-from-backbone 0 --eet-detach-exit-from-backbone 0 --use-code-head 1 --sch-head-type nfh --sch-bits 0 --sch-order 2 --sch-max-m 0 --sch-phi-mode monomial --sch-code-mode binary --sch-code-path  --sch-code-ecc-bits 0 --sch-code-seed 1234 --sch-phi-density 0.0 --sch-phi-dtype fp32 --sch-phi-normalize 1 --sch-phi-center 0 --sch-g-type linear --sch-g-hidden 0 --sch-g-layers 2 --sch-g-out-std 0.001 --sch-mixture 1 --sch-residual-rank 0 --sch-logit-act none --sch-bias 0 --sch-input-mode table --sch-input-hidden 0 --sch-product-groups 8 --sch-product-codebook 256 --sch-product-source hash --sch-product-impl dense --sch-phi-whiten 0 --sch-mixture-per-phi 0 --sch-mixture-topk 0 --sch-mixture-aux 0.01 --sch-monarch-m1 0 --sch-monarch-perm none --sch-monarch-perm-path  --sch-tier-bounds  --sch-tier-caps  --sch-tier-order freq --sch-tier-perm-path  --sch-proposal-rank 32 --sch-proposal-topk 16384 --sch-proposal-samples 4096 --sch-proposal-warmup 0 --sch-proposal-chunk 2048 --sch-proposal-aux 1.0 --sch-nfh-mode cp --sch-nfh-rank 1 --sch-nfh-dims 32,32,32 --sch-nfh-groups 3 --sch-nfh-views 1 --sch-nfh-perm file --sch-nfh-perm-path perms/nfh_g3_v32768.pt --sch-nfh-g-type linear --sch-nfh-g-hidden 0 --sch-nfh-chunk 256 --sch-nfh-smooth 0 --sch-holdout-tokens 0 --sch-holdout-seed 7 --sch-holdout-min-id 256 --sch-holdout-mode target --sch-decile-metrics 1 --sch-rank-probe 16384 --sch-eval-steps 100 --compile --tokenizer-dir tokenizer --data-dir data --max-shards 300 --checkpoints-dir /__modal/volumes/vo-JoBoNS1zSnilqDcfeqvH0o/out/c14_nfh/d8/NFH_cp_R1_s1/depth_8/ckpt_base --model-tag base
2026-09-06 13:40:18,056 - httpx - INFO - HTTP Request: HEAD https://huggingface.co/varunneal/flash-attention-3/resolve/main/kernel-status.toml "HTTP/1.1 404 Not Found"
2026-09-06 13:40:18,212 - httpx - INFO - HTTP Request: GET https://huggingface.co/api/models/varunneal/flash-attention-3/tree/main/build?recursive=false&expand=false "HTTP/1.1 200 OK"
2026-09-06 13:40:18,352 - httpx - INFO - HTTP Request: GET https://huggingface.co/api/models/varunneal/flash-attention-3/revision/main "HTTP/1.1 200 OK"

                                                       █████                █████
                                                      ░░███                ░░███
     ████████    ██████   ████████    ██████   ██████  ░███████    ██████  ███████
    ░░███░░███  ░░░░░███ ░░███░░███  ███░░███ ███░░███ ░███░░███  ░░░░░███░░░███░
     ░███ ░███   ███████  ░███ ░███ ░███ ░███░███ ░░░  ░███ ░███   ███████  ░███
     ░███ ░███  ███░░███  ░███ ░███ ░███ ░███░███  ███ ░███ ░███  ███░░███  ░███ ███
     ████ █████░░████████ ████ █████░░██████ ░░██████  ████ █████░░███████  ░░█████
    ░░░░ ░░░░░  ░░░░░░░░ ░░░░ ░░░░░  ░░░░░░   ░░░░░░  ░░░░ ░░░░░  ░░░░░░░░   ░░░░░
    
Autodetected device type: cuda
2026-09-06 13:40:21,249 - nanochat.common - INFO - Distributed world size: 1
GPU: NVIDIA H200 | Peak FLOPS (BF16): 9.89e+14
COMPUTE_DTYPE: torch.bfloat16 (auto-detected: CUDA SM 90 (bf16 supported))
✓ Using Flash Attention 3 (Hopper GPU detected) — efficient and fast.
Vocab size: 32,768
[SCH] head=nfh V=32768, mode=cp, dims=[32, 32, 32], R=1, views=1, width=97, g=linear, perm=file, smooth=0, rank_ceiling=32768 | head params 49,761 | head FLOPs/token 297,984 | dense equivalent 100,663,296
Model config:
{
  "sequence_len": 2048,
  "vocab_size": 32768,
  "n_layer": 8,
  "n_head": 4,
  "n_kv_head": 4,
  "n_embd": 512,
  "use_moe": false,
  "use_perm": false,
  "moe_num_experts": 8,
  "moe_router_dim": 64,
  "moe_embed_dim": 64,
  "dropout": 0.0,
  "use_remix_linear": false,
  "remix_context_dim": 64,
  "remix_context_dim_ratio": 6,
  "remix_basis_size": 64,
  "remix_output_gate_rank": 16,
  "remixed_linear_kwargs": {
    "use_basis_gate": true,
    "use_output_gate": true,
    "use_context": true,
    "basis_gate_mode": "mlp",
    "sparse_gate_k": 0,
    "gate_temperature": 1.0,
    "basis_scale_factor": 4,
    "n_templates": 1,
    "template_routing_learned": false,
    "template_topk": 0,
    "tiny_expert": false,
    "tiny_expert_topk": 16,
    "lokr_expert": false,
    "lokr_n_experts": 64,
    "lokr_topk": 16,
    "lokr_rank": 4,
    "lokr_learned": false,
    "basis_gate_rank": 8,
    "disable_ln_basis": false,
    "chunk_route_impl": "compose",
    "top1_gate": "ones",
    "template_delta_rank": 0,
    "route_side": "output",
    "drop_basis_proj": false,
    "basis_side_templates": 0,
    "grad_equalize": false,
    "output_gate_rank": 16,
    "operator_modulation": "none",
    "lie_generators": 4,
    "poly_order": 2,
    "grassmann_bank_size": 4
  },
  "use_pos_embed": false,
  "moe_use_abs_pos_embed": false,
  "use_layer_context": true,
  "scale_basis_size": true,
  "remix_use_dual_gate": false,
  "remix_use_fused": false,
  "p26_output_gated_linear": 0,
  "p28_shared_basis": 0,
  "p28_chunk_routing_size": 0,
  "p28_global_template_bank": "none",
  "p28_attn_proj_templates": 0,
  "p28_attn_qk_templates": 0,
  "p29_template_block_diag": 0,
  "p29_template_lr_scale": 1.0,
  "p29_grad_equalize": 0,
  "p34_ffn_mult": 4.0,
  "p34_ffn_single": 0,
  "p34_dense_attn": 0,
  "legacy_init_fallback": 0,
  "p35_template_diversity_lambda": 0.0,
  "p22_route_affine": 0,
  "p34_ffn_schedule": "",
  "p34_ffn_no_ffn_replacement": "none",
  "p34_ffn_last_depth": 1,
  "p36_swiglu_ffn": 0,
  "p36_swiglu_mult": 2.6666666666666665,
  "cond_sites": "both",
  "cond_rank": 256,
  "cond_mult_steps": 0,
  "cond_gate_source": "router",
  "cond_coeff_act": "centered",
  "cond_router_rank": 0,
  "cond_live_init": 0.0,
  "cond_router_act": "none",
  "cond_chunk_size": 0,
  "cond_mult_scale": -1.0,
  "cond_mult_impl": "wy",
  "cond_attn_projs": "qkvo",
  "cond_layer_frac": 1.0,
  "perm_expert_mode": "low_rank",
  "perm_rank": 16,
  "router_context_window": -1,
  "router_causal": true,
  "router_num_heads": 4,
  "router_num_queries": 16,
  "router_n_layers": 2,
  "router_use_vocab_prior": false,
  "window_pattern": "SSSL",
  "cclblock_modulation": "weight",
  "cclblock_orth_lambda": 0.0,
  "cclblock_context_stream": "local",
  "cclblock_ema_factor": 0.99,
  "cclblock_stale_ctx_lag": 0,
  "cclblock_sparse_gate_k": 0,
  "cclblock_gate_temperature": 1.0,
  "cclblock_context_bank_size": 0,
  "cclblock_per_head_ctx": false,
  "cclblock_context_source": "norm_x",
  "cclblock_chunk_size": 0,
  "cclblock_aux_objective": "none",
  "cclblock_aux_lambda": 0.1,
  "cclblock_boundary_token_id": 198,
  "use_ral": false,
  "ral_rank": 32,
  "cclblock_film_gate": false,
  "cclblock_attn_shadow_dim": 0,
  "cclblock_dynamic_ratio": 0.25,
  "cclblock_gate_rank": 8,
  "cclblock_num_regimes": 8,
  "cclblock_regime_temperature": 1.0,
  "cclblock_poly_order": 2,
  "cclblock_lie_generators": 4,
  "cclblock_grassmann_bank_size": 4,
  "cclblock_tucker_rank": 32,
  "cclblock_tucker_modes": 8,
  "cclblock_svs_rank": 64,
  "cclblock_svs_eps": 0.1,
  "cclblock_vq_codes": 8,
  "cclblock_vq_temperature": 1.0,
  "cclblock_dcu_warmup_steps": 0,
  "cclblock_fsi_rotations": 8,
  "cclblock_fsi_selector_dim": 64,
  "cclblock_aesp_strata": 4,
  "cclblock_aesp_delta_rank": 4,
  "cclblock_ckr_branches": 4,
  "cclblock_ckr_kernel_size": 64,
  "cclblock_ckr_pos_channels": 1,
  "cclblock_ckr_dual_optim": 0,
  "cclblock_ckr_content_bias": 0.0,
  "cclblock_giad_rank": 32,
  "cclblock_psg_kernel_size": 64,
  "cclblock_ss_dynamic_ratio": 0.25,
  "cclblock_ss_branches": 2,
  "cclblock_ss_kernel_size": 64,
  "cclblock_lokr_branches": 8,
  "cclblock_lokr_rank": 16,
  "cclblock_ckr_temp_start": 2.0,
  "cclblock_ckr_temp_end": 0.3,
  "cclblock_com_kernel_size": 32,
  "cclblock_ckr_ortho_init": 0,
  "cclblock_ckr_branch_dropout": 0.0,
  "cclblock_ckr_diversity_lambda": 0.0,
  "cclblock_ckr_layer_selective": 0,
  "cclblock_pgr_kernel_size": 64,
  "cclblock_cil_kernel_size": 64,
  "cclblock_prb_kernel_size": 64,
  "p18_layer_drop": 0.0,
  "p18_dynamic_activation": 0,
  "p18_mixture_norm": 0,
  "p18_causal_attn_bias": 0,
  "p18_aux_sim_lambda": 0.0,
  "p18_gradient_penalty": 0.0,
  "p18_per_channel_scale": 0,
  "p19_residual_gate": 0,
  "p19_head_importance": 0,
  "p19_residual_mix_groups": 0,
  "p19_attn_logit_bias": 0,
  "p19_residual_decay": 0,
  "p19_grad_equilibrium": 0.0,
  "p19_spectral_reparam": 0,
  "p19_weight_anticollapse": 0.0,
  "p19_ve_bias": 0,
  "p19_weight_noise": 0.0,
  "p20_hrcs_scale": 0,
  "p20_lswr_scale": 0,
  "p20_lswr_planes": 8,
  "p20_lrcfb_branches": 0,
  "p20_lrcfb_narrow": 0,
  "p20_lrcfb_learned": 0,
  "p20_lrcfb_topk": 0,
  "p20_dgcr_branches": 0,
  "p20_dgcr_aux_weight": 0.01,
  "p20_mone_experts": 0,
  "p20_mone_topk": 0,
  "p20_mone_narrow": 1,
  "p20_mone_frozen": 0,
  "p20_ncea_branches": 0,
  "p20_ncea_eps": 0.1,
  "p20_adwi": 0,
  "p20_pwu_branches": 0,
  "p20_pwu_phase": 1,
  "p20_fsvd_gate": 0,
  "p20_wbfc_clusters": 0,
  "p20_wbfc_active": 0,
  "p21_per_experts": 0,
  "p21_per_topk": 0,
  "p21_per_learned": 0,
  "p21_per_attn": 0,
  "p22_attn_moe_route": "none",
  "p23_tiny_expert": 0,
  "p23_n_experts": 64,
  "p23_topk": 16,
  "p23_learned_route": 0,
  "p23_std_moe_experts": 0,
  "p23_std_moe_topk": -1,
  "p23_std_moe_aux_weight": 0.01,
  "p23_lokr": 0,
  "p23_lokr_rank": 4,
  "p23_use_shared_block_router": 0,
  "p23_linear_moe_experts": 0,
  "p23_linear_moe_topk": 0,
  "p23_quantile_route": 0,
  "remix_shared_context_gates": 0,
  "p24_use_sliced_weight": 0,
  "p24_sliced_weight_reduction_scale": 8,
  "p24_sliced_weight_min_select": 128,
  "p24_sliced_weight_scope": "per_token",
  "p24_sliced_weight_balance_coeff": 0.01,
  "p24_quantile_route": 0,
  "p24_use_folded_mod": 0,
  "p24_folded_mod_reduction_scale": 8,
  "p24_folded_mod_min_dim": 128,
  "p24_folded_mod_scope": "per_layer",
  "p24_folded_mod_gate_act": "tanh_centered",
  "p24_use_sequence_gated_linear": 0,
  "p24_sequence_gated_scope": "per_layer",
  "p24_sequence_gated_act": "tanh_centered",
  "remix_disable_ln_basis": 0,
  "dense_intermediate_ln": 0,
  "use_mol": false,
  "mol_n_blocks": 5,
  "mol_n_shared": 1,
  "mol_topk": 3,
  "mol_thin_dim": 256,
  "mol_head_dim": 64,
  "mol_ffn_mult": 4.0,
  "mol_router_aux": 0.05,
  "mol_routed_attn": "softmax",
  "mol_dispatch": 1,
  "mol_capacity_factor": 1.0,
  "mol_block_lr_scale": 1.0,
  "mol_per_block_ve": 0,
  "use_mst": false,
  "mst_n_subs": 8,
  "mst_sub_dim": 64,
  "mst_head_dim": 0,
  "mst_input_mode": "fixed_slice",
  "mst_rotated_slice_learned": false,
  "mst_routing_mode": "soft_weighted",
  "mst_routing_topk": 4,
  "mst_routing_aux_weight": 0.01,
  "mst_diversity_weight": 0.0,
  "mst_ffn_mode": "standard",
  "mst_transition_mode": "parallel",
  "mst_final_mode": "aggregate_proj",
  "mst_final_topk": -1,
  "mst_ffn_shared_up": 0,
  "mst_ffn_inner_dim": 0,
  "mst_sub_dropout": 0.0,
  "mst_transition_every": 1,
  "mst_ffa_temperature": 1.0,
  "mst_global_residual": 0,
  "mst_hybrid_dense": 0,
  "mst_cross_sub_kv": 0,
  "mst_sub_aux_weight": 0.0,
  "mst_progressive_merge": 0,
  "mst_multi_scale_windows": 0,
  "mst_delta_residual": 0,
  "mst_sub_layers": 1,
  "mst_grad_equalize": 0,
  "mst_block_diagonal_muon": 0,
  "mst_transition_width_mult": 1.0,
  "mst_sub_lr_scale": 1.0,
  "mst_shared_expert": 0,
  "mst_router_entropy_weight": 0.0,
  "mst_shared_kv_attn": 0,
  "mst_contrastive_diversity_weight": 0.0,
  "mst_transition_nonlinear": 0,
  "mst_transition_gated": 0,
  "mst_transition_mlp": 0,
  "mst_cross_sub_gate": 0,
  "mst_hyper_connect": 0,
  "mst_cross_kv_inject": 0,
  "mst_slice_transition": 0,
  "mst_lookback_layers": 0,
  "mst_bilinear_transition": 0,
  "mst_cross_sub_qmod": 0,
  "mst_feature_cycle": 0,
  "mst_mean_transition": 0,
  "mst_sub_head_dim": 0,
  "mst_final_norm": 0,
  "mst_per_stream_ve": 0,
  "mst_ve_map": 0,
  "mst_ve_map_rank": 0,
  "mst_lm_head_dim": 0,
  "mst_compose_windows": 0,
  "mst_channel_mix": "none",
  "mst_channel_mix_site": "layer",
  "mst_distribute_block_muon": 0,
  "mst_trans_spectral_lr": 0,
  "mst_talking_heads": 0,
  "mst_wo_mode": "block",
  "mst_stream_topk": 0,
  "mst_stream_shared": 0,
  "mst_stream_router_aux": 0.01,
  "mst_stream_router_noise": 0.0,
  "mst_stream_dispatch": 0,
  "mst_stream_capacity_factor": 1.0,
  "mst_stream_gate_attn": 0,
  "mst_ffn_monarch": "none",
  "mst_shampoo": 0,
  "mst_precond_every": 10,
  "mst_shampoo_beta": 0.95,
  "use_eet": false,
  "eet_frozen_kv": true,
  "eet_reenter_final": false,
  "eet_router_type": "mlp2",
  "eet_router_hidden": 0,
  "eet_freq_prior_alpha": 0.0,
  "eet_pos_prior_beta": 0.0,
  "eet_domain_prior": false,
  "eet_warmup_frac": 0.02,
  "eet_explore_frac": 0.15,
  "eet_reconstruct_lambda": 1.0,
  "eet_efficiency_lambda_start": 0.01,
  "eet_efficiency_lambda_end": 0.1,
  "eet_translator_rank": 0,
  "eet_max_frozen_kv_frac": 0.75,
  "eet_exit_threshold": 0.5,
  "eet_min_exit_layer": 1,
  "eet_loss_variant": "reconstruct",
  "eet_topk_vocab": 512,
  "eet_entropy_lambda": 0.3,
  "eet_surprise_lambda": 0.1,
  "eet_adv_lambda": 1.0,
  "eet_adv_entropy_lambda": 0.2,
  "eet_quality_lambda": 1.0,
  "eet_quality_entropy_bonus": 0.1,
  "eet_gumbel_temp_start": 0.0,
  "eet_gumbel_temp_end": 0.1,
  "eet_gumbel_hard": true,
  "eet_commitment_beta": 0.1,
  "eet_global_router": false,
  "eet_freq_efficiency_alpha": 0.0,
  "eet_diversity_lambda": 0.0,
  "eet_ce_guided_lambda": 1.0,
  "eet_router_lr_mult": 5.0,
  "eet_model_lr_mult": 1.0,
  "eet_depth_weight_type": "none",
  "eet_depth_weight_max": 2.5,
  "eet_use_override": 0,
  "eet_override_prob_start": 0.5,
  "eet_override_prob_end": 0.1,
  "eet_compute_skip": false,
  "eet_target_active_frac": 0.125,
  "eet_capacity_schedule": "bell",
  "eet_exit_fracs": null,
  "eet_capacity_alignment_lambda": 0.0,
  "eet_router_task_grad": true,
  "eet_reinforce_interval": 0,
  "eet_reinforce_lambda": 0.1,
  "eet_exit_adapter_rank": 0,
  "eet_router_after_block": 0,
  "eet_ffn_skip": false,
  "eet_ffn_target_frac": 0.5,
  "eet_ffn_full_attn": true,
  "eet_depth_affine": false,
  "eet_capacity_anneal_frac": 0.0,
  "eet_learned_schedule": false,
  "eet_departure_summary": false,
  "eet_route_consistency_lambda": 0.0,
  "eet_dense_distill_interval": 0,
  "eet_dense_distill_lambda": 0.5,
  "eet_depth_lr_scale": false,
  "eet_depth_grad_scale": false,
  "eet_detach_aux_from_backbone": false,
  "eet_detach_exit_from_backbone": false,
  "use_code_head": true,
  "sch_head_type": "nfh",
  "sch_bits": 0,
  "sch_order": 2,
  "sch_max_m": 0,
  "sch_phi_mode": "monomial",
  "sch_code_mode": "binary",
  "sch_code_path": "",
  "sch_code_ecc_bits": 0,
  "sch_code_seed": 1234,
  "sch_phi_density": 0.0,
  "sch_phi_dtype": "fp32",
  "sch_phi_normalize": 1,
  "sch_phi_center": 0,
  "sch_g_type": "linear",
  "sch_g_hidden": 0,
  "sch_g_layers": 2,
  "sch_g_out_std": 0.001,
  "sch_mixture": 1,
  "sch_residual_rank": 0,
  "sch_logit_act": "none",
  "sch_bias": 0,
  "sch_input_mode": "table",
  "sch_input_hidden": 0,
  "sch_product_groups": 8,
  "sch_product_codebook": 256,
  "sch_product_source": "hash",
  "sch_product_impl": "dense",
  "sch_phi_whiten": 0,
  "sch_mixture_per_phi": 0,
  "sch_mixture_topk": 0,
  "sch_mixture_aux": 0.01,
  "sch_monarch_m1": 0,
  "sch_monarch_perm": "none",
  "sch_monarch_perm_path": "",
  "sch_tier_bounds": "",
  "sch_tier_caps": "",
  "sch_tier_order": "freq",
  "sch_tier_perm_path": "",
  "sch_proposal_rank": 32,
  "sch_proposal_topk": 16384,
  "sch_proposal_samples": 4096,
  "sch_proposal_warmup": 0,
  "sch_proposal_chunk": 2048,
  "sch_proposal_aux": 1.0,
  "sch_nfh_mode": "cp",
  "sch_nfh_rank": 1,
  "sch_nfh_dims": "32,32,32",
  "sch_nfh_groups": 3,
  "sch_nfh_views": 1,
  "sch_nfh_perm": "file",
  "sch_nfh_perm_path": "perms/nfh_g3_v32768.pt",
  "sch_nfh_g_type": "linear",
  "sch_nfh_g_hidden": 0,
  "sch_nfh_smooth": 0,
  "sch_nfh_chunk": 256
}
Seeded weight init with --seed 1
Checkpoints directory: /__modal/volumes/vo-JoBoNS1zSnilqDcfeqvH0o/out/c14_nfh/d8/NFH_cp_R1_s1/depth_8/ckpt_base/base
✓ Wrapping model with DistributedDataParallel (rank 0, find_unused_parameters=False, broadcast_buffers=False)
Parameter counts:
wte                     : 16,777,216
wpe                     : 0
value_embeds            : 67,108,864
lm_head                 : 49,761
transformer_matrices    : 25,166,336
research                : 0
scalars                 : 16
total                   : 109,102,193
Estimated FLOPs per token (total):  1.858990e+08
Estimated FLOPs per token (active): 1.858990e+08
Estimated active params:            109,102,193
[SCH] head=nfh V=32768, mode=cp, dims=[32, 32, 32], R=1, views=1, width=97, g=linear, perm=file, smooth=0, rank_ceiling=32768 | head params 49,761 | head FLOPs/token 297,984 | dense equivalent 100,663,296
Scaling LRs by 0.7071 for batch size 262,144 (reference: 524,288)
Scaling weight decay from 0.200000 to 0.127450 for depth 8
Scaling the LR for the AdamW parameters ∝1/√(512/768) = 1.224745
Calculated number of iterations from target data:param ratio: 1,680
Total number of training tokens: 440,401,920
Tokens : Scaling params ratio: 17.47
Total training FLOPs estimate: 8.187028e+16
Total training FLOPs (active):  8.187028e+16
Total active training FLOPs estimate: 8.187028e+16
Using base scheduler: linear warmup/flat/linear warmdown
Tokens / micro-batch / rank: 128 x 2048 = 262,144
Tokens / micro-batch: 262,144
Total batch size 262,144 => gradient accumulation steps: 1
Running pre-compilation warmup (1 dummy forward+backward to init lazy allocations)...
[rank0]:W0906 13:40:22.341000 529 site-packages/torch/_logging/_internal.py:1199] [0/0] Profiler function <class 'torch.autograd.profiler.record_function'> will be ignored
/usr/local/lib/python3.12/site-packages/torch/_inductor/lowering.py:7242: UserWarning: 
Online softmax is disabled on the fly since Inductor decides to
split the reduction. Cut an issue to PyTorch if this is an
important use case and you want to speed it up with online
softmax.

  warnings.warn(
Warmup complete. Steady-state VRAM: 5.5 GB allocated
step 00000/01680 (0.00%) | loss: 10.413971 | lrm: 0.12 | lr(adamw:5.088e-02, muon:1.768e-03) | dt: 301.22ms | tok/sec: 870,274 | bf16_mfu: 16.36 | epoch: 1 pq: 0 rg: 1 | total time: 0.00m
2026-09-06 13:41:35,581 - nanochat.checkpoint_manager - INFO - Saved model parameters to: /__modal/volumes/vo-JoBoNS1zSnilqDcfeqvH0o/out/c14_nfh/d8/NFH_cp_R1_s1/depth_8/ckpt_base/base/model_000200.pt
2026-09-06 13:41:35,585 - nanochat.checkpoint_manager - INFO - Saved metadata to: /__modal/volumes/vo-JoBoNS1zSnilqDcfeqvH0o/out/c14_nfh/d8/NFH_cp_R1_s1/depth_8/ckpt_base/base/meta_000200.json
2026-09-06 13:41:36,427 - nanochat.checkpoint_manager - INFO - Saved optimizer state to: /__modal/volumes/vo-JoBoNS1zSnilqDcfeqvH0o/out/c14_nfh/d8/NFH_cp_R1_s1/depth_8/ckpt_base/base/optim_000200_rank0.pt
step 00200/01680 (11.90%) | loss: 6.350474 | lrm: 1.00 | lr(adamw:4.071e-01, muon:1.414e-02) | dt: 161.73ms | tok/sec: 1,620,892 | bf16_mfu: 30.47 | epoch: 1 pq: 1 rg: 17 | total time: 0.45m | eta: 3.5m
2026-09-06 13:42:05,484 - nanochat.checkpoint_manager - INFO - Saved model parameters to: /__modal/volumes/vo-JoBoNS1zSnilqDcfeqvH0o/out/c14_nfh/d8/NFH_cp_R1_s1/depth_8/ckpt_base/base/model_000400.pt
2026-09-06 13:42:05,488 - nanochat.checkpoint_manager - INFO - Saved metadata to: /__modal/volumes/vo-JoBoNS1zSnilqDcfeqvH0o/out/c14_nfh/d8/NFH_cp_R1_s1/depth_8/ckpt_base/base/meta_000400.json
2026-09-06 13:42:06,317 - nanochat.checkpoint_manager - INFO - Saved optimizer state to: /__modal/volumes/vo-JoBoNS1zSnilqDcfeqvH0o/out/c14_nfh/d8/NFH_cp_R1_s1/depth_8/ckpt_base/base/optim_000400_rank0.pt
Removed previous periodic checkpoint at step 000200
step 00400/01680 (23.81%) | loss: 5.914630 | lrm: 1.00 | lr(adamw:4.071e-01, muon:1.414e-02) | dt: 148.66ms | tok/sec: 1,763,405 | bf16_mfu: 33.15 | epoch: 1 pq: 2 rg: 30 | total time: 0.93m | eta: 3.1m
2026-09-06 13:42:35,082 - nanochat.checkpoint_manager - INFO - Saved model parameters to: /__modal/volumes/vo-JoBoNS1zSnilqDcfeqvH0o/out/c14_nfh/d8/NFH_cp_R1_s1/depth_8/ckpt_base/base/model_000600.pt
2026-09-06 13:42:35,086 - nanochat.checkpoint_manager - INFO - Saved metadata to: /__modal/volumes/vo-JoBoNS1zSnilqDcfeqvH0o/out/c14_nfh/d8/NFH_cp_R1_s1/depth_8/ckpt_base/base/meta_000600.json
2026-09-06 13:42:35,915 - nanochat.checkpoint_manager - INFO - Saved optimizer state to: /__modal/volumes/vo-JoBoNS1zSnilqDcfeqvH0o/out/c14_nfh/d8/NFH_cp_R1_s1/depth_8/ckpt_base/base/optim_000600_rank0.pt
Removed previous periodic checkpoint at step 000400
step 00600/01680 (35.71%) | loss: 5.756525 | lrm: 0.99 | lr(adamw:4.028e-01, muon:1.399e-02) | dt: 156.55ms | tok/sec: 1,674,504 | bf16_mfu: 31.48 | epoch: 1 pq: 3 rg: 44 | total time: 1.40m | eta: 2.6m
2026-09-06 13:43:05,268 - nanochat.checkpoint_manager - INFO - Saved model parameters to: /__modal/volumes/vo-JoBoNS1zSnilqDcfeqvH0o/out/c14_nfh/d8/NFH_cp_R1_s1/depth_8/ckpt_base/base/model_000800.pt
2026-09-06 13:43:05,273 - nanochat.checkpoint_manager - INFO - Saved metadata to: /__modal/volumes/vo-JoBoNS1zSnilqDcfeqvH0o/out/c14_nfh/d8/NFH_cp_R1_s1/depth_8/ckpt_base/base/meta_000800.json
2026-09-06 13:43:06,126 - nanochat.checkpoint_manager - INFO - Saved optimizer state to: /__modal/volumes/vo-JoBoNS1zSnilqDcfeqvH0o/out/c14_nfh/d8/NFH_cp_R1_s1/depth_8/ckpt_base/base/optim_000800_rank0.pt
Removed previous periodic checkpoint at step 000600
step 00800/01680 (47.62%) | loss: 5.646245 | lrm: 0.82 | lr(adamw:3.320e-01, muon:1.153e-02) | dt: 147.21ms | tok/sec: 1,780,761 | bf16_mfu: 33.47 | epoch: 1 pq: 4 rg: 58 | total time: 1.88m | eta: 2.1m
2026-09-06 13:43:36,646 - nanochat.checkpoint_manager - INFO - Saved model parameters to: /__modal/volumes/vo-JoBoNS1zSnilqDcfeqvH0o/out/c14_nfh/d8/NFH_cp_R1_s1/depth_8/ckpt_base/base/model_001000.pt
2026-09-06 13:43:36,651 - nanochat.checkpoint_manager - INFO - Saved metadata to: /__modal/volumes/vo-JoBoNS1zSnilqDcfeqvH0o/out/c14_nfh/d8/NFH_cp_R1_s1/depth_8/ckpt_base/base/meta_001000.json
2026-09-06 13:43:37,544 - nanochat.checkpoint_manager - INFO - Saved optimizer state to: /__modal/volumes/vo-JoBoNS1zSnilqDcfeqvH0o/out/c14_nfh/d8/NFH_cp_R1_s1/depth_8/ckpt_base/base/optim_001000_rank0.pt
Removed previous periodic checkpoint at step 000800
step 01000/01680 (59.52%) | loss: 5.566683 | lrm: 0.64 | lr(adamw:2.612e-01, muon:9.073e-03) | dt: 169.64ms | tok/sec: 1,545,277 | bf16_mfu: 29.05 | epoch: 1 pq: 5 rg: 73 | total time: 2.38m | eta: 1.6m
2026-09-06 13:44:08,256 - nanochat.checkpoint_manager - INFO - Saved model parameters to: /__modal/volumes/vo-JoBoNS1zSnilqDcfeqvH0o/out/c14_nfh/d8/NFH_cp_R1_s1/depth_8/ckpt_base/base/model_001200.pt
2026-09-06 13:44:08,259 - nanochat.checkpoint_manager - INFO - Saved metadata to: /__modal/volumes/vo-JoBoNS1zSnilqDcfeqvH0o/out/c14_nfh/d8/NFH_cp_R1_s1/depth_8/ckpt_base/base/meta_001200.json
2026-09-06 13:44:09,134 - nanochat.checkpoint_manager - INFO - Saved optimizer state to: /__modal/volumes/vo-JoBoNS1zSnilqDcfeqvH0o/out/c14_nfh/d8/NFH_cp_R1_s1/depth_8/ckpt_base/base/optim_001200_rank0.pt
Removed previous periodic checkpoint at step 001000
step 01200/01680 (71.43%) | loss: 5.507646 | lrm: 0.47 | lr(adamw:1.903e-01, muon:6.613e-03) | dt: 169.37ms | tok/sec: 1,547,775 | bf16_mfu: 29.09 | epoch: 1 pq: 7 rg: 5 | total time: 2.88m | eta: 1.2m
2026-09-06 13:44:39,733 - nanochat.checkpoint_manager - INFO - Saved model parameters to: /__modal/volumes/vo-JoBoNS1zSnilqDcfeqvH0o/out/c14_nfh/d8/NFH_cp_R1_s1/depth_8/ckpt_base/base/model_001400.pt
2026-09-06 13:44:39,737 - nanochat.checkpoint_manager - INFO - Saved metadata to: /__modal/volumes/vo-JoBoNS1zSnilqDcfeqvH0o/out/c14_nfh/d8/NFH_cp_R1_s1/depth_8/ckpt_base/base/meta_001400.json
2026-09-06 13:44:40,627 - nanochat.checkpoint_manager - INFO - Saved optimizer state to: /__modal/volumes/vo-JoBoNS1zSnilqDcfeqvH0o/out/c14_nfh/d8/NFH_cp_R1_s1/depth_8/ckpt_base/base/optim_001400_rank0.pt
Removed previous periodic checkpoint at step 001200
step 01400/01680 (83.33%) | loss: 5.446294 | lrm: 0.29 | lr(adamw:1.195e-01, muon:4.152e-03) | dt: 146.91ms | tok/sec: 1,784,429 | bf16_mfu: 33.54 | epoch: 1 pq: 8 rg: 20 | total time: 3.38m | eta: 0.7m
2026-09-06 13:45:11,158 - nanochat.checkpoint_manager - INFO - Saved model parameters to: /__modal/volumes/vo-JoBoNS1zSnilqDcfeqvH0o/out/c14_nfh/d8/NFH_cp_R1_s1/depth_8/ckpt_base/base/model_001600.pt
2026-09-06 13:45:11,162 - nanochat.checkpoint_manager - INFO - Saved metadata to: /__modal/volumes/vo-JoBoNS1zSnilqDcfeqvH0o/out/c14_nfh/d8/NFH_cp_R1_s1/depth_8/ckpt_base/base/meta_001600.json
2026-09-06 13:45:12,097 - nanochat.checkpoint_manager - INFO - Saved optimizer state to: /__modal/volumes/vo-JoBoNS1zSnilqDcfeqvH0o/out/c14_nfh/d8/NFH_cp_R1_s1/depth_8/ckpt_base/base/optim_001600_rank0.pt
Removed previous periodic checkpoint at step 001400
step 01600/01680 (95.24%) | loss: 5.400738 | lrm: 0.12 | lr(adamw:4.869e-02, muon:1.691e-03) | dt: 135.08ms | tok/sec: 1,940,679 | bf16_mfu: 36.48 | epoch: 1 pq: 9 rg: 34 | total time: 3.88m | eta: 0.2m
step 01679/01680 (99.94%) | loss: 5.401926 | lrm: 0.05 | lr(adamw:2.071e-02, muon:7.194e-04) | dt: 148.94ms | tok/sec: 1,760,071 | bf16_mfu: 33.08 | epoch: 1 pq: 9 rg: 73 | total time: 4.08m | eta: 0.0m
/usr/local/lib/python3.12/site-packages/torch/_inductor/lowering.py:7242: UserWarning: 
Online softmax is disabled on the fly since Inductor decides to
split the reduction. Cut an issue to PyTorch if this is an
important use case and you want to speed it up with online
softmax.

  warnings.warn(
Step 01680 | Validation bpb: 1.643873 | val_loss: 5.392458
[sample] skipped: this head computes its loss without a logit vector, so it cannot generate
2026-09-06 13:46:11,792 - nanochat.checkpoint_manager - INFO - Saved model parameters to: /__modal/volumes/vo-JoBoNS1zSnilqDcfeqvH0o/out/c14_nfh/d8/NFH_cp_R1_s1/depth_8/ckpt_base/base/model_001680.pt
2026-09-06 13:46:11,795 - nanochat.checkpoint_manager - INFO - Saved metadata to: /__modal/volumes/vo-JoBoNS1zSnilqDcfeqvH0o/out/c14_nfh/d8/NFH_cp_R1_s1/depth_8/ckpt_base/base/meta_001680.json
2026-09-06 13:46:12,640 - nanochat.checkpoint_manager - INFO - Saved optimizer state to: /__modal/volumes/vo-JoBoNS1zSnilqDcfeqvH0o/out/c14_nfh/d8/NFH_cp_R1_s1/depth_8/ckpt_base/base/optim_001680_rank0.pt
step 01680/01680 (final) | loss: 5.401926 | early_stop: 0
Peak memory usage: 46432.13MiB
Total training time: 4.08m
Minimum validation bpb: 1.643873
Minimum validation loss (nats/byte): 5.392458
[SCH] run_tag=base  phi_width_M=97  rank_ceiling=32768  val_bpb=1.6439  bpb_tail_minus_head=0.7420
Final Validation BPB for base: 1.6439

--- Generating Report ---
Saved plot to out/c14_nfh/d8/NFH_cp_R1_s1/depth_8/comparison_depth_8.png
Saved TSV data to out/c14_nfh/d8/NFH_cp_R1_s1/depth_8/results_depth_8.tsv
Generating report to out/report/report.md
Copying report.md to current directory for convenience
================================================================
Sweep Complete! Results saved to out/c14_nfh/d8/NFH_cp_R1_s1
================================================================
OK    NFH_cp_R1_s1

--- NFH_cp_R32_s1  (depth 8, V=32768, device-batch 128) ---
Requested NPROC_PER_NODE=8, but only 1 GPU(s) visible. Capping.
Using NPROC_PER_NODE=1
NANOCHAT_SKIP_ENV_SETUP=0
===== GPU Info =====
Sun Sep  6 13:46:35 2026       
+-----------------------------------------------------------------------------------------+
| NVIDIA-SMI 580.95.05              Driver Version: 580.95.05      CUDA Version: 13.0     |
+-----------------------------------------+------------------------+----------------------+
| GPU  Name                 Persistence-M | Bus-Id          Disp.A | Volatile Uncorr. ECC |
| Fan  Temp   Perf          Pwr:Usage/Cap |           Memory-Usage | GPU-Util  Compute M. |
|                                         |                        |               MIG M. |
|=========================================+========================+======================|
|   0  NVIDIA H200                    On  |   00000000:96:00.0 Off |                    0 |
| N/A   34C    P0             80W /  700W |       4MiB / 143771MiB |      0%      Default |
|                                         |                        |             Disabled |
+-----------------------------------------+------------------------+----------------------+

+-----------------------------------------------------------------------------------------+
| Processes:                                                                              |
|  GPU   GI   CI              PID   Type   Process name                        GPU Memory |
|        ID   ID                                                               Usage      |
|=========================================================================================|
|  No running processes found                                                             |
+-----------------------------------------------------------------------------------------+
Starting Research Sweep. Output directory: out/c14_nfh/d8/NFH_cp_R32_s1
UV_SYSTEM_PYTHON=1: using system Python, skipping venv creation.
Validating system environment dependencies via uv...
Using Python 3.12.10 environment at: /usr/local
Resolved 159 packages in 131ms
   Building nanochat @ file:///__modal/volumes/vo-JoBoNS1zSnilqDcfeqvH0o
      Built nanochat @ file:///__modal/volumes/vo-JoBoNS1zSnilqDcfeqvH0o
Prepared 1 package in 1.18s
Uninstalled 1 package in 0.55ms
Installed 1 package in 1ms
 ~ nanochat==0.1.0 (from file:///__modal/volumes/vo-JoBoNS1zSnilqDcfeqvH0o)
Reset report and wrote header to out/report/header.md
Dataset (up to 300 shards) already exists in data, skipping download.
Tokenizer already exists in tokenizer, skipping training.
================================================================
Processing Depth: 8
================================================================
2026-09-06 13:46:46,530 - httpx - INFO - HTTP Request: HEAD https://huggingface.co/varunneal/flash-attention-3/resolve/main/kernel-status.toml "HTTP/1.1 404 Not Found"
2026-09-06 13:46:46,678 - httpx - INFO - HTTP Request: GET https://huggingface.co/api/models/varunneal/flash-attention-3/tree/main/build?recursive=false&expand=false "HTTP/1.1 200 OK"
2026-09-06 13:46:46,845 - httpx - INFO - HTTP Request: GET https://huggingface.co/api/models/varunneal/flash-attention-3/revision/main "HTTP/1.1 200 OK"
[sweep] Requested 8 DDP workers but only 1 GPU(s) available — using 1.
================================================================
Starting Sweep for Depth 8
Target Tokens: 440,401,920
================================================================
  Overriding default target_dim (128) with full model_dim 512

--- Training base ---

  ┌─────────────────────────────────────────────────────┐
  │  🆕  STARTING FRESH: [base]
  │     No checkpoints found — training from scratch.
  └─────────────────────────────────────────────────────┘

Running: /usr/local/bin/torchrun --standalone --nproc_per_node=1 -m scripts.base_train --depth 8 --aspect-ratio 64 --head-dim 128 --model-dim 512 --max-seq-len 2048 --device-batch-size 128 --total-batch-size 262144 --target-tokens 440401920 --eval-every -1 --log-every 200 --core-metric-every 0 --save-every 200 --warmup-ratio 0.005 --warmdown-ratio 0.65 --final-lr-frac 0.05 --adam-beta2 0.99 --research-warmup-ratio 0.05 --use-onecycle 0 --router-context-window -1 --remix-use-basis-gate 1 --remix-use-output-gate 1 --remix-use-context 1 --remix-basis-gate-mode mlp --remix-gate-lr-scale 0.3 --p22-n-templates 1 --p22-template-routing-learned 0 --p22-template-topk 0 --p22-attn-moe-route none --p26-output-gated-linear 0 --p28-shared-basis 0 --p28-chunk-routing-size 0 --p28-global-template-bank none --p28-attn-proj-templates 0 --p28-attn-qk-templates 0 --p31-chunk-route-impl compose --p31-top1-gate ones --p31-template-delta-rank 0 --p31-route-side output --p31-drop-basis-proj 0 --p31-basis-side-templates 0 --remix-template-block-diag 0 --remix-template-lr-scale 1.0 --p29-grad-equalize 0 --target-active-params 0 --compile-regional 0 --timing-probe-steps 0 --compile-mode default --remix-basis-gate-rank 8 --cclblock-modulation weight --cclblock-orth-lambda 0.0 --p35-template-diversity-lambda 0.0 --cclblock-context-stream local --cclblock-ema-factor 0.99 --cclblock-stale-ctx-lag 0 --cclblock-sparse-gate-k 0 --cclblock-gate-temperature 1.0 --cclblock-context-bank-size 0 --cclblock-per-head-ctx 0 --cclblock-context-source norm_x --cclblock-chunk-size 0 --cclblock-aux-objective none --cclblock-aux-lambda 0.1 --cclblock-boundary-token-id 198 --use-ral 0 --ral-rank 32 --p34-ffn-schedule  --p34-ffn-no-ffn-replacement none --p34-ffn-last-depth 1 --p36-swiglu-ffn 0 --p36-swiglu-mult 2.6666666666666665 --cond-sites both --p22-route-affine 0 --cond-rank 256 --cond-mult-steps 0 --cond-gate-source router --cond-coeff-act centered --cond-router-rank 0 --cond-router-act none --cond-live-init 0.0 --cond-chunk-size 0 --cond-mult-scale -1.0 --cond-mult-impl wy --cond-attn-projs qkvo --cond-layer-frac 1.0 --cclblock-film-gate 0 --cclblock-attn-shadow-dim 0 --cclblock-dynamic-ratio 0.25 --cclblock-gate-rank 8 --cclblock-num-regimes 8 --cclblock-regime-temperature 1.0 --cclblock-poly-order 2 --cclblock-lie-generators 4 --cclblock-grassmann-bank-size 4 --cclblock-tucker-rank 32 --cclblock-tucker-modes 8 --cclblock-svs-rank 64 --cclblock-svs-eps 0.1 --cclblock-vq-codes 8 --cclblock-vq-temperature 1.0 --cclblock-dcu-warmup-steps 0 --cclblock-fsi-rotations 8 --cclblock-fsi-selector-dim 64 --cclblock-aesp-strata 4 --cclblock-aesp-delta-rank 4 --cclblock-ckr-branches 4 --cclblock-ckr-kernel-size 64 --cclblock-ckr-pos-channels 1 --cclblock-ckr-dual-optim 0 --cclblock-ckr-content-bias 0.0 --cclblock-giad-rank 32 --cclblock-psg-kernel-size 64 --cclblock-ss-dynamic-ratio 0.25 --cclblock-ss-branches 2 --cclblock-ss-kernel-size 64 --cclblock-lokr-branches 8 --cclblock-lokr-rank 16 --cclblock-ckr-temp-start 2.0 --cclblock-ckr-temp-end 0.3 --cclblock-com-kernel-size 32 --cclblock-ckr-ortho-init 0 --cclblock-ckr-branch-dropout 0.0 --cclblock-ckr-diversity-lambda 0.0 --cclblock-pgr-kernel-size 64 --cclblock-cil-kernel-size 64 --cclblock-prb-kernel-size 64 --p18-layer-drop 0.0 --p18-dynamic-activation 0 --p18-mixture-norm 0 --p18-aux-sim-lambda 0.0 --p18-gradient-penalty 0.0 --p18-per-channel-scale 0 --p19-residual-gate 0 --p19-head-importance 0 --p19-residual-mix-groups 0 --p19-attn-logit-bias 0 --p19-residual-decay 0 --p19-grad-equilibrium 0.0 --p19-spectral-reparam 0 --p19-weight-anticollapse 0.0 --p19-ve-bias 0 --p19-weight-noise 0.0 --p20-hrcs-scale 0 --p20-lswr-scale 0 --p20-lswr-planes 8 --p20-lrcfb-branches 0 --p20-lrcfb-narrow 0 --p20-lrcfb-learned 0 --p20-lrcfb-topk 0 --p20-dgcr-branches 0 --p20-dgcr-aux-weight 0.01 --p20-mone-experts 0 --p20-mone-topk 0 --p20-mone-narrow 1 --p20-mone-frozen 0 --p20-ncea-branches 0 --p20-ncea-eps 0.1 --p20-adwi 0 --p20-pwu-branches 0 --p20-pwu-phase 1 --p20-fsvd-gate 0 --p20-wbfc-clusters 0 --p20-wbfc-active 0 --p21-per-experts 0 --p21-per-topk 0 --p21-per-learned 0 --p21-per-attn 0 --p23-tiny-expert 0 --p23-n-experts 64 --p23-topk 16 --p23-learned-route 0 --p23-std-moe-experts 0 --p23-std-moe-topk -1 --p23-std-moe-aux-weight 0.01 --p23-lokr 0 --p23-lokr-rank 4 --p23-use-shared-block-router 0 --p23-linear-moe-experts 0 --p23-linear-moe-topk 0 --p23-quantile-route 0 --seed 1 --p34-ffn-mult 4.0 --p34-ffn-single 0 --p34-dense-attn 0 --p24-use-sliced-weight 0 --p24-sliced-weight-reduction-scale 8 --p24-sliced-weight-min-select 128 --p24-sliced-weight-scope per_token --p24-sliced-weight-balance-coeff 0.01 --p24-quantile-route 0 --p24-use-folded-mod 0 --p24-folded-mod-reduction-scale 8 --p24-folded-mod-scope per_layer --p24-folded-mod-gate-act tanh_centered --p24-use-sequence-gated-linear 0 --p24-sequence-gated-scope per_layer --p24-sequence-gated-act tanh_centered --p24-folded-mod-min-dim 128 --remix-shared-context-gates 0 --remix-use-dual-gate 0 --remix-basis-scale-factor 4 --remix-output-gate-rank 16 --p24-use-sliced-weight 0 --p24-sliced-weight-reduction-scale 8 --p24-sliced-weight-min-select 128 --p24-sliced-weight-scope per_token --p24-sliced-weight-balance-coeff 0.01 --p24-quantile-route 0 --p24-use-folded-mod 0 --p24-folded-mod-reduction-scale 8 --p24-folded-mod-scope per_layer --p24-folded-mod-gate-act tanh_centered --p24-use-sequence-gated-linear 0 --p24-sequence-gated-scope per_layer --p24-sequence-gated-act tanh_centered --remix-disable-ln-basis 0 --dense-intermediate-ln 0 --use-mol 0 --mol-n-blocks 5 --mol-n-shared 1 --mol-topk 3 --mol-thin-dim 256 --mol-head-dim 64 --mol-ffn-mult 4.0 --mol-router-aux 0.05 --mol-routed-attn softmax --mol-dispatch 1 --mol-capacity-factor 1.0 --mol-block-lr-scale 1.0 --mol-per-block-ve 0 --use-mst 0 --mst-n-subs 8 --mst-sub-dim 64 --mst-head-dim 0 --mst-input-mode fixed_slice --mst-rotated-slice-learned 0 --mst-routing-mode soft_weighted --mst-routing-topk 4 --mst-routing-aux-weight 0.01 --mst-diversity-weight 0.0 --mst-ffn-mode standard --mst-transition-mode parallel --mst-final-mode aggregate_proj --mst-final-topk -1 --mst-ffn-shared-up 0 --mst-ffn-inner-dim 0 --mst-sub-dropout 0.0 --mst-transition-every 1 --mst-ffa-temperature 1.0 --mst-global-residual 0 --mst-hybrid-dense 0 --mst-cross-sub-kv 0 --mst-sub-aux-weight 0.0 --mst-progressive-merge 0 --mst-multi-scale-windows 0 --mst-delta-residual 0 --mst-sub-layers 1 --mst-grad-equalize 0 --mst-block-diagonal-muon 0 --mst-transition-width-mult 1.0 --mst-sub-lr-scale 1.0 --mst-shared-expert 0 --mst-router-entropy-weight 0.0 --mst-shared-kv-attn 0 --mst-contrastive-diversity-weight 0.0 --mst-transition-nonlinear 0 --mst-transition-gated 0 --mst-transition-mlp 0 --mst-cross-sub-gate 0 --mst-hyper-connect 0 --mst-cross-kv-inject 0 --mst-slice-transition 0 --mst-lookback-layers 0 --mst-bilinear-transition 0 --mst-cross-sub-qmod 0 --mst-feature-cycle 0 --mst-mean-transition 0 --mst-sub-head-dim 0 --mst-final-norm 0 --mst-per-stream-ve 0 --mst-ve-map 0 --mst-ve-map-rank 0 --mst-lm-head-dim 0 --mst-compose-windows 0 --mst-channel-mix none --mst-channel-mix-site layer --mst-distribute-block-muon 0 --mst-trans-spectral-lr 0 --mst-talking-heads 0 --mst-wo-mode block --mst-stream-topk 0 --mst-stream-shared 0 --mst-stream-router-aux 0.01 --mst-stream-router-noise 0.0 --mst-stream-dispatch 0 --mst-stream-capacity-factor 1.0 --mst-stream-gate-attn 0 --mst-ffn-monarch none --mst-shampoo 0 --mst-precond-every 10 --mst-shampoo-beta 0.95 --use-eet 0 --eet-frozen-kv 1 --eet-reenter-final 0 --eet-compute-skip 0 --eet-target-active-frac 0.125 --eet-capacity-schedule bell --eet-exit-fracs  --eet-router-type mlp2 --eet-router-hidden 0 --eet-freq-prior-alpha 0.0 --eet-pos-prior-beta 0.0 --eet-domain-prior 0 --eet-warmup-frac 0.02 --eet-explore-frac 0.15 --eet-reconstruct-lambda 1.0 --eet-efficiency-lambda-start 0.01 --eet-efficiency-lambda-end 0.1 --eet-translator-rank 0 --eet-max-frozen-kv-frac 0.75 --eet-exit-threshold 0.5 --eet-min-exit-layer 1 --eet-loss-variant reconstruct --eet-topk-vocab 512 --eet-entropy-lambda 0.3 --eet-surprise-lambda 0.1 --eet-adv-lambda 1.0 --eet-adv-entropy-lambda 0.2 --eet-quality-lambda 1.0 --eet-quality-entropy-bonus 0.1 --eet-gumbel-temp-start 0.0 --eet-gumbel-temp-end 0.1 --eet-gumbel-hard 1 --eet-commitment-beta 0.1 --eet-global-router 0 --eet-freq-efficiency-alpha 0.0 --eet-diversity-lambda 0.0 --eet-ce-guided-lambda 1.0 --eet-router-lr-mult 5.0 --eet-model-lr-mult 1.0 --eet-depth-weight-type none --eet-depth-weight-max 2.5 --eet-use-override 0 --eet-override-prob-start 0.5 --eet-override-prob-end 0.1 --eet-capacity-alignment-lambda 0.0 --eet-router-task-grad 1 --eet-reinforce-interval 0 --eet-reinforce-lambda 0.1 --eet-exit-adapter-rank 0 --eet-router-after-block 0 --eet-ffn-skip 0 --eet-ffn-target-frac 0.5 --eet-ffn-full-attn 1 --eet-depth-affine 0 --eet-capacity-anneal-frac 0.0 --eet-learned-schedule 0 --eet-departure-summary 0 --eet-route-consistency-lambda 0.0 --eet-dense-distill-interval 0 --eet-dense-distill-lambda 0.5 --eet-depth-lr-scale 0 --eet-depth-grad-scale 0 --eet-detach-aux-from-backbone 0 --eet-detach-exit-from-backbone 0 --use-code-head 1 --sch-head-type nfh --sch-bits 0 --sch-order 2 --sch-max-m 0 --sch-phi-mode monomial --sch-code-mode binary --sch-code-path  --sch-code-ecc-bits 0 --sch-code-seed 1234 --sch-phi-density 0.0 --sch-phi-dtype fp32 --sch-phi-normalize 1 --sch-phi-center 0 --sch-g-type linear --sch-g-hidden 0 --sch-g-layers 2 --sch-g-out-std 0.001 --sch-mixture 1 --sch-residual-rank 0 --sch-logit-act none --sch-bias 0 --sch-input-mode table --sch-input-hidden 0 --sch-product-groups 8 --sch-product-codebook 256 --sch-product-source hash --sch-product-impl dense --sch-phi-whiten 0 --sch-mixture-per-phi 0 --sch-mixture-topk 0 --sch-mixture-aux 0.01 --sch-monarch-m1 0 --sch-monarch-perm none --sch-monarch-perm-path  --sch-tier-bounds  --sch-tier-caps  --sch-tier-order freq --sch-tier-perm-path  --sch-proposal-rank 32 --sch-proposal-topk 16384 --sch-proposal-samples 4096 --sch-proposal-warmup 0 --sch-proposal-chunk 2048 --sch-proposal-aux 1.0 --sch-nfh-mode cp --sch-nfh-rank 32 --sch-nfh-dims 32,32,32 --sch-nfh-groups 3 --sch-nfh-views 1 --sch-nfh-perm file --sch-nfh-perm-path perms/nfh_g3_v32768.pt --sch-nfh-g-type linear --sch-nfh-g-hidden 0 --sch-nfh-chunk 256 --sch-nfh-smooth 0 --sch-holdout-tokens 0 --sch-holdout-seed 7 --sch-holdout-min-id 256 --sch-holdout-mode target --sch-decile-metrics 1 --sch-rank-probe 16384 --sch-eval-steps 100 --compile --tokenizer-dir tokenizer --data-dir data --max-shards 300 --checkpoints-dir /__modal/volumes/vo-JoBoNS1zSnilqDcfeqvH0o/out/c14_nfh/d8/NFH_cp_R32_s1/depth_8/ckpt_base --model-tag base
2026-09-06 13:46:54,149 - httpx - INFO - HTTP Request: HEAD https://huggingface.co/varunneal/flash-attention-3/resolve/main/kernel-status.toml "HTTP/1.1 404 Not Found"
2026-09-06 13:46:54,282 - httpx - INFO - HTTP Request: GET https://huggingface.co/api/models/varunneal/flash-attention-3/tree/main/build?recursive=false&expand=false "HTTP/1.1 200 OK"
2026-09-06 13:46:54,444 - httpx - INFO - HTTP Request: GET https://huggingface.co/api/models/varunneal/flash-attention-3/revision/main "HTTP/1.1 200 OK"

                                                       █████                █████
                                                      ░░███                ░░███
     ████████    ██████   ████████    ██████   ██████  ░███████    ██████  ███████
    ░░███░░███  ░░░░░███ ░░███░░███  ███░░███ ███░░███ ░███░░███  ░░░░░███░░░███░
     ░███ ░███   ███████  ░███ ░███ ░███ ░███░███ ░░░  ░███ ░███   ███████  ░███
     ░███ ░███  ███░░███  ░███ ░███ ░███ ░███░███  ███ ░███ ░███  ███░░███  ░███ ███
     ████ █████░░████████ ████ █████░░██████ ░░██████  ████ █████░░███████  ░░█████
    ░░░░ ░░░░░  ░░░░░░░░ ░░░░ ░░░░░  ░░░░░░   ░░░░░░  ░░░░ ░░░░░  ░░░░░░░░   ░░░░░
    
Autodetected device type: cuda
2026-09-06 13:46:55,514 - nanochat.common - INFO - Distributed world size: 1
GPU: NVIDIA H200 | Peak FLOPS (BF16): 9.89e+14
COMPUTE_DTYPE: torch.bfloat16 (auto-detected: CUDA SM 90 (bf16 supported))
✓ Using Flash Attention 3 (Hopper GPU detected) — efficient and fast.
Vocab size: 32,768
[SCH] head=nfh V=32768, mode=cp, dims=[32, 32, 32], R=32, views=1, width=3104, g=linear, perm=file, smooth=0, rank_ceiling=32768 | head params 1,592,352 | head FLOPs/token 9,535,488 | dense equivalent 100,663,296
Model config:
{
  "sequence_len": 2048,
  "vocab_size": 32768,
  "n_layer": 8,
  "n_head": 4,
  "n_kv_head": 4,
  "n_embd": 512,
  "use_moe": false,
  "use_perm": false,
  "moe_num_experts": 8,
  "moe_router_dim": 64,
  "moe_embed_dim": 64,
  "dropout": 0.0,
  "use_remix_linear": false,
  "remix_context_dim": 64,
  "remix_context_dim_ratio": 6,
  "remix_basis_size": 64,
  "remix_output_gate_rank": 16,
  "remixed_linear_kwargs": {
    "use_basis_gate": true,
    "use_output_gate": true,
    "use_context": true,
    "basis_gate_mode": "mlp",
    "sparse_gate_k": 0,
    "gate_temperature": 1.0,
    "basis_scale_factor": 4,
    "n_templates": 1,
    "template_routing_learned": false,
    "template_topk": 0,
    "tiny_expert": false,
    "tiny_expert_topk": 16,
    "lokr_expert": false,
    "lokr_n_experts": 64,
    "lokr_topk": 16,
    "lokr_rank": 4,
    "lokr_learned": false,
    "basis_gate_rank": 8,
    "disable_ln_basis": false,
    "chunk_route_impl": "compose",
    "top1_gate": "ones",
    "template_delta_rank": 0,
    "route_side": "output",
    "drop_basis_proj": false,
    "basis_side_templates": 0,
    "grad_equalize": false,
    "output_gate_rank": 16,
    "operator_modulation": "none",
    "lie_generators": 4,
    "poly_order": 2,
    "grassmann_bank_size": 4
  },
  "use_pos_embed": false,
  "moe_use_abs_pos_embed": false,
  "use_layer_context": true,
  "scale_basis_size": true,
  "remix_use_dual_gate": false,
  "remix_use_fused": false,
  "p26_output_gated_linear": 0,
  "p28_shared_basis": 0,
  "p28_chunk_routing_size": 0,
  "p28_global_template_bank": "none",
  "p28_attn_proj_templates": 0,
  "p28_attn_qk_templates": 0,
  "p29_template_block_diag": 0,
  "p29_template_lr_scale": 1.0,
  "p29_grad_equalize": 0,
  "p34_ffn_mult": 4.0,
  "p34_ffn_single": 0,
  "p34_dense_attn": 0,
  "legacy_init_fallback": 0,
  "p35_template_diversity_lambda": 0.0,
  "p22_route_affine": 0,
  "p34_ffn_schedule": "",
  "p34_ffn_no_ffn_replacement": "none",
  "p34_ffn_last_depth": 1,
  "p36_swiglu_ffn": 0,
  "p36_swiglu_mult": 2.6666666666666665,
  "cond_sites": "both",
  "cond_rank": 256,
  "cond_mult_steps": 0,
  "cond_gate_source": "router",
  "cond_coeff_act": "centered",
  "cond_router_rank": 0,
  "cond_live_init": 0.0,
  "cond_router_act": "none",
  "cond_chunk_size": 0,
  "cond_mult_scale": -1.0,
  "cond_mult_impl": "wy",
  "cond_attn_projs": "qkvo",
  "cond_layer_frac": 1.0,
  "perm_expert_mode": "low_rank",
  "perm_rank": 16,
  "router_context_window": -1,
  "router_causal": true,
  "router_num_heads": 4,
  "router_num_queries": 16,
  "router_n_layers": 2,
  "router_use_vocab_prior": false,
  "window_pattern": "SSSL",
  "cclblock_modulation": "weight",
  "cclblock_orth_lambda": 0.0,
  "cclblock_context_stream": "local",
  "cclblock_ema_factor": 0.99,
  "cclblock_stale_ctx_lag": 0,
  "cclblock_sparse_gate_k": 0,
  "cclblock_gate_temperature": 1.0,
  "cclblock_context_bank_size": 0,
  "cclblock_per_head_ctx": false,
  "cclblock_context_source": "norm_x",
  "cclblock_chunk_size": 0,
  "cclblock_aux_objective": "none",
  "cclblock_aux_lambda": 0.1,
  "cclblock_boundary_token_id": 198,
  "use_ral": false,
  "ral_rank": 32,
  "cclblock_film_gate": false,
  "cclblock_attn_shadow_dim": 0,
  "cclblock_dynamic_ratio": 0.25,
  "cclblock_gate_rank": 8,
  "cclblock_num_regimes": 8,
  "cclblock_regime_temperature": 1.0,
  "cclblock_poly_order": 2,
  "cclblock_lie_generators": 4,
  "cclblock_grassmann_bank_size": 4,
  "cclblock_tucker_rank": 32,
  "cclblock_tucker_modes": 8,
  "cclblock_svs_rank": 64,
  "cclblock_svs_eps": 0.1,
  "cclblock_vq_codes": 8,
  "cclblock_vq_temperature": 1.0,
  "cclblock_dcu_warmup_steps": 0,
  "cclblock_fsi_rotations": 8,
  "cclblock_fsi_selector_dim": 64,
  "cclblock_aesp_strata": 4,
  "cclblock_aesp_delta_rank": 4,
  "cclblock_ckr_branches": 4,
  "cclblock_ckr_kernel_size": 64,
  "cclblock_ckr_pos_channels": 1,
  "cclblock_ckr_dual_optim": 0,
  "cclblock_ckr_content_bias": 0.0,
  "cclblock_giad_rank": 32,
  "cclblock_psg_kernel_size": 64,
  "cclblock_ss_dynamic_ratio": 0.25,
  "cclblock_ss_branches": 2,
  "cclblock_ss_kernel_size": 64,
  "cclblock_lokr_branches": 8,
  "cclblock_lokr_rank": 16,
  "cclblock_ckr_temp_start": 2.0,
  "cclblock_ckr_temp_end": 0.3,
  "cclblock_com_kernel_size": 32,
  "cclblock_ckr_ortho_init": 0,
  "cclblock_ckr_branch_dropout": 0.0,
  "cclblock_ckr_diversity_lambda": 0.0,
  "cclblock_ckr_layer_selective": 0,
  "cclblock_pgr_kernel_size": 64,
  "cclblock_cil_kernel_size": 64,
  "cclblock_prb_kernel_size": 64,
  "p18_layer_drop": 0.0,
  "p18_dynamic_activation": 0,
  "p18_mixture_norm": 0,
  "p18_causal_attn_bias": 0,
  "p18_aux_sim_lambda": 0.0,
  "p18_gradient_penalty": 0.0,
  "p18_per_channel_scale": 0,
  "p19_residual_gate": 0,
  "p19_head_importance": 0,
  "p19_residual_mix_groups": 0,
  "p19_attn_logit_bias": 0,
  "p19_residual_decay": 0,
  "p19_grad_equilibrium": 0.0,
  "p19_spectral_reparam": 0,
  "p19_weight_anticollapse": 0.0,
  "p19_ve_bias": 0,
  "p19_weight_noise": 0.0,
  "p20_hrcs_scale": 0,
  "p20_lswr_scale": 0,
  "p20_lswr_planes": 8,
  "p20_lrcfb_branches": 0,
  "p20_lrcfb_narrow": 0,
  "p20_lrcfb_learned": 0,
  "p20_lrcfb_topk": 0,
  "p20_dgcr_branches": 0,
  "p20_dgcr_aux_weight": 0.01,
  "p20_mone_experts": 0,
  "p20_mone_topk": 0,
  "p20_mone_narrow": 1,
  "p20_mone_frozen": 0,
  "p20_ncea_branches": 0,
  "p20_ncea_eps": 0.1,
  "p20_adwi": 0,
  "p20_pwu_branches": 0,
  "p20_pwu_phase": 1,
  "p20_fsvd_gate": 0,
  "p20_wbfc_clusters": 0,
  "p20_wbfc_active": 0,
  "p21_per_experts": 0,
  "p21_per_topk": 0,
  "p21_per_learned": 0,
  "p21_per_attn": 0,
  "p22_attn_moe_route": "none",
  "p23_tiny_expert": 0,
  "p23_n_experts": 64,
  "p23_topk": 16,
  "p23_learned_route": 0,
  "p23_std_moe_experts": 0,
  "p23_std_moe_topk": -1,
  "p23_std_moe_aux_weight": 0.01,
  "p23_lokr": 0,
  "p23_lokr_rank": 4,
  "p23_use_shared_block_router": 0,
  "p23_linear_moe_experts": 0,
  "p23_linear_moe_topk": 0,
  "p23_quantile_route": 0,
  "remix_shared_context_gates": 0,
  "p24_use_sliced_weight": 0,
  "p24_sliced_weight_reduction_scale": 8,
  "p24_sliced_weight_min_select": 128,
  "p24_sliced_weight_scope": "per_token",
  "p24_sliced_weight_balance_coeff": 0.01,
  "p24_quantile_route": 0,
  "p24_use_folded_mod": 0,
  "p24_folded_mod_reduction_scale": 8,
  "p24_folded_mod_min_dim": 128,
  "p24_folded_mod_scope": "per_layer",
  "p24_folded_mod_gate_act": "tanh_centered",
  "p24_use_sequence_gated_linear": 0,
  "p24_sequence_gated_scope": "per_layer",
  "p24_sequence_gated_act": "tanh_centered",
  "remix_disable_ln_basis": 0,
  "dense_intermediate_ln": 0,
  "use_mol": false,
  "mol_n_blocks": 5,
  "mol_n_shared": 1,
  "mol_topk": 3,
  "mol_thin_dim": 256,
  "mol_head_dim": 64,
  "mol_ffn_mult": 4.0,
  "mol_router_aux": 0.05,
  "mol_routed_attn": "softmax",
  "mol_dispatch": 1,
  "mol_capacity_factor": 1.0,
  "mol_block_lr_scale": 1.0,
  "mol_per_block_ve": 0,
  "use_mst": false,
  "mst_n_subs": 8,
  "mst_sub_dim": 64,
  "mst_head_dim": 0,
  "mst_input_mode": "fixed_slice",
  "mst_rotated_slice_learned": false,
  "mst_routing_mode": "soft_weighted",
  "mst_routing_topk": 4,
  "mst_routing_aux_weight": 0.01,
  "mst_diversity_weight": 0.0,
  "mst_ffn_mode": "standard",
  "mst_transition_mode": "parallel",
  "mst_final_mode": "aggregate_proj",
  "mst_final_topk": -1,
  "mst_ffn_shared_up": 0,
  "mst_ffn_inner_dim": 0,
  "mst_sub_dropout": 0.0,
  "mst_transition_every": 1,
  "mst_ffa_temperature": 1.0,
  "mst_global_residual": 0,
  "mst_hybrid_dense": 0,
  "mst_cross_sub_kv": 0,
  "mst_sub_aux_weight": 0.0,
  "mst_progressive_merge": 0,
  "mst_multi_scale_windows": 0,
  "mst_delta_residual": 0,
  "mst_sub_layers": 1,
  "mst_grad_equalize": 0,
  "mst_block_diagonal_muon": 0,
  "mst_transition_width_mult": 1.0,
  "mst_sub_lr_scale": 1.0,
  "mst_shared_expert": 0,
  "mst_router_entropy_weight": 0.0,
  "mst_shared_kv_attn": 0,
  "mst_contrastive_diversity_weight": 0.0,
  "mst_transition_nonlinear": 0,
  "mst_transition_gated": 0,
  "mst_transition_mlp": 0,
  "mst_cross_sub_gate": 0,
  "mst_hyper_connect": 0,
  "mst_cross_kv_inject": 0,
  "mst_slice_transition": 0,
  "mst_lookback_layers": 0,
  "mst_bilinear_transition": 0,
  "mst_cross_sub_qmod": 0,
  "mst_feature_cycle": 0,
  "mst_mean_transition": 0,
  "mst_sub_head_dim": 0,
  "mst_final_norm": 0,
  "mst_per_stream_ve": 0,
  "mst_ve_map": 0,
  "mst_ve_map_rank": 0,
  "mst_lm_head_dim": 0,
  "mst_compose_windows": 0,
  "mst_channel_mix": "none",
  "mst_channel_mix_site": "layer",
  "mst_distribute_block_muon": 0,
  "mst_trans_spectral_lr": 0,
  "mst_talking_heads": 0,
  "mst_wo_mode": "block",
  "mst_stream_topk": 0,
  "mst_stream_shared": 0,
  "mst_stream_router_aux": 0.01,
  "mst_stream_router_noise": 0.0,
  "mst_stream_dispatch": 0,
  "mst_stream_capacity_factor": 1.0,
  "mst_stream_gate_attn": 0,
  "mst_ffn_monarch": "none",
  "mst_shampoo": 0,
  "mst_precond_every": 10,
  "mst_shampoo_beta": 0.95,
  "use_eet": false,
  "eet_frozen_kv": true,
  "eet_reenter_final": false,
  "eet_router_type": "mlp2",
  "eet_router_hidden": 0,
  "eet_freq_prior_alpha": 0.0,
  "eet_pos_prior_beta": 0.0,
  "eet_domain_prior": false,
  "eet_warmup_frac": 0.02,
  "eet_explore_frac": 0.15,
  "eet_reconstruct_lambda": 1.0,
  "eet_efficiency_lambda_start": 0.01,
  "eet_efficiency_lambda_end": 0.1,
  "eet_translator_rank": 0,
  "eet_max_frozen_kv_frac": 0.75,
  "eet_exit_threshold": 0.5,
  "eet_min_exit_layer": 1,
  "eet_loss_variant": "reconstruct",
  "eet_topk_vocab": 512,
  "eet_entropy_lambda": 0.3,
  "eet_surprise_lambda": 0.1,
  "eet_adv_lambda": 1.0,
  "eet_adv_entropy_lambda": 0.2,
  "eet_quality_lambda": 1.0,
  "eet_quality_entropy_bonus": 0.1,
  "eet_gumbel_temp_start": 0.0,
  "eet_gumbel_temp_end": 0.1,
  "eet_gumbel_hard": true,
  "eet_commitment_beta": 0.1,
  "eet_global_router": false,
  "eet_freq_efficiency_alpha": 0.0,
  "eet_diversity_lambda": 0.0,
  "eet_ce_guided_lambda": 1.0,
  "eet_router_lr_mult": 5.0,
  "eet_model_lr_mult": 1.0,
  "eet_depth_weight_type": "none",
  "eet_depth_weight_max": 2.5,
  "eet_use_override": 0,
  "eet_override_prob_start": 0.5,
  "eet_override_prob_end": 0.1,
  "eet_compute_skip": false,
  "eet_target_active_frac": 0.125,
  "eet_capacity_schedule": "bell",
  "eet_exit_fracs": null,
  "eet_capacity_alignment_lambda": 0.0,
  "eet_router_task_grad": true,
  "eet_reinforce_interval": 0,
  "eet_reinforce_lambda": 0.1,
  "eet_exit_adapter_rank": 0,
  "eet_router_after_block": 0,
  "eet_ffn_skip": false,
  "eet_ffn_target_frac": 0.5,
  "eet_ffn_full_attn": true,
  "eet_depth_affine": false,
  "eet_capacity_anneal_frac": 0.0,
  "eet_learned_schedule": false,
  "eet_departure_summary": false,
  "eet_route_consistency_lambda": 0.0,
  "eet_dense_distill_interval": 0,
  "eet_dense_distill_lambda": 0.5,
  "eet_depth_lr_scale": false,
  "eet_depth_grad_scale": false,
  "eet_detach_aux_from_backbone": false,
  "eet_detach_exit_from_backbone": false,
  "use_code_head": true,
  "sch_head_type": "nfh",
  "sch_bits": 0,
  "sch_order": 2,
  "sch_max_m": 0,
  "sch_phi_mode": "monomial",
  "sch_code_mode": "binary",
  "sch_code_path": "",
  "sch_code_ecc_bits": 0,
  "sch_code_seed": 1234,
  "sch_phi_density": 0.0,
  "sch_phi_dtype": "fp32",
  "sch_phi_normalize": 1,
  "sch_phi_center": 0,
  "sch_g_type": "linear",
  "sch_g_hidden": 0,
  "sch_g_layers": 2,
  "sch_g_out_std": 0.001,
  "sch_mixture": 1,
  "sch_residual_rank": 0,
  "sch_logit_act": "none",
  "sch_bias": 0,
  "sch_input_mode": "table",
  "sch_input_hidden": 0,
  "sch_product_groups": 8,
  "sch_product_codebook": 256,
  "sch_product_source": "hash",
  "sch_product_impl": "dense",
  "sch_phi_whiten": 0,
  "sch_mixture_per_phi": 0,
  "sch_mixture_topk": 0,
  "sch_mixture_aux": 0.01,
  "sch_monarch_m1": 0,
  "sch_monarch_perm": "none",
  "sch_monarch_perm_path": "",
  "sch_tier_bounds": "",
  "sch_tier_caps": "",
  "sch_tier_order": "freq",
  "sch_tier_perm_path": "",
  "sch_proposal_rank": 32,
  "sch_proposal_topk": 16384,
  "sch_proposal_samples": 4096,
  "sch_proposal_warmup": 0,
  "sch_proposal_chunk": 2048,
  "sch_proposal_aux": 1.0,
  "sch_nfh_mode": "cp",
  "sch_nfh_rank": 32,
  "sch_nfh_dims": "32,32,32",
  "sch_nfh_groups": 3,
  "sch_nfh_views": 1,
  "sch_nfh_perm": "file",
  "sch_nfh_perm_path": "perms/nfh_g3_v32768.pt",
  "sch_nfh_g_type": "linear",
  "sch_nfh_g_hidden": 0,
  "sch_nfh_smooth": 0,
  "sch_nfh_chunk": 256
}
Seeded weight init with --seed 1
Checkpoints directory: /__modal/volumes/vo-JoBoNS1zSnilqDcfeqvH0o/out/c14_nfh/d8/NFH_cp_R32_s1/depth_8/ckpt_base/base
✓ Wrapping model with DistributedDataParallel (rank 0, find_unused_parameters=False, broadcast_buffers=False)
Parameter counts:
wte                     : 16,777,216
wpe                     : 0
value_embeds            : 67,108,864
lm_head                 : 1,592,352
transformer_matrices    : 25,166,336
research                : 0
scalars                 : 16
total                   : 110,644,784
Estimated FLOPs per token (total):  1.951365e+08
Estimated FLOPs per token (active): 1.951365e+08
Estimated active params:            110,644,784
[SCH] head=nfh V=32768, mode=cp, dims=[32, 32, 32], R=32, views=1, width=3104, g=linear, perm=file, smooth=0, rank_ceiling=32768 | head params 1,592,352 | head FLOPs/token 9,535,488 | dense equivalent 100,663,296
Scaling LRs by 0.7071 for batch size 262,144 (reference: 524,288)
Scaling weight decay from 0.200000 to 0.132651 for depth 8
Scaling the LR for the AdamW parameters ∝1/√(512/768) = 1.224745
Calculated number of iterations from target data:param ratio: 1,680
Total number of training tokens: 440,401,920
Tokens : Scaling params ratio: 16.46
Total training FLOPs estimate: 8.593849e+16
Total training FLOPs (active):  8.593849e+16
Total active training FLOPs estimate: 8.593849e+16
Using base scheduler: linear warmup/flat/linear warmdown
Tokens / micro-batch / rank: 128 x 2048 = 262,144
Tokens / micro-batch: 262,144
Total batch size 262,144 => gradient accumulation steps: 1
Running pre-compilation warmup (1 dummy forward+backward to init lazy allocations)...
[rank0]:W0906 13:46:56.071000 32690 site-packages/torch/_logging/_internal.py:1199] [0/0] Profiler function <class 'torch.autograd.profiler.record_function'> will be ignored
Warmup complete. Steady-state VRAM: 5.6 GB allocated
step 00000/01680 (0.00%) | loss: 10.405799 | lrm: 0.12 | lr(adamw:5.088e-02, muon:1.768e-03) | dt: 217.85ms | tok/sec: 1,203,349 | bf16_mfu: 23.74 | epoch: 1 pq: 0 rg: 1 | total time: 0.00m
2026-09-06 13:48:05,274 - nanochat.checkpoint_manager - INFO - Saved model parameters to: /__modal/volumes/vo-JoBoNS1zSnilqDcfeqvH0o/out/c14_nfh/d8/NFH_cp_R32_s1/depth_8/ckpt_base/base/model_000200.pt
2026-09-06 13:48:05,278 - nanochat.checkpoint_manager - INFO - Saved metadata to: /__modal/volumes/vo-JoBoNS1zSnilqDcfeqvH0o/out/c14_nfh/d8/NFH_cp_R32_s1/depth_8/ckpt_base/base/meta_000200.json
2026-09-06 13:48:06,453 - nanochat.checkpoint_manager - INFO - Saved optimizer state to: /__modal/volumes/vo-JoBoNS1zSnilqDcfeqvH0o/out/c14_nfh/d8/NFH_cp_R32_s1/depth_8/ckpt_base/base/optim_000200_rank0.pt
step 00200/01680 (11.90%) | loss: 5.059243 | lrm: 1.00 | lr(adamw:4.071e-01, muon:1.414e-02) | dt: 155.65ms | tok/sec: 1,684,228 | bf16_mfu: 33.23 | epoch: 1 pq: 1 rg: 17 | total time: 0.47m | eta: 3.7m
2026-09-06 13:48:36,251 - nanochat.checkpoint_manager - INFO - Saved model parameters to: /__modal/volumes/vo-JoBoNS1zSnilqDcfeqvH0o/out/c14_nfh/d8/NFH_cp_R32_s1/depth_8/ckpt_base/base/model_000400.pt
2026-09-06 13:48:36,255 - nanochat.checkpoint_manager - INFO - Saved metadata to: /__modal/volumes/vo-JoBoNS1zSnilqDcfeqvH0o/out/c14_nfh/d8/NFH_cp_R32_s1/depth_8/ckpt_base/base/meta_000400.json
2026-09-06 13:48:37,209 - nanochat.checkpoint_manager - INFO - Saved optimizer state to: /__modal/volumes/vo-JoBoNS1zSnilqDcfeqvH0o/out/c14_nfh/d8/NFH_cp_R32_s1/depth_8/ckpt_base/base/optim_000400_rank0.pt
Removed previous periodic checkpoint at step 000200
step 00400/01680 (23.81%) | loss: 4.597072 | lrm: 1.00 | lr(adamw:4.071e-01, muon:1.414e-02) | dt: 161.27ms | tok/sec: 1,625,472 | bf16_mfu: 32.07 | epoch: 1 pq: 2 rg: 30 | total time: 0.96m | eta: 3.2m
2026-09-06 13:49:07,105 - nanochat.checkpoint_manager - INFO - Saved model parameters to: /__modal/volumes/vo-JoBoNS1zSnilqDcfeqvH0o/out/c14_nfh/d8/NFH_cp_R32_s1/depth_8/ckpt_base/base/model_000600.pt
2026-09-06 13:49:07,109 - nanochat.checkpoint_manager - INFO - Saved metadata to: /__modal/volumes/vo-JoBoNS1zSnilqDcfeqvH0o/out/c14_nfh/d8/NFH_cp_R32_s1/depth_8/ckpt_base/base/meta_000600.json
2026-09-06 13:49:08,044 - nanochat.checkpoint_manager - INFO - Saved optimizer state to: /__modal/volumes/vo-JoBoNS1zSnilqDcfeqvH0o/out/c14_nfh/d8/NFH_cp_R32_s1/depth_8/ckpt_base/base/optim_000600_rank0.pt
Removed previous periodic checkpoint at step 000400
step 00600/01680 (35.71%) | loss: 4.427879 | lrm: 0.99 | lr(adamw:4.028e-01, muon:1.399e-02) | dt: 158.02ms | tok/sec: 1,658,909 | bf16_mfu: 32.73 | epoch: 1 pq: 3 rg: 44 | total time: 1.45m | eta: 2.7m
2026-09-06 13:49:37,721 - nanochat.checkpoint_manager - INFO - Saved model parameters to: /__modal/volumes/vo-JoBoNS1zSnilqDcfeqvH0o/out/c14_nfh/d8/NFH_cp_R32_s1/depth_8/ckpt_base/base/model_000800.pt
2026-09-06 13:49:37,724 - nanochat.checkpoint_manager - INFO - Saved metadata to: /__modal/volumes/vo-JoBoNS1zSnilqDcfeqvH0o/out/c14_nfh/d8/NFH_cp_R32_s1/depth_8/ckpt_base/base/meta_000800.json
2026-09-06 13:49:38,630 - nanochat.checkpoint_manager - INFO - Saved optimizer state to: /__modal/volumes/vo-JoBoNS1zSnilqDcfeqvH0o/out/c14_nfh/d8/NFH_cp_R32_s1/depth_8/ckpt_base/base/optim_000800_rank0.pt
Removed previous periodic checkpoint at step 000600
step 00800/01680 (47.62%) | loss: 4.298946 | lrm: 0.82 | lr(adamw:3.320e-01, muon:1.153e-02) | dt: 140.08ms | tok/sec: 1,871,397 | bf16_mfu: 36.92 | epoch: 1 pq: 4 rg: 58 | total time: 1.93m | eta: 2.2m
2026-09-06 13:50:08,316 - nanochat.checkpoint_manager - INFO - Saved model parameters to: /__modal/volumes/vo-JoBoNS1zSnilqDcfeqvH0o/out/c14_nfh/d8/NFH_cp_R32_s1/depth_8/ckpt_base/base/model_001000.pt
2026-09-06 13:50:08,320 - nanochat.checkpoint_manager - INFO - Saved metadata to: /__modal/volumes/vo-JoBoNS1zSnilqDcfeqvH0o/out/c14_nfh/d8/NFH_cp_R32_s1/depth_8/ckpt_base/base/meta_001000.json
2026-09-06 13:50:09,248 - nanochat.checkpoint_manager - INFO - Saved optimizer state to: /__modal/volumes/vo-JoBoNS1zSnilqDcfeqvH0o/out/c14_nfh/d8/NFH_cp_R32_s1/depth_8/ckpt_base/base/optim_001000_rank0.pt
Removed previous periodic checkpoint at step 000800
step 01000/01680 (59.52%) | loss: 4.207884 | lrm: 0.64 | lr(adamw:2.612e-01, muon:9.073e-03) | dt: 161.63ms | tok/sec: 1,621,885 | bf16_mfu: 32.00 | epoch: 1 pq: 5 rg: 73 | total time: 2.42m | eta: 1.7m
2026-09-06 13:50:39,704 - nanochat.checkpoint_manager - INFO - Saved model parameters to: /__modal/volumes/vo-JoBoNS1zSnilqDcfeqvH0o/out/c14_nfh/d8/NFH_cp_R32_s1/depth_8/ckpt_base/base/model_001200.pt
2026-09-06 13:50:39,708 - nanochat.checkpoint_manager - INFO - Saved metadata to: /__modal/volumes/vo-JoBoNS1zSnilqDcfeqvH0o/out/c14_nfh/d8/NFH_cp_R32_s1/depth_8/ckpt_base/base/meta_001200.json
2026-09-06 13:50:40,685 - nanochat.checkpoint_manager - INFO - Saved optimizer state to: /__modal/volumes/vo-JoBoNS1zSnilqDcfeqvH0o/out/c14_nfh/d8/NFH_cp_R32_s1/depth_8/ckpt_base/base/optim_001200_rank0.pt
Removed previous periodic checkpoint at step 001000
step 01200/01680 (71.43%) | loss: 4.139891 | lrm: 0.47 | lr(adamw:1.903e-01, muon:6.613e-03) | dt: 170.69ms | tok/sec: 1,535,800 | bf16_mfu: 30.30 | epoch: 1 pq: 7 rg: 5 | total time: 2.92m | eta: 1.2m
2026-09-06 13:51:10,862 - nanochat.checkpoint_manager - INFO - Saved model parameters to: /__modal/volumes/vo-JoBoNS1zSnilqDcfeqvH0o/out/c14_nfh/d8/NFH_cp_R32_s1/depth_8/ckpt_base/base/model_001400.pt
2026-09-06 13:51:10,865 - nanochat.checkpoint_manager - INFO - Saved metadata to: /__modal/volumes/vo-JoBoNS1zSnilqDcfeqvH0o/out/c14_nfh/d8/NFH_cp_R32_s1/depth_8/ckpt_base/base/meta_001400.json
2026-09-06 13:51:11,776 - nanochat.checkpoint_manager - INFO - Saved optimizer state to: /__modal/volumes/vo-JoBoNS1zSnilqDcfeqvH0o/out/c14_nfh/d8/NFH_cp_R32_s1/depth_8/ckpt_base/base/optim_001400_rank0.pt
Removed previous periodic checkpoint at step 001200
step 01400/01680 (83.33%) | loss: 4.068931 | lrm: 0.29 | lr(adamw:1.195e-01, muon:4.152e-03) | dt: 142.34ms | tok/sec: 1,841,737 | bf16_mfu: 36.34 | epoch: 1 pq: 8 rg: 20 | total time: 3.41m | eta: 0.7m
2026-09-06 13:51:42,010 - nanochat.checkpoint_manager - INFO - Saved model parameters to: /__modal/volumes/vo-JoBoNS1zSnilqDcfeqvH0o/out/c14_nfh/d8/NFH_cp_R32_s1/depth_8/ckpt_base/base/model_001600.pt
2026-09-06 13:51:42,014 - nanochat.checkpoint_manager - INFO - Saved metadata to: /__modal/volumes/vo-JoBoNS1zSnilqDcfeqvH0o/out/c14_nfh/d8/NFH_cp_R32_s1/depth_8/ckpt_base/base/meta_001600.json
2026-09-06 13:51:42,920 - nanochat.checkpoint_manager - INFO - Saved optimizer state to: /__modal/volumes/vo-JoBoNS1zSnilqDcfeqvH0o/out/c14_nfh/d8/NFH_cp_R32_s1/depth_8/ckpt_base/base/optim_001600_rank0.pt
Removed previous periodic checkpoint at step 001400
step 01600/01680 (95.24%) | loss: 4.018877 | lrm: 0.12 | lr(adamw:4.869e-02, muon:1.691e-03) | dt: 141.65ms | tok/sec: 1,850,630 | bf16_mfu: 36.51 | epoch: 1 pq: 9 rg: 34 | total time: 3.90m | eta: 0.2m
step 01679/01680 (99.94%) | loss: 4.017362 | lrm: 0.05 | lr(adamw:2.071e-02, muon:7.194e-04) | dt: 140.35ms | tok/sec: 1,867,805 | bf16_mfu: 36.85 | epoch: 1 pq: 9 rg: 73 | total time: 4.10m | eta: 0.0m
Step 01680 | Validation bpb: 1.221269 | val_loss: 4.006173
[sample] skipped: this head computes its loss without a logit vector, so it cannot generate
2026-09-06 13:52:40,186 - nanochat.checkpoint_manager - INFO - Saved model parameters to: /__modal/volumes/vo-JoBoNS1zSnilqDcfeqvH0o/out/c14_nfh/d8/NFH_cp_R32_s1/depth_8/ckpt_base/base/model_001680.pt
2026-09-06 13:52:40,190 - nanochat.checkpoint_manager - INFO - Saved metadata to: /__modal/volumes/vo-JoBoNS1zSnilqDcfeqvH0o/out/c14_nfh/d8/NFH_cp_R32_s1/depth_8/ckpt_base/base/meta_001680.json
2026-09-06 13:52:41,209 - nanochat.checkpoint_manager - INFO - Saved optimizer state to: /__modal/volumes/vo-JoBoNS1zSnilqDcfeqvH0o/out/c14_nfh/d8/NFH_cp_R32_s1/depth_8/ckpt_base/base/optim_001680_rank0.pt
step 01680/01680 (final) | loss: 4.017362 | early_stop: 0
Peak memory usage: 52645.55MiB
Total training time: 4.10m
Minimum validation bpb: 1.221269
Minimum validation loss (nats/byte): 4.006173
[SCH] run_tag=base  phi_width_M=3104  rank_ceiling=32768  val_bpb=1.2213  bpb_tail_minus_head=0.7102
Final Validation BPB for base: 1.2213

--- Generating Report ---
Saved plot to out/c14_nfh/d8/NFH_cp_R32_s1/depth_8/comparison_depth_8.png
Saved TSV data to out/c14_nfh/d8/NFH_cp_R32_s1/depth_8/results_depth_8.tsv
Generating report to out/report/report.md
Copying report.md to current directory for convenience
================================================================
Sweep Complete! Results saved to out/c14_nfh/d8/NFH_cp_R32_s1
================================================================
OK    NFH_cp_R32_s1

--- NFH_cp_R32_smooth_s1  (depth 8, V=32768, device-batch 128) ---
Requested NPROC_PER_NODE=8, but only 1 GPU(s) visible. Capping.
Using NPROC_PER_NODE=1
NANOCHAT_SKIP_ENV_SETUP=0
===== GPU Info =====
Sun Sep  6 13:53:03 2026       
+-----------------------------------------------------------------------------------------+
| NVIDIA-SMI 580.95.05              Driver Version: 580.95.05      CUDA Version: 13.0     |
+-----------------------------------------+------------------------+----------------------+
| GPU  Name                 Persistence-M | Bus-Id          Disp.A | Volatile Uncorr. ECC |
| Fan  Temp   Perf          Pwr:Usage/Cap |           Memory-Usage | GPU-Util  Compute M. |
|                                         |                        |               MIG M. |
|=========================================+========================+======================|
|   0  NVIDIA H200                    On  |   00000000:96:00.0 Off |                    0 |
| N/A   34C    P0             80W /  700W |       4MiB / 143771MiB |      0%      Default |
|                                         |                        |             Disabled |
+-----------------------------------------+------------------------+----------------------+

+-----------------------------------------------------------------------------------------+
| Processes:                                                                              |
|  GPU   GI   CI              PID   Type   Process name                        GPU Memory |
|        ID   ID                                                               Usage      |
|=========================================================================================|
|  No running processes found                                                             |
+-----------------------------------------------------------------------------------------+
Starting Research Sweep. Output directory: out/c14_nfh/d8/NFH_cp_R32_smooth_s1
UV_SYSTEM_PYTHON=1: using system Python, skipping venv creation.
Validating system environment dependencies via uv...
Using Python 3.12.10 environment at: /usr/local
Resolved 159 packages in 233ms
   Building nanochat @ file:///__modal/volumes/vo-JoBoNS1zSnilqDcfeqvH0o
      Built nanochat @ file:///__modal/volumes/vo-JoBoNS1zSnilqDcfeqvH0o
Prepared 1 package in 1.20s
Uninstalled 1 package in 0.94ms
Installed 1 package in 1ms
 ~ nanochat==0.1.0 (from file:///__modal/volumes/vo-JoBoNS1zSnilqDcfeqvH0o)
Reset report and wrote header to out/report/header.md
Dataset (up to 300 shards) already exists in data, skipping download.
Tokenizer already exists in tokenizer, skipping training.
================================================================
Processing Depth: 8
================================================================
2026-09-06 13:53:14,201 - httpx - INFO - HTTP Request: HEAD https://huggingface.co/varunneal/flash-attention-3/resolve/main/kernel-status.toml "HTTP/1.1 404 Not Found"
2026-09-06 13:53:14,369 - httpx - INFO - HTTP Request: GET https://huggingface.co/api/models/varunneal/flash-attention-3/tree/main/build?recursive=false&expand=false "HTTP/1.1 200 OK"
2026-09-06 13:53:14,512 - httpx - INFO - HTTP Request: GET https://huggingface.co/api/models/varunneal/flash-attention-3/revision/main "HTTP/1.1 200 OK"
[sweep] Requested 8 DDP workers but only 1 GPU(s) available — using 1.
================================================================
Starting Sweep for Depth 8
Target Tokens: 440,401,920
================================================================
  Overriding default target_dim (128) with full model_dim 512

--- Training base ---

  ┌─────────────────────────────────────────────────────┐
  │  🆕  STARTING FRESH: [base]
  │     No checkpoints found — training from scratch.
  └─────────────────────────────────────────────────────┘

Running: /usr/local/bin/torchrun --standalone --nproc_per_node=1 -m scripts.base_train --depth 8 --aspect-ratio 64 --head-dim 128 --model-dim 512 --max-seq-len 2048 --device-batch-size 128 --total-batch-size 262144 --target-tokens 440401920 --eval-every -1 --log-every 200 --core-metric-every 0 --save-every 200 --warmup-ratio 0.005 --warmdown-ratio 0.65 --final-lr-frac 0.05 --adam-beta2 0.99 --research-warmup-ratio 0.05 --use-onecycle 0 --router-context-window -1 --remix-use-basis-gate 1 --remix-use-output-gate 1 --remix-use-context 1 --remix-basis-gate-mode mlp --remix-gate-lr-scale 0.3 --p22-n-templates 1 --p22-template-routing-learned 0 --p22-template-topk 0 --p22-attn-moe-route none --p26-output-gated-linear 0 --p28-shared-basis 0 --p28-chunk-routing-size 0 --p28-global-template-bank none --p28-attn-proj-templates 0 --p28-attn-qk-templates 0 --p31-chunk-route-impl compose --p31-top1-gate ones --p31-template-delta-rank 0 --p31-route-side output --p31-drop-basis-proj 0 --p31-basis-side-templates 0 --remix-template-block-diag 0 --remix-template-lr-scale 1.0 --p29-grad-equalize 0 --target-active-params 0 --compile-regional 0 --timing-probe-steps 0 --compile-mode default --remix-basis-gate-rank 8 --cclblock-modulation weight --cclblock-orth-lambda 0.0 --p35-template-diversity-lambda 0.0 --cclblock-context-stream local --cclblock-ema-factor 0.99 --cclblock-stale-ctx-lag 0 --cclblock-sparse-gate-k 0 --cclblock-gate-temperature 1.0 --cclblock-context-bank-size 0 --cclblock-per-head-ctx 0 --cclblock-context-source norm_x --cclblock-chunk-size 0 --cclblock-aux-objective none --cclblock-aux-lambda 0.1 --cclblock-boundary-token-id 198 --use-ral 0 --ral-rank 32 --p34-ffn-schedule  --p34-ffn-no-ffn-replacement none --p34-ffn-last-depth 1 --p36-swiglu-ffn 0 --p36-swiglu-mult 2.6666666666666665 --cond-sites both --p22-route-affine 0 --cond-rank 256 --cond-mult-steps 0 --cond-gate-source router --cond-coeff-act centered --cond-router-rank 0 --cond-router-act none --cond-live-init 0.0 --cond-chunk-size 0 --cond-mult-scale -1.0 --cond-mult-impl wy --cond-attn-projs qkvo --cond-layer-frac 1.0 --cclblock-film-gate 0 --cclblock-attn-shadow-dim 0 --cclblock-dynamic-ratio 0.25 --cclblock-gate-rank 8 --cclblock-num-regimes 8 --cclblock-regime-temperature 1.0 --cclblock-poly-order 2 --cclblock-lie-generators 4 --cclblock-grassmann-bank-size 4 --cclblock-tucker-rank 32 --cclblock-tucker-modes 8 --cclblock-svs-rank 64 --cclblock-svs-eps 0.1 --cclblock-vq-codes 8 --cclblock-vq-temperature 1.0 --cclblock-dcu-warmup-steps 0 --cclblock-fsi-rotations 8 --cclblock-fsi-selector-dim 64 --cclblock-aesp-strata 4 --cclblock-aesp-delta-rank 4 --cclblock-ckr-branches 4 --cclblock-ckr-kernel-size 64 --cclblock-ckr-pos-channels 1 --cclblock-ckr-dual-optim 0 --cclblock-ckr-content-bias 0.0 --cclblock-giad-rank 32 --cclblock-psg-kernel-size 64 --cclblock-ss-dynamic-ratio 0.25 --cclblock-ss-branches 2 --cclblock-ss-kernel-size 64 --cclblock-lokr-branches 8 --cclblock-lokr-rank 16 --cclblock-ckr-temp-start 2.0 --cclblock-ckr-temp-end 0.3 --cclblock-com-kernel-size 32 --cclblock-ckr-ortho-init 0 --cclblock-ckr-branch-dropout 0.0 --cclblock-ckr-diversity-lambda 0.0 --cclblock-pgr-kernel-size 64 --cclblock-cil-kernel-size 64 --cclblock-prb-kernel-size 64 --p18-layer-drop 0.0 --p18-dynamic-activation 0 --p18-mixture-norm 0 --p18-aux-sim-lambda 0.0 --p18-gradient-penalty 0.0 --p18-per-channel-scale 0 --p19-residual-gate 0 --p19-head-importance 0 --p19-residual-mix-groups 0 --p19-attn-logit-bias 0 --p19-residual-decay 0 --p19-grad-equilibrium 0.0 --p19-spectral-reparam 0 --p19-weight-anticollapse 0.0 --p19-ve-bias 0 --p19-weight-noise 0.0 --p20-hrcs-scale 0 --p20-lswr-scale 0 --p20-lswr-planes 8 --p20-lrcfb-branches 0 --p20-lrcfb-narrow 0 --p20-lrcfb-learned 0 --p20-lrcfb-topk 0 --p20-dgcr-branches 0 --p20-dgcr-aux-weight 0.01 --p20-mone-experts 0 --p20-mone-topk 0 --p20-mone-narrow 1 --p20-mone-frozen 0 --p20-ncea-branches 0 --p20-ncea-eps 0.1 --p20-adwi 0 --p20-pwu-branches 0 --p20-pwu-phase 1 --p20-fsvd-gate 0 --p20-wbfc-clusters 0 --p20-wbfc-active 0 --p21-per-experts 0 --p21-per-topk 0 --p21-per-learned 0 --p21-per-attn 0 --p23-tiny-expert 0 --p23-n-experts 64 --p23-topk 16 --p23-learned-route 0 --p23-std-moe-experts 0 --p23-std-moe-topk -1 --p23-std-moe-aux-weight 0.01 --p23-lokr 0 --p23-lokr-rank 4 --p23-use-shared-block-router 0 --p23-linear-moe-experts 0 --p23-linear-moe-topk 0 --p23-quantile-route 0 --seed 1 --p34-ffn-mult 4.0 --p34-ffn-single 0 --p34-dense-attn 0 --p24-use-sliced-weight 0 --p24-sliced-weight-reduction-scale 8 --p24-sliced-weight-min-select 128 --p24-sliced-weight-scope per_token --p24-sliced-weight-balance-coeff 0.01 --p24-quantile-route 0 --p24-use-folded-mod 0 --p24-folded-mod-reduction-scale 8 --p24-folded-mod-scope per_layer --p24-folded-mod-gate-act tanh_centered --p24-use-sequence-gated-linear 0 --p24-sequence-gated-scope per_layer --p24-sequence-gated-act tanh_centered --p24-folded-mod-min-dim 128 --remix-shared-context-gates 0 --remix-use-dual-gate 0 --remix-basis-scale-factor 4 --remix-output-gate-rank 16 --p24-use-sliced-weight 0 --p24-sliced-weight-reduction-scale 8 --p24-sliced-weight-min-select 128 --p24-sliced-weight-scope per_token --p24-sliced-weight-balance-coeff 0.01 --p24-quantile-route 0 --p24-use-folded-mod 0 --p24-folded-mod-reduction-scale 8 --p24-folded-mod-scope per_layer --p24-folded-mod-gate-act tanh_centered --p24-use-sequence-gated-linear 0 --p24-sequence-gated-scope per_layer --p24-sequence-gated-act tanh_centered --remix-disable-ln-basis 0 --dense-intermediate-ln 0 --use-mol 0 --mol-n-blocks 5 --mol-n-shared 1 --mol-topk 3 --mol-thin-dim 256 --mol-head-dim 64 --mol-ffn-mult 4.0 --mol-router-aux 0.05 --mol-routed-attn softmax --mol-dispatch 1 --mol-capacity-factor 1.0 --mol-block-lr-scale 1.0 --mol-per-block-ve 0 --use-mst 0 --mst-n-subs 8 --mst-sub-dim 64 --mst-head-dim 0 --mst-input-mode fixed_slice --mst-rotated-slice-learned 0 --mst-routing-mode soft_weighted --mst-routing-topk 4 --mst-routing-aux-weight 0.01 --mst-diversity-weight 0.0 --mst-ffn-mode standard --mst-transition-mode parallel --mst-final-mode aggregate_proj --mst-final-topk -1 --mst-ffn-shared-up 0 --mst-ffn-inner-dim 0 --mst-sub-dropout 0.0 --mst-transition-every 1 --mst-ffa-temperature 1.0 --mst-global-residual 0 --mst-hybrid-dense 0 --mst-cross-sub-kv 0 --mst-sub-aux-weight 0.0 --mst-progressive-merge 0 --mst-multi-scale-windows 0 --mst-delta-residual 0 --mst-sub-layers 1 --mst-grad-equalize 0 --mst-block-diagonal-muon 0 --mst-transition-width-mult 1.0 --mst-sub-lr-scale 1.0 --mst-shared-expert 0 --mst-router-entropy-weight 0.0 --mst-shared-kv-attn 0 --mst-contrastive-diversity-weight 0.0 --mst-transition-nonlinear 0 --mst-transition-gated 0 --mst-transition-mlp 0 --mst-cross-sub-gate 0 --mst-hyper-connect 0 --mst-cross-kv-inject 0 --mst-slice-transition 0 --mst-lookback-layers 0 --mst-bilinear-transition 0 --mst-cross-sub-qmod 0 --mst-feature-cycle 0 --mst-mean-transition 0 --mst-sub-head-dim 0 --mst-final-norm 0 --mst-per-stream-ve 0 --mst-ve-map 0 --mst-ve-map-rank 0 --mst-lm-head-dim 0 --mst-compose-windows 0 --mst-channel-mix none --mst-channel-mix-site layer --mst-distribute-block-muon 0 --mst-trans-spectral-lr 0 --mst-talking-heads 0 --mst-wo-mode block --mst-stream-topk 0 --mst-stream-shared 0 --mst-stream-router-aux 0.01 --mst-stream-router-noise 0.0 --mst-stream-dispatch 0 --mst-stream-capacity-factor 1.0 --mst-stream-gate-attn 0 --mst-ffn-monarch none --mst-shampoo 0 --mst-precond-every 10 --mst-shampoo-beta 0.95 --use-eet 0 --eet-frozen-kv 1 --eet-reenter-final 0 --eet-compute-skip 0 --eet-target-active-frac 0.125 --eet-capacity-schedule bell --eet-exit-fracs  --eet-router-type mlp2 --eet-router-hidden 0 --eet-freq-prior-alpha 0.0 --eet-pos-prior-beta 0.0 --eet-domain-prior 0 --eet-warmup-frac 0.02 --eet-explore-frac 0.15 --eet-reconstruct-lambda 1.0 --eet-efficiency-lambda-start 0.01 --eet-efficiency-lambda-end 0.1 --eet-translator-rank 0 --eet-max-frozen-kv-frac 0.75 --eet-exit-threshold 0.5 --eet-min-exit-layer 1 --eet-loss-variant reconstruct --eet-topk-vocab 512 --eet-entropy-lambda 0.3 --eet-surprise-lambda 0.1 --eet-adv-lambda 1.0 --eet-adv-entropy-lambda 0.2 --eet-quality-lambda 1.0 --eet-quality-entropy-bonus 0.1 --eet-gumbel-temp-start 0.0 --eet-gumbel-temp-end 0.1 --eet-gumbel-hard 1 --eet-commitment-beta 0.1 --eet-global-router 0 --eet-freq-efficiency-alpha 0.0 --eet-diversity-lambda 0.0 --eet-ce-guided-lambda 1.0 --eet-router-lr-mult 5.0 --eet-model-lr-mult 1.0 --eet-depth-weight-type none --eet-depth-weight-max 2.5 --eet-use-override 0 --eet-override-prob-start 0.5 --eet-override-prob-end 0.1 --eet-capacity-alignment-lambda 0.0 --eet-router-task-grad 1 --eet-reinforce-interval 0 --eet-reinforce-lambda 0.1 --eet-exit-adapter-rank 0 --eet-router-after-block 0 --eet-ffn-skip 0 --eet-ffn-target-frac 0.5 --eet-ffn-full-attn 1 --eet-depth-affine 0 --eet-capacity-anneal-frac 0.0 --eet-learned-schedule 0 --eet-departure-summary 0 --eet-route-consistency-lambda 0.0 --eet-dense-distill-interval 0 --eet-dense-distill-lambda 0.5 --eet-depth-lr-scale 0 --eet-depth-grad-scale 0 --eet-detach-aux-from-backbone 0 --eet-detach-exit-from-backbone 0 --use-code-head 1 --sch-head-type nfh --sch-bits 0 --sch-order 2 --sch-max-m 0 --sch-phi-mode monomial --sch-code-mode binary --sch-code-path  --sch-code-ecc-bits 0 --sch-code-seed 1234 --sch-phi-density 0.0 --sch-phi-dtype fp32 --sch-phi-normalize 1 --sch-phi-center 0 --sch-g-type linear --sch-g-hidden 0 --sch-g-layers 2 --sch-g-out-std 0.001 --sch-mixture 1 --sch-residual-rank 0 --sch-logit-act none --sch-bias 0 --sch-input-mode table --sch-input-hidden 0 --sch-product-groups 8 --sch-product-codebook 256 --sch-product-source hash --sch-product-impl dense --sch-phi-whiten 0 --sch-mixture-per-phi 0 --sch-mixture-topk 0 --sch-mixture-aux 0.01 --sch-monarch-m1 0 --sch-monarch-perm none --sch-monarch-perm-path  --sch-tier-bounds  --sch-tier-caps  --sch-tier-order freq --sch-tier-perm-path  --sch-proposal-rank 32 --sch-proposal-topk 16384 --sch-proposal-samples 4096 --sch-proposal-warmup 0 --sch-proposal-chunk 2048 --sch-proposal-aux 1.0 --sch-nfh-mode cp --sch-nfh-rank 32 --sch-nfh-dims 32,32,32 --sch-nfh-groups 3 --sch-nfh-views 1 --sch-nfh-perm file --sch-nfh-perm-path perms/nfh_g3_v32768.pt --sch-nfh-g-type linear --sch-nfh-g-hidden 0 --sch-nfh-chunk 256 --sch-nfh-smooth 1 --sch-holdout-tokens 0 --sch-holdout-seed 7 --sch-holdout-min-id 256 --sch-holdout-mode target --sch-decile-metrics 1 --sch-rank-probe 16384 --sch-eval-steps 100 --compile --tokenizer-dir tokenizer --data-dir data --max-shards 300 --checkpoints-dir /__modal/volumes/vo-JoBoNS1zSnilqDcfeqvH0o/out/c14_nfh/d8/NFH_cp_R32_smooth_s1/depth_8/ckpt_base --model-tag base
2026-09-06 13:53:21,968 - httpx - INFO - HTTP Request: HEAD https://huggingface.co/varunneal/flash-attention-3/resolve/main/kernel-status.toml "HTTP/1.1 404 Not Found"
2026-09-06 13:53:22,137 - httpx - INFO - HTTP Request: GET https://huggingface.co/api/models/varunneal/flash-attention-3/tree/main/build?recursive=false&expand=false "HTTP/1.1 200 OK"
2026-09-06 13:53:22,271 - httpx - INFO - HTTP Request: GET https://huggingface.co/api/models/varunneal/flash-attention-3/revision/main "HTTP/1.1 200 OK"

                                                       █████                █████
                                                      ░░███                ░░███
     ████████    ██████   ████████    ██████   ██████  ░███████    ██████  ███████
    ░░███░░███  ░░░░░███ ░░███░░███  ███░░███ ███░░███ ░███░░███  ░░░░░███░░░███░
     ░███ ░███   ███████  ░███ ░███ ░███ ░███░███ ░░░  ░███ ░███   ███████  ░███
     ░███ ░███  ███░░███  ░███ ░███ ░███ ░███░███  ███ ░███ ░███  ███░░███  ░███ ███
     ████ █████░░████████ ████ █████░░██████ ░░██████  ████ █████░░███████  ░░█████
    ░░░░ ░░░░░  ░░░░░░░░ ░░░░ ░░░░░  ░░░░░░   ░░░░░░  ░░░░ ░░░░░  ░░░░░░░░   ░░░░░
    
Autodetected device type: cuda
2026-09-06 13:53:23,210 - nanochat.common - INFO - Distributed world size: 1
GPU: NVIDIA H200 | Peak FLOPS (BF16): 9.89e+14
COMPUTE_DTYPE: torch.bfloat16 (auto-detected: CUDA SM 90 (bf16 supported))
✓ Using Flash Attention 3 (Hopper GPU detected) — efficient and fast.
Vocab size: 32,768
[SCH] head=nfh V=32768, mode=cp, dims=[32, 32, 32], R=32, views=1, width=3104, g=linear, perm=file, smooth=1, rank_ceiling=32768 | head params 1,625,633 | head FLOPs/token 9,538,562 | dense equivalent 100,663,296
Model config:
{
  "sequence_len": 2048,
  "vocab_size": 32768,
  "n_layer": 8,
  "n_head": 4,
  "n_kv_head": 4,
  "n_embd": 512,
  "use_moe": false,
  "use_perm": false,
  "moe_num_experts": 8,
  "moe_router_dim": 64,
  "moe_embed_dim": 64,
  "dropout": 0.0,
  "use_remix_linear": false,
  "remix_context_dim": 64,
  "remix_context_dim_ratio": 6,
  "remix_basis_size": 64,
  "remix_output_gate_rank": 16,
  "remixed_linear_kwargs": {
    "use_basis_gate": true,
    "use_output_gate": true,
    "use_context": true,
    "basis_gate_mode": "mlp",
    "sparse_gate_k": 0,
    "gate_temperature": 1.0,
    "basis_scale_factor": 4,
    "n_templates": 1,
    "template_routing_learned": false,
    "template_topk": 0,
    "tiny_expert": false,
    "tiny_expert_topk": 16,
    "lokr_expert": false,
    "lokr_n_experts": 64,
    "lokr_topk": 16,
    "lokr_rank": 4,
    "lokr_learned": false,
    "basis_gate_rank": 8,
    "disable_ln_basis": false,
    "chunk_route_impl": "compose",
    "top1_gate": "ones",
    "template_delta_rank": 0,
    "route_side": "output",
    "drop_basis_proj": false,
    "basis_side_templates": 0,
    "grad_equalize": false,
    "output_gate_rank": 16,
    "operator_modulation": "none",
    "lie_generators": 4,
    "poly_order": 2,
    "grassmann_bank_size": 4
  },
  "use_pos_embed": false,
  "moe_use_abs_pos_embed": false,
  "use_layer_context": true,
  "scale_basis_size": true,
  "remix_use_dual_gate": false,
  "remix_use_fused": false,
  "p26_output_gated_linear": 0,
  "p28_shared_basis": 0,
  "p28_chunk_routing_size": 0,
  "p28_global_template_bank": "none",
  "p28_attn_proj_templates": 0,
  "p28_attn_qk_templates": 0,
  "p29_template_block_diag": 0,
  "p29_template_lr_scale": 1.0,
  "p29_grad_equalize": 0,
  "p34_ffn_mult": 4.0,
  "p34_ffn_single": 0,
  "p34_dense_attn": 0,
  "legacy_init_fallback": 0,
  "p35_template_diversity_lambda": 0.0,
  "p22_route_affine": 0,
  "p34_ffn_schedule": "",
  "p34_ffn_no_ffn_replacement": "none",
  "p34_ffn_last_depth": 1,
  "p36_swiglu_ffn": 0,
  "p36_swiglu_mult": 2.6666666666666665,
  "cond_sites": "both",
  "cond_rank": 256,
  "cond_mult_steps": 0,
  "cond_gate_source": "router",
  "cond_coeff_act": "centered",
  "cond_router_rank": 0,
  "cond_live_init": 0.0,
  "cond_router_act": "none",
  "cond_chunk_size": 0,
  "cond_mult_scale": -1.0,
  "cond_mult_impl": "wy",
  "cond_attn_projs": "qkvo",
  "cond_layer_frac": 1.0,
  "perm_expert_mode": "low_rank",
  "perm_rank": 16,
  "router_context_window": -1,
  "router_causal": true,
  "router_num_heads": 4,
  "router_num_queries": 16,
  "router_n_layers": 2,
  "router_use_vocab_prior": false,
  "window_pattern": "SSSL",
  "cclblock_modulation": "weight",
  "cclblock_orth_lambda": 0.0,
  "cclblock_context_stream": "local",
  "cclblock_ema_factor": 0.99,
  "cclblock_stale_ctx_lag": 0,
  "cclblock_sparse_gate_k": 0,
  "cclblock_gate_temperature": 1.0,
  "cclblock_context_bank_size": 0,
  "cclblock_per_head_ctx": false,
  "cclblock_context_source": "norm_x",
  "cclblock_chunk_size": 0,
  "cclblock_aux_objective": "none",
  "cclblock_aux_lambda": 0.1,
  "cclblock_boundary_token_id": 198,
  "use_ral": false,
  "ral_rank": 32,
  "cclblock_film_gate": false,
  "cclblock_attn_shadow_dim": 0,
  "cclblock_dynamic_ratio": 0.25,
  "cclblock_gate_rank": 8,
  "cclblock_num_regimes": 8,
  "cclblock_regime_temperature": 1.0,
  "cclblock_poly_order": 2,
  "cclblock_lie_generators": 4,
  "cclblock_grassmann_bank_size": 4,
  "cclblock_tucker_rank": 32,
  "cclblock_tucker_modes": 8,
  "cclblock_svs_rank": 64,
  "cclblock_svs_eps": 0.1,
  "cclblock_vq_codes": 8,
  "cclblock_vq_temperature": 1.0,
  "cclblock_dcu_warmup_steps": 0,
  "cclblock_fsi_rotations": 8,
  "cclblock_fsi_selector_dim": 64,
  "cclblock_aesp_strata": 4,
  "cclblock_aesp_delta_rank": 4,
  "cclblock_ckr_branches": 4,
  "cclblock_ckr_kernel_size": 64,
  "cclblock_ckr_pos_channels": 1,
  "cclblock_ckr_dual_optim": 0,
  "cclblock_ckr_content_bias": 0.0,
  "cclblock_giad_rank": 32,
  "cclblock_psg_kernel_size": 64,
  "cclblock_ss_dynamic_ratio": 0.25,
  "cclblock_ss_branches": 2,
  "cclblock_ss_kernel_size": 64,
  "cclblock_lokr_branches": 8,
  "cclblock_lokr_rank": 16,
  "cclblock_ckr_temp_start": 2.0,
  "cclblock_ckr_temp_end": 0.3,
  "cclblock_com_kernel_size": 32,
  "cclblock_ckr_ortho_init": 0,
  "cclblock_ckr_branch_dropout": 0.0,
  "cclblock_ckr_diversity_lambda": 0.0,
  "cclblock_ckr_layer_selective": 0,
  "cclblock_pgr_kernel_size": 64,
  "cclblock_cil_kernel_size": 64,
  "cclblock_prb_kernel_size": 64,
  "p18_layer_drop": 0.0,
  "p18_dynamic_activation": 0,
  "p18_mixture_norm": 0,
  "p18_causal_attn_bias": 0,
  "p18_aux_sim_lambda": 0.0,
  "p18_gradient_penalty": 0.0,
  "p18_per_channel_scale": 0,
  "p19_residual_gate": 0,
  "p19_head_importance": 0,
  "p19_residual_mix_groups": 0,
  "p19_attn_logit_bias": 0,
  "p19_residual_decay": 0,
  "p19_grad_equilibrium": 0.0,
  "p19_spectral_reparam": 0,
  "p19_weight_anticollapse": 0.0,
  "p19_ve_bias": 0,
  "p19_weight_noise": 0.0,
  "p20_hrcs_scale": 0,
  "p20_lswr_scale": 0,
  "p20_lswr_planes": 8,
  "p20_lrcfb_branches": 0,
  "p20_lrcfb_narrow": 0,
  "p20_lrcfb_learned": 0,
  "p20_lrcfb_topk": 0,
  "p20_dgcr_branches": 0,
  "p20_dgcr_aux_weight": 0.01,
  "p20_mone_experts": 0,
  "p20_mone_topk": 0,
  "p20_mone_narrow": 1,
  "p20_mone_frozen": 0,
  "p20_ncea_branches": 0,
  "p20_ncea_eps": 0.1,
  "p20_adwi": 0,
  "p20_pwu_branches": 0,
  "p20_pwu_phase": 1,
  "p20_fsvd_gate": 0,
  "p20_wbfc_clusters": 0,
  "p20_wbfc_active": 0,
  "p21_per_experts": 0,
  "p21_per_topk": 0,
  "p21_per_learned": 0,
  "p21_per_attn": 0,
  "p22_attn_moe_route": "none",
  "p23_tiny_expert": 0,
  "p23_n_experts": 64,
  "p23_topk": 16,
  "p23_learned_route": 0,
  "p23_std_moe_experts": 0,
  "p23_std_moe_topk": -1,
  "p23_std_moe_aux_weight": 0.01,
  "p23_lokr": 0,
  "p23_lokr_rank": 4,
  "p23_use_shared_block_router": 0,
  "p23_linear_moe_experts": 0,
  "p23_linear_moe_topk": 0,
  "p23_quantile_route": 0,
  "remix_shared_context_gates": 0,
  "p24_use_sliced_weight": 0,
  "p24_sliced_weight_reduction_scale": 8,
  "p24_sliced_weight_min_select": 128,
  "p24_sliced_weight_scope": "per_token",
  "p24_sliced_weight_balance_coeff": 0.01,
  "p24_quantile_route": 0,
  "p24_use_folded_mod": 0,
  "p24_folded_mod_reduction_scale": 8,
  "p24_folded_mod_min_dim": 128,
  "p24_folded_mod_scope": "per_layer",
  "p24_folded_mod_gate_act": "tanh_centered",
  "p24_use_sequence_gated_linear": 0,
  "p24_sequence_gated_scope": "per_layer",
  "p24_sequence_gated_act": "tanh_centered",
  "remix_disable_ln_basis": 0,
  "dense_intermediate_ln": 0,
  "use_mol": false,
  "mol_n_blocks": 5,
  "mol_n_shared": 1,
  "mol_topk": 3,
  "mol_thin_dim": 256,
  "mol_head_dim": 64,
  "mol_ffn_mult": 4.0,
  "mol_router_aux": 0.05,
  "mol_routed_attn": "softmax",
  "mol_dispatch": 1,
  "mol_capacity_factor": 1.0,
  "mol_block_lr_scale": 1.0,
  "mol_per_block_ve": 0,
  "use_mst": false,
  "mst_n_subs": 8,
  "mst_sub_dim": 64,
  "mst_head_dim": 0,
  "mst_input_mode": "fixed_slice",
  "mst_rotated_slice_learned": false,
  "mst_routing_mode": "soft_weighted",
  "mst_routing_topk": 4,
  "mst_routing_aux_weight": 0.01,
  "mst_diversity_weight": 0.0,
  "mst_ffn_mode": "standard",
  "mst_transition_mode": "parallel",
  "mst_final_mode": "aggregate_proj",
  "mst_final_topk": -1,
  "mst_ffn_shared_up": 0,
  "mst_ffn_inner_dim": 0,
  "mst_sub_dropout": 0.0,
  "mst_transition_every": 1,
  "mst_ffa_temperature": 1.0,
  "mst_global_residual": 0,
  "mst_hybrid_dense": 0,
  "mst_cross_sub_kv": 0,
  "mst_sub_aux_weight": 0.0,
  "mst_progressive_merge": 0,
  "mst_multi_scale_windows": 0,
  "mst_delta_residual": 0,
  "mst_sub_layers": 1,
  "mst_grad_equalize": 0,
  "mst_block_diagonal_muon": 0,
  "mst_transition_width_mult": 1.0,
  "mst_sub_lr_scale": 1.0,
  "mst_shared_expert": 0,
  "mst_router_entropy_weight": 0.0,
  "mst_shared_kv_attn": 0,
  "mst_contrastive_diversity_weight": 0.0,
  "mst_transition_nonlinear": 0,
  "mst_transition_gated": 0,
  "mst_transition_mlp": 0,
  "mst_cross_sub_gate": 0,
  "mst_hyper_connect": 0,
  "mst_cross_kv_inject": 0,
  "mst_slice_transition": 0,
  "mst_lookback_layers": 0,
  "mst_bilinear_transition": 0,
  "mst_cross_sub_qmod": 0,
  "mst_feature_cycle": 0,
  "mst_mean_transition": 0,
  "mst_sub_head_dim": 0,
  "mst_final_norm": 0,
  "mst_per_stream_ve": 0,
  "mst_ve_map": 0,
  "mst_ve_map_rank": 0,
  "mst_lm_head_dim": 0,
  "mst_compose_windows": 0,
  "mst_channel_mix": "none",
  "mst_channel_mix_site": "layer",
  "mst_distribute_block_muon": 0,
  "mst_trans_spectral_lr": 0,
  "mst_talking_heads": 0,
  "mst_wo_mode": "block",
  "mst_stream_topk": 0,
  "mst_stream_shared": 0,
  "mst_stream_router_aux": 0.01,
  "mst_stream_router_noise": 0.0,
  "mst_stream_dispatch": 0,
  "mst_stream_capacity_factor": 1.0,
  "mst_stream_gate_attn": 0,
  "mst_ffn_monarch": "none",
  "mst_shampoo": 0,
  "mst_precond_every": 10,
  "mst_shampoo_beta": 0.95,
  "use_eet": false,
  "eet_frozen_kv": true,
  "eet_reenter_final": false,
  "eet_router_type": "mlp2",
  "eet_router_hidden": 0,
  "eet_freq_prior_alpha": 0.0,
  "eet_pos_prior_beta": 0.0,
  "eet_domain_prior": false,
  "eet_warmup_frac": 0.02,
  "eet_explore_frac": 0.15,
  "eet_reconstruct_lambda": 1.0,
  "eet_efficiency_lambda_start": 0.01,
  "eet_efficiency_lambda_end": 0.1,
  "eet_translator_rank": 0,
  "eet_max_frozen_kv_frac": 0.75,
  "eet_exit_threshold": 0.5,
  "eet_min_exit_layer": 1,
  "eet_loss_variant": "reconstruct",
  "eet_topk_vocab": 512,
  "eet_entropy_lambda": 0.3,
  "eet_surprise_lambda": 0.1,
  "eet_adv_lambda": 1.0,
  "eet_adv_entropy_lambda": 0.2,
  "eet_quality_lambda": 1.0,
  "eet_quality_entropy_bonus": 0.1,
  "eet_gumbel_temp_start": 0.0,
  "eet_gumbel_temp_end": 0.1,
  "eet_gumbel_hard": true,
  "eet_commitment_beta": 0.1,
  "eet_global_router": false,
  "eet_freq_efficiency_alpha": 0.0,
  "eet_diversity_lambda": 0.0,
  "eet_ce_guided_lambda": 1.0,
  "eet_router_lr_mult": 5.0,
  "eet_model_lr_mult": 1.0,
  "eet_depth_weight_type": "none",
  "eet_depth_weight_max": 2.5,
  "eet_use_override": 0,
  "eet_override_prob_start": 0.5,
  "eet_override_prob_end": 0.1,
  "eet_compute_skip": false,
  "eet_target_active_frac": 0.125,
  "eet_capacity_schedule": "bell",
  "eet_exit_fracs": null,
  "eet_capacity_alignment_lambda": 0.0,
  "eet_router_task_grad": true,
  "eet_reinforce_interval": 0,
  "eet_reinforce_lambda": 0.1,
  "eet_exit_adapter_rank": 0,
  "eet_router_after_block": 0,
  "eet_ffn_skip": false,
  "eet_ffn_target_frac": 0.5,
  "eet_ffn_full_attn": true,
  "eet_depth_affine": false,
  "eet_capacity_anneal_frac": 0.0,
  "eet_learned_schedule": false,
  "eet_departure_summary": false,
  "eet_route_consistency_lambda": 0.0,
  "eet_dense_distill_interval": 0,
  "eet_dense_distill_lambda": 0.5,
  "eet_depth_lr_scale": false,
  "eet_depth_grad_scale": false,
  "eet_detach_aux_from_backbone": false,
  "eet_detach_exit_from_backbone": false,
  "use_code_head": true,
  "sch_head_type": "nfh",
  "sch_bits": 0,
  "sch_order": 2,
  "sch_max_m": 0,
  "sch_phi_mode": "monomial",
  "sch_code_mode": "binary",
  "sch_code_path": "",
  "sch_code_ecc_bits": 0,
  "sch_code_seed": 1234,
  "sch_phi_density": 0.0,
  "sch_phi_dtype": "fp32",
  "sch_phi_normalize": 1,
  "sch_phi_center": 0,
  "sch_g_type": "linear",
  "sch_g_hidden": 0,
  "sch_g_layers": 2,
  "sch_g_out_std": 0.001,
  "sch_mixture": 1,
  "sch_residual_rank": 0,
  "sch_logit_act": "none",
  "sch_bias": 0,
  "sch_input_mode": "table",
  "sch_input_hidden": 0,
  "sch_product_groups": 8,
  "sch_product_codebook": 256,
  "sch_product_source": "hash",
  "sch_product_impl": "dense",
  "sch_phi_whiten": 0,
  "sch_mixture_per_phi": 0,
  "sch_mixture_topk": 0,
  "sch_mixture_aux": 0.01,
  "sch_monarch_m1": 0,
  "sch_monarch_perm": "none",
  "sch_monarch_perm_path": "",
  "sch_tier_bounds": "",
  "sch_tier_caps": "",
  "sch_tier_order": "freq",
  "sch_tier_perm_path": "",
  "sch_proposal_rank": 32,
  "sch_proposal_topk": 16384,
  "sch_proposal_samples": 4096,
  "sch_proposal_warmup": 0,
  "sch_proposal_chunk": 2048,
  "sch_proposal_aux": 1.0,
  "sch_nfh_mode": "cp",
  "sch_nfh_rank": 32,
  "sch_nfh_dims": "32,32,32",
  "sch_nfh_groups": 3,
  "sch_nfh_views": 1,
  "sch_nfh_perm": "file",
  "sch_nfh_perm_path": "perms/nfh_g3_v32768.pt",
  "sch_nfh_g_type": "linear",
  "sch_nfh_g_hidden": 0,
  "sch_nfh_smooth": 1,
  "sch_nfh_chunk": 256
}
Seeded weight init with --seed 1
Checkpoints directory: /__modal/volumes/vo-JoBoNS1zSnilqDcfeqvH0o/out/c14_nfh/d8/NFH_cp_R32_smooth_s1/depth_8/ckpt_base/base
✓ Wrapping model with DistributedDataParallel (rank 0, find_unused_parameters=False, broadcast_buffers=False)
Parameter counts:
wte                     : 16,777,216
wpe                     : 0
value_embeds            : 67,108,864
lm_head                 : 1,625,633
transformer_matrices    : 25,166,336
research                : 0
scalars                 : 16
total                   : 110,678,065
Estimated FLOPs per token (total):  1.951396e+08
Estimated FLOPs per token (active): 1.951396e+08
Estimated active params:            110,678,065
[SCH] head=nfh V=32768, mode=cp, dims=[32, 32, 32], R=32, views=1, width=3104, g=linear, perm=file, smooth=1, rank_ceiling=32768 | head params 1,625,633 | head FLOPs/token 9,538,562 | dense equivalent 100,663,296
Scaling LRs by 0.7071 for batch size 262,144 (reference: 524,288)
Scaling weight decay from 0.200000 to 0.132763 for depth 8
Scaling the LR for the AdamW parameters ∝1/√(512/768) = 1.224745
Calculated number of iterations from target data:param ratio: 1,680
Total number of training tokens: 440,401,920
Tokens : Scaling params ratio: 16.44
Total training FLOPs estimate: 8.593985e+16
Total training FLOPs (active):  8.593985e+16
Total active training FLOPs estimate: 8.593985e+16
Using base scheduler: linear warmup/flat/linear warmdown
Tokens / micro-batch / rank: 128 x 2048 = 262,144
Tokens / micro-batch: 262,144
Total batch size 262,144 => gradient accumulation steps: 1
Running pre-compilation warmup (1 dummy forward+backward to init lazy allocations)...
[rank0]:W0906 13:53:23.852000 64510 site-packages/torch/_logging/_internal.py:1199] [0/0] Profiler function <class 'torch.autograd.profiler.record_function'> will be ignored
/usr/local/lib/python3.12/site-packages/torch/_inductor/lowering.py:7242: UserWarning: 
Online softmax is disabled on the fly since Inductor decides to
split the reduction. Cut an issue to PyTorch if this is an
important use case and you want to speed it up with online
softmax.

  warnings.warn(
Warmup complete. Steady-state VRAM: 5.6 GB allocated
step 00000/01680 (0.00%) | loss: 8.869397 | lrm: 0.12 | lr(adamw:5.088e-02, muon:1.768e-03) | dt: 205.30ms | tok/sec: 1,276,877 | bf16_mfu: 25.19 | epoch: 1 pq: 0 rg: 1 | total time: 0.00m
2026-09-06 13:54:37,646 - nanochat.checkpoint_manager - INFO - Saved model parameters to: /__modal/volumes/vo-JoBoNS1zSnilqDcfeqvH0o/out/c14_nfh/d8/NFH_cp_R32_smooth_s1/depth_8/ckpt_base/base/model_000200.pt
2026-09-06 13:54:37,651 - nanochat.checkpoint_manager - INFO - Saved metadata to: /__modal/volumes/vo-JoBoNS1zSnilqDcfeqvH0o/out/c14_nfh/d8/NFH_cp_R32_smooth_s1/depth_8/ckpt_base/base/meta_000200.json
2026-09-06 13:54:38,637 - nanochat.checkpoint_manager - INFO - Saved optimizer state to: /__modal/volumes/vo-JoBoNS1zSnilqDcfeqvH0o/out/c14_nfh/d8/NFH_cp_R32_smooth_s1/depth_8/ckpt_base/base/optim_000200_rank0.pt
step 00200/01680 (11.90%) | loss: 5.997208 | lrm: 1.00 | lr(adamw:4.071e-01, muon:1.414e-02) | dt: 173.07ms | tok/sec: 1,514,645 | bf16_mfu: 29.89 | epoch: 1 pq: 1 rg: 17 | total time: 0.48m | eta: 3.8m
2026-09-06 13:55:09,248 - nanochat.checkpoint_manager - INFO - Saved model parameters to: /__modal/volumes/vo-JoBoNS1zSnilqDcfeqvH0o/out/c14_nfh/d8/NFH_cp_R32_smooth_s1/depth_8/ckpt_base/base/model_000400.pt
2026-09-06 13:55:09,252 - nanochat.checkpoint_manager - INFO - Saved metadata to: /__modal/volumes/vo-JoBoNS1zSnilqDcfeqvH0o/out/c14_nfh/d8/NFH_cp_R32_smooth_s1/depth_8/ckpt_base/base/meta_000400.json
2026-09-06 13:55:10,245 - nanochat.checkpoint_manager - INFO - Saved optimizer state to: /__modal/volumes/vo-JoBoNS1zSnilqDcfeqvH0o/out/c14_nfh/d8/NFH_cp_R32_smooth_s1/depth_8/ckpt_base/base/optim_000400_rank0.pt
Removed previous periodic checkpoint at step 000200
step 00400/01680 (23.81%) | loss: 4.757511 | lrm: 1.00 | lr(adamw:4.071e-01, muon:1.414e-02) | dt: 165.21ms | tok/sec: 1,586,745 | bf16_mfu: 31.31 | epoch: 1 pq: 2 rg: 30 | total time: 0.98m | eta: 3.2m
2026-09-06 13:55:40,673 - nanochat.checkpoint_manager - INFO - Saved model parameters to: /__modal/volumes/vo-JoBoNS1zSnilqDcfeqvH0o/out/c14_nfh/d8/NFH_cp_R32_smooth_s1/depth_8/ckpt_base/base/model_000600.pt
2026-09-06 13:55:40,677 - nanochat.checkpoint_manager - INFO - Saved metadata to: /__modal/volumes/vo-JoBoNS1zSnilqDcfeqvH0o/out/c14_nfh/d8/NFH_cp_R32_smooth_s1/depth_8/ckpt_base/base/meta_000600.json
2026-09-06 13:55:41,577 - nanochat.checkpoint_manager - INFO - Saved optimizer state to: /__modal/volumes/vo-JoBoNS1zSnilqDcfeqvH0o/out/c14_nfh/d8/NFH_cp_R32_smooth_s1/depth_8/ckpt_base/base/optim_000600_rank0.pt
Removed previous periodic checkpoint at step 000400
step 00600/01680 (35.71%) | loss: 4.490464 | lrm: 0.99 | lr(adamw:4.028e-01, muon:1.399e-02) | dt: 168.04ms | tok/sec: 1,560,044 | bf16_mfu: 30.78 | epoch: 1 pq: 3 rg: 44 | total time: 1.48m | eta: 2.7m
2026-09-06 13:56:12,221 - nanochat.checkpoint_manager - INFO - Saved model parameters to: /__modal/volumes/vo-JoBoNS1zSnilqDcfeqvH0o/out/c14_nfh/d8/NFH_cp_R32_smooth_s1/depth_8/ckpt_base/base/model_000800.pt
2026-09-06 13:56:12,225 - nanochat.checkpoint_manager - INFO - Saved metadata to: /__modal/volumes/vo-JoBoNS1zSnilqDcfeqvH0o/out/c14_nfh/d8/NFH_cp_R32_smooth_s1/depth_8/ckpt_base/base/meta_000800.json
2026-09-06 13:56:13,120 - nanochat.checkpoint_manager - INFO - Saved optimizer state to: /__modal/volumes/vo-JoBoNS1zSnilqDcfeqvH0o/out/c14_nfh/d8/NFH_cp_R32_smooth_s1/depth_8/ckpt_base/base/optim_000800_rank0.pt
Removed previous periodic checkpoint at step 000600
step 00800/01680 (47.62%) | loss: 4.323172 | lrm: 0.82 | lr(adamw:3.320e-01, muon:1.153e-02) | dt: 149.63ms | tok/sec: 1,752,000 | bf16_mfu: 34.57 | epoch: 1 pq: 4 rg: 58 | total time: 1.98m | eta: 2.2m
2026-09-06 13:56:43,818 - nanochat.checkpoint_manager - INFO - Saved model parameters to: /__modal/volumes/vo-JoBoNS1zSnilqDcfeqvH0o/out/c14_nfh/d8/NFH_cp_R32_smooth_s1/depth_8/ckpt_base/base/model_001000.pt
2026-09-06 13:56:43,822 - nanochat.checkpoint_manager - INFO - Saved metadata to: /__modal/volumes/vo-JoBoNS1zSnilqDcfeqvH0o/out/c14_nfh/d8/NFH_cp_R32_smooth_s1/depth_8/ckpt_base/base/meta_001000.json
2026-09-06 13:56:44,779 - nanochat.checkpoint_manager - INFO - Saved optimizer state to: /__modal/volumes/vo-JoBoNS1zSnilqDcfeqvH0o/out/c14_nfh/d8/NFH_cp_R32_smooth_s1/depth_8/ckpt_base/base/optim_001000_rank0.pt
Removed previous periodic checkpoint at step 000800
step 01000/01680 (59.52%) | loss: 4.214522 | lrm: 0.64 | lr(adamw:2.612e-01, muon:9.073e-03) | dt: 166.72ms | tok/sec: 1,572,370 | bf16_mfu: 31.02 | epoch: 1 pq: 5 rg: 73 | total time: 2.48m | eta: 1.7m
2026-09-06 13:57:14,770 - nanochat.checkpoint_manager - INFO - Saved model parameters to: /__modal/volumes/vo-JoBoNS1zSnilqDcfeqvH0o/out/c14_nfh/d8/NFH_cp_R32_smooth_s1/depth_8/ckpt_base/base/model_001200.pt
2026-09-06 13:57:14,773 - nanochat.checkpoint_manager - INFO - Saved metadata to: /__modal/volumes/vo-JoBoNS1zSnilqDcfeqvH0o/out/c14_nfh/d8/NFH_cp_R32_smooth_s1/depth_8/ckpt_base/base/meta_001200.json
2026-09-06 13:57:15,675 - nanochat.checkpoint_manager - INFO - Saved optimizer state to: /__modal/volumes/vo-JoBoNS1zSnilqDcfeqvH0o/out/c14_nfh/d8/NFH_cp_R32_smooth_s1/depth_8/ckpt_base/base/optim_001200_rank0.pt
Removed previous periodic checkpoint at step 001000
step 01200/01680 (71.43%) | loss: 4.139572 | lrm: 0.47 | lr(adamw:1.903e-01, muon:6.613e-03) | dt: 157.43ms | tok/sec: 1,665,177 | bf16_mfu: 32.86 | epoch: 1 pq: 7 rg: 5 | total time: 2.98m | eta: 1.2m
2026-09-06 13:57:45,883 - nanochat.checkpoint_manager - INFO - Saved model parameters to: /__modal/volumes/vo-JoBoNS1zSnilqDcfeqvH0o/out/c14_nfh/d8/NFH_cp_R32_smooth_s1/depth_8/ckpt_base/base/model_001400.pt
2026-09-06 13:57:45,886 - nanochat.checkpoint_manager - INFO - Saved metadata to: /__modal/volumes/vo-JoBoNS1zSnilqDcfeqvH0o/out/c14_nfh/d8/NFH_cp_R32_smooth_s1/depth_8/ckpt_base/base/meta_001400.json
2026-09-06 13:57:46,773 - nanochat.checkpoint_manager - INFO - Saved optimizer state to: /__modal/volumes/vo-JoBoNS1zSnilqDcfeqvH0o/out/c14_nfh/d8/NFH_cp_R32_smooth_s1/depth_8/ckpt_base/base/optim_001400_rank0.pt
Removed previous periodic checkpoint at step 001200
step 01400/01680 (83.33%) | loss: 4.063514 | lrm: 0.29 | lr(adamw:1.195e-01, muon:4.152e-03) | dt: 140.82ms | tok/sec: 1,861,543 | bf16_mfu: 36.73 | epoch: 1 pq: 8 rg: 20 | total time: 3.47m | eta: 0.7m
2026-09-06 13:58:16,670 - nanochat.checkpoint_manager - INFO - Saved model parameters to: /__modal/volumes/vo-JoBoNS1zSnilqDcfeqvH0o/out/c14_nfh/d8/NFH_cp_R32_smooth_s1/depth_8/ckpt_base/base/model_001600.pt
2026-09-06 13:58:16,674 - nanochat.checkpoint_manager - INFO - Saved metadata to: /__modal/volumes/vo-JoBoNS1zSnilqDcfeqvH0o/out/c14_nfh/d8/NFH_cp_R32_smooth_s1/depth_8/ckpt_base/base/meta_001600.json
2026-09-06 13:58:17,545 - nanochat.checkpoint_manager - INFO - Saved optimizer state to: /__modal/volumes/vo-JoBoNS1zSnilqDcfeqvH0o/out/c14_nfh/d8/NFH_cp_R32_smooth_s1/depth_8/ckpt_base/base/optim_001600_rank0.pt
Removed previous periodic checkpoint at step 001400
step 01600/01680 (95.24%) | loss: 4.011700 | lrm: 0.12 | lr(adamw:4.869e-02, muon:1.691e-03) | dt: 139.50ms | tok/sec: 1,879,166 | bf16_mfu: 37.08 | epoch: 1 pq: 9 rg: 34 | total time: 3.96m | eta: 0.2m
step 01679/01680 (99.94%) | loss: 4.011606 | lrm: 0.05 | lr(adamw:2.071e-02, muon:7.194e-04) | dt: 144.16ms | tok/sec: 1,818,366 | bf16_mfu: 35.88 | epoch: 1 pq: 9 rg: 73 | total time: 4.15m | eta: 0.0m
/usr/local/lib/python3.12/site-packages/torch/_inductor/lowering.py:7242: UserWarning: 
Online softmax is disabled on the fly since Inductor decides to
split the reduction. Cut an issue to PyTorch if this is an
important use case and you want to speed it up with online
softmax.

  warnings.warn(
Step 01680 | Validation bpb: 1.219365 | val_loss: 3.999926
[sample] skipped: this head computes its loss without a logit vector, so it cannot generate
2026-09-06 13:59:14,654 - nanochat.checkpoint_manager - INFO - Saved model parameters to: /__modal/volumes/vo-JoBoNS1zSnilqDcfeqvH0o/out/c14_nfh/d8/NFH_cp_R32_smooth_s1/depth_8/ckpt_base/base/model_001680.pt
2026-09-06 13:59:14,657 - nanochat.checkpoint_manager - INFO - Saved metadata to: /__modal/volumes/vo-JoBoNS1zSnilqDcfeqvH0o/out/c14_nfh/d8/NFH_cp_R32_smooth_s1/depth_8/ckpt_base/base/meta_001680.json
2026-09-06 13:59:15,524 - nanochat.checkpoint_manager - INFO - Saved optimizer state to: /__modal/volumes/vo-JoBoNS1zSnilqDcfeqvH0o/out/c14_nfh/d8/NFH_cp_R32_smooth_s1/depth_8/ckpt_base/base/optim_001680_rank0.pt
step 01680/01680 (final) | loss: 4.011606 | early_stop: 0
Peak memory usage: 52901.16MiB
Total training time: 4.15m
Minimum validation bpb: 1.219365
Minimum validation loss (nats/byte): 3.999926
[SCH] run_tag=base  phi_width_M=3104  rank_ceiling=32768  val_bpb=1.2194  bpb_tail_minus_head=0.6759
Final Validation BPB for base: 1.2194

--- Generating Report ---
Saved plot to out/c14_nfh/d8/NFH_cp_R32_smooth_s1/depth_8/comparison_depth_8.png
Saved TSV data to out/c14_nfh/d8/NFH_cp_R32_smooth_s1/depth_8/results_depth_8.tsv
Generating report to out/report/report.md
Copying report.md to current directory for convenience
================================================================
Sweep Complete! Results saved to out/c14_nfh/d8/NFH_cp_R32_smooth_s1
================================================================
OK    NFH_cp_R32_smooth_s1

--- NFH_cp_R32_mlp_s1  (depth 8, V=32768, device-batch 128) ---
Requested NPROC_PER_NODE=8, but only 1 GPU(s) visible. Capping.
Using NPROC_PER_NODE=1
NANOCHAT_SKIP_ENV_SETUP=0
===== GPU Info =====
Sun Sep  6 13:59:37 2026       
+-----------------------------------------------------------------------------------------+
| NVIDIA-SMI 580.95.05              Driver Version: 580.95.05      CUDA Version: 13.0     |
+-----------------------------------------+------------------------+----------------------+
| GPU  Name                 Persistence-M | Bus-Id          Disp.A | Volatile Uncorr. ECC |
| Fan  Temp   Perf          Pwr:Usage/Cap |           Memory-Usage | GPU-Util  Compute M. |
|                                         |                        |               MIG M. |
|=========================================+========================+======================|
|   0  NVIDIA H200                    On  |   00000000:96:00.0 Off |                    0 |
| N/A   34C    P0             80W /  700W |       4MiB / 143771MiB |      0%      Default |
|                                         |                        |             Disabled |
+-----------------------------------------+------------------------+----------------------+

+-----------------------------------------------------------------------------------------+
| Processes:                                                                              |
|  GPU   GI   CI              PID   Type   Process name                        GPU Memory |
|        ID   ID                                                               Usage      |
|=========================================================================================|
|  No running processes found                                                             |
+-----------------------------------------------------------------------------------------+
Starting Research Sweep. Output directory: out/c14_nfh/d8/NFH_cp_R32_mlp_s1
UV_SYSTEM_PYTHON=1: using system Python, skipping venv creation.
Validating system environment dependencies via uv...
Using Python 3.12.10 environment at: /usr/local
Resolved 159 packages in 174ms
   Building nanochat @ file:///__modal/volumes/vo-JoBoNS1zSnilqDcfeqvH0o
      Built nanochat @ file:///__modal/volumes/vo-JoBoNS1zSnilqDcfeqvH0o
Prepared 1 package in 1.25s
Uninstalled 1 package in 1ms
Installed 1 package in 1ms
 ~ nanochat==0.1.0 (from file:///__modal/volumes/vo-JoBoNS1zSnilqDcfeqvH0o)
Reset report and wrote header to out/report/header.md
Dataset (up to 300 shards) already exists in data, skipping download.
Tokenizer already exists in tokenizer, skipping training.
================================================================
Processing Depth: 8
================================================================
2026-09-06 13:59:48,476 - httpx - INFO - HTTP Request: HEAD https://huggingface.co/varunneal/flash-attention-3/resolve/main/kernel-status.toml "HTTP/1.1 404 Not Found"
2026-09-06 13:59:48,651 - httpx - INFO - HTTP Request: GET https://huggingface.co/api/models/varunneal/flash-attention-3/tree/main/build?recursive=false&expand=false "HTTP/1.1 200 OK"
2026-09-06 13:59:48,795 - httpx - INFO - HTTP Request: GET https://huggingface.co/api/models/varunneal/flash-attention-3/revision/main "HTTP/1.1 200 OK"
[sweep] Requested 8 DDP workers but only 1 GPU(s) available — using 1.
================================================================
Starting Sweep for Depth 8
Target Tokens: 440,401,920
================================================================
  Overriding default target_dim (128) with full model_dim 512

--- Training base ---

  ┌─────────────────────────────────────────────────────┐
  │  🆕  STARTING FRESH: [base]
  │     No checkpoints found — training from scratch.
  └─────────────────────────────────────────────────────┘

Running: /usr/local/bin/torchrun --standalone --nproc_per_node=1 -m scripts.base_train --depth 8 --aspect-ratio 64 --head-dim 128 --model-dim 512 --max-seq-len 2048 --device-batch-size 128 --total-batch-size 262144 --target-tokens 440401920 --eval-every -1 --log-every 200 --core-metric-every 0 --save-every 200 --warmup-ratio 0.005 --warmdown-ratio 0.65 --final-lr-frac 0.05 --adam-beta2 0.99 --research-warmup-ratio 0.05 --use-onecycle 0 --router-context-window -1 --remix-use-basis-gate 1 --remix-use-output-gate 1 --remix-use-context 1 --remix-basis-gate-mode mlp --remix-gate-lr-scale 0.3 --p22-n-templates 1 --p22-template-routing-learned 0 --p22-template-topk 0 --p22-attn-moe-route none --p26-output-gated-linear 0 --p28-shared-basis 0 --p28-chunk-routing-size 0 --p28-global-template-bank none --p28-attn-proj-templates 0 --p28-attn-qk-templates 0 --p31-chunk-route-impl compose --p31-top1-gate ones --p31-template-delta-rank 0 --p31-route-side output --p31-drop-basis-proj 0 --p31-basis-side-templates 0 --remix-template-block-diag 0 --remix-template-lr-scale 1.0 --p29-grad-equalize 0 --target-active-params 0 --compile-regional 0 --timing-probe-steps 0 --compile-mode default --remix-basis-gate-rank 8 --cclblock-modulation weight --cclblock-orth-lambda 0.0 --p35-template-diversity-lambda 0.0 --cclblock-context-stream local --cclblock-ema-factor 0.99 --cclblock-stale-ctx-lag 0 --cclblock-sparse-gate-k 0 --cclblock-gate-temperature 1.0 --cclblock-context-bank-size 0 --cclblock-per-head-ctx 0 --cclblock-context-source norm_x --cclblock-chunk-size 0 --cclblock-aux-objective none --cclblock-aux-lambda 0.1 --cclblock-boundary-token-id 198 --use-ral 0 --ral-rank 32 --p34-ffn-schedule  --p34-ffn-no-ffn-replacement none --p34-ffn-last-depth 1 --p36-swiglu-ffn 0 --p36-swiglu-mult 2.6666666666666665 --cond-sites both --p22-route-affine 0 --cond-rank 256 --cond-mult-steps 0 --cond-gate-source router --cond-coeff-act centered --cond-router-rank 0 --cond-router-act none --cond-live-init 0.0 --cond-chunk-size 0 --cond-mult-scale -1.0 --cond-mult-impl wy --cond-attn-projs qkvo --cond-layer-frac 1.0 --cclblock-film-gate 0 --cclblock-attn-shadow-dim 0 --cclblock-dynamic-ratio 0.25 --cclblock-gate-rank 8 --cclblock-num-regimes 8 --cclblock-regime-temperature 1.0 --cclblock-poly-order 2 --cclblock-lie-generators 4 --cclblock-grassmann-bank-size 4 --cclblock-tucker-rank 32 --cclblock-tucker-modes 8 --cclblock-svs-rank 64 --cclblock-svs-eps 0.1 --cclblock-vq-codes 8 --cclblock-vq-temperature 1.0 --cclblock-dcu-warmup-steps 0 --cclblock-fsi-rotations 8 --cclblock-fsi-selector-dim 64 --cclblock-aesp-strata 4 --cclblock-aesp-delta-rank 4 --cclblock-ckr-branches 4 --cclblock-ckr-kernel-size 64 --cclblock-ckr-pos-channels 1 --cclblock-ckr-dual-optim 0 --cclblock-ckr-content-bias 0.0 --cclblock-giad-rank 32 --cclblock-psg-kernel-size 64 --cclblock-ss-dynamic-ratio 0.25 --cclblock-ss-branches 2 --cclblock-ss-kernel-size 64 --cclblock-lokr-branches 8 --cclblock-lokr-rank 16 --cclblock-ckr-temp-start 2.0 --cclblock-ckr-temp-end 0.3 --cclblock-com-kernel-size 32 --cclblock-ckr-ortho-init 0 --cclblock-ckr-branch-dropout 0.0 --cclblock-ckr-diversity-lambda 0.0 --cclblock-pgr-kernel-size 64 --cclblock-cil-kernel-size 64 --cclblock-prb-kernel-size 64 --p18-layer-drop 0.0 --p18-dynamic-activation 0 --p18-mixture-norm 0 --p18-aux-sim-lambda 0.0 --p18-gradient-penalty 0.0 --p18-per-channel-scale 0 --p19-residual-gate 0 --p19-head-importance 0 --p19-residual-mix-groups 0 --p19-attn-logit-bias 0 --p19-residual-decay 0 --p19-grad-equilibrium 0.0 --p19-spectral-reparam 0 --p19-weight-anticollapse 0.0 --p19-ve-bias 0 --p19-weight-noise 0.0 --p20-hrcs-scale 0 --p20-lswr-scale 0 --p20-lswr-planes 8 --p20-lrcfb-branches 0 --p20-lrcfb-narrow 0 --p20-lrcfb-learned 0 --p20-lrcfb-topk 0 --p20-dgcr-branches 0 --p20-dgcr-aux-weight 0.01 --p20-mone-experts 0 --p20-mone-topk 0 --p20-mone-narrow 1 --p20-mone-frozen 0 --p20-ncea-branches 0 --p20-ncea-eps 0.1 --p20-adwi 0 --p20-pwu-branches 0 --p20-pwu-phase 1 --p20-fsvd-gate 0 --p20-wbfc-clusters 0 --p20-wbfc-active 0 --p21-per-experts 0 --p21-per-topk 0 --p21-per-learned 0 --p21-per-attn 0 --p23-tiny-expert 0 --p23-n-experts 64 --p23-topk 16 --p23-learned-route 0 --p23-std-moe-experts 0 --p23-std-moe-topk -1 --p23-std-moe-aux-weight 0.01 --p23-lokr 0 --p23-lokr-rank 4 --p23-use-shared-block-router 0 --p23-linear-moe-experts 0 --p23-linear-moe-topk 0 --p23-quantile-route 0 --seed 1 --p34-ffn-mult 4.0 --p34-ffn-single 0 --p34-dense-attn 0 --p24-use-sliced-weight 0 --p24-sliced-weight-reduction-scale 8 --p24-sliced-weight-min-select 128 --p24-sliced-weight-scope per_token --p24-sliced-weight-balance-coeff 0.01 --p24-quantile-route 0 --p24-use-folded-mod 0 --p24-folded-mod-reduction-scale 8 --p24-folded-mod-scope per_layer --p24-folded-mod-gate-act tanh_centered --p24-use-sequence-gated-linear 0 --p24-sequence-gated-scope per_layer --p24-sequence-gated-act tanh_centered --p24-folded-mod-min-dim 128 --remix-shared-context-gates 0 --remix-use-dual-gate 0 --remix-basis-scale-factor 4 --remix-output-gate-rank 16 --p24-use-sliced-weight 0 --p24-sliced-weight-reduction-scale 8 --p24-sliced-weight-min-select 128 --p24-sliced-weight-scope per_token --p24-sliced-weight-balance-coeff 0.01 --p24-quantile-route 0 --p24-use-folded-mod 0 --p24-folded-mod-reduction-scale 8 --p24-folded-mod-scope per_layer --p24-folded-mod-gate-act tanh_centered --p24-use-sequence-gated-linear 0 --p24-sequence-gated-scope per_layer --p24-sequence-gated-act tanh_centered --remix-disable-ln-basis 0 --dense-intermediate-ln 0 --use-mol 0 --mol-n-blocks 5 --mol-n-shared 1 --mol-topk 3 --mol-thin-dim 256 --mol-head-dim 64 --mol-ffn-mult 4.0 --mol-router-aux 0.05 --mol-routed-attn softmax --mol-dispatch 1 --mol-capacity-factor 1.0 --mol-block-lr-scale 1.0 --mol-per-block-ve 0 --use-mst 0 --mst-n-subs 8 --mst-sub-dim 64 --mst-head-dim 0 --mst-input-mode fixed_slice --mst-rotated-slice-learned 0 --mst-routing-mode soft_weighted --mst-routing-topk 4 --mst-routing-aux-weight 0.01 --mst-diversity-weight 0.0 --mst-ffn-mode standard --mst-transition-mode parallel --mst-final-mode aggregate_proj --mst-final-topk -1 --mst-ffn-shared-up 0 --mst-ffn-inner-dim 0 --mst-sub-dropout 0.0 --mst-transition-every 1 --mst-ffa-temperature 1.0 --mst-global-residual 0 --mst-hybrid-dense 0 --mst-cross-sub-kv 0 --mst-sub-aux-weight 0.0 --mst-progressive-merge 0 --mst-multi-scale-windows 0 --mst-delta-residual 0 --mst-sub-layers 1 --mst-grad-equalize 0 --mst-block-diagonal-muon 0 --mst-transition-width-mult 1.0 --mst-sub-lr-scale 1.0 --mst-shared-expert 0 --mst-router-entropy-weight 0.0 --mst-shared-kv-attn 0 --mst-contrastive-diversity-weight 0.0 --mst-transition-nonlinear 0 --mst-transition-gated 0 --mst-transition-mlp 0 --mst-cross-sub-gate 0 --mst-hyper-connect 0 --mst-cross-kv-inject 0 --mst-slice-transition 0 --mst-lookback-layers 0 --mst-bilinear-transition 0 --mst-cross-sub-qmod 0 --mst-feature-cycle 0 --mst-mean-transition 0 --mst-sub-head-dim 0 --mst-final-norm 0 --mst-per-stream-ve 0 --mst-ve-map 0 --mst-ve-map-rank 0 --mst-lm-head-dim 0 --mst-compose-windows 0 --mst-channel-mix none --mst-channel-mix-site layer --mst-distribute-block-muon 0 --mst-trans-spectral-lr 0 --mst-talking-heads 0 --mst-wo-mode block --mst-stream-topk 0 --mst-stream-shared 0 --mst-stream-router-aux 0.01 --mst-stream-router-noise 0.0 --mst-stream-dispatch 0 --mst-stream-capacity-factor 1.0 --mst-stream-gate-attn 0 --mst-ffn-monarch none --mst-shampoo 0 --mst-precond-every 10 --mst-shampoo-beta 0.95 --use-eet 0 --eet-frozen-kv 1 --eet-reenter-final 0 --eet-compute-skip 0 --eet-target-active-frac 0.125 --eet-capacity-schedule bell --eet-exit-fracs  --eet-router-type mlp2 --eet-router-hidden 0 --eet-freq-prior-alpha 0.0 --eet-pos-prior-beta 0.0 --eet-domain-prior 0 --eet-warmup-frac 0.02 --eet-explore-frac 0.15 --eet-reconstruct-lambda 1.0 --eet-efficiency-lambda-start 0.01 --eet-efficiency-lambda-end 0.1 --eet-translator-rank 0 --eet-max-frozen-kv-frac 0.75 --eet-exit-threshold 0.5 --eet-min-exit-layer 1 --eet-loss-variant reconstruct --eet-topk-vocab 512 --eet-entropy-lambda 0.3 --eet-surprise-lambda 0.1 --eet-adv-lambda 1.0 --eet-adv-entropy-lambda 0.2 --eet-quality-lambda 1.0 --eet-quality-entropy-bonus 0.1 --eet-gumbel-temp-start 0.0 --eet-gumbel-temp-end 0.1 --eet-gumbel-hard 1 --eet-commitment-beta 0.1 --eet-global-router 0 --eet-freq-efficiency-alpha 0.0 --eet-diversity-lambda 0.0 --eet-ce-guided-lambda 1.0 --eet-router-lr-mult 5.0 --eet-model-lr-mult 1.0 --eet-depth-weight-type none --eet-depth-weight-max 2.5 --eet-use-override 0 --eet-override-prob-start 0.5 --eet-override-prob-end 0.1 --eet-capacity-alignment-lambda 0.0 --eet-router-task-grad 1 --eet-reinforce-interval 0 --eet-reinforce-lambda 0.1 --eet-exit-adapter-rank 0 --eet-router-after-block 0 --eet-ffn-skip 0 --eet-ffn-target-frac 0.5 --eet-ffn-full-attn 1 --eet-depth-affine 0 --eet-capacity-anneal-frac 0.0 --eet-learned-schedule 0 --eet-departure-summary 0 --eet-route-consistency-lambda 0.0 --eet-dense-distill-interval 0 --eet-dense-distill-lambda 0.5 --eet-depth-lr-scale 0 --eet-depth-grad-scale 0 --eet-detach-aux-from-backbone 0 --eet-detach-exit-from-backbone 0 --use-code-head 1 --sch-head-type nfh --sch-bits 0 --sch-order 2 --sch-max-m 0 --sch-phi-mode monomial --sch-code-mode binary --sch-code-path  --sch-code-ecc-bits 0 --sch-code-seed 1234 --sch-phi-density 0.0 --sch-phi-dtype fp32 --sch-phi-normalize 1 --sch-phi-center 0 --sch-g-type linear --sch-g-hidden 0 --sch-g-layers 2 --sch-g-out-std 0.001 --sch-mixture 1 --sch-residual-rank 0 --sch-logit-act none --sch-bias 0 --sch-input-mode table --sch-input-hidden 0 --sch-product-groups 8 --sch-product-codebook 256 --sch-product-source hash --sch-product-impl dense --sch-phi-whiten 0 --sch-mixture-per-phi 0 --sch-mixture-topk 0 --sch-mixture-aux 0.01 --sch-monarch-m1 0 --sch-monarch-perm none --sch-monarch-perm-path  --sch-tier-bounds  --sch-tier-caps  --sch-tier-order freq --sch-tier-perm-path  --sch-proposal-rank 32 --sch-proposal-topk 16384 --sch-proposal-samples 4096 --sch-proposal-warmup 0 --sch-proposal-chunk 2048 --sch-proposal-aux 1.0 --sch-nfh-mode cp --sch-nfh-rank 32 --sch-nfh-dims 32,32,32 --sch-nfh-groups 3 --sch-nfh-views 1 --sch-nfh-perm file --sch-nfh-perm-path perms/nfh_g3_v32768.pt --sch-nfh-g-type mlp --sch-nfh-g-hidden 0 --sch-nfh-chunk 256 --sch-nfh-smooth 0 --sch-holdout-tokens 0 --sch-holdout-seed 7 --sch-holdout-min-id 256 --sch-holdout-mode target --sch-decile-metrics 1 --sch-rank-probe 16384 --sch-eval-steps 100 --compile --tokenizer-dir tokenizer --data-dir data --max-shards 300 --checkpoints-dir /__modal/volumes/vo-JoBoNS1zSnilqDcfeqvH0o/out/c14_nfh/d8/NFH_cp_R32_mlp_s1/depth_8/ckpt_base --model-tag base
2026-09-06 13:59:56,434 - httpx - INFO - HTTP Request: HEAD https://huggingface.co/varunneal/flash-attention-3/resolve/main/kernel-status.toml "HTTP/1.1 404 Not Found"
2026-09-06 13:59:56,586 - httpx - INFO - HTTP Request: GET https://huggingface.co/api/models/varunneal/flash-attention-3/tree/main/build?recursive=false&expand=false "HTTP/1.1 200 OK"
2026-09-06 13:59:56,728 - httpx - INFO - HTTP Request: GET https://huggingface.co/api/models/varunneal/flash-attention-3/revision/main "HTTP/1.1 200 OK"

                                                       █████                █████
                                                      ░░███                ░░███
     ████████    ██████   ████████    ██████   ██████  ░███████    ██████  ███████
    ░░███░░███  ░░░░░███ ░░███░░███  ███░░███ ███░░███ ░███░░███  ░░░░░███░░░███░
     ░███ ░███   ███████  ░███ ░███ ░███ ░███░███ ░░░  ░███ ░███   ███████  ░███
     ░███ ░███  ███░░███  ░███ ░███ ░███ ░███░███  ███ ░███ ░███  ███░░███  ░███ ███
     ████ █████░░████████ ████ █████░░██████ ░░██████  ████ █████░░███████  ░░█████
    ░░░░ ░░░░░  ░░░░░░░░ ░░░░ ░░░░░  ░░░░░░   ░░░░░░  ░░░░ ░░░░░  ░░░░░░░░   ░░░░░
    
Autodetected device type: cuda
2026-09-06 13:59:57,749 - nanochat.common - INFO - Distributed world size: 1
GPU: NVIDIA H200 | Peak FLOPS (BF16): 9.89e+14
COMPUTE_DTYPE: torch.bfloat16 (auto-detected: CUDA SM 90 (bf16 supported))
✓ Using Flash Attention 3 (Hopper GPU detected) — efficient and fast.
Vocab size: 32,768
[SCH] head=nfh V=32768, mode=cp, dims=[32, 32, 32], R=32, views=1, width=3104, g=mlp, perm=file, smooth=0, rank_ceiling=32768 | head params 1,854,496 | head FLOPs/token 11,108,352 | dense equivalent 100,663,296
Model config:
{
  "sequence_len": 2048,
  "vocab_size": 32768,
  "n_layer": 8,
  "n_head": 4,
  "n_kv_head": 4,
  "n_embd": 512,
  "use_moe": false,
  "use_perm": false,
  "moe_num_experts": 8,
  "moe_router_dim": 64,
  "moe_embed_dim": 64,
  "dropout": 0.0,
  "use_remix_linear": false,
  "remix_context_dim": 64,
  "remix_context_dim_ratio": 6,
  "remix_basis_size": 64,
  "remix_output_gate_rank": 16,
  "remixed_linear_kwargs": {
    "use_basis_gate": true,
    "use_output_gate": true,
    "use_context": true,
    "basis_gate_mode": "mlp",
    "sparse_gate_k": 0,
    "gate_temperature": 1.0,
    "basis_scale_factor": 4,
    "n_templates": 1,
    "template_routing_learned": false,
    "template_topk": 0,
    "tiny_expert": false,
    "tiny_expert_topk": 16,
    "lokr_expert": false,
    "lokr_n_experts": 64,
    "lokr_topk": 16,
    "lokr_rank": 4,
    "lokr_learned": false,
    "basis_gate_rank": 8,
    "disable_ln_basis": false,
    "chunk_route_impl": "compose",
    "top1_gate": "ones",
    "template_delta_rank": 0,
    "route_side": "output",
    "drop_basis_proj": false,
    "basis_side_templates": 0,
    "grad_equalize": false,
    "output_gate_rank": 16,
    "operator_modulation": "none",
    "lie_generators": 4,
    "poly_order": 2,
    "grassmann_bank_size": 4
  },
  "use_pos_embed": false,
  "moe_use_abs_pos_embed": false,
  "use_layer_context": true,
  "scale_basis_size": true,
  "remix_use_dual_gate": false,
  "remix_use_fused": false,
  "p26_output_gated_linear": 0,
  "p28_shared_basis": 0,
  "p28_chunk_routing_size": 0,
  "p28_global_template_bank": "none",
  "p28_attn_proj_templates": 0,
  "p28_attn_qk_templates": 0,
  "p29_template_block_diag": 0,
  "p29_template_lr_scale": 1.0,
  "p29_grad_equalize": 0,
  "p34_ffn_mult": 4.0,
  "p34_ffn_single": 0,
  "p34_dense_attn": 0,
  "legacy_init_fallback": 0,
  "p35_template_diversity_lambda": 0.0,
  "p22_route_affine": 0,
  "p34_ffn_schedule": "",
  "p34_ffn_no_ffn_replacement": "none",
  "p34_ffn_last_depth": 1,
  "p36_swiglu_ffn": 0,
  "p36_swiglu_mult": 2.6666666666666665,
  "cond_sites": "both",
  "cond_rank": 256,
  "cond_mult_steps": 0,
  "cond_gate_source": "router",
  "cond_coeff_act": "centered",
  "cond_router_rank": 0,
  "cond_live_init": 0.0,
  "cond_router_act": "none",
  "cond_chunk_size": 0,
  "cond_mult_scale": -1.0,
  "cond_mult_impl": "wy",
  "cond_attn_projs": "qkvo",
  "cond_layer_frac": 1.0,
  "perm_expert_mode": "low_rank",
  "perm_rank": 16,
  "router_context_window": -1,
  "router_causal": true,
  "router_num_heads": 4,
  "router_num_queries": 16,
  "router_n_layers": 2,
  "router_use_vocab_prior": false,
  "window_pattern": "SSSL",
  "cclblock_modulation": "weight",
  "cclblock_orth_lambda": 0.0,
  "cclblock_context_stream": "local",
  "cclblock_ema_factor": 0.99,
  "cclblock_stale_ctx_lag": 0,
  "cclblock_sparse_gate_k": 0,
  "cclblock_gate_temperature": 1.0,
  "cclblock_context_bank_size": 0,
  "cclblock_per_head_ctx": false,
  "cclblock_context_source": "norm_x",
  "cclblock_chunk_size": 0,
  "cclblock_aux_objective": "none",
  "cclblock_aux_lambda": 0.1,
  "cclblock_boundary_token_id": 198,
  "use_ral": false,
  "ral_rank": 32,
  "cclblock_film_gate": false,
  "cclblock_attn_shadow_dim": 0,
  "cclblock_dynamic_ratio": 0.25,
  "cclblock_gate_rank": 8,
  "cclblock_num_regimes": 8,
  "cclblock_regime_temperature": 1.0,
  "cclblock_poly_order": 2,
  "cclblock_lie_generators": 4,
  "cclblock_grassmann_bank_size": 4,
  "cclblock_tucker_rank": 32,
  "cclblock_tucker_modes": 8,
  "cclblock_svs_rank": 64,
  "cclblock_svs_eps": 0.1,
  "cclblock_vq_codes": 8,
  "cclblock_vq_temperature": 1.0,
  "cclblock_dcu_warmup_steps": 0,
  "cclblock_fsi_rotations": 8,
  "cclblock_fsi_selector_dim": 64,
  "cclblock_aesp_strata": 4,
  "cclblock_aesp_delta_rank": 4,
  "cclblock_ckr_branches": 4,
  "cclblock_ckr_kernel_size": 64,
  "cclblock_ckr_pos_channels": 1,
  "cclblock_ckr_dual_optim": 0,
  "cclblock_ckr_content_bias": 0.0,
  "cclblock_giad_rank": 32,
  "cclblock_psg_kernel_size": 64,
  "cclblock_ss_dynamic_ratio": 0.25,
  "cclblock_ss_branches": 2,
  "cclblock_ss_kernel_size": 64,
  "cclblock_lokr_branches": 8,
  "cclblock_lokr_rank": 16,
  "cclblock_ckr_temp_start": 2.0,
  "cclblock_ckr_temp_end": 0.3,
  "cclblock_com_kernel_size": 32,
  "cclblock_ckr_ortho_init": 0,
  "cclblock_ckr_branch_dropout": 0.0,
  "cclblock_ckr_diversity_lambda": 0.0,
  "cclblock_ckr_layer_selective": 0,
  "cclblock_pgr_kernel_size": 64,
  "cclblock_cil_kernel_size": 64,
  "cclblock_prb_kernel_size": 64,
  "p18_layer_drop": 0.0,
  "p18_dynamic_activation": 0,
  "p18_mixture_norm": 0,
  "p18_causal_attn_bias": 0,
  "p18_aux_sim_lambda": 0.0,
  "p18_gradient_penalty": 0.0,
  "p18_per_channel_scale": 0,
  "p19_residual_gate": 0,
  "p19_head_importance": 0,
  "p19_residual_mix_groups": 0,
  "p19_attn_logit_bias": 0,
  "p19_residual_decay": 0,
  "p19_grad_equilibrium": 0.0,
  "p19_spectral_reparam": 0,
  "p19_weight_anticollapse": 0.0,
  "p19_ve_bias": 0,
  "p19_weight_noise": 0.0,
  "p20_hrcs_scale": 0,
  "p20_lswr_scale": 0,
  "p20_lswr_planes": 8,
  "p20_lrcfb_branches": 0,
  "p20_lrcfb_narrow": 0,
  "p20_lrcfb_learned": 0,
  "p20_lrcfb_topk": 0,
  "p20_dgcr_branches": 0,
  "p20_dgcr_aux_weight": 0.01,
  "p20_mone_experts": 0,
  "p20_mone_topk": 0,
  "p20_mone_narrow": 1,
  "p20_mone_frozen": 0,
  "p20_ncea_branches": 0,
  "p20_ncea_eps": 0.1,
  "p20_adwi": 0,
  "p20_pwu_branches": 0,
  "p20_pwu_phase": 1,
  "p20_fsvd_gate": 0,
  "p20_wbfc_clusters": 0,
  "p20_wbfc_active": 0,
  "p21_per_experts": 0,
  "p21_per_topk": 0,
  "p21_per_learned": 0,
  "p21_per_attn": 0,
  "p22_attn_moe_route": "none",
  "p23_tiny_expert": 0,
  "p23_n_experts": 64,
  "p23_topk": 16,
  "p23_learned_route": 0,
  "p23_std_moe_experts": 0,
  "p23_std_moe_topk": -1,
  "p23_std_moe_aux_weight": 0.01,
  "p23_lokr": 0,
  "p23_lokr_rank": 4,
  "p23_use_shared_block_router": 0,
  "p23_linear_moe_experts": 0,
  "p23_linear_moe_topk": 0,
  "p23_quantile_route": 0,
  "remix_shared_context_gates": 0,
  "p24_use_sliced_weight": 0,
  "p24_sliced_weight_reduction_scale": 8,
  "p24_sliced_weight_min_select": 128,
  "p24_sliced_weight_scope": "per_token",
  "p24_sliced_weight_balance_coeff": 0.01,
  "p24_quantile_route": 0,
  "p24_use_folded_mod": 0,
  "p24_folded_mod_reduction_scale": 8,
  "p24_folded_mod_min_dim": 128,
  "p24_folded_mod_scope": "per_layer",
  "p24_folded_mod_gate_act": "tanh_centered",
  "p24_use_sequence_gated_linear": 0,
  "p24_sequence_gated_scope": "per_layer",
  "p24_sequence_gated_act": "tanh_centered",
  "remix_disable_ln_basis": 0,
  "dense_intermediate_ln": 0,
  "use_mol": false,
  "mol_n_blocks": 5,
  "mol_n_shared": 1,
  "mol_topk": 3,
  "mol_thin_dim": 256,
  "mol_head_dim": 64,
  "mol_ffn_mult": 4.0,
  "mol_router_aux": 0.05,
  "mol_routed_attn": "softmax",
  "mol_dispatch": 1,
  "mol_capacity_factor": 1.0,
  "mol_block_lr_scale": 1.0,
  "mol_per_block_ve": 0,
  "use_mst": false,
  "mst_n_subs": 8,
  "mst_sub_dim": 64,
  "mst_head_dim": 0,
  "mst_input_mode": "fixed_slice",
  "mst_rotated_slice_learned": false,
  "mst_routing_mode": "soft_weighted",
  "mst_routing_topk": 4,
  "mst_routing_aux_weight": 0.01,
  "mst_diversity_weight": 0.0,
  "mst_ffn_mode": "standard",
  "mst_transition_mode": "parallel",
  "mst_final_mode": "aggregate_proj",
  "mst_final_topk": -1,
  "mst_ffn_shared_up": 0,
  "mst_ffn_inner_dim": 0,
  "mst_sub_dropout": 0.0,
  "mst_transition_every": 1,
  "mst_ffa_temperature": 1.0,
  "mst_global_residual": 0,
  "mst_hybrid_dense": 0,
  "mst_cross_sub_kv": 0,
  "mst_sub_aux_weight": 0.0,
  "mst_progressive_merge": 0,
  "mst_multi_scale_windows": 0,
  "mst_delta_residual": 0,
  "mst_sub_layers": 1,
  "mst_grad_equalize": 0,
  "mst_block_diagonal_muon": 0,
  "mst_transition_width_mult": 1.0,
  "mst_sub_lr_scale": 1.0,
  "mst_shared_expert": 0,
  "mst_router_entropy_weight": 0.0,
  "mst_shared_kv_attn": 0,
  "mst_contrastive_diversity_weight": 0.0,
  "mst_transition_nonlinear": 0,
  "mst_transition_gated": 0,
  "mst_transition_mlp": 0,
  "mst_cross_sub_gate": 0,
  "mst_hyper_connect": 0,
  "mst_cross_kv_inject": 0,
  "mst_slice_transition": 0,
  "mst_lookback_layers": 0,
  "mst_bilinear_transition": 0,
  "mst_cross_sub_qmod": 0,
  "mst_feature_cycle": 0,
  "mst_mean_transition": 0,
  "mst_sub_head_dim": 0,
  "mst_final_norm": 0,
  "mst_per_stream_ve": 0,
  "mst_ve_map": 0,
  "mst_ve_map_rank": 0,
  "mst_lm_head_dim": 0,
  "mst_compose_windows": 0,
  "mst_channel_mix": "none",
  "mst_channel_mix_site": "layer",
  "mst_distribute_block_muon": 0,
  "mst_trans_spectral_lr": 0,
  "mst_talking_heads": 0,
  "mst_wo_mode": "block",
  "mst_stream_topk": 0,
  "mst_stream_shared": 0,
  "mst_stream_router_aux": 0.01,
  "mst_stream_router_noise": 0.0,
  "mst_stream_dispatch": 0,
  "mst_stream_capacity_factor": 1.0,
  "mst_stream_gate_attn": 0,
  "mst_ffn_monarch": "none",
  "mst_shampoo": 0,
  "mst_precond_every": 10,
  "mst_shampoo_beta": 0.95,
  "use_eet": false,
  "eet_frozen_kv": true,
  "eet_reenter_final": false,
  "eet_router_type": "mlp2",
  "eet_router_hidden": 0,
  "eet_freq_prior_alpha": 0.0,
  "eet_pos_prior_beta": 0.0,
  "eet_domain_prior": false,
  "eet_warmup_frac": 0.02,
  "eet_explore_frac": 0.15,
  "eet_reconstruct_lambda": 1.0,
  "eet_efficiency_lambda_start": 0.01,
  "eet_efficiency_lambda_end": 0.1,
  "eet_translator_rank": 0,
  "eet_max_frozen_kv_frac": 0.75,
  "eet_exit_threshold": 0.5,
  "eet_min_exit_layer": 1,
  "eet_loss_variant": "reconstruct",
  "eet_topk_vocab": 512,
  "eet_entropy_lambda": 0.3,
  "eet_surprise_lambda": 0.1,
  "eet_adv_lambda": 1.0,
  "eet_adv_entropy_lambda": 0.2,
  "eet_quality_lambda": 1.0,
  "eet_quality_entropy_bonus": 0.1,
  "eet_gumbel_temp_start": 0.0,
  "eet_gumbel_temp_end": 0.1,
  "eet_gumbel_hard": true,
  "eet_commitment_beta": 0.1,
  "eet_global_router": false,
  "eet_freq_efficiency_alpha": 0.0,
  "eet_diversity_lambda": 0.0,
  "eet_ce_guided_lambda": 1.0,
  "eet_router_lr_mult": 5.0,
  "eet_model_lr_mult": 1.0,
  "eet_depth_weight_type": "none",
  "eet_depth_weight_max": 2.5,
  "eet_use_override": 0,
  "eet_override_prob_start": 0.5,
  "eet_override_prob_end": 0.1,
  "eet_compute_skip": false,
  "eet_target_active_frac": 0.125,
  "eet_capacity_schedule": "bell",
  "eet_exit_fracs": null,
  "eet_capacity_alignment_lambda": 0.0,
  "eet_router_task_grad": true,
  "eet_reinforce_interval": 0,
  "eet_reinforce_lambda": 0.1,
  "eet_exit_adapter_rank": 0,
  "eet_router_after_block": 0,
  "eet_ffn_skip": false,
  "eet_ffn_target_frac": 0.5,
  "eet_ffn_full_attn": true,
  "eet_depth_affine": false,
  "eet_capacity_anneal_frac": 0.0,
  "eet_learned_schedule": false,
  "eet_departure_summary": false,
  "eet_route_consistency_lambda": 0.0,
  "eet_dense_distill_interval": 0,
  "eet_dense_distill_lambda": 0.5,
  "eet_depth_lr_scale": false,
  "eet_depth_grad_scale": false,
  "eet_detach_aux_from_backbone": false,
  "eet_detach_exit_from_backbone": false,
  "use_code_head": true,
  "sch_head_type": "nfh",
  "sch_bits": 0,
  "sch_order": 2,
  "sch_max_m": 0,
  "sch_phi_mode": "monomial",
  "sch_code_mode": "binary",
  "sch_code_path": "",
  "sch_code_ecc_bits": 0,
  "sch_code_seed": 1234,
  "sch_phi_density": 0.0,
  "sch_phi_dtype": "fp32",
  "sch_phi_normalize": 1,
  "sch_phi_center": 0,
  "sch_g_type": "linear",
  "sch_g_hidden": 0,
  "sch_g_layers": 2,
  "sch_g_out_std": 0.001,
  "sch_mixture": 1,
  "sch_residual_rank": 0,
  "sch_logit_act": "none",
  "sch_bias": 0,
  "sch_input_mode": "table",
  "sch_input_hidden": 0,
  "sch_product_groups": 8,
  "sch_product_codebook": 256,
  "sch_product_source": "hash",
  "sch_product_impl": "dense",
  "sch_phi_whiten": 0,
  "sch_mixture_per_phi": 0,
  "sch_mixture_topk": 0,
  "sch_mixture_aux": 0.01,
  "sch_monarch_m1": 0,
  "sch_monarch_perm": "none",
  "sch_monarch_perm_path": "",
  "sch_tier_bounds": "",
  "sch_tier_caps": "",
  "sch_tier_order": "freq",
  "sch_tier_perm_path": "",
  "sch_proposal_rank": 32,
  "sch_proposal_topk": 16384,
  "sch_proposal_samples": 4096,
  "sch_proposal_warmup": 0,
  "sch_proposal_chunk": 2048,
  "sch_proposal_aux": 1.0,
  "sch_nfh_mode": "cp",
  "sch_nfh_rank": 32,
  "sch_nfh_dims": "32,32,32",
  "sch_nfh_groups": 3,
  "sch_nfh_views": 1,
  "sch_nfh_perm": "file",
  "sch_nfh_perm_path": "perms/nfh_g3_v32768.pt",
  "sch_nfh_g_type": "mlp",
  "sch_nfh_g_hidden": 0,
  "sch_nfh_smooth": 0,
  "sch_nfh_chunk": 256
}
Seeded weight init with --seed 1
Checkpoints directory: /__modal/volumes/vo-JoBoNS1zSnilqDcfeqvH0o/out/c14_nfh/d8/NFH_cp_R32_mlp_s1/depth_8/ckpt_base/base
✓ Wrapping model with DistributedDataParallel (rank 0, find_unused_parameters=False, broadcast_buffers=False)
Parameter counts:
wte                     : 16,777,216
wpe                     : 0
value_embeds            : 67,108,864
lm_head                 : 1,854,496
transformer_matrices    : 25,166,336
research                : 0
scalars                 : 16
total                   : 110,906,928
Estimated FLOPs per token (total):  1.967094e+08
Estimated FLOPs per token (active): 1.967094e+08
Estimated active params:            110,906,928
[SCH] head=nfh V=32768, mode=cp, dims=[32, 32, 32], R=32, views=1, width=3104, g=mlp, perm=file, smooth=0, rank_ceiling=32768 | head params 1,854,496 | head FLOPs/token 11,108,352 | dense equivalent 100,663,296
Scaling LRs by 0.7071 for batch size 262,144 (reference: 524,288)
Scaling weight decay from 0.200000 to 0.133535 for depth 8
Scaling the LR for the AdamW parameters ∝1/√(512/768) = 1.224745
Calculated number of iterations from target data:param ratio: 1,680
Total number of training tokens: 440,401,920
Tokens : Scaling params ratio: 16.30
Total training FLOPs estimate: 8.663119e+16
Total training FLOPs (active):  8.663119e+16
Total active training FLOPs estimate: 8.663119e+16
Using base scheduler: linear warmup/flat/linear warmdown
Tokens / micro-batch / rank: 128 x 2048 = 262,144
Tokens / micro-batch: 262,144
Total batch size 262,144 => gradient accumulation steps: 1
Running pre-compilation warmup (1 dummy forward+backward to init lazy allocations)...
[rank0]:W0906 13:59:58.423000 31031 site-packages/torch/_logging/_internal.py:1199] [0/0] Profiler function <class 'torch.autograd.profiler.record_function'> will be ignored
[rank0]: Traceback (most recent call last):
[rank0]:   File "<frozen runpy>", line 198, in _run_module_as_main
[rank0]:   File "<frozen runpy>", line 88, in _run_code
[rank0]:   File "/__modal/volumes/vo-JoBoNS1zSnilqDcfeqvH0o/scripts/base_train.py", line 2151, in <module>
[rank0]:     _wloss = model(_wx, _wy)
[rank0]:              ^^^^^^^^^^^^^^^
[rank0]:   File "/usr/local/lib/python3.12/site-packages/torch/_dynamo/eval_frame.py", line 414, in __call__
[rank0]:     return super().__call__(*args, **kwargs)
[rank0]:            ^^^^^^^^^^^^^^^^^^^^^^^^^^^^^^^^^
[rank0]:   File "/usr/local/lib/python3.12/site-packages/torch/nn/modules/module.py", line 1775, in _wrapped_call_impl
[rank0]:     return self._call_impl(*args, **kwargs)
[rank0]:            ^^^^^^^^^^^^^^^^^^^^^^^^^^^^^^^^
[rank0]:   File "/usr/local/lib/python3.12/site-packages/torch/nn/modules/module.py", line 1786, in _call_impl
[rank0]:     return forward_call(*args, **kwargs)
[rank0]:            ^^^^^^^^^^^^^^^^^^^^^^^^^^^^^
[rank0]:   File "/usr/local/lib/python3.12/site-packages/torch/_dynamo/eval_frame.py", line 832, in compile_wrapper
[rank0]:     return fn(*args, **kwargs)
[rank0]:            ^^^^^^^^^^^^^^^^^^^
[rank0]:   File "/usr/local/lib/python3.12/site-packages/torch/_dynamo/external_utils.py", line 68, in inner
[rank0]:     return fn(*args, **kwargs)
[rank0]:            ^^^^^^^^^^^^^^^^^^^
[rank0]:   File "/usr/local/lib/python3.12/site-packages/torch/nn/modules/module.py", line 1775, in _wrapped_call_impl
[rank0]:     return self._call_impl(*args, **kwargs)
[rank0]:            ^^^^^^^^^^^^^^^^^^^^^^^^^^^^^^^^
[rank0]:   File "/usr/local/lib/python3.12/site-packages/torch/nn/modules/module.py", line 1786, in _call_impl
[rank0]:     return forward_call(*args, **kwargs)
[rank0]:            ^^^^^^^^^^^^^^^^^^^^^^^^^^^^^
[rank0]:   File "/usr/local/lib/python3.12/site-packages/torch/nn/parallel/distributed.py", line 1661, in forward
[rank0]:     else self._run_ddp_forward(*inputs, **kwargs)
[rank0]:          ^^^^^^^^^^^^^^^^^^^^^^^^^^^^^^^^^^^^^^^^
[rank0]:   File "/usr/local/lib/python3.12/site-packages/torch/nn/parallel/distributed.py", line 1487, in _run_ddp_forward
[rank0]:     return self.module(*inputs, **kwargs)  # type: ignore[index]
[rank0]:            ^^^^^^^^^^^^^^^^^^^^^^^^^^^^^^
[rank0]:   File "/usr/local/lib/python3.12/site-packages/torch/nn/modules/module.py", line 1775, in _wrapped_call_impl
[rank0]:     return self._call_impl(*args, **kwargs)
[rank0]:            ^^^^^^^^^^^^^^^^^^^^^^^^^^^^^^^^
[rank0]:   File "/usr/local/lib/python3.12/site-packages/torch/nn/modules/module.py", line 1786, in _call_impl
[rank0]:     return forward_call(*args, **kwargs)
[rank0]:            ^^^^^^^^^^^^^^^^^^^^^^^^^^^^^
[rank0]:   File "/__modal/volumes/vo-JoBoNS1zSnilqDcfeqvH0o/nanochat/gpt.py", line 11276, in forward
[rank0]:     def forward(self, idx, targets=None, kv_cache=None, loss_reduction='mean'):
[rank0]:   File "/usr/local/lib/python3.12/site-packages/torch/_dynamo/eval_frame.py", line 1044, in _fn
[rank0]:     return fn(*args, **kwargs)
[rank0]:            ^^^^^^^^^^^^^^^^^^^
[rank0]:   File "/usr/local/lib/python3.12/site-packages/torch/_functorch/aot_autograd.py", line 1130, in forward
[rank0]:     return compiled_fn(full_args)
[rank0]:            ^^^^^^^^^^^^^^^^^^^^^^
[rank0]:   File "/usr/local/lib/python3.12/site-packages/torch/_functorch/_aot_autograd/runtime_wrappers.py", line 339, in runtime_wrapper
[rank0]:     all_outs = call_func_at_runtime_with_args(
[rank0]:                ^^^^^^^^^^^^^^^^^^^^^^^^^^^^^^^
[rank0]:   File "/usr/local/lib/python3.12/site-packages/torch/_functorch/_aot_autograd/utils.py", line 129, in call_func_at_runtime_with_args
[rank0]:     out = normalize_as_list(f(args))
[rank0]:                             ^^^^^^^
[rank0]:   File "/usr/local/lib/python3.12/site-packages/torch/_functorch/_aot_autograd/utils.py", line 103, in g
[rank0]:     return f(*args)
[rank0]:            ^^^^^^^^
[rank0]:   File "/usr/local/lib/python3.12/site-packages/torch/autograd/function.py", line 581, in apply
[rank0]:     return super().apply(*args, **kwargs)  # type: ignore[misc]
[rank0]:            ^^^^^^^^^^^^^^^^^^^^^^^^^^^^^^
[rank0]:   File "/usr/local/lib/python3.12/site-packages/torch/_functorch/_aot_autograd/runtime_wrappers.py", line 2118, in forward
[rank0]:     fw_outs = call_func_at_runtime_with_args(
[rank0]:               ^^^^^^^^^^^^^^^^^^^^^^^^^^^^^^^
[rank0]:   File "/usr/local/lib/python3.12/site-packages/torch/_functorch/_aot_autograd/utils.py", line 129, in call_func_at_runtime_with_args
[rank0]:     out = normalize_as_list(f(args))
[rank0]:                             ^^^^^^^
[rank0]:   File "/usr/local/lib/python3.12/site-packages/torch/_functorch/_aot_autograd/runtime_wrappers.py", line 526, in wrapper
[rank0]:     return compiled_fn(runtime_args)
[rank0]:            ^^^^^^^^^^^^^^^^^^^^^^^^^
[rank0]:   File "/usr/local/lib/python3.12/site-packages/torch/_functorch/_aot_autograd/runtime_wrappers.py", line 724, in inner_fn
[rank0]:     outs = compiled_fn(args)
[rank0]:            ^^^^^^^^^^^^^^^^^
[rank0]:   File "/usr/local/lib/python3.12/site-packages/torch/_inductor/output_code.py", line 613, in __call__
[rank0]:     return self.current_callable(inputs)
[rank0]:            ^^^^^^^^^^^^^^^^^^^^^^^^^^^^^
[rank0]:   File "/usr/local/lib/python3.12/site-packages/torch/_inductor/utils.py", line 3017, in run
[rank0]:     out = model(new_inputs)
[rank0]:           ^^^^^^^^^^^^^^^^^
[rank0]:   File "/tmp/torchinductor_root/nh/cnhcju4nhtqetkxe5wm2cfbw5bbv2cbglhxu3xz4ggmdn7yv4kua.py", line 3267, in call
[rank0]:     extern_kernels.mm(reinterpret_tensor(buf300, (262144, 512), (512, 1), 0), reinterpret_tensor(primals_64, (512, 512), (1, 512), 0), out=buf302)
[rank0]: RuntimeError: expected mat1 and mat2 to have the same dtype, but got: c10::BFloat16 != float
[rank0]:[W906 14:00:24.319723210 ProcessGroupNCCL.cpp:1524] Warning: WARNING: destroy_process_group() was not called before program exit, which can leak resources. For more info, please see https://pytorch.org/docs/stable/distributed.html#shutdown (function operator())
E0906 14:00:26.448000 31026 site-packages/torch/distributed/elastic/multiprocessing/api.py:882] failed (exitcode: 1) local_rank: 0 (pid: 31031) of binary: /usr/local/bin/python
Traceback (most recent call last):
  File "/usr/local/bin/torchrun", line 10, in <module>
    sys.exit(main())
             ^^^^^^
  File "/usr/local/lib/python3.12/site-packages/torch/distributed/elastic/multiprocessing/errors/__init__.py", line 357, in wrapper
    return f(*args, **kwargs)
           ^^^^^^^^^^^^^^^^^^
  File "/usr/local/lib/python3.12/site-packages/torch/distributed/run.py", line 936, in main
    run(args)
  File "/usr/local/lib/python3.12/site-packages/torch/distributed/run.py", line 927, in run
    elastic_launch(
  File "/usr/local/lib/python3.12/site-packages/torch/distributed/launcher/api.py", line 156, in __call__
    return launch_agent(self._config, self._entrypoint, list(args))
           ^^^^^^^^^^^^^^^^^^^^^^^^^^^^^^^^^^^^^^^^^^^^^^^^^^^^^^^^
  File "/usr/local/lib/python3.12/site-packages/torch/distributed/launcher/api.py", line 293, in launch_agent
    raise ChildFailedError(
torch.distributed.elastic.multiprocessing.errors.ChildFailedError: 
============================================================
scripts.base_train FAILED
------------------------------------------------------------
Failures:
  <NO_OTHER_FAILURES>
------------------------------------------------------------
Root Cause (first observed failure):
[0]:
  time      : 2026-09-06_14:00:26
  host      : localhost
  rank      : 0 (local_rank: 0)
  exitcode  : 1 (pid: 31031)
  error_file: <N/A>
  traceback : To enable traceback see: https://pytorch.org/docs/stable/elastic/errors.html
============================================================
Error training base. Marking as failed and continuing to next model.

--- Generating Report ---
No successful runs to plot.

[ERROR] The following models FAILED: ['base']
FAIL  NFH_cp_R32_mlp_s1 (will retry on the next invocation)

--- NFH_cp_R32_smooth_mlp_s1  (depth 8, V=32768, device-batch 128) ---
Requested NPROC_PER_NODE=8, but only 1 GPU(s) visible. Capping.
Using NPROC_PER_NODE=1
NANOCHAT_SKIP_ENV_SETUP=0
===== GPU Info =====
Sun Sep  6 14:00:27 2026       
+-----------------------------------------------------------------------------------------+
| NVIDIA-SMI 580.95.05              Driver Version: 580.95.05      CUDA Version: 13.0     |
+-----------------------------------------+------------------------+----------------------+
| GPU  Name                 Persistence-M | Bus-Id          Disp.A | Volatile Uncorr. ECC |
| Fan  Temp   Perf          Pwr:Usage/Cap |           Memory-Usage | GPU-Util  Compute M. |
|                                         |                        |               MIG M. |
|=========================================+========================+======================|
|   0  NVIDIA H200                    On  |   00000000:96:00.0 Off |                    0 |
| N/A   32C    P0            123W /  700W |       4MiB / 143771MiB |      0%      Default |
|                                         |                        |             Disabled |
+-----------------------------------------+------------------------+----------------------+

+-----------------------------------------------------------------------------------------+
| Processes:                                                                              |
|  GPU   GI   CI              PID   Type   Process name                        GPU Memory |
|        ID   ID                                                               Usage      |
|=========================================================================================|
|  No running processes found                                                             |
+-----------------------------------------------------------------------------------------+
Starting Research Sweep. Output directory: out/c14_nfh/d8/NFH_cp_R32_smooth_mlp_s1
UV_SYSTEM_PYTHON=1: using system Python, skipping venv creation.
Validating system environment dependencies via uv...
Using Python 3.12.10 environment at: /usr/local
Resolved 159 packages in 112ms
   Building nanochat @ file:///__modal/volumes/vo-JoBoNS1zSnilqDcfeqvH0o
      Built nanochat @ file:///__modal/volumes/vo-JoBoNS1zSnilqDcfeqvH0o
Prepared 1 package in 1.23s
Uninstalled 1 package in 0.54ms
Installed 1 package in 1ms
 ~ nanochat==0.1.0 (from file:///__modal/volumes/vo-JoBoNS1zSnilqDcfeqvH0o)
Reset report and wrote header to out/report/header.md
Dataset (up to 300 shards) already exists in data, skipping download.
Tokenizer already exists in tokenizer, skipping training.
================================================================
Processing Depth: 8
================================================================
2026-09-06 14:00:39,120 - httpx - INFO - HTTP Request: HEAD https://huggingface.co/varunneal/flash-attention-3/resolve/main/kernel-status.toml "HTTP/1.1 404 Not Found"
2026-09-06 14:00:39,309 - httpx - INFO - HTTP Request: GET https://huggingface.co/api/models/varunneal/flash-attention-3/tree/main/build?recursive=false&expand=false "HTTP/1.1 200 OK"
2026-09-06 14:00:39,467 - httpx - INFO - HTTP Request: GET https://huggingface.co/api/models/varunneal/flash-attention-3/revision/main "HTTP/1.1 200 OK"
[sweep] Requested 8 DDP workers but only 1 GPU(s) available — using 1.
================================================================
Starting Sweep for Depth 8
Target Tokens: 440,401,920
================================================================
  Overriding default target_dim (128) with full model_dim 512

--- Training base ---

  ┌─────────────────────────────────────────────────────┐
  │  🆕  STARTING FRESH: [base]
  │     No checkpoints found — training from scratch.
  └─────────────────────────────────────────────────────┘

Running: /usr/local/bin/torchrun --standalone --nproc_per_node=1 -m scripts.base_train --depth 8 --aspect-ratio 64 --head-dim 128 --model-dim 512 --max-seq-len 2048 --device-batch-size 128 --total-batch-size 262144 --target-tokens 440401920 --eval-every -1 --log-every 200 --core-metric-every 0 --save-every 200 --warmup-ratio 0.005 --warmdown-ratio 0.65 --final-lr-frac 0.05 --adam-beta2 0.99 --research-warmup-ratio 0.05 --use-onecycle 0 --router-context-window -1 --remix-use-basis-gate 1 --remix-use-output-gate 1 --remix-use-context 1 --remix-basis-gate-mode mlp --remix-gate-lr-scale 0.3 --p22-n-templates 1 --p22-template-routing-learned 0 --p22-template-topk 0 --p22-attn-moe-route none --p26-output-gated-linear 0 --p28-shared-basis 0 --p28-chunk-routing-size 0 --p28-global-template-bank none --p28-attn-proj-templates 0 --p28-attn-qk-templates 0 --p31-chunk-route-impl compose --p31-top1-gate ones --p31-template-delta-rank 0 --p31-route-side output --p31-drop-basis-proj 0 --p31-basis-side-templates 0 --remix-template-block-diag 0 --remix-template-lr-scale 1.0 --p29-grad-equalize 0 --target-active-params 0 --compile-regional 0 --timing-probe-steps 0 --compile-mode default --remix-basis-gate-rank 8 --cclblock-modulation weight --cclblock-orth-lambda 0.0 --p35-template-diversity-lambda 0.0 --cclblock-context-stream local --cclblock-ema-factor 0.99 --cclblock-stale-ctx-lag 0 --cclblock-sparse-gate-k 0 --cclblock-gate-temperature 1.0 --cclblock-context-bank-size 0 --cclblock-per-head-ctx 0 --cclblock-context-source norm_x --cclblock-chunk-size 0 --cclblock-aux-objective none --cclblock-aux-lambda 0.1 --cclblock-boundary-token-id 198 --use-ral 0 --ral-rank 32 --p34-ffn-schedule  --p34-ffn-no-ffn-replacement none --p34-ffn-last-depth 1 --p36-swiglu-ffn 0 --p36-swiglu-mult 2.6666666666666665 --cond-sites both --p22-route-affine 0 --cond-rank 256 --cond-mult-steps 0 --cond-gate-source router --cond-coeff-act centered --cond-router-rank 0 --cond-router-act none --cond-live-init 0.0 --cond-chunk-size 0 --cond-mult-scale -1.0 --cond-mult-impl wy --cond-attn-projs qkvo --cond-layer-frac 1.0 --cclblock-film-gate 0 --cclblock-attn-shadow-dim 0 --cclblock-dynamic-ratio 0.25 --cclblock-gate-rank 8 --cclblock-num-regimes 8 --cclblock-regime-temperature 1.0 --cclblock-poly-order 2 --cclblock-lie-generators 4 --cclblock-grassmann-bank-size 4 --cclblock-tucker-rank 32 --cclblock-tucker-modes 8 --cclblock-svs-rank 64 --cclblock-svs-eps 0.1 --cclblock-vq-codes 8 --cclblock-vq-temperature 1.0 --cclblock-dcu-warmup-steps 0 --cclblock-fsi-rotations 8 --cclblock-fsi-selector-dim 64 --cclblock-aesp-strata 4 --cclblock-aesp-delta-rank 4 --cclblock-ckr-branches 4 --cclblock-ckr-kernel-size 64 --cclblock-ckr-pos-channels 1 --cclblock-ckr-dual-optim 0 --cclblock-ckr-content-bias 0.0 --cclblock-giad-rank 32 --cclblock-psg-kernel-size 64 --cclblock-ss-dynamic-ratio 0.25 --cclblock-ss-branches 2 --cclblock-ss-kernel-size 64 --cclblock-lokr-branches 8 --cclblock-lokr-rank 16 --cclblock-ckr-temp-start 2.0 --cclblock-ckr-temp-end 0.3 --cclblock-com-kernel-size 32 --cclblock-ckr-ortho-init 0 --cclblock-ckr-branch-dropout 0.0 --cclblock-ckr-diversity-lambda 0.0 --cclblock-pgr-kernel-size 64 --cclblock-cil-kernel-size 64 --cclblock-prb-kernel-size 64 --p18-layer-drop 0.0 --p18-dynamic-activation 0 --p18-mixture-norm 0 --p18-aux-sim-lambda 0.0 --p18-gradient-penalty 0.0 --p18-per-channel-scale 0 --p19-residual-gate 0 --p19-head-importance 0 --p19-residual-mix-groups 0 --p19-attn-logit-bias 0 --p19-residual-decay 0 --p19-grad-equilibrium 0.0 --p19-spectral-reparam 0 --p19-weight-anticollapse 0.0 --p19-ve-bias 0 --p19-weight-noise 0.0 --p20-hrcs-scale 0 --p20-lswr-scale 0 --p20-lswr-planes 8 --p20-lrcfb-branches 0 --p20-lrcfb-narrow 0 --p20-lrcfb-learned 0 --p20-lrcfb-topk 0 --p20-dgcr-branches 0 --p20-dgcr-aux-weight 0.01 --p20-mone-experts 0 --p20-mone-topk 0 --p20-mone-narrow 1 --p20-mone-frozen 0 --p20-ncea-branches 0 --p20-ncea-eps 0.1 --p20-adwi 0 --p20-pwu-branches 0 --p20-pwu-phase 1 --p20-fsvd-gate 0 --p20-wbfc-clusters 0 --p20-wbfc-active 0 --p21-per-experts 0 --p21-per-topk 0 --p21-per-learned 0 --p21-per-attn 0 --p23-tiny-expert 0 --p23-n-experts 64 --p23-topk 16 --p23-learned-route 0 --p23-std-moe-experts 0 --p23-std-moe-topk -1 --p23-std-moe-aux-weight 0.01 --p23-lokr 0 --p23-lokr-rank 4 --p23-use-shared-block-router 0 --p23-linear-moe-experts 0 --p23-linear-moe-topk 0 --p23-quantile-route 0 --seed 1 --p34-ffn-mult 4.0 --p34-ffn-single 0 --p34-dense-attn 0 --p24-use-sliced-weight 0 --p24-sliced-weight-reduction-scale 8 --p24-sliced-weight-min-select 128 --p24-sliced-weight-scope per_token --p24-sliced-weight-balance-coeff 0.01 --p24-quantile-route 0 --p24-use-folded-mod 0 --p24-folded-mod-reduction-scale 8 --p24-folded-mod-scope per_layer --p24-folded-mod-gate-act tanh_centered --p24-use-sequence-gated-linear 0 --p24-sequence-gated-scope per_layer --p24-sequence-gated-act tanh_centered --p24-folded-mod-min-dim 128 --remix-shared-context-gates 0 --remix-use-dual-gate 0 --remix-basis-scale-factor 4 --remix-output-gate-rank 16 --p24-use-sliced-weight 0 --p24-sliced-weight-reduction-scale 8 --p24-sliced-weight-min-select 128 --p24-sliced-weight-scope per_token --p24-sliced-weight-balance-coeff 0.01 --p24-quantile-route 0 --p24-use-folded-mod 0 --p24-folded-mod-reduction-scale 8 --p24-folded-mod-scope per_layer --p24-folded-mod-gate-act tanh_centered --p24-use-sequence-gated-linear 0 --p24-sequence-gated-scope per_layer --p24-sequence-gated-act tanh_centered --remix-disable-ln-basis 0 --dense-intermediate-ln 0 --use-mol 0 --mol-n-blocks 5 --mol-n-shared 1 --mol-topk 3 --mol-thin-dim 256 --mol-head-dim 64 --mol-ffn-mult 4.0 --mol-router-aux 0.05 --mol-routed-attn softmax --mol-dispatch 1 --mol-capacity-factor 1.0 --mol-block-lr-scale 1.0 --mol-per-block-ve 0 --use-mst 0 --mst-n-subs 8 --mst-sub-dim 64 --mst-head-dim 0 --mst-input-mode fixed_slice --mst-rotated-slice-learned 0 --mst-routing-mode soft_weighted --mst-routing-topk 4 --mst-routing-aux-weight 0.01 --mst-diversity-weight 0.0 --mst-ffn-mode standard --mst-transition-mode parallel --mst-final-mode aggregate_proj --mst-final-topk -1 --mst-ffn-shared-up 0 --mst-ffn-inner-dim 0 --mst-sub-dropout 0.0 --mst-transition-every 1 --mst-ffa-temperature 1.0 --mst-global-residual 0 --mst-hybrid-dense 0 --mst-cross-sub-kv 0 --mst-sub-aux-weight 0.0 --mst-progressive-merge 0 --mst-multi-scale-windows 0 --mst-delta-residual 0 --mst-sub-layers 1 --mst-grad-equalize 0 --mst-block-diagonal-muon 0 --mst-transition-width-mult 1.0 --mst-sub-lr-scale 1.0 --mst-shared-expert 0 --mst-router-entropy-weight 0.0 --mst-shared-kv-attn 0 --mst-contrastive-diversity-weight 0.0 --mst-transition-nonlinear 0 --mst-transition-gated 0 --mst-transition-mlp 0 --mst-cross-sub-gate 0 --mst-hyper-connect 0 --mst-cross-kv-inject 0 --mst-slice-transition 0 --mst-lookback-layers 0 --mst-bilinear-transition 0 --mst-cross-sub-qmod 0 --mst-feature-cycle 0 --mst-mean-transition 0 --mst-sub-head-dim 0 --mst-final-norm 0 --mst-per-stream-ve 0 --mst-ve-map 0 --mst-ve-map-rank 0 --mst-lm-head-dim 0 --mst-compose-windows 0 --mst-channel-mix none --mst-channel-mix-site layer --mst-distribute-block-muon 0 --mst-trans-spectral-lr 0 --mst-talking-heads 0 --mst-wo-mode block --mst-stream-topk 0 --mst-stream-shared 0 --mst-stream-router-aux 0.01 --mst-stream-router-noise 0.0 --mst-stream-dispatch 0 --mst-stream-capacity-factor 1.0 --mst-stream-gate-attn 0 --mst-ffn-monarch none --mst-shampoo 0 --mst-precond-every 10 --mst-shampoo-beta 0.95 --use-eet 0 --eet-frozen-kv 1 --eet-reenter-final 0 --eet-compute-skip 0 --eet-target-active-frac 0.125 --eet-capacity-schedule bell --eet-exit-fracs  --eet-router-type mlp2 --eet-router-hidden 0 --eet-freq-prior-alpha 0.0 --eet-pos-prior-beta 0.0 --eet-domain-prior 0 --eet-warmup-frac 0.02 --eet-explore-frac 0.15 --eet-reconstruct-lambda 1.0 --eet-efficiency-lambda-start 0.01 --eet-efficiency-lambda-end 0.1 --eet-translator-rank 0 --eet-max-frozen-kv-frac 0.75 --eet-exit-threshold 0.5 --eet-min-exit-layer 1 --eet-loss-variant reconstruct --eet-topk-vocab 512 --eet-entropy-lambda 0.3 --eet-surprise-lambda 0.1 --eet-adv-lambda 1.0 --eet-adv-entropy-lambda 0.2 --eet-quality-lambda 1.0 --eet-quality-entropy-bonus 0.1 --eet-gumbel-temp-start 0.0 --eet-gumbel-temp-end 0.1 --eet-gumbel-hard 1 --eet-commitment-beta 0.1 --eet-global-router 0 --eet-freq-efficiency-alpha 0.0 --eet-diversity-lambda 0.0 --eet-ce-guided-lambda 1.0 --eet-router-lr-mult 5.0 --eet-model-lr-mult 1.0 --eet-depth-weight-type none --eet-depth-weight-max 2.5 --eet-use-override 0 --eet-override-prob-start 0.5 --eet-override-prob-end 0.1 --eet-capacity-alignment-lambda 0.0 --eet-router-task-grad 1 --eet-reinforce-interval 0 --eet-reinforce-lambda 0.1 --eet-exit-adapter-rank 0 --eet-router-after-block 0 --eet-ffn-skip 0 --eet-ffn-target-frac 0.5 --eet-ffn-full-attn 1 --eet-depth-affine 0 --eet-capacity-anneal-frac 0.0 --eet-learned-schedule 0 --eet-departure-summary 0 --eet-route-consistency-lambda 0.0 --eet-dense-distill-interval 0 --eet-dense-distill-lambda 0.5 --eet-depth-lr-scale 0 --eet-depth-grad-scale 0 --eet-detach-aux-from-backbone 0 --eet-detach-exit-from-backbone 0 --use-code-head 1 --sch-head-type nfh --sch-bits 0 --sch-order 2 --sch-max-m 0 --sch-phi-mode monomial --sch-code-mode binary --sch-code-path  --sch-code-ecc-bits 0 --sch-code-seed 1234 --sch-phi-density 0.0 --sch-phi-dtype fp32 --sch-phi-normalize 1 --sch-phi-center 0 --sch-g-type linear --sch-g-hidden 0 --sch-g-layers 2 --sch-g-out-std 0.001 --sch-mixture 1 --sch-residual-rank 0 --sch-logit-act none --sch-bias 0 --sch-input-mode table --sch-input-hidden 0 --sch-product-groups 8 --sch-product-codebook 256 --sch-product-source hash --sch-product-impl dense --sch-phi-whiten 0 --sch-mixture-per-phi 0 --sch-mixture-topk 0 --sch-mixture-aux 0.01 --sch-monarch-m1 0 --sch-monarch-perm none --sch-monarch-perm-path  --sch-tier-bounds  --sch-tier-caps  --sch-tier-order freq --sch-tier-perm-path  --sch-proposal-rank 32 --sch-proposal-topk 16384 --sch-proposal-samples 4096 --sch-proposal-warmup 0 --sch-proposal-chunk 2048 --sch-proposal-aux 1.0 --sch-nfh-mode cp --sch-nfh-rank 32 --sch-nfh-dims 32,32,32 --sch-nfh-groups 3 --sch-nfh-views 1 --sch-nfh-perm file --sch-nfh-perm-path perms/nfh_g3_v32768.pt --sch-nfh-g-type mlp --sch-nfh-g-hidden 0 --sch-nfh-chunk 256 --sch-nfh-smooth 1 --sch-holdout-tokens 0 --sch-holdout-seed 7 --sch-holdout-min-id 256 --sch-holdout-mode target --sch-decile-metrics 1 --sch-rank-probe 16384 --sch-eval-steps 100 --compile --tokenizer-dir tokenizer --data-dir data --max-shards 300 --checkpoints-dir /__modal/volumes/vo-JoBoNS1zSnilqDcfeqvH0o/out/c14_nfh/d8/NFH_cp_R32_smooth_mlp_s1/depth_8/ckpt_base --model-tag base
2026-09-06 14:00:46,988 - httpx - INFO - HTTP Request: HEAD https://huggingface.co/varunneal/flash-attention-3/resolve/main/kernel-status.toml "HTTP/1.1 404 Not Found"
2026-09-06 14:00:47,126 - httpx - INFO - HTTP Request: GET https://huggingface.co/api/models/varunneal/flash-attention-3/tree/main/build?recursive=false&expand=false "HTTP/1.1 200 OK"
2026-09-06 14:00:47,253 - httpx - INFO - HTTP Request: GET https://huggingface.co/api/models/varunneal/flash-attention-3/revision/main "HTTP/1.1 200 OK"

                                                       █████                █████
                                                      ░░███                ░░███
     ████████    ██████   ████████    ██████   ██████  ░███████    ██████  ███████
    ░░███░░███  ░░░░░███ ░░███░░███  ███░░███ ███░░███ ░███░░███  ░░░░░███░░░███░
     ░███ ░███   ███████  ░███ ░███ ░███ ░███░███ ░░░  ░███ ░███   ███████  ░███
     ░███ ░███  ███░░███  ░███ ░███ ░███ ░███░███  ███ ░███ ░███  ███░░███  ░███ ███
     ████ █████░░████████ ████ █████░░██████ ░░██████  ████ █████░░███████  ░░█████
    ░░░░ ░░░░░  ░░░░░░░░ ░░░░ ░░░░░  ░░░░░░   ░░░░░░  ░░░░ ░░░░░  ░░░░░░░░   ░░░░░
    
Autodetected device type: cuda
2026-09-06 14:00:48,332 - nanochat.common - INFO - Distributed world size: 1
GPU: NVIDIA H200 | Peak FLOPS (BF16): 9.89e+14
COMPUTE_DTYPE: torch.bfloat16 (auto-detected: CUDA SM 90 (bf16 supported))
✓ Using Flash Attention 3 (Hopper GPU detected) — efficient and fast.
Vocab size: 32,768
[SCH] head=nfh V=32768, mode=cp, dims=[32, 32, 32], R=32, views=1, width=3104, g=mlp, perm=file, smooth=1, rank_ceiling=32768 | head params 1,887,777 | head FLOPs/token 11,111,426 | dense equivalent 100,663,296
Model config:
{
  "sequence_len": 2048,
  "vocab_size": 32768,
  "n_layer": 8,
  "n_head": 4,
  "n_kv_head": 4,
  "n_embd": 512,
  "use_moe": false,
  "use_perm": false,
  "moe_num_experts": 8,
  "moe_router_dim": 64,
  "moe_embed_dim": 64,
  "dropout": 0.0,
  "use_remix_linear": false,
  "remix_context_dim": 64,
  "remix_context_dim_ratio": 6,
  "remix_basis_size": 64,
  "remix_output_gate_rank": 16,
  "remixed_linear_kwargs": {
    "use_basis_gate": true,
    "use_output_gate": true,
    "use_context": true,
    "basis_gate_mode": "mlp",
    "sparse_gate_k": 0,
    "gate_temperature": 1.0,
    "basis_scale_factor": 4,
    "n_templates": 1,
    "template_routing_learned": false,
    "template_topk": 0,
    "tiny_expert": false,
    "tiny_expert_topk": 16,
    "lokr_expert": false,
    "lokr_n_experts": 64,
    "lokr_topk": 16,
    "lokr_rank": 4,
    "lokr_learned": false,
    "basis_gate_rank": 8,
    "disable_ln_basis": false,
    "chunk_route_impl": "compose",
    "top1_gate": "ones",
    "template_delta_rank": 0,
    "route_side": "output",
    "drop_basis_proj": false,
    "basis_side_templates": 0,
    "grad_equalize": false,
    "output_gate_rank": 16,
    "operator_modulation": "none",
    "lie_generators": 4,
    "poly_order": 2,
    "grassmann_bank_size": 4
  },
  "use_pos_embed": false,
  "moe_use_abs_pos_embed": false,
  "use_layer_context": true,
  "scale_basis_size": true,
  "remix_use_dual_gate": false,
  "remix_use_fused": false,
  "p26_output_gated_linear": 0,
  "p28_shared_basis": 0,
  "p28_chunk_routing_size": 0,
  "p28_global_template_bank": "none",
  "p28_attn_proj_templates": 0,
  "p28_attn_qk_templates": 0,
  "p29_template_block_diag": 0,
  "p29_template_lr_scale": 1.0,
  "p29_grad_equalize": 0,
  "p34_ffn_mult": 4.0,
  "p34_ffn_single": 0,
  "p34_dense_attn": 0,
  "legacy_init_fallback": 0,
  "p35_template_diversity_lambda": 0.0,
  "p22_route_affine": 0,
  "p34_ffn_schedule": "",
  "p34_ffn_no_ffn_replacement": "none",
  "p34_ffn_last_depth": 1,
  "p36_swiglu_ffn": 0,
  "p36_swiglu_mult": 2.6666666666666665,
  "cond_sites": "both",
  "cond_rank": 256,
  "cond_mult_steps": 0,
  "cond_gate_source": "router",
  "cond_coeff_act": "centered",
  "cond_router_rank": 0,
  "cond_live_init": 0.0,
  "cond_router_act": "none",
  "cond_chunk_size": 0,
  "cond_mult_scale": -1.0,
  "cond_mult_impl": "wy",
  "cond_attn_projs": "qkvo",
  "cond_layer_frac": 1.0,
  "perm_expert_mode": "low_rank",
  "perm_rank": 16,
  "router_context_window": -1,
  "router_causal": true,
  "router_num_heads": 4,
  "router_num_queries": 16,
  "router_n_layers": 2,
  "router_use_vocab_prior": false,
  "window_pattern": "SSSL",
  "cclblock_modulation": "weight",
  "cclblock_orth_lambda": 0.0,
  "cclblock_context_stream": "local",
  "cclblock_ema_factor": 0.99,
  "cclblock_stale_ctx_lag": 0,
  "cclblock_sparse_gate_k": 0,
  "cclblock_gate_temperature": 1.0,
  "cclblock_context_bank_size": 0,
  "cclblock_per_head_ctx": false,
  "cclblock_context_source": "norm_x",
  "cclblock_chunk_size": 0,
  "cclblock_aux_objective": "none",
  "cclblock_aux_lambda": 0.1,
  "cclblock_boundary_token_id": 198,
  "use_ral": false,
  "ral_rank": 32,
  "cclblock_film_gate": false,
  "cclblock_attn_shadow_dim": 0,
  "cclblock_dynamic_ratio": 0.25,
  "cclblock_gate_rank": 8,
  "cclblock_num_regimes": 8,
  "cclblock_regime_temperature": 1.0,
  "cclblock_poly_order": 2,
  "cclblock_lie_generators": 4,
  "cclblock_grassmann_bank_size": 4,
  "cclblock_tucker_rank": 32,
  "cclblock_tucker_modes": 8,
  "cclblock_svs_rank": 64,
  "cclblock_svs_eps": 0.1,
  "cclblock_vq_codes": 8,
  "cclblock_vq_temperature": 1.0,
  "cclblock_dcu_warmup_steps": 0,
  "cclblock_fsi_rotations": 8,
  "cclblock_fsi_selector_dim": 64,
  "cclblock_aesp_strata": 4,
  "cclblock_aesp_delta_rank": 4,
  "cclblock_ckr_branches": 4,
  "cclblock_ckr_kernel_size": 64,
  "cclblock_ckr_pos_channels": 1,
  "cclblock_ckr_dual_optim": 0,
  "cclblock_ckr_content_bias": 0.0,
  "cclblock_giad_rank": 32,
  "cclblock_psg_kernel_size": 64,
  "cclblock_ss_dynamic_ratio": 0.25,
  "cclblock_ss_branches": 2,
  "cclblock_ss_kernel_size": 64,
  "cclblock_lokr_branches": 8,
  "cclblock_lokr_rank": 16,
  "cclblock_ckr_temp_start": 2.0,
  "cclblock_ckr_temp_end": 0.3,
  "cclblock_com_kernel_size": 32,
  "cclblock_ckr_ortho_init": 0,
  "cclblock_ckr_branch_dropout": 0.0,
  "cclblock_ckr_diversity_lambda": 0.0,
  "cclblock_ckr_layer_selective": 0,
  "cclblock_pgr_kernel_size": 64,
  "cclblock_cil_kernel_size": 64,
  "cclblock_prb_kernel_size": 64,
  "p18_layer_drop": 0.0,
  "p18_dynamic_activation": 0,
  "p18_mixture_norm": 0,
  "p18_causal_attn_bias": 0,
  "p18_aux_sim_lambda": 0.0,
  "p18_gradient_penalty": 0.0,
  "p18_per_channel_scale": 0,
  "p19_residual_gate": 0,
  "p19_head_importance": 0,
  "p19_residual_mix_groups": 0,
  "p19_attn_logit_bias": 0,
  "p19_residual_decay": 0,
  "p19_grad_equilibrium": 0.0,
  "p19_spectral_reparam": 0,
  "p19_weight_anticollapse": 0.0,
  "p19_ve_bias": 0,
  "p19_weight_noise": 0.0,
  "p20_hrcs_scale": 0,
  "p20_lswr_scale": 0,
  "p20_lswr_planes": 8,
  "p20_lrcfb_branches": 0,
  "p20_lrcfb_narrow": 0,
  "p20_lrcfb_learned": 0,
  "p20_lrcfb_topk": 0,
  "p20_dgcr_branches": 0,
  "p20_dgcr_aux_weight": 0.01,
  "p20_mone_experts": 0,
  "p20_mone_topk": 0,
  "p20_mone_narrow": 1,
  "p20_mone_frozen": 0,
  "p20_ncea_branches": 0,
  "p20_ncea_eps": 0.1,
  "p20_adwi": 0,
  "p20_pwu_branches": 0,
  "p20_pwu_phase": 1,
  "p20_fsvd_gate": 0,
  "p20_wbfc_clusters": 0,
  "p20_wbfc_active": 0,
  "p21_per_experts": 0,
  "p21_per_topk": 0,
  "p21_per_learned": 0,
  "p21_per_attn": 0,
  "p22_attn_moe_route": "none",
  "p23_tiny_expert": 0,
  "p23_n_experts": 64,
  "p23_topk": 16,
  "p23_learned_route": 0,
  "p23_std_moe_experts": 0,
  "p23_std_moe_topk": -1,
  "p23_std_moe_aux_weight": 0.01,
  "p23_lokr": 0,
  "p23_lokr_rank": 4,
  "p23_use_shared_block_router": 0,
  "p23_linear_moe_experts": 0,
  "p23_linear_moe_topk": 0,
  "p23_quantile_route": 0,
  "remix_shared_context_gates": 0,
  "p24_use_sliced_weight": 0,
  "p24_sliced_weight_reduction_scale": 8,
  "p24_sliced_weight_min_select": 128,
  "p24_sliced_weight_scope": "per_token",
  "p24_sliced_weight_balance_coeff": 0.01,
  "p24_quantile_route": 0,
  "p24_use_folded_mod": 0,
  "p24_folded_mod_reduction_scale": 8,
  "p24_folded_mod_min_dim": 128,
  "p24_folded_mod_scope": "per_layer",
  "p24_folded_mod_gate_act": "tanh_centered",
  "p24_use_sequence_gated_linear": 0,
  "p24_sequence_gated_scope": "per_layer",
  "p24_sequence_gated_act": "tanh_centered",
  "remix_disable_ln_basis": 0,
  "dense_intermediate_ln": 0,
  "use_mol": false,
  "mol_n_blocks": 5,
  "mol_n_shared": 1,
  "mol_topk": 3,
  "mol_thin_dim": 256,
  "mol_head_dim": 64,
  "mol_ffn_mult": 4.0,
  "mol_router_aux": 0.05,
  "mol_routed_attn": "softmax",
  "mol_dispatch": 1,
  "mol_capacity_factor": 1.0,
  "mol_block_lr_scale": 1.0,
  "mol_per_block_ve": 0,
  "use_mst": false,
  "mst_n_subs": 8,
  "mst_sub_dim": 64,
  "mst_head_dim": 0,
  "mst_input_mode": "fixed_slice",
  "mst_rotated_slice_learned": false,
  "mst_routing_mode": "soft_weighted",
  "mst_routing_topk": 4,
  "mst_routing_aux_weight": 0.01,
  "mst_diversity_weight": 0.0,
  "mst_ffn_mode": "standard",
  "mst_transition_mode": "parallel",
  "mst_final_mode": "aggregate_proj",
  "mst_final_topk": -1,
  "mst_ffn_shared_up": 0,
  "mst_ffn_inner_dim": 0,
  "mst_sub_dropout": 0.0,
  "mst_transition_every": 1,
  "mst_ffa_temperature": 1.0,
  "mst_global_residual": 0,
  "mst_hybrid_dense": 0,
  "mst_cross_sub_kv": 0,
  "mst_sub_aux_weight": 0.0,
  "mst_progressive_merge": 0,
  "mst_multi_scale_windows": 0,
  "mst_delta_residual": 0,
  "mst_sub_layers": 1,
  "mst_grad_equalize": 0,
  "mst_block_diagonal_muon": 0,
  "mst_transition_width_mult": 1.0,
  "mst_sub_lr_scale": 1.0,
  "mst_shared_expert": 0,
  "mst_router_entropy_weight": 0.0,
  "mst_shared_kv_attn": 0,
  "mst_contrastive_diversity_weight": 0.0,
  "mst_transition_nonlinear": 0,
  "mst_transition_gated": 0,
  "mst_transition_mlp": 0,
  "mst_cross_sub_gate": 0,
  "mst_hyper_connect": 0,
  "mst_cross_kv_inject": 0,
  "mst_slice_transition": 0,
  "mst_lookback_layers": 0,
  "mst_bilinear_transition": 0,
  "mst_cross_sub_qmod": 0,
  "mst_feature_cycle": 0,
  "mst_mean_transition": 0,
  "mst_sub_head_dim": 0,
  "mst_final_norm": 0,
  "mst_per_stream_ve": 0,
  "mst_ve_map": 0,
  "mst_ve_map_rank": 0,
  "mst_lm_head_dim": 0,
  "mst_compose_windows": 0,
  "mst_channel_mix": "none",
  "mst_channel_mix_site": "layer",
  "mst_distribute_block_muon": 0,
  "mst_trans_spectral_lr": 0,
  "mst_talking_heads": 0,
  "mst_wo_mode": "block",
  "mst_stream_topk": 0,
  "mst_stream_shared": 0,
  "mst_stream_router_aux": 0.01,
  "mst_stream_router_noise": 0.0,
  "mst_stream_dispatch": 0,
  "mst_stream_capacity_factor": 1.0,
  "mst_stream_gate_attn": 0,
  "mst_ffn_monarch": "none",
  "mst_shampoo": 0,
  "mst_precond_every": 10,
  "mst_shampoo_beta": 0.95,
  "use_eet": false,
  "eet_frozen_kv": true,
  "eet_reenter_final": false,
  "eet_router_type": "mlp2",
  "eet_router_hidden": 0,
  "eet_freq_prior_alpha": 0.0,
  "eet_pos_prior_beta": 0.0,
  "eet_domain_prior": false,
  "eet_warmup_frac": 0.02,
  "eet_explore_frac": 0.15,
  "eet_reconstruct_lambda": 1.0,
  "eet_efficiency_lambda_start": 0.01,
  "eet_efficiency_lambda_end": 0.1,
  "eet_translator_rank": 0,
  "eet_max_frozen_kv_frac": 0.75,
  "eet_exit_threshold": 0.5,
  "eet_min_exit_layer": 1,
  "eet_loss_variant": "reconstruct",
  "eet_topk_vocab": 512,
  "eet_entropy_lambda": 0.3,
  "eet_surprise_lambda": 0.1,
  "eet_adv_lambda": 1.0,
  "eet_adv_entropy_lambda": 0.2,
  "eet_quality_lambda": 1.0,
  "eet_quality_entropy_bonus": 0.1,
  "eet_gumbel_temp_start": 0.0,
  "eet_gumbel_temp_end": 0.1,
  "eet_gumbel_hard": true,
  "eet_commitment_beta": 0.1,
  "eet_global_router": false,
  "eet_freq_efficiency_alpha": 0.0,
  "eet_diversity_lambda": 0.0,
  "eet_ce_guided_lambda": 1.0,
  "eet_router_lr_mult": 5.0,
  "eet_model_lr_mult": 1.0,
  "eet_depth_weight_type": "none",
  "eet_depth_weight_max": 2.5,
  "eet_use_override": 0,
  "eet_override_prob_start": 0.5,
  "eet_override_prob_end": 0.1,
  "eet_compute_skip": false,
  "eet_target_active_frac": 0.125,
  "eet_capacity_schedule": "bell",
  "eet_exit_fracs": null,
  "eet_capacity_alignment_lambda": 0.0,
  "eet_router_task_grad": true,
  "eet_reinforce_interval": 0,
  "eet_reinforce_lambda": 0.1,
  "eet_exit_adapter_rank": 0,
  "eet_router_after_block": 0,
  "eet_ffn_skip": false,
  "eet_ffn_target_frac": 0.5,
  "eet_ffn_full_attn": true,
  "eet_depth_affine": false,
  "eet_capacity_anneal_frac": 0.0,
  "eet_learned_schedule": false,
  "eet_departure_summary": false,
  "eet_route_consistency_lambda": 0.0,
  "eet_dense_distill_interval": 0,
  "eet_dense_distill_lambda": 0.5,
  "eet_depth_lr_scale": false,
  "eet_depth_grad_scale": false,
  "eet_detach_aux_from_backbone": false,
  "eet_detach_exit_from_backbone": false,
  "use_code_head": true,
  "sch_head_type": "nfh",
  "sch_bits": 0,
  "sch_order": 2,
  "sch_max_m": 0,
  "sch_phi_mode": "monomial",
  "sch_code_mode": "binary",
  "sch_code_path": "",
  "sch_code_ecc_bits": 0,
  "sch_code_seed": 1234,
  "sch_phi_density": 0.0,
  "sch_phi_dtype": "fp32",
  "sch_phi_normalize": 1,
  "sch_phi_center": 0,
  "sch_g_type": "linear",
  "sch_g_hidden": 0,
  "sch_g_layers": 2,
  "sch_g_out_std": 0.001,
  "sch_mixture": 1,
  "sch_residual_rank": 0,
  "sch_logit_act": "none",
  "sch_bias": 0,
  "sch_input_mode": "table",
  "sch_input_hidden": 0,
  "sch_product_groups": 8,
  "sch_product_codebook": 256,
  "sch_product_source": "hash",
  "sch_product_impl": "dense",
  "sch_phi_whiten": 0,
  "sch_mixture_per_phi": 0,
  "sch_mixture_topk": 0,
  "sch_mixture_aux": 0.01,
  "sch_monarch_m1": 0,
  "sch_monarch_perm": "none",
  "sch_monarch_perm_path": "",
  "sch_tier_bounds": "",
  "sch_tier_caps": "",
  "sch_tier_order": "freq",
  "sch_tier_perm_path": "",
  "sch_proposal_rank": 32,
  "sch_proposal_topk": 16384,
  "sch_proposal_samples": 4096,
  "sch_proposal_warmup": 0,
  "sch_proposal_chunk": 2048,
  "sch_proposal_aux": 1.0,
  "sch_nfh_mode": "cp",
  "sch_nfh_rank": 32,
  "sch_nfh_dims": "32,32,32",
  "sch_nfh_groups": 3,
  "sch_nfh_views": 1,
  "sch_nfh_perm": "file",
  "sch_nfh_perm_path": "perms/nfh_g3_v32768.pt",
  "sch_nfh_g_type": "mlp",
  "sch_nfh_g_hidden": 0,
  "sch_nfh_smooth": 1,
  "sch_nfh_chunk": 256
}
Seeded weight init with --seed 1
Checkpoints directory: /__modal/volumes/vo-JoBoNS1zSnilqDcfeqvH0o/out/c14_nfh/d8/NFH_cp_R32_smooth_mlp_s1/depth_8/ckpt_base/base
✓ Wrapping model with DistributedDataParallel (rank 0, find_unused_parameters=False, broadcast_buffers=False)
Parameter counts:
wte                     : 16,777,216
wpe                     : 0
value_embeds            : 67,108,864
lm_head                 : 1,887,777
transformer_matrices    : 25,166,336
research                : 0
scalars                 : 16
total                   : 110,940,209
Estimated FLOPs per token (total):  1.967124e+08
Estimated FLOPs per token (active): 1.967124e+08
Estimated active params:            110,940,209
[SCH] head=nfh V=32768, mode=cp, dims=[32, 32, 32], R=32, views=1, width=3104, g=mlp, perm=file, smooth=1, rank_ceiling=32768 | head params 1,887,777 | head FLOPs/token 11,111,426 | dense equivalent 100,663,296
Scaling LRs by 0.7071 for batch size 262,144 (reference: 524,288)
Scaling weight decay from 0.200000 to 0.133647 for depth 8
Scaling the LR for the AdamW parameters ∝1/√(512/768) = 1.224745
Calculated number of iterations from target data:param ratio: 1,680
Total number of training tokens: 440,401,920
Tokens : Scaling params ratio: 16.28
Total training FLOPs estimate: 8.663254e+16
Total training FLOPs (active):  8.663254e+16
Total active training FLOPs estimate: 8.663254e+16
Using base scheduler: linear warmup/flat/linear warmdown
Tokens / micro-batch / rank: 128 x 2048 = 262,144
Tokens / micro-batch: 262,144
Total batch size 262,144 => gradient accumulation steps: 1
Running pre-compilation warmup (1 dummy forward+backward to init lazy allocations)...
[rank0]:W0906 14:00:48.974000 31664 site-packages/torch/_logging/_internal.py:1199] [0/0] Profiler function <class 'torch.autograd.profiler.record_function'> will be ignored
/usr/local/lib/python3.12/site-packages/torch/_inductor/lowering.py:7242: UserWarning: 
Online softmax is disabled on the fly since Inductor decides to
split the reduction. Cut an issue to PyTorch if this is an
important use case and you want to speed it up with online
softmax.

  warnings.warn(
[rank0]: Traceback (most recent call last):
[rank0]:   File "<frozen runpy>", line 198, in _run_module_as_main
[rank0]:   File "<frozen runpy>", line 88, in _run_code
[rank0]:   File "/__modal/volumes/vo-JoBoNS1zSnilqDcfeqvH0o/scripts/base_train.py", line 2151, in <module>
[rank0]:     _wloss = model(_wx, _wy)
[rank0]:              ^^^^^^^^^^^^^^^
[rank0]:   File "/usr/local/lib/python3.12/site-packages/torch/_dynamo/eval_frame.py", line 414, in __call__
[rank0]:     return super().__call__(*args, **kwargs)
[rank0]:            ^^^^^^^^^^^^^^^^^^^^^^^^^^^^^^^^^
[rank0]:   File "/usr/local/lib/python3.12/site-packages/torch/nn/modules/module.py", line 1775, in _wrapped_call_impl
[rank0]:     return self._call_impl(*args, **kwargs)
[rank0]:            ^^^^^^^^^^^^^^^^^^^^^^^^^^^^^^^^
[rank0]:   File "/usr/local/lib/python3.12/site-packages/torch/nn/modules/module.py", line 1786, in _call_impl
[rank0]:     return forward_call(*args, **kwargs)
[rank0]:            ^^^^^^^^^^^^^^^^^^^^^^^^^^^^^
[rank0]:   File "/usr/local/lib/python3.12/site-packages/torch/_dynamo/eval_frame.py", line 832, in compile_wrapper
[rank0]:     return fn(*args, **kwargs)
[rank0]:            ^^^^^^^^^^^^^^^^^^^
[rank0]:   File "/usr/local/lib/python3.12/site-packages/torch/_dynamo/external_utils.py", line 68, in inner
[rank0]:     return fn(*args, **kwargs)
[rank0]:            ^^^^^^^^^^^^^^^^^^^
[rank0]:   File "/usr/local/lib/python3.12/site-packages/torch/nn/modules/module.py", line 1775, in _wrapped_call_impl
[rank0]:     return self._call_impl(*args, **kwargs)
[rank0]:            ^^^^^^^^^^^^^^^^^^^^^^^^^^^^^^^^
[rank0]:   File "/usr/local/lib/python3.12/site-packages/torch/nn/modules/module.py", line 1786, in _call_impl
[rank0]:     return forward_call(*args, **kwargs)
[rank0]:            ^^^^^^^^^^^^^^^^^^^^^^^^^^^^^
[rank0]:   File "/usr/local/lib/python3.12/site-packages/torch/nn/parallel/distributed.py", line 1661, in forward
[rank0]:     else self._run_ddp_forward(*inputs, **kwargs)
[rank0]:          ^^^^^^^^^^^^^^^^^^^^^^^^^^^^^^^^^^^^^^^^
[rank0]:   File "/usr/local/lib/python3.12/site-packages/torch/nn/parallel/distributed.py", line 1487, in _run_ddp_forward
[rank0]:     return self.module(*inputs, **kwargs)  # type: ignore[index]
[rank0]:            ^^^^^^^^^^^^^^^^^^^^^^^^^^^^^^
[rank0]:   File "/usr/local/lib/python3.12/site-packages/torch/nn/modules/module.py", line 1775, in _wrapped_call_impl
[rank0]:     return self._call_impl(*args, **kwargs)
[rank0]:            ^^^^^^^^^^^^^^^^^^^^^^^^^^^^^^^^
[rank0]:   File "/usr/local/lib/python3.12/site-packages/torch/nn/modules/module.py", line 1786, in _call_impl
[rank0]:     return forward_call(*args, **kwargs)
[rank0]:            ^^^^^^^^^^^^^^^^^^^^^^^^^^^^^
[rank0]:   File "/__modal/volumes/vo-JoBoNS1zSnilqDcfeqvH0o/nanochat/gpt.py", line 11276, in forward
[rank0]:     def forward(self, idx, targets=None, kv_cache=None, loss_reduction='mean'):
[rank0]:   File "/usr/local/lib/python3.12/site-packages/torch/_dynamo/eval_frame.py", line 1044, in _fn
[rank0]:     return fn(*args, **kwargs)
[rank0]:            ^^^^^^^^^^^^^^^^^^^
[rank0]:   File "/usr/local/lib/python3.12/site-packages/torch/_functorch/aot_autograd.py", line 1130, in forward
[rank0]:     return compiled_fn(full_args)
[rank0]:            ^^^^^^^^^^^^^^^^^^^^^^
[rank0]:   File "/usr/local/lib/python3.12/site-packages/torch/_functorch/_aot_autograd/runtime_wrappers.py", line 339, in runtime_wrapper
[rank0]:     all_outs = call_func_at_runtime_with_args(
[rank0]:                ^^^^^^^^^^^^^^^^^^^^^^^^^^^^^^^
[rank0]:   File "/usr/local/lib/python3.12/site-packages/torch/_functorch/_aot_autograd/utils.py", line 129, in call_func_at_runtime_with_args
[rank0]:     out = normalize_as_list(f(args))
[rank0]:                             ^^^^^^^
[rank0]:   File "/usr/local/lib/python3.12/site-packages/torch/_functorch/_aot_autograd/utils.py", line 103, in g
[rank0]:     return f(*args)
[rank0]:            ^^^^^^^^
[rank0]:   File "/usr/local/lib/python3.12/site-packages/torch/autograd/function.py", line 581, in apply
[rank0]:     return super().apply(*args, **kwargs)  # type: ignore[misc]
[rank0]:            ^^^^^^^^^^^^^^^^^^^^^^^^^^^^^^
[rank0]:   File "/usr/local/lib/python3.12/site-packages/torch/_functorch/_aot_autograd/runtime_wrappers.py", line 2118, in forward
[rank0]:     fw_outs = call_func_at_runtime_with_args(
[rank0]:               ^^^^^^^^^^^^^^^^^^^^^^^^^^^^^^^
[rank0]:   File "/usr/local/lib/python3.12/site-packages/torch/_functorch/_aot_autograd/utils.py", line 129, in call_func_at_runtime_with_args
[rank0]:     out = normalize_as_list(f(args))
[rank0]:                             ^^^^^^^
[rank0]:   File "/usr/local/lib/python3.12/site-packages/torch/_functorch/_aot_autograd/runtime_wrappers.py", line 526, in wrapper
[rank0]:     return compiled_fn(runtime_args)
[rank0]:            ^^^^^^^^^^^^^^^^^^^^^^^^^
[rank0]:   File "/usr/local/lib/python3.12/site-packages/torch/_functorch/_aot_autograd/runtime_wrappers.py", line 724, in inner_fn
[rank0]:     outs = compiled_fn(args)
[rank0]:            ^^^^^^^^^^^^^^^^^
[rank0]:   File "/usr/local/lib/python3.12/site-packages/torch/_inductor/output_code.py", line 613, in __call__
[rank0]:     return self.current_callable(inputs)
[rank0]:            ^^^^^^^^^^^^^^^^^^^^^^^^^^^^^
[rank0]:   File "/usr/local/lib/python3.12/site-packages/torch/_inductor/utils.py", line 3017, in run
[rank0]:     out = model(new_inputs)
[rank0]:           ^^^^^^^^^^^^^^^^^
[rank0]:   File "/tmp/torchinductor_root/jr/cjrg3dtumavunvcyvetyiont2t2eh7u4icfbkwgowc4ed5q5xwvk.py", line 3668, in call
[rank0]:     extern_kernels.mm(reinterpret_tensor(buf300, (262144, 512), (512, 1), 0), reinterpret_tensor(primals_64, (512, 512), (1, 512), 0), out=buf303)
[rank0]: RuntimeError: expected mat1 and mat2 to have the same dtype, but got: c10::BFloat16 != float
[rank0]:[W906 14:01:16.001849641 ProcessGroupNCCL.cpp:1524] Warning: WARNING: destroy_process_group() was not called before program exit, which can leak resources. For more info, please see https://pytorch.org/docs/stable/distributed.html#shutdown (function operator())
E0906 14:01:18.123000 31659 site-packages/torch/distributed/elastic/multiprocessing/api.py:882] failed (exitcode: 1) local_rank: 0 (pid: 31664) of binary: /usr/local/bin/python
Traceback (most recent call last):
  File "/usr/local/bin/torchrun", line 10, in <module>
    sys.exit(main())
             ^^^^^^
  File "/usr/local/lib/python3.12/site-packages/torch/distributed/elastic/multiprocessing/errors/__init__.py", line 357, in wrapper
    return f(*args, **kwargs)
           ^^^^^^^^^^^^^^^^^^
  File "/usr/local/lib/python3.12/site-packages/torch/distributed/run.py", line 936, in main
    run(args)
  File "/usr/local/lib/python3.12/site-packages/torch/distributed/run.py", line 927, in run
    elastic_launch(
  File "/usr/local/lib/python3.12/site-packages/torch/distributed/launcher/api.py", line 156, in __call__
    return launch_agent(self._config, self._entrypoint, list(args))
           ^^^^^^^^^^^^^^^^^^^^^^^^^^^^^^^^^^^^^^^^^^^^^^^^^^^^^^^^
  File "/usr/local/lib/python3.12/site-packages/torch/distributed/launcher/api.py", line 293, in launch_agent
    raise ChildFailedError(
torch.distributed.elastic.multiprocessing.errors.ChildFailedError: 
============================================================
scripts.base_train FAILED
------------------------------------------------------------
Failures:
  <NO_OTHER_FAILURES>
------------------------------------------------------------
Root Cause (first observed failure):
[0]:
  time      : 2026-09-06_14:01:18
  host      : localhost
  rank      : 0 (local_rank: 0)
  exitcode  : 1 (pid: 31664)
  error_file: <N/A>
  traceback : To enable traceback see: https://pytorch.org/docs/stable/elastic/errors.html
============================================================
Error training base. Marking as failed and continuing to next model.

--- Generating Report ---
No successful runs to plot.

[ERROR] The following models FAILED: ['base']
FAIL  NFH_cp_R32_smooth_mlp_s1 (will retry on the next invocation)

============================================================
  C14 complete.

    python -m scripts.sweep_report out/c14_nfh/d<DEPTH>

  Read it in this order, and stop at the first one that fails.

    1. NFH_cp_R32 against NFH_cp_R1. R=1 IS LightRNN. If the mixture is worth
       nothing here the central claim is wrong and nothing else matters.
       Offline the gap is 0.2829 -> 0.0097 bpb, a factor of 29.
    2. NFH_cp_R32 bpb against dense at the same total FLOPs. The budget at d8
       is +0.0865 bpb and the oracle spends 0.0097 of it on the family. What is
       left is realisability: whether a 512-dimensional h can actually produce
       5,152 factor parameters per token. That is the number this run exists for.
    3. NFH_global_m256. The hedge, at 0.317x total FLOPs. If cp fails on
       realisability and global does not, the paper is global and the finding is
       sharper rather than weaker.
    4. ms/step. The entire argument is bandwidth: the widest activation is
       N x 5120 against dense's N x 131,072. If this is not at least as fast as
       dense per step then something is wrong with the implementation, not with
       the idea, because there is no gather and no custom kernel anywhere in it.

  d8 V=131,072 reference points, same budget:
    dense                          0.902908 at 98.13M MACs/token
    LOWRANK_M259                   0.918721 at 65.03M
    best structured (c11)          0.911994 at 65.03M
    NFH_cp_R32                     predicted 0.90-0.92 at 33.66M
============================================================
Run

Duplicate cell
Format cell
Delete cell

More actions
Code
Markdown

