Requested NPROC_PER_NODE=8, but only 1 GPU(s) visible. Capping.
Using NPROC_PER_NODE=1
NANOCHAT_SKIP_ENV_SETUP=0
===== GPU Info =====
Fri Jul  3 16:21:42 2026       
+-----------------------------------------------------------------------------------------+
| NVIDIA-SMI 580.95.05              Driver Version: 580.95.05      CUDA Version: 13.0     |
+-----------------------------------------+------------------------+----------------------+
| GPU  Name                 Persistence-M | Bus-Id          Disp.A | Volatile Uncorr. ECC |
| Fan  Temp   Perf          Pwr:Usage/Cap |           Memory-Usage | GPU-Util  Compute M. |
|                                         |                        |               MIG M. |
|=========================================+========================+======================|
|   0  NVIDIA H200                    On  |   00000000:59:00.0 Off |                    0 |
| N/A   29C    P0             76W /  700W |       0MiB / 143771MiB |      0%      Default |
|                                         |                        |             Disabled |
+-----------------------------------------+------------------------+----------------------+

+-----------------------------------------------------------------------------------------+
| Processes:                                                                              |
|  GPU   GI   CI              PID   Type   Process name                        GPU Memory |
|        ID   ID                                                               Usage      |
|=========================================================================================|
|  No running processes found                                                             |
+-----------------------------------------------------------------------------------------+
Starting Research Sweep. Output directory: out/p07_mst_scaling/S7_COMBO_A_D32
UV_SYSTEM_PYTHON=1: using system Python, skipping venv creation.
Validating system environment dependencies via uv...
[2mUsing Python 3.12.10 environment at: /usr/local[0m
[2mResolved [1m159 packages[0m [2min 737ms[0m[0m
   [36m[1mBuilding[0m[39m nanochat[2m @ file:///__modal/volumes/vo-YghGtH0KLHCwgaLsbe3KX9[0m
      [32m[1mBuilt[0m[39m nanochat[2m @ file:///__modal/volumes/vo-YghGtH0KLHCwgaLsbe3KX9[0m
[2mPrepared [1m1 package[0m [2min 2.25s[0m[0m
[2mUninstalled [1m1 package[0m [2min 4ms[0m[0m
[2mInstalled [1m1 package[0m [2min 3ms[0m[0m
 [31m-[39m [1mnanochat[0m[2m==0.1.0 (from file:///root)[0m
 [32m+[39m [1mnanochat[0m[2m==0.1.0 (from file:///__modal/volumes/vo-YghGtH0KLHCwgaLsbe3KX9)[0m
Reset report and wrote header to out/report/header.md
Dataset (up to 300 shards) already exists in data, skipping download.
Tokenizer already exists in tokenizer, skipping training.
================================================================
Processing Depth: 32
================================================================
2026-07-03 16:22:13,692 - httpx - [32m[1mINFO[0m - HTTP Request: GET https://huggingface.co/api/agent-harnesses "HTTP/1.1 200 OK"
2026-07-03 16:22:13,889 - httpx - [32m[1mINFO[0m - HTTP Request: HEAD https://huggingface.co/varunneal/flash-attention-3/resolve/main/kernel-status.toml "HTTP/1.1 404 Not Found"
2026-07-03 16:22:14,031 - httpx - [32m[1mINFO[0m - HTTP Request: GET https://huggingface.co/api/models/varunneal/flash-attention-3/tree/main/build?recursive=false&expand=false "HTTP/1.1 200 OK"
2026-07-03 16:22:14,195 - httpx - [32m[1mINFO[0m - HTTP Request: GET https://huggingface.co/api/models/varunneal/flash-attention-3/revision/main "HTTP/1.1 200 OK"
2026-07-03 16:22:14,384 - httpx - [32m[1mINFO[0m - HTTP Request: HEAD https://huggingface.co/varunneal/flash-attention-3/resolve/de87b9b5af06dd9984df595bef90b2eba44b181a/build/torch29-cxx11-cu128-x86_64-linux/flash_attention_3/flash_attn_interface.py "HTTP/1.1 307 Temporary Redirect"
2026-07-03 16:22:14,387 - httpx - [32m[1mINFO[0m - HTTP Request: HEAD https://huggingface.co/varunneal/flash-attention-3/resolve/de87b9b5af06dd9984df595bef90b2eba44b181a/build/torch29-cxx11-cu128-x86_64-linux/flash_attention_3/_C.abi3.so "HTTP/1.1 302 Found"
2026-07-03 16:22:14,393 - httpx - [32m[1mINFO[0m - HTTP Request: HEAD https://huggingface.co/api/resolve-cache/models/varunneal/flash-attention-3/de87b9b5af06dd9984df595bef90b2eba44b181a/build%2Ftorch29-cxx11-cu128-x86_64-linux%2Fflash_attention_[1m3%[0m2Fflash_attn_interface.py "HTTP/1.1 200 OK"
2026-07-03 16:22:14,412 - httpx - [32m[1mINFO[0m - HTTP Request: GET https://huggingface.co/api/resolve-cache/models/varunneal/flash-attention-3/de87b9b5af06dd9984df595bef90b2eba44b181a/build%2Ftorch29-cxx11-cu128-x86_64-linux%2Fflash_attention_[1m3%[0m2Fflash_attn_interface.py "HTTP/1.1 200 OK"
2026-07-03 16:22:14,416 - httpx - [32m[1mINFO[0m - HTTP Request: HEAD https://huggingface.co/varunneal/flash-attention-3/resolve/de87b9b5af06dd9984df595bef90b2eba44b181a/build/torch29-cxx11-cu128-x86_64-linux/flash_attention_3/__init__.py "HTTP/1.1 307 Temporary Redirect"
2026-07-03 16:22:14,465 - httpx - [32m[1mINFO[0m - HTTP Request: HEAD https://huggingface.co/api/resolve-cache/models/varunneal/flash-attention-3/de87b9b5af06dd9984df595bef90b2eba44b181a/build%2Ftorch29-cxx11-cu128-x86_64-linux%2Fflash_attention_[1m3%[0m2F__init__.py "HTTP/1.1 200 OK"
2026-07-03 16:22:14,465 - httpx - [32m[1mINFO[0m - HTTP Request: HEAD https://huggingface.co/varunneal/flash-attention-3/resolve/de87b9b5af06dd9984df595bef90b2eba44b181a/build/torch29-cxx11-cu128-x86_64-linux/flash_attention_3/flash_attn_config.py "HTTP/1.1 307 Temporary Redirect"
2026-07-03 16:22:14,476 - httpx - [32m[1mINFO[0m - HTTP Request: HEAD https://huggingface.co/api/resolve-cache/models/varunneal/flash-attention-3/de87b9b5af06dd9984df595bef90b2eba44b181a/build%2Ftorch29-cxx11-cu128-x86_64-linux%2Fflash_attention_[1m3%[0m2Fflash_attn_config.py "HTTP/1.1 200 OK"
2026-07-03 16:22:14,479 - httpx - [32m[1mINFO[0m - HTTP Request: GET https://huggingface.co/api/resolve-cache/models/varunneal/flash-attention-3/de87b9b5af06dd9984df595bef90b2eba44b181a/build%2Ftorch29-cxx11-cu128-x86_64-linux%2Fflash_attention_[1m3%[0m2F__init__.py "HTTP/1.1 200 OK"
2026-07-03 16:22:14,487 - httpx - [32m[1mINFO[0m - HTTP Request: GET https://huggingface.co/api/resolve-cache/models/varunneal/flash-attention-3/de87b9b5af06dd9984df595bef90b2eba44b181a/build%2Ftorch29-cxx11-cu128-x86_64-linux%2Fflash_attention_[1m3%[0m2Fflash_attn_config.py "HTTP/1.1 200 OK"
[sweep] Requested 8 DDP workers but only 1 GPU(s) available — using 1.
================================================================
Unfinished experiments found from a previous run:
  [base] ckpt_dir = /__modal/volumes/vo-VK3kZSlTrQ6sfxw2xVeKg6/out/p07_mst_scaling/S7_COMBO_A_D32/depth_32/ckpt_base
These will be resumed from their last checkpoint.
================================================================
================================================================
Starting Sweep for Depth 32
Target Tokens: Auto (per-model param count)
================================================================
  Overriding default target_dim (256) with full model_dim 2048

--- Training base ---

  ┌─────────────────────────────────────────────────────┐
  │  ⏩  RESUMING [base] from step 20,600
  │     /__modal/volumes/vo-YghGtH0KLHCwgaLsbe3KX9/out/p07_mst_scaling/S7_COMBO_A_D32/depth_32/ckpt_base/base
  └─────────────────────────────────────────────────────┘

Running: /usr/local/bin/torchrun --standalone --nproc_per_node=1 -m scripts.base_train --depth 32 --aspect-ratio 64 --head-dim 128 --model-dim 2048 --max-seq-len 2048 --device-batch-size 16 --total-batch-size 262144 --target-tokens -1 --target-param-data-ratio 10.5 --eval-every -1 --log-every 200 --core-metric-every 0 --save-every 200 --warmup-ratio 0.005 --warmdown-ratio 0.65 --final-lr-frac 0.05 --adam-beta2 0.99 --research-warmup-ratio 0.05 --use-onecycle 0 --router-context-window -1 --remix-use-basis-gate 1 --remix-use-output-gate 1 --remix-use-context 1 --remix-basis-gate-mode mlp --remix-gate-lr-scale 0.3 --p22-n-templates 1 --p22-template-routing-learned 0 --p22-template-topk 0 --p22-attn-moe-route none --p26-output-gated-linear 0 --p28-shared-basis 0 --p28-chunk-routing-size 0 --p28-global-template-bank none --p28-attn-proj-templates 0 --p28-attn-qk-templates 0 --target-active-params 0 --remix-basis-gate-rank 8 --cclblock-modulation weight --cclblock-orth-lambda 0.0 --cclblock-context-stream local --cclblock-ema-factor 0.99 --cclblock-stale-ctx-lag 0 --cclblock-sparse-gate-k 0 --cclblock-gate-temperature 1.0 --cclblock-context-bank-size 0 --cclblock-per-head-ctx 0 --cclblock-context-source norm_x --cclblock-chunk-size 0 --cclblock-aux-objective none --cclblock-aux-lambda 0.1 --cclblock-boundary-token-id 198 --use-ral 0 --ral-rank 32 --cclblock-film-gate 0 --cclblock-attn-shadow-dim 0 --cclblock-dynamic-ratio 0.25 --cclblock-gate-rank 8 --cclblock-num-regimes 8 --cclblock-regime-temperature 1.0 --cclblock-poly-order 2 --cclblock-lie-generators 4 --cclblock-grassmann-bank-size 4 --cclblock-tucker-rank 32 --cclblock-tucker-modes 8 --cclblock-svs-rank 64 --cclblock-svs-eps 0.1 --cclblock-vq-codes 8 --cclblock-vq-temperature 1.0 --cclblock-dcu-warmup-steps 0 --cclblock-fsi-rotations 8 --cclblock-fsi-selector-dim 64 --cclblock-aesp-strata 4 --cclblock-aesp-delta-rank 4 --cclblock-ckr-branches 4 --cclblock-ckr-kernel-size 64 --cclblock-ckr-pos-channels 1 --cclblock-ckr-dual-optim 0 --cclblock-ckr-content-bias 0.0 --cclblock-giad-rank 32 --cclblock-psg-kernel-size 64 --cclblock-ss-dynamic-ratio 0.25 --cclblock-ss-branches 2 --cclblock-ss-kernel-size 64 --cclblock-lokr-branches 8 --cclblock-lokr-rank 16 --cclblock-ckr-temp-start 2.0 --cclblock-ckr-temp-end 0.3 --cclblock-com-kernel-size 32 --cclblock-ckr-ortho-init 0 --cclblock-ckr-branch-dropout 0.0 --cclblock-ckr-diversity-lambda 0.0 --cclblock-pgr-kernel-size 64 --cclblock-cil-kernel-size 64 --cclblock-prb-kernel-size 64 --p18-layer-drop 0.0 --p18-dynamic-activation 0 --p18-mixture-norm 0 --p18-aux-sim-lambda 0.0 --p18-gradient-penalty 0.0 --p18-per-channel-scale 0 --p19-residual-gate 0 --p19-head-importance 0 --p19-residual-mix-groups 0 --p19-attn-logit-bias 0 --p19-residual-decay 0 --p19-grad-equilibrium 0.0 --p19-spectral-reparam 0 --p19-weight-anticollapse 0.0 --p19-ve-bias 0 --p19-weight-noise 0.0 --p20-hrcs-scale 0 --p20-lswr-scale 0 --p20-lswr-planes 8 --p20-lrcfb-branches 0 --p20-lrcfb-narrow 0 --p20-lrcfb-learned 0 --p20-lrcfb-topk 0 --p20-dgcr-branches 0 --p20-dgcr-aux-weight 0.01 --p20-mone-experts 0 --p20-mone-topk 0 --p20-mone-narrow 1 --p20-mone-frozen 0 --p20-ncea-branches 0 --p20-ncea-eps 0.1 --p20-adwi 0 --p20-pwu-branches 0 --p20-pwu-phase 1 --p20-fsvd-gate 0 --p20-wbfc-clusters 0 --p20-wbfc-active 0 --p21-per-experts 0 --p21-per-topk 0 --p21-per-learned 0 --p21-per-attn 0 --p23-tiny-expert 0 --p23-n-experts 64 --p23-topk 16 --p23-learned-route 0 --p23-std-moe-experts 0 --p23-std-moe-topk -1 --p23-std-moe-aux-weight 0.01 --p23-lokr 0 --p23-lokr-rank 4 --p23-use-shared-block-router 0 --p23-linear-moe-experts 0 --p23-linear-moe-topk 0 --p23-quantile-route 0 --p24-use-sliced-weight 0 --p24-sliced-weight-reduction-scale 8 --p24-sliced-weight-min-select 128 --p24-sliced-weight-scope per_token --p24-sliced-weight-balance-coeff 0.01 --p24-quantile-route 0 --p24-use-folded-mod 0 --p24-folded-mod-reduction-scale 8 --p24-folded-mod-scope per_layer --p24-folded-mod-gate-act tanh_centered --p24-use-sequence-gated-linear 0 --p24-sequence-gated-scope per_layer --p24-sequence-gated-act tanh_centered --p24-folded-mod-min-dim 128 --remix-shared-context-gates 0 --remix-use-dual-gate 0 --remix-basis-scale-factor 4 --remix-output-gate-rank 16 --p24-use-sliced-weight 0 --p24-sliced-weight-reduction-scale 8 --p24-sliced-weight-min-select 128 --p24-sliced-weight-scope per_token --p24-sliced-weight-balance-coeff 0.01 --p24-quantile-route 0 --p24-use-folded-mod 0 --p24-folded-mod-reduction-scale 8 --p24-folded-mod-scope per_layer --p24-folded-mod-gate-act tanh_centered --p24-use-sequence-gated-linear 0 --p24-sequence-gated-scope per_layer --p24-sequence-gated-act tanh_centered --remix-disable-ln-basis 0 --dense-intermediate-ln 0 --use-mst 1 --mst-n-subs 4 --mst-sub-dim 512 --mst-head-dim 0 --mst-input-mode learned_proj --mst-rotated-slice-learned 0 --mst-routing-mode soft_weighted --mst-routing-topk 0 --mst-routing-aux-weight 0.01 --mst-diversity-weight 0.0 --mst-ffn-mode standard --mst-transition-mode aggregate_distribute --mst-final-mode concat_proj --mst-final-topk 0 --mst-ffn-shared-up 0 --mst-ffn-inner-dim 0 --mst-sub-dropout 0.0 --mst-transition-every 1 --mst-ffa-temperature 1.0 --mst-global-residual 0 --mst-hybrid-dense 0 --mst-cross-sub-kv 0 --mst-sub-aux-weight 0.0 --mst-progressive-merge 0 --mst-multi-scale-windows 0 --mst-delta-residual 0 --mst-sub-layers 1 --mst-grad-equalize 1 --mst-block-diagonal-muon 1 --mst-transition-width-mult 4.0 --mst-sub-lr-scale 2.0 --mst-shared-expert 0 --mst-router-entropy-weight 0.0 --mst-shared-kv-attn 0 --mst-contrastive-diversity-weight 0.0 --mst-transition-nonlinear 0 --mst-transition-gated 0 --mst-transition-mlp 0 --mst-cross-sub-gate 0 --mst-hyper-connect 0 --mst-cross-kv-inject 0 --mst-slice-transition 0 --mst-lookback-layers 0 --mst-bilinear-transition 0 --mst-cross-sub-qmod 0 --mst-feature-cycle 0 --mst-mean-transition 0 --use-eet 0 --eet-frozen-kv 1 --eet-reenter-final 0 --eet-compute-skip 0 --eet-target-active-frac 0.125 --eet-capacity-schedule bell --eet-exit-fracs  --eet-router-type mlp2 --eet-router-hidden 0 --eet-freq-prior-alpha 0.0 --eet-pos-prior-beta 0.0 --eet-domain-prior 0 --eet-warmup-frac 0.02 --eet-explore-frac 0.15 --eet-reconstruct-lambda 1.0 --eet-efficiency-lambda-start 0.01 --eet-efficiency-lambda-end 0.1 --eet-translator-rank 0 --eet-max-frozen-kv-frac 0.75 --eet-exit-threshold 0.5 --eet-min-exit-layer 1 --eet-loss-variant reconstruct --eet-topk-vocab 512 --eet-entropy-lambda 0.3 --eet-surprise-lambda 0.1 --eet-adv-lambda 1.0 --eet-adv-entropy-lambda 0.2 --eet-quality-lambda 1.0 --eet-quality-entropy-bonus 0.1 --eet-gumbel-temp-start 0.0 --eet-gumbel-temp-end 0.1 --eet-gumbel-hard 1 --eet-commitment-beta 0.1 --eet-global-router 0 --eet-freq-efficiency-alpha 0.0 --eet-diversity-lambda 0.0 --eet-ce-guided-lambda 1.0 --eet-router-lr-mult 5.0 --eet-model-lr-mult 1.0 --eet-depth-weight-type none --eet-depth-weight-max 2.5 --eet-use-override 0 --eet-override-prob-start 0.5 --eet-override-prob-end 0.1 --eet-capacity-alignment-lambda 0.0 --eet-router-task-grad 1 --eet-reinforce-interval 0 --eet-reinforce-lambda 0.1 --eet-exit-adapter-rank 0 --eet-router-after-block 0 --eet-ffn-skip 0 --eet-ffn-target-frac 0.5 --eet-ffn-full-attn 1 --eet-depth-affine 0 --eet-capacity-anneal-frac 0.0 --eet-learned-schedule 0 --eet-departure-summary 0 --eet-route-consistency-lambda 0.0 --eet-dense-distill-interval 0 --eet-dense-distill-lambda 0.5 --eet-depth-lr-scale 0 --eet-depth-grad-scale 0 --eet-detach-aux-from-backbone 0 --eet-detach-exit-from-backbone 0 --compile --tokenizer-dir tokenizer --data-dir data --max-shards 300 --checkpoints-dir /__modal/volumes/vo-YghGtH0KLHCwgaLsbe3KX9/out/p07_mst_scaling/S7_COMBO_A_D32/depth_32/ckpt_base --model-tag base --resume-from-step 20600
2026-07-03 16:22:31,832 - httpx - [32m[1mINFO[0m - HTTP Request: HEAD https://huggingface.co/varunneal/flash-attention-3/resolve/main/kernel-status.toml "HTTP/1.1 404 Not Found"
2026-07-03 16:22:31,954 - httpx - [32m[1mINFO[0m - HTTP Request: GET https://huggingface.co/api/models/varunneal/flash-attention-3/tree/main/build?recursive=false&expand=false "HTTP/1.1 200 OK"
2026-07-03 16:22:32,083 - httpx - [32m[1mINFO[0m - HTTP Request: GET https://huggingface.co/api/models/varunneal/flash-attention-3/revision/main "HTTP/1.1 200 OK"

                                                       █████                █████
                                                      ░░███                ░░███
     ████████    ██████   ████████    ██████   ██████  ░███████    ██████  ███████
    ░░███░░███  ░░░░░███ ░░███░░███  ███░░███ ███░░███ ░███░░███  ░░░░░███░░░███░
     ░███ ░███   ███████  ░███ ░███ ░███ ░███░███ ░░░  ░███ ░███   ███████  ░███
     ░███ ░███  ███░░███  ░███ ░███ ░███ ░███░███  ███ ░███ ░███  ███░░███  ░███ ███
     ████ █████░░████████ ████ █████░░██████ ░░██████  ████ █████░░███████  ░░█████
    ░░░░ ░░░░░  ░░░░░░░░ ░░░░ ░░░░░  ░░░░░░   ░░░░░░  ░░░░ ░░░░░  ░░░░░░░░   ░░░░░
    
Autodetected device type: cuda
2026-07-03 16:22:34,688 - nanochat.common - [32m[1mINFO[0m - Distributed world size: 1
GPU: NVIDIA H200 | Peak FLOPS (BF16): 9.89e+14
COMPUTE_DTYPE: torch.bfloat16 (auto-detected: CUDA SM 90 (bf16 supported))
✓ Using Flash Attention 3 (Hopper GPU detected) — efficient and fast.
Vocab size: 32,768
[MST] Using compile-optimized BatchedMSTLayer (N=4, d=512)
[MST] 1A: Per-sub gradient equalization hooks registered
Model config:
{
  "sequence_len": 2048,
  "vocab_size": 32768,
  "n_layer": 32,
  "n_head": 16,
  "n_kv_head": 16,
  "n_embd": 2048,
  "use_moe": false,
  "use_perm": false,
  "moe_num_experts": 8,
  "moe_router_dim": 64,
  "moe_embed_dim": 64,
  "dropout": 0.0,
  "use_remix_linear": false,
  "remix_context_dim": 64,
  "remix_context_dim_ratio": 6,
  "remix_basis_size": 64,
  "remix_output_gate_rank": 16,
  "remixed_linear_kwargs": {
    "use_basis_gate": true,
    "use_output_gate": true,
    "use_context": true,
    "basis_gate_mode": "mlp",
    "sparse_gate_k": 0,
    "gate_temperature": 1.0,
    "basis_scale_factor": 4,
    "n_templates": 1,
    "template_routing_learned": false,
    "template_topk": 0,
    "tiny_expert": false,
    "tiny_expert_topk": 16,
    "lokr_expert": false,
    "lokr_n_experts": 64,
    "lokr_topk": 16,
    "lokr_rank": 4,
    "lokr_learned": false,
    "basis_gate_rank": 8,
    "disable_ln_basis": false
  },
  "use_pos_embed": false,
  "moe_use_abs_pos_embed": false,
  "use_layer_context": true,
  "scale_basis_size": true,
  "remix_use_dual_gate": false,
  "p26_output_gated_linear": 0,
  "p28_shared_basis": 0,
  "p28_chunk_routing_size": 0,
  "p28_global_template_bank": "none",
  "p28_attn_proj_templates": 0,
  "p28_attn_qk_templates": 0,
  "perm_expert_mode": "low_rank",
  "perm_rank": 16,
  "router_context_window": -1,
  "router_causal": true,
  "router_num_heads": 4,
  "router_num_queries": 16,
  "router_n_layers": 2,
  "router_use_vocab_prior": false,
  "window_pattern": "SSSL",
  "cclblock_modulation": "weight",
  "cclblock_orth_lambda": 0.0,
  "cclblock_context_stream": "local",
  "cclblock_ema_factor": 0.99,
  "cclblock_stale_ctx_lag": 0,
  "cclblock_sparse_gate_k": 0,
  "cclblock_gate_temperature": 1.0,
  "cclblock_context_bank_size": 0,
  "cclblock_per_head_ctx": false,
  "cclblock_context_source": "norm_x",
  "cclblock_chunk_size": 0,
  "cclblock_aux_objective": "none",
  "cclblock_aux_lambda": 0.1,
  "cclblock_boundary_token_id": 198,
  "use_ral": false,
  "ral_rank": 32,
  "cclblock_film_gate": false,
  "cclblock_attn_shadow_dim": 0,
  "cclblock_dynamic_ratio": 0.25,
  "cclblock_gate_rank": 8,
  "cclblock_num_regimes": 8,
  "cclblock_regime_temperature": 1.0,
  "cclblock_poly_order": 2,
  "cclblock_lie_generators": 4,
  "cclblock_grassmann_bank_size": 4,
  "cclblock_tucker_rank": 32,
  "cclblock_tucker_modes": 8,
  "cclblock_svs_rank": 64,
  "cclblock_svs_eps": 0.1,
  "cclblock_vq_codes": 8,
  "cclblock_vq_temperature": 1.0,
  "cclblock_dcu_warmup_steps": 0,
  "cclblock_fsi_rotations": 8,
  "cclblock_fsi_selector_dim": 64,
  "cclblock_aesp_strata": 4,
  "cclblock_aesp_delta_rank": 4,
  "cclblock_ckr_branches": 4,
  "cclblock_ckr_kernel_size": 64,
  "cclblock_ckr_pos_channels": 1,
  "cclblock_ckr_dual_optim": 0,
  "cclblock_ckr_content_bias": 0.0,
  "cclblock_giad_rank": 32,
  "cclblock_psg_kernel_size": 64,
  "cclblock_ss_dynamic_ratio": 0.25,
  "cclblock_ss_branches": 2,
  "cclblock_ss_kernel_size": 64,
  "cclblock_lokr_branches": 8,
  "cclblock_lokr_rank": 16,
  "cclblock_ckr_temp_start": 2.0,
  "cclblock_ckr_temp_end": 0.3,
  "cclblock_com_kernel_size": 32,
  "cclblock_ckr_ortho_init": 0,
  "cclblock_ckr_branch_dropout": 0.0,
  "cclblock_ckr_diversity_lambda": 0.0,
  "cclblock_ckr_layer_selective": 0,
  "cclblock_pgr_kernel_size": 64,
  "cclblock_cil_kernel_size": 64,
  "cclblock_prb_kernel_size": 64,
  "p18_layer_drop": 0.0,
  "p18_dynamic_activation": 0,
  "p18_mixture_norm": 0,
  "p18_causal_attn_bias": 0,
  "p18_aux_sim_lambda": 0.0,
  "p18_gradient_penalty": 0.0,
  "p18_per_channel_scale": 0,
  "p19_residual_gate": 0,
  "p19_head_importance": 0,
  "p19_residual_mix_groups": 0,
  "p19_attn_logit_bias": 0,
  "p19_residual_decay": 0,
  "p19_grad_equilibrium": 0.0,
  "p19_spectral_reparam": 0,
  "p19_weight_anticollapse": 0.0,
  "p19_ve_bias": 0,
  "p19_weight_noise": 0.0,
  "p20_hrcs_scale": 0,
  "p20_lswr_scale": 0,
  "p20_lswr_planes": 8,
  "p20_lrcfb_branches": 0,
  "p20_lrcfb_narrow": 0,
  "p20_lrcfb_learned": 0,
  "p20_lrcfb_topk": 0,
  "p20_dgcr_branches": 0,
  "p20_dgcr_aux_weight": 0.01,
  "p20_mone_experts": 0,
  "p20_mone_topk": 0,
  "p20_mone_narrow": 1,
  "p20_mone_frozen": 0,
  "p20_ncea_branches": 0,
  "p20_ncea_eps": 0.1,
  "p20_adwi": 0,
  "p20_pwu_branches": 0,
  "p20_pwu_phase": 1,
  "p20_fsvd_gate": 0,
  "p20_wbfc_clusters": 0,
  "p20_wbfc_active": 0,
  "p21_per_experts": 0,
  "p21_per_topk": 0,
  "p21_per_learned": 0,
  "p21_per_attn": 0,
  "p22_attn_moe_route": "none",
  "p23_tiny_expert": 0,
  "p23_n_experts": 64,
  "p23_topk": 16,
  "p23_learned_route": 0,
  "p23_std_moe_experts": 0,
  "p23_std_moe_topk": -1,
  "p23_std_moe_aux_weight": 0.01,
  "p23_lokr": 0,
  "p23_lokr_rank": 4,
  "p23_use_shared_block_router": 0,
  "p23_linear_moe_experts": 0,
  "p23_linear_moe_topk": 0,
  "p23_quantile_route": 0,
  "remix_shared_context_gates": 0,
  "p24_use_sliced_weight": 0,
  "p24_sliced_weight_reduction_scale": 8,
  "p24_sliced_weight_min_select": 128,
  "p24_sliced_weight_scope": "per_token",
  "p24_sliced_weight_balance_coeff": 0.01,
  "p24_quantile_route": 0,
  "p24_use_folded_mod": 0,
  "p24_folded_mod_reduction_scale": 8,
  "p24_folded_mod_min_dim": 128,
  "p24_folded_mod_scope": "per_layer",
  "p24_folded_mod_gate_act": "tanh_centered",
  "p24_use_sequence_gated_linear": 0,
  "p24_sequence_gated_scope": "per_layer",
  "p24_sequence_gated_act": "tanh_centered",
  "remix_disable_ln_basis": 0,
  "dense_intermediate_ln": 0,
  "use_mst": true,
  "mst_n_subs": 4,
  "mst_sub_dim": 512,
  "mst_head_dim": 0,
  "mst_input_mode": "learned_proj",
  "mst_rotated_slice_learned": false,
  "mst_routing_mode": "soft_weighted",
  "mst_routing_topk": 0,
  "mst_routing_aux_weight": 0.01,
  "mst_diversity_weight": 0.0,
  "mst_ffn_mode": "standard",
  "mst_transition_mode": "aggregate_distribute",
  "mst_final_mode": "concat_proj",
  "mst_final_topk": 0,
  "mst_ffn_shared_up": 0,
  "mst_ffn_inner_dim": 0,
  "mst_sub_dropout": 0.0,
  "mst_transition_every": 1,
  "mst_ffa_temperature": 1.0,
  "mst_global_residual": 0,
  "mst_hybrid_dense": 0,
  "mst_cross_sub_kv": 0,
  "mst_sub_aux_weight": 0.0,
  "mst_progressive_merge": 0,
  "mst_multi_scale_windows": 0,
  "mst_delta_residual": 0,
  "mst_sub_layers": 1,
  "mst_grad_equalize": 1,
  "mst_block_diagonal_muon": 1,
  "mst_transition_width_mult": 4.0,
  "mst_sub_lr_scale": 2.0,
  "mst_shared_expert": 0,
  "mst_router_entropy_weight": 0.0,
  "mst_shared_kv_attn": 0,
  "mst_contrastive_diversity_weight": 0.0,
  "mst_transition_nonlinear": 0,
  "mst_transition_gated": 0,
  "mst_transition_mlp": 0,
  "mst_cross_sub_gate": 0,
  "mst_hyper_connect": 0,
  "mst_cross_kv_inject": 0,
  "mst_slice_transition": 0,
  "mst_lookback_layers": 0,
  "mst_bilinear_transition": 0,
  "mst_cross_sub_qmod": 0,
  "mst_feature_cycle": 0,
  "mst_mean_transition": 0,
  "use_eet": false,
  "eet_frozen_kv": true,
  "eet_reenter_final": false,
  "eet_router_type": "mlp2",
  "eet_router_hidden": 0,
  "eet_freq_prior_alpha": 0.0,
  "eet_pos_prior_beta": 0.0,
  "eet_domain_prior": false,
  "eet_warmup_frac": 0.02,
  "eet_explore_frac": 0.15,
  "eet_reconstruct_lambda": 1.0,
  "eet_efficiency_lambda_start": 0.01,
  "eet_efficiency_lambda_end": 0.1,
  "eet_translator_rank": 0,
  "eet_max_frozen_kv_frac": 0.75,
  "eet_exit_threshold": 0.5,
  "eet_min_exit_layer": 1,
  "eet_loss_variant": "reconstruct",
  "eet_topk_vocab": 512,
  "eet_entropy_lambda": 0.3,
  "eet_surprise_lambda": 0.1,
  "eet_adv_lambda": 1.0,
  "eet_adv_entropy_lambda": 0.2,
  "eet_quality_lambda": 1.0,
  "eet_quality_entropy_bonus": 0.1,
  "eet_gumbel_temp_start": 0.0,
  "eet_gumbel_temp_end": 0.1,
  "eet_gumbel_hard": true,
  "eet_commitment_beta": 0.1,
  "eet_global_router": false,
  "eet_freq_efficiency_alpha": 0.0,
  "eet_diversity_lambda": 0.0,
  "eet_ce_guided_lambda": 1.0,
  "eet_router_lr_mult": 5.0,
  "eet_model_lr_mult": 1.0,
  "eet_depth_weight_type": "none",
  "eet_depth_weight_max": 2.5,
  "eet_use_override": 0,
  "eet_override_prob_start": 0.5,
  "eet_override_prob_end": 0.1,
  "eet_compute_skip": false,
  "eet_target_active_frac": 0.125,
  "eet_capacity_schedule": "bell",
  "eet_exit_fracs": null,
  "eet_capacity_alignment_lambda": 0.0,
  "eet_router_task_grad": true,
  "eet_reinforce_interval": 0,
  "eet_reinforce_lambda": 0.1,
  "eet_exit_adapter_rank": 0,
  "eet_router_after_block": 0,
  "eet_ffn_skip": false,
  "eet_ffn_target_frac": 0.5,
  "eet_ffn_full_attn": true,
  "eet_depth_affine": false,
  "eet_capacity_anneal_frac": 0.0,
  "eet_learned_schedule": false,
  "eet_departure_summary": false,
  "eet_route_consistency_lambda": 0.0,
  "eet_dense_distill_interval": 0,
  "eet_dense_distill_lambda": 0.5,
  "eet_depth_lr_scale": false,
  "eet_depth_grad_scale": false,
  "eet_detach_aux_from_backbone": false,
  "eet_detach_exit_from_backbone": false
}
Checkpoints directory: /__modal/volumes/vo-YghGtH0KLHCwgaLsbe3KX9/out/p07_mst_scaling/S7_COMBO_A_D32/depth_32/ckpt_base/base
Resuming optimization from step 20600
✓ Wrapping model with DistributedDataParallel (rank 0, find_unused_parameters=False)
Parameter counts:
wte                     : 67,108,864
wpe                     : 0
value_embeds            : 268,435,456
lm_head                 : 67,108,864
transformer_matrices    : 511,803,392
research                : 0
scalars                 : 64
total                   : 914,456,640
Estimated FLOPs per token (total):  4.027122e+09
Estimated FLOPs per token (active): 4.027122e+09
Estimated active params:            914,456,640
[MST] Using compile-optimized BatchedMSTLayer (N=4, d=512)
[MST] 1A: Per-sub gradient equalization hooks registered
Scaling LRs by 0.7071 for batch size 262,144 (reference: 524,288)
Scaling weight decay from 0.200000 to 0.064560 for depth 32
Scaling AdamW LRs ∝1/√(2048/768) = 0.612372
[MST] Per-sub Muon LR scaled by 2.00× → 0.028284
[MST] 1B: Block-diagonal Muon enabled (N=4 blocks)
Calculated number of iterations from target data:param ratio: 23,187
Total number of training tokens: 6,078,332,928
Tokens : Scaling params ratio: 10.50
Total training FLOPs estimate: 2.447819e+19
Using base scheduler: linear warmup/flat/linear warmdown
[MST] Diagnostics will be logged to: /__modal/volumes/vo-YghGtH0KLHCwgaLsbe3KX9/out/p07_mst_scaling/S7_COMBO_A_D32/depth_32/ckpt_base/base/mst_diagnostics.jsonl
Tokens / micro-batch / rank: 16 x 2048 = 32,768
Tokens / micro-batch: 32,768
Total batch size 262,144 => gradient accumulation steps: 8
[rank0]:W0703 16:22:42.826000 575 site-packages/torch/_logging/_internal.py:1199] [0/0] Profiler function <class 'torch.autograd.profiler.record_function'> will be ignored
/usr/local/lib/python3.12/site-packages/torch/_inductor/lowering.py:7242: UserWarning: 
Online softmax is disabled on the fly since Inductor decides to
split the reduction. Cut an issue to PyTorch if this is an
important use case and you want to speed it up with online
softmax.

  warnings.warn(
Requested NPROC_PER_NODE=8, but only 1 GPU(s) visible. Capping.
Using NPROC_PER_NODE=1
NANOCHAT_SKIP_ENV_SETUP=0
===== GPU Info =====
Fri Jul  3 16:48:48 2026       
+-----------------------------------------------------------------------------------------+
| NVIDIA-SMI 580.95.05              Driver Version: 580.95.05      CUDA Version: 13.0     |
+-----------------------------------------+------------------------+----------------------+
| GPU  Name                 Persistence-M | Bus-Id          Disp.A | Volatile Uncorr. ECC |
| Fan  Temp   Perf          Pwr:Usage/Cap |           Memory-Usage | GPU-Util  Compute M. |
|                                         |                        |               MIG M. |
|=========================================+========================+======================|
|   0  NVIDIA H200                    On  |   00000000:0A:00.0 Off |                    0 |
| N/A   41C    P0             80W /  700W |       0MiB / 143771MiB |      0%      Default |
|                                         |                        |             Disabled |
+-----------------------------------------+------------------------+----------------------+

+-----------------------------------------------------------------------------------------+
| Processes:                                                                              |
|  GPU   GI   CI              PID   Type   Process name                        GPU Memory |
|        ID   ID                                                               Usage      |
|=========================================================================================|
|  No running processes found                                                             |
+-----------------------------------------------------------------------------------------+
Starting Research Sweep. Output directory: out/p07_mst_scaling/S7_COMBO_A_D32
UV_SYSTEM_PYTHON=1: using system Python, skipping venv creation.
Validating system environment dependencies via uv...
[2mUsing Python 3.12.10 environment at: /usr/local[0m
[2mResolved [1m159 packages[0m [2min 454ms[0m[0m
   [36m[1mBuilding[0m[39m nanochat[2m @ file:///__modal/volumes/vo-YghGtH0KLHCwgaLsbe3KX9[0m
      [32m[1mBuilt[0m[39m nanochat[2m @ file:///__modal/volumes/vo-YghGtH0KLHCwgaLsbe3KX9[0m
[2mPrepared [1m1 package[0m [2min 1.04s[0m[0m
[2mUninstalled [1m1 package[0m [2min 1ms[0m[0m
[2mInstalled [1m1 package[0m [2min 1ms[0m[0m
 [31m-[39m [1mnanochat[0m[2m==0.1.0 (from file:///root)[0m
 [32m+[39m [1mnanochat[0m[2m==0.1.0 (from file:///__modal/volumes/vo-YghGtH0KLHCwgaLsbe3KX9)[0m
Reset report and wrote header to out/report/header.md
Dataset (up to 300 shards) already exists in data, skipping download.
Tokenizer already exists in tokenizer, skipping training.
================================================================
Processing Depth: 32
================================================================
2026-07-03 16:49:05,042 - httpx - [32m[1mINFO[0m - HTTP Request: GET https://huggingface.co/api/agent-harnesses "HTTP/1.1 200 OK"
2026-07-03 16:49:05,177 - httpx - [32m[1mINFO[0m - HTTP Request: HEAD https://huggingface.co/varunneal/flash-attention-3/resolve/main/kernel-status.toml "HTTP/1.1 404 Not Found"
2026-07-03 16:49:05,299 - httpx - [32m[1mINFO[0m - HTTP Request: GET https://huggingface.co/api/models/varunneal/flash-attention-3/tree/main/build?recursive=false&expand=false "HTTP/1.1 200 OK"
2026-07-03 16:49:05,436 - httpx - [32m[1mINFO[0m - HTTP Request: GET https://huggingface.co/api/models/varunneal/flash-attention-3/revision/main "HTTP/1.1 200 OK"
2026-07-03 16:49:05,568 - httpx - [32m[1mINFO[0m - HTTP Request: HEAD https://huggingface.co/varunneal/flash-attention-3/resolve/de87b9b5af06dd9984df595bef90b2eba44b181a/build/torch29-cxx11-cu128-x86_64-linux/flash_attention_3/_C.abi3.so "HTTP/1.1 302 Found"
2026-07-03 16:49:05,577 - httpx - [32m[1mINFO[0m - HTTP Request: HEAD https://huggingface.co/varunneal/flash-attention-3/resolve/de87b9b5af06dd9984df595bef90b2eba44b181a/build/torch29-cxx11-cu128-x86_64-linux/flash_attention_3/__init__.py "HTTP/1.1 307 Temporary Redirect"
2026-07-03 16:49:05,580 - httpx - [32m[1mINFO[0m - HTTP Request: HEAD https://huggingface.co/varunneal/flash-attention-3/resolve/de87b9b5af06dd9984df595bef90b2eba44b181a/build/torch29-cxx11-cu128-x86_64-linux/flash_attention_3/flash_attn_config.py "HTTP/1.1 307 Temporary Redirect"
2026-07-03 16:49:05,600 - httpx - [32m[1mINFO[0m - HTTP Request: HEAD https://huggingface.co/api/resolve-cache/models/varunneal/flash-attention-3/de87b9b5af06dd9984df595bef90b2eba44b181a/build%2Ftorch29-cxx11-cu128-x86_64-linux%2Fflash_attention_[1m3%[0m2F__init__.py "HTTP/1.1 200 OK"
2026-07-03 16:49:05,600 - httpx - [32m[1mINFO[0m - HTTP Request: HEAD https://huggingface.co/api/resolve-cache/models/varunneal/flash-attention-3/de87b9b5af06dd9984df595bef90b2eba44b181a/build%2Ftorch29-cxx11-cu128-x86_64-linux%2Fflash_attention_[1m3%[0m2Fflash_attn_config.py "HTTP/1.1 200 OK"
2026-07-03 16:49:05,600 - httpx - [32m[1mINFO[0m - HTTP Request: HEAD https://huggingface.co/varunneal/flash-attention-3/resolve/de87b9b5af06dd9984df595bef90b2eba44b181a/build/torch29-cxx11-cu128-x86_64-linux/flash_attention_3/flash_attn_interface.py "HTTP/1.1 307 Temporary Redirect"
2026-07-03 16:49:05,611 - httpx - [32m[1mINFO[0m - HTTP Request: HEAD https://huggingface.co/api/resolve-cache/models/varunneal/flash-attention-3/de87b9b5af06dd9984df595bef90b2eba44b181a/build%2Ftorch29-cxx11-cu128-x86_64-linux%2Fflash_attention_[1m3%[0m2Fflash_attn_interface.py "HTTP/1.1 200 OK"
2026-07-03 16:49:05,611 - httpx - [32m[1mINFO[0m - HTTP Request: GET https://huggingface.co/api/resolve-cache/models/varunneal/flash-attention-3/de87b9b5af06dd9984df595bef90b2eba44b181a/build%2Ftorch29-cxx11-cu128-x86_64-linux%2Fflash_attention_[1m3%[0m2Fflash_attn_config.py "HTTP/1.1 200 OK"
2026-07-03 16:49:05,612 - httpx - [32m[1mINFO[0m - HTTP Request: GET https://huggingface.co/api/resolve-cache/models/varunneal/flash-attention-3/de87b9b5af06dd9984df595bef90b2eba44b181a/build%2Ftorch29-cxx11-cu128-x86_64-linux%2Fflash_attention_[1m3%[0m2F__init__.py "HTTP/1.1 200 OK"
2026-07-03 16:49:05,622 - httpx - [32m[1mINFO[0m - HTTP Request: GET https://huggingface.co/api/resolve-cache/models/varunneal/flash-attention-3/de87b9b5af06dd9984df595bef90b2eba44b181a/build%2Ftorch29-cxx11-cu128-x86_64-linux%2Fflash_attention_[1m3%[0m2Fflash_attn_interface.py "HTTP/1.1 200 OK"
[sweep] Requested 8 DDP workers but only 1 GPU(s) available — using 1.
================================================================
Unfinished experiments found from a previous run:
  [base] ckpt_dir = /__modal/volumes/vo-YghGtH0KLHCwgaLsbe3KX9/out/p07_mst_scaling/S7_COMBO_A_D32/depth_32/ckpt_base
These will be resumed from their last checkpoint.
================================================================
================================================================
Starting Sweep for Depth 32
Target Tokens: Auto (per-model param count)
================================================================
  Overriding default target_dim (256) with full model_dim 2048

--- Training base ---

  ┌─────────────────────────────────────────────────────┐
  │  ⏩  RESUMING [base] from step 20,600
  │     /__modal/volumes/vo-YghGtH0KLHCwgaLsbe3KX9/out/p07_mst_scaling/S7_COMBO_A_D32/depth_32/ckpt_base/base
  └─────────────────────────────────────────────────────┘

Running: /usr/local/bin/torchrun --standalone --nproc_per_node=1 -m scripts.base_train --depth 32 --aspect-ratio 64 --head-dim 128 --model-dim 2048 --max-seq-len 2048 --device-batch-size 16 --total-batch-size 262144 --target-tokens -1 --target-param-data-ratio 10.5 --eval-every -1 --log-every 200 --core-metric-every 0 --save-every 200 --warmup-ratio 0.005 --warmdown-ratio 0.65 --final-lr-frac 0.05 --adam-beta2 0.99 --research-warmup-ratio 0.05 --use-onecycle 0 --router-context-window -1 --remix-use-basis-gate 1 --remix-use-output-gate 1 --remix-use-context 1 --remix-basis-gate-mode mlp --remix-gate-lr-scale 0.3 --p22-n-templates 1 --p22-template-routing-learned 0 --p22-template-topk 0 --p22-attn-moe-route none --p26-output-gated-linear 0 --p28-shared-basis 0 --p28-chunk-routing-size 0 --p28-global-template-bank none --p28-attn-proj-templates 0 --p28-attn-qk-templates 0 --target-active-params 0 --remix-basis-gate-rank 8 --cclblock-modulation weight --cclblock-orth-lambda 0.0 --cclblock-context-stream local --cclblock-ema-factor 0.99 --cclblock-stale-ctx-lag 0 --cclblock-sparse-gate-k 0 --cclblock-gate-temperature 1.0 --cclblock-context-bank-size 0 --cclblock-per-head-ctx 0 --cclblock-context-source norm_x --cclblock-chunk-size 0 --cclblock-aux-objective none --cclblock-aux-lambda 0.1 --cclblock-boundary-token-id 198 --use-ral 0 --ral-rank 32 --cclblock-film-gate 0 --cclblock-attn-shadow-dim 0 --cclblock-dynamic-ratio 0.25 --cclblock-gate-rank 8 --cclblock-num-regimes 8 --cclblock-regime-temperature 1.0 --cclblock-poly-order 2 --cclblock-lie-generators 4 --cclblock-grassmann-bank-size 4 --cclblock-tucker-rank 32 --cclblock-tucker-modes 8 --cclblock-svs-rank 64 --cclblock-svs-eps 0.1 --cclblock-vq-codes 8 --cclblock-vq-temperature 1.0 --cclblock-dcu-warmup-steps 0 --cclblock-fsi-rotations 8 --cclblock-fsi-selector-dim 64 --cclblock-aesp-strata 4 --cclblock-aesp-delta-rank 4 --cclblock-ckr-branches 4 --cclblock-ckr-kernel-size 64 --cclblock-ckr-pos-channels 1 --cclblock-ckr-dual-optim 0 --cclblock-ckr-content-bias 0.0 --cclblock-giad-rank 32 --cclblock-psg-kernel-size 64 --cclblock-ss-dynamic-ratio 0.25 --cclblock-ss-branches 2 --cclblock-ss-kernel-size 64 --cclblock-lokr-branches 8 --cclblock-lokr-rank 16 --cclblock-ckr-temp-start 2.0 --cclblock-ckr-temp-end 0.3 --cclblock-com-kernel-size 32 --cclblock-ckr-ortho-init 0 --cclblock-ckr-branch-dropout 0.0 --cclblock-ckr-diversity-lambda 0.0 --cclblock-pgr-kernel-size 64 --cclblock-cil-kernel-size 64 --cclblock-prb-kernel-size 64 --p18-layer-drop 0.0 --p18-dynamic-activation 0 --p18-mixture-norm 0 --p18-aux-sim-lambda 0.0 --p18-gradient-penalty 0.0 --p18-per-channel-scale 0 --p19-residual-gate 0 --p19-head-importance 0 --p19-residual-mix-groups 0 --p19-attn-logit-bias 0 --p19-residual-decay 0 --p19-grad-equilibrium 0.0 --p19-spectral-reparam 0 --p19-weight-anticollapse 0.0 --p19-ve-bias 0 --p19-weight-noise 0.0 --p20-hrcs-scale 0 --p20-lswr-scale 0 --p20-lswr-planes 8 --p20-lrcfb-branches 0 --p20-lrcfb-narrow 0 --p20-lrcfb-learned 0 --p20-lrcfb-topk 0 --p20-dgcr-branches 0 --p20-dgcr-aux-weight 0.01 --p20-mone-experts 0 --p20-mone-topk 0 --p20-mone-narrow 1 --p20-mone-frozen 0 --p20-ncea-branches 0 --p20-ncea-eps 0.1 --p20-adwi 0 --p20-pwu-branches 0 --p20-pwu-phase 1 --p20-fsvd-gate 0 --p20-wbfc-clusters 0 --p20-wbfc-active 0 --p21-per-experts 0 --p21-per-topk 0 --p21-per-learned 0 --p21-per-attn 0 --p23-tiny-expert 0 --p23-n-experts 64 --p23-topk 16 --p23-learned-route 0 --p23-std-moe-experts 0 --p23-std-moe-topk -1 --p23-std-moe-aux-weight 0.01 --p23-lokr 0 --p23-lokr-rank 4 --p23-use-shared-block-router 0 --p23-linear-moe-experts 0 --p23-linear-moe-topk 0 --p23-quantile-route 0 --p24-use-sliced-weight 0 --p24-sliced-weight-reduction-scale 8 --p24-sliced-weight-min-select 128 --p24-sliced-weight-scope per_token --p24-sliced-weight-balance-coeff 0.01 --p24-quantile-route 0 --p24-use-folded-mod 0 --p24-folded-mod-reduction-scale 8 --p24-folded-mod-scope per_layer --p24-folded-mod-gate-act tanh_centered --p24-use-sequence-gated-linear 0 --p24-sequence-gated-scope per_layer --p24-sequence-gated-act tanh_centered --p24-folded-mod-min-dim 128 --remix-shared-context-gates 0 --remix-use-dual-gate 0 --remix-basis-scale-factor 4 --remix-output-gate-rank 16 --p24-use-sliced-weight 0 --p24-sliced-weight-reduction-scale 8 --p24-sliced-weight-min-select 128 --p24-sliced-weight-scope per_token --p24-sliced-weight-balance-coeff 0.01 --p24-quantile-route 0 --p24-use-folded-mod 0 --p24-folded-mod-reduction-scale 8 --p24-folded-mod-scope per_layer --p24-folded-mod-gate-act tanh_centered --p24-use-sequence-gated-linear 0 --p24-sequence-gated-scope per_layer --p24-sequence-gated-act tanh_centered --remix-disable-ln-basis 0 --dense-intermediate-ln 0 --use-mst 1 --mst-n-subs 4 --mst-sub-dim 512 --mst-head-dim 0 --mst-input-mode learned_proj --mst-rotated-slice-learned 0 --mst-routing-mode soft_weighted --mst-routing-topk 0 --mst-routing-aux-weight 0.01 --mst-diversity-weight 0.0 --mst-ffn-mode standard --mst-transition-mode aggregate_distribute --mst-final-mode concat_proj --mst-final-topk 0 --mst-ffn-shared-up 0 --mst-ffn-inner-dim 0 --mst-sub-dropout 0.0 --mst-transition-every 1 --mst-ffa-temperature 1.0 --mst-global-residual 0 --mst-hybrid-dense 0 --mst-cross-sub-kv 0 --mst-sub-aux-weight 0.0 --mst-progressive-merge 0 --mst-multi-scale-windows 0 --mst-delta-residual 0 --mst-sub-layers 1 --mst-grad-equalize 1 --mst-block-diagonal-muon 1 --mst-transition-width-mult 4.0 --mst-sub-lr-scale 2.0 --mst-shared-expert 0 --mst-router-entropy-weight 0.0 --mst-shared-kv-attn 0 --mst-contrastive-diversity-weight 0.0 --mst-transition-nonlinear 0 --mst-transition-gated 0 --mst-transition-mlp 0 --mst-cross-sub-gate 0 --mst-hyper-connect 0 --mst-cross-kv-inject 0 --mst-slice-transition 0 --mst-lookback-layers 0 --mst-bilinear-transition 0 --mst-cross-sub-qmod 0 --mst-feature-cycle 0 --mst-mean-transition 0 --use-eet 0 --eet-frozen-kv 1 --eet-reenter-final 0 --eet-compute-skip 0 --eet-target-active-frac 0.125 --eet-capacity-schedule bell --eet-exit-fracs  --eet-router-type mlp2 --eet-router-hidden 0 --eet-freq-prior-alpha 0.0 --eet-pos-prior-beta 0.0 --eet-domain-prior 0 --eet-warmup-frac 0.02 --eet-explore-frac 0.15 --eet-reconstruct-lambda 1.0 --eet-efficiency-lambda-start 0.01 --eet-efficiency-lambda-end 0.1 --eet-translator-rank 0 --eet-max-frozen-kv-frac 0.75 --eet-exit-threshold 0.5 --eet-min-exit-layer 1 --eet-loss-variant reconstruct --eet-topk-vocab 512 --eet-entropy-lambda 0.3 --eet-surprise-lambda 0.1 --eet-adv-lambda 1.0 --eet-adv-entropy-lambda 0.2 --eet-quality-lambda 1.0 --eet-quality-entropy-bonus 0.1 --eet-gumbel-temp-start 0.0 --eet-gumbel-temp-end 0.1 --eet-gumbel-hard 1 --eet-commitment-beta 0.1 --eet-global-router 0 --eet-freq-efficiency-alpha 0.0 --eet-diversity-lambda 0.0 --eet-ce-guided-lambda 1.0 --eet-router-lr-mult 5.0 --eet-model-lr-mult 1.0 --eet-depth-weight-type none --eet-depth-weight-max 2.5 --eet-use-override 0 --eet-override-prob-start 0.5 --eet-override-prob-end 0.1 --eet-capacity-alignment-lambda 0.0 --eet-router-task-grad 1 --eet-reinforce-interval 0 --eet-reinforce-lambda 0.1 --eet-exit-adapter-rank 0 --eet-router-after-block 0 --eet-ffn-skip 0 --eet-ffn-target-frac 0.5 --eet-ffn-full-attn 1 --eet-depth-affine 0 --eet-capacity-anneal-frac 0.0 --eet-learned-schedule 0 --eet-departure-summary 0 --eet-route-consistency-lambda 0.0 --eet-dense-distill-interval 0 --eet-dense-distill-lambda 0.5 --eet-depth-lr-scale 0 --eet-depth-grad-scale 0 --eet-detach-aux-from-backbone 0 --eet-detach-exit-from-backbone 0 --compile --tokenizer-dir tokenizer --data-dir data --max-shards 300 --checkpoints-dir /__modal/volumes/vo-YghGtH0KLHCwgaLsbe3KX9/out/p07_mst_scaling/S7_COMBO_A_D32/depth_32/ckpt_base --model-tag base --resume-from-step 20600
2026-07-03 16:49:15,238 - httpx - [32m[1mINFO[0m - HTTP Request: HEAD https://huggingface.co/varunneal/flash-attention-3/resolve/main/kernel-status.toml "HTTP/1.1 404 Not Found"
2026-07-03 16:49:15,363 - httpx - [32m[1mINFO[0m - HTTP Request: GET https://huggingface.co/api/models/varunneal/flash-attention-3/tree/main/build?recursive=false&expand=false "HTTP/1.1 200 OK"
2026-07-03 16:49:15,491 - httpx - [32m[1mINFO[0m - HTTP Request: GET https://huggingface.co/api/models/varunneal/flash-attention-3/revision/main "HTTP/1.1 200 OK"

                                                       █████                █████
                                                      ░░███                ░░███
     ████████    ██████   ████████    ██████   ██████  ░███████    ██████  ███████
    ░░███░░███  ░░░░░███ ░░███░░███  ███░░███ ███░░███ ░███░░███  ░░░░░███░░░███░
     ░███ ░███   ███████  ░███ ░███ ░███ ░███░███ ░░░  ░███ ░███   ███████  ░███
     ░███ ░███  ███░░███  ░███ ░███ ░███ ░███░███  ███ ░███ ░███  ███░░███  ░███ ███
     ████ █████░░████████ ████ █████░░██████ ░░██████  ████ █████░░███████  ░░█████
    ░░░░ ░░░░░  ░░░░░░░░ ░░░░ ░░░░░  ░░░░░░   ░░░░░░  ░░░░ ░░░░░  ░░░░░░░░   ░░░░░
    
Autodetected device type: cuda
2026-07-03 16:49:16,609 - nanochat.common - [32m[1mINFO[0m - Distributed world size: 1
GPU: NVIDIA H200 | Peak FLOPS (BF16): 9.89e+14
COMPUTE_DTYPE: torch.bfloat16 (auto-detected: CUDA SM 90 (bf16 supported))
✓ Using Flash Attention 3 (Hopper GPU detected) — efficient and fast.
Vocab size: 32,768
[MST] Using compile-optimized BatchedMSTLayer (N=4, d=512)
[MST] 1A: Per-sub gradient equalization hooks registered
Model config:
{
  "sequence_len": 2048,
  "vocab_size": 32768,
  "n_layer": 32,
  "n_head": 16,
  "n_kv_head": 16,
  "n_embd": 2048,
  "use_moe": false,
  "use_perm": false,
  "moe_num_experts": 8,
  "moe_router_dim": 64,
  "moe_embed_dim": 64,
  "dropout": 0.0,
  "use_remix_linear": false,
  "remix_context_dim": 64,
  "remix_context_dim_ratio": 6,
  "remix_basis_size": 64,
  "remix_output_gate_rank": 16,
  "remixed_linear_kwargs": {
    "use_basis_gate": true,
    "use_output_gate": true,
    "use_context": true,
    "basis_gate_mode": "mlp",
    "sparse_gate_k": 0,
    "gate_temperature": 1.0,
    "basis_scale_factor": 4,
    "n_templates": 1,
    "template_routing_learned": false,
    "template_topk": 0,
    "tiny_expert": false,
    "tiny_expert_topk": 16,
    "lokr_expert": false,
    "lokr_n_experts": 64,
    "lokr_topk": 16,
    "lokr_rank": 4,
    "lokr_learned": false,
    "basis_gate_rank": 8,
    "disable_ln_basis": false
  },
  "use_pos_embed": false,
  "moe_use_abs_pos_embed": false,
  "use_layer_context": true,
  "scale_basis_size": true,
  "remix_use_dual_gate": false,
  "p26_output_gated_linear": 0,
  "p28_shared_basis": 0,
  "p28_chunk_routing_size": 0,
  "p28_global_template_bank": "none",
  "p28_attn_proj_templates": 0,
  "p28_attn_qk_templates": 0,
  "perm_expert_mode": "low_rank",
  "perm_rank": 16,
  "router_context_window": -1,
  "router_causal": true,
  "router_num_heads": 4,
  "router_num_queries": 16,
  "router_n_layers": 2,
  "router_use_vocab_prior": false,
  "window_pattern": "SSSL",
  "cclblock_modulation": "weight",
  "cclblock_orth_lambda": 0.0,
  "cclblock_context_stream": "local",
  "cclblock_ema_factor": 0.99,
  "cclblock_stale_ctx_lag": 0,
  "cclblock_sparse_gate_k": 0,
  "cclblock_gate_temperature": 1.0,
  "cclblock_context_bank_size": 0,
  "cclblock_per_head_ctx": false,
  "cclblock_context_source": "norm_x",
  "cclblock_chunk_size": 0,
  "cclblock_aux_objective": "none",
  "cclblock_aux_lambda": 0.1,
  "cclblock_boundary_token_id": 198,
  "use_ral": false,
  "ral_rank": 32,
  "cclblock_film_gate": false,
  "cclblock_attn_shadow_dim": 0,
  "cclblock_dynamic_ratio": 0.25,
  "cclblock_gate_rank": 8,
  "cclblock_num_regimes": 8,
  "cclblock_regime_temperature": 1.0,
  "cclblock_poly_order": 2,
  "cclblock_lie_generators": 4,
  "cclblock_grassmann_bank_size": 4,
  "cclblock_tucker_rank": 32,
  "cclblock_tucker_modes": 8,
  "cclblock_svs_rank": 64,
  "cclblock_svs_eps": 0.1,
  "cclblock_vq_codes": 8,
  "cclblock_vq_temperature": 1.0,
  "cclblock_dcu_warmup_steps": 0,
  "cclblock_fsi_rotations": 8,
  "cclblock_fsi_selector_dim": 64,
  "cclblock_aesp_strata": 4,
  "cclblock_aesp_delta_rank": 4,
  "cclblock_ckr_branches": 4,
  "cclblock_ckr_kernel_size": 64,
  "cclblock_ckr_pos_channels": 1,
  "cclblock_ckr_dual_optim": 0,
  "cclblock_ckr_content_bias": 0.0,
  "cclblock_giad_rank": 32,
  "cclblock_psg_kernel_size": 64,
  "cclblock_ss_dynamic_ratio": 0.25,
  "cclblock_ss_branches": 2,
  "cclblock_ss_kernel_size": 64,
  "cclblock_lokr_branches": 8,
  "cclblock_lokr_rank": 16,
  "cclblock_ckr_temp_start": 2.0,
  "cclblock_ckr_temp_end": 0.3,
  "cclblock_com_kernel_size": 32,
  "cclblock_ckr_ortho_init": 0,
  "cclblock_ckr_branch_dropout": 0.0,
  "cclblock_ckr_diversity_lambda": 0.0,
  "cclblock_ckr_layer_selective": 0,
  "cclblock_pgr_kernel_size": 64,
  "cclblock_cil_kernel_size": 64,
  "cclblock_prb_kernel_size": 64,
  "p18_layer_drop": 0.0,
  "p18_dynamic_activation": 0,
  "p18_mixture_norm": 0,
  "p18_causal_attn_bias": 0,
  "p18_aux_sim_lambda": 0.0,
  "p18_gradient_penalty": 0.0,
  "p18_per_channel_scale": 0,
  "p19_residual_gate": 0,
  "p19_head_importance": 0,
  "p19_residual_mix_groups": 0,
  "p19_attn_logit_bias": 0,
  "p19_residual_decay": 0,
  "p19_grad_equilibrium": 0.0,
  "p19_spectral_reparam": 0,
  "p19_weight_anticollapse": 0.0,
  "p19_ve_bias": 0,
  "p19_weight_noise": 0.0,
  "p20_hrcs_scale": 0,
  "p20_lswr_scale": 0,
  "p20_lswr_planes": 8,
  "p20_lrcfb_branches": 0,
  "p20_lrcfb_narrow": 0,
  "p20_lrcfb_learned": 0,
  "p20_lrcfb_topk": 0,
  "p20_dgcr_branches": 0,
  "p20_dgcr_aux_weight": 0.01,
  "p20_mone_experts": 0,
  "p20_mone_topk": 0,
  "p20_mone_narrow": 1,
  "p20_mone_frozen": 0,
  "p20_ncea_branches": 0,
  "p20_ncea_eps": 0.1,
  "p20_adwi": 0,
  "p20_pwu_branches": 0,
  "p20_pwu_phase": 1,
  "p20_fsvd_gate": 0,
  "p20_wbfc_clusters": 0,
  "p20_wbfc_active": 0,
  "p21_per_experts": 0,
  "p21_per_topk": 0,
  "p21_per_learned": 0,
  "p21_per_attn": 0,
  "p22_attn_moe_route": "none",
  "p23_tiny_expert": 0,
  "p23_n_experts": 64,
  "p23_topk": 16,
  "p23_learned_route": 0,
  "p23_std_moe_experts": 0,
  "p23_std_moe_topk": -1,
  "p23_std_moe_aux_weight": 0.01,
  "p23_lokr": 0,
  "p23_lokr_rank": 4,
  "p23_use_shared_block_router": 0,
  "p23_linear_moe_experts": 0,
  "p23_linear_moe_topk": 0,
  "p23_quantile_route": 0,
  "remix_shared_context_gates": 0,
  "p24_use_sliced_weight": 0,
  "p24_sliced_weight_reduction_scale": 8,
  "p24_sliced_weight_min_select": 128,
  "p24_sliced_weight_scope": "per_token",
  "p24_sliced_weight_balance_coeff": 0.01,
  "p24_quantile_route": 0,
  "p24_use_folded_mod": 0,
  "p24_folded_mod_reduction_scale": 8,
  "p24_folded_mod_min_dim": 128,
  "p24_folded_mod_scope": "per_layer",
  "p24_folded_mod_gate_act": "tanh_centered",
  "p24_use_sequence_gated_linear": 0,
  "p24_sequence_gated_scope": "per_layer",
  "p24_sequence_gated_act": "tanh_centered",
  "remix_disable_ln_basis": 0,
  "dense_intermediate_ln": 0,
  "use_mst": true,
  "mst_n_subs": 4,
  "mst_sub_dim": 512,
  "mst_head_dim": 0,
  "mst_input_mode": "learned_proj",
  "mst_rotated_slice_learned": false,
  "mst_routing_mode": "soft_weighted",
  "mst_routing_topk": 0,
  "mst_routing_aux_weight": 0.01,
  "mst_diversity_weight": 0.0,
  "mst_ffn_mode": "standard",
  "mst_transition_mode": "aggregate_distribute",
  "mst_final_mode": "concat_proj",
  "mst_final_topk": 0,
  "mst_ffn_shared_up": 0,
  "mst_ffn_inner_dim": 0,
  "mst_sub_dropout": 0.0,
  "mst_transition_every": 1,
  "mst_ffa_temperature": 1.0,
  "mst_global_residual": 0,
  "mst_hybrid_dense": 0,
  "mst_cross_sub_kv": 0,
  "mst_sub_aux_weight": 0.0,
  "mst_progressive_merge": 0,
  "mst_multi_scale_windows": 0,
  "mst_delta_residual": 0,
  "mst_sub_layers": 1,
  "mst_grad_equalize": 1,
  "mst_block_diagonal_muon": 1,
  "mst_transition_width_mult": 4.0,
  "mst_sub_lr_scale": 2.0,
  "mst_shared_expert": 0,
  "mst_router_entropy_weight": 0.0,
  "mst_shared_kv_attn": 0,
  "mst_contrastive_diversity_weight": 0.0,
  "mst_transition_nonlinear": 0,
  "mst_transition_gated": 0,
  "mst_transition_mlp": 0,
  "mst_cross_sub_gate": 0,
  "mst_hyper_connect": 0,
  "mst_cross_kv_inject": 0,
  "mst_slice_transition": 0,
  "mst_lookback_layers": 0,
  "mst_bilinear_transition": 0,
  "mst_cross_sub_qmod": 0,
  "mst_feature_cycle": 0,
  "mst_mean_transition": 0,
  "use_eet": false,
  "eet_frozen_kv": true,
  "eet_reenter_final": false,
  "eet_router_type": "mlp2",
  "eet_router_hidden": 0,
  "eet_freq_prior_alpha": 0.0,
  "eet_pos_prior_beta": 0.0,
  "eet_domain_prior": false,
  "eet_warmup_frac": 0.02,
  "eet_explore_frac": 0.15,
  "eet_reconstruct_lambda": 1.0,
  "eet_efficiency_lambda_start": 0.01,
  "eet_efficiency_lambda_end": 0.1,
  "eet_translator_rank": 0,
  "eet_max_frozen_kv_frac": 0.75,
  "eet_exit_threshold": 0.5,
  "eet_min_exit_layer": 1,
  "eet_loss_variant": "reconstruct",
  "eet_topk_vocab": 512,
  "eet_entropy_lambda": 0.3,
  "eet_surprise_lambda": 0.1,
  "eet_adv_lambda": 1.0,
  "eet_adv_entropy_lambda": 0.2,
  "eet_quality_lambda": 1.0,
  "eet_quality_entropy_bonus": 0.1,
  "eet_gumbel_temp_start": 0.0,
  "eet_gumbel_temp_end": 0.1,
  "eet_gumbel_hard": true,
  "eet_commitment_beta": 0.1,
  "eet_global_router": false,
  "eet_freq_efficiency_alpha": 0.0,
  "eet_diversity_lambda": 0.0,
  "eet_ce_guided_lambda": 1.0,
  "eet_router_lr_mult": 5.0,
  "eet_model_lr_mult": 1.0,
  "eet_depth_weight_type": "none",
  "eet_depth_weight_max": 2.5,
  "eet_use_override": 0,
  "eet_override_prob_start": 0.5,
  "eet_override_prob_end": 0.1,
  "eet_compute_skip": false,
  "eet_target_active_frac": 0.125,
  "eet_capacity_schedule": "bell",
  "eet_exit_fracs": null,
  "eet_capacity_alignment_lambda": 0.0,
  "eet_router_task_grad": true,
  "eet_reinforce_interval": 0,
  "eet_reinforce_lambda": 0.1,
  "eet_exit_adapter_rank": 0,
  "eet_router_after_block": 0,
  "eet_ffn_skip": false,
  "eet_ffn_target_frac": 0.5,
  "eet_ffn_full_attn": true,
  "eet_depth_affine": false,
  "eet_capacity_anneal_frac": 0.0,
  "eet_learned_schedule": false,
  "eet_departure_summary": false,
  "eet_route_consistency_lambda": 0.0,
  "eet_dense_distill_interval": 0,
  "eet_dense_distill_lambda": 0.5,
  "eet_depth_lr_scale": false,
  "eet_depth_grad_scale": false,
  "eet_detach_aux_from_backbone": false,
  "eet_detach_exit_from_backbone": false
}
Checkpoints directory: /__modal/volumes/vo-YghGtH0KLHCwgaLsbe3KX9/out/p07_mst_scaling/S7_COMBO_A_D32/depth_32/ckpt_base/base
Resuming optimization from step 20600
✓ Wrapping model with DistributedDataParallel (rank 0, find_unused_parameters=False)
Parameter counts:
wte                     : 67,108,864
wpe                     : 0
value_embeds            : 268,435,456
lm_head                 : 67,108,864
transformer_matrices    : 511,803,392
research                : 0
scalars                 : 64
total                   : 914,456,640
Estimated FLOPs per token (total):  4.027122e+09
Estimated FLOPs per token (active): 4.027122e+09
Estimated active params:            914,456,640
[MST] Using compile-optimized BatchedMSTLayer (N=4, d=512)
[MST] 1A: Per-sub gradient equalization hooks registered
Scaling LRs by 0.7071 for batch size 262,144 (reference: 524,288)
Scaling weight decay from 0.200000 to 0.064560 for depth 32
Scaling AdamW LRs ∝1/√(2048/768) = 0.612372
[MST] Per-sub Muon LR scaled by 2.00× → 0.028284
[MST] 1B: Block-diagonal Muon enabled (N=4 blocks)
Calculated number of iterations from target data:param ratio: 23,187
Total number of training tokens: 6,078,332,928
Tokens : Scaling params ratio: 10.50
Total training FLOPs estimate: 2.447819e+19
Using base scheduler: linear warmup/flat/linear warmdown
[MST] Diagnostics will be logged to: /__modal/volumes/vo-YghGtH0KLHCwgaLsbe3KX9/out/p07_mst_scaling/S7_COMBO_A_D32/depth_32/ckpt_base/base/mst_diagnostics.jsonl
Tokens / micro-batch / rank: 16 x 2048 = 32,768
Tokens / micro-batch: 32,768
Total batch size 262,144 => gradient accumulation steps: 8
[rank0]:W0703 16:49:23.505000 554 site-packages/torch/_logging/_internal.py:1199] [0/0] Profiler function <class 'torch.autograd.profiler.record_function'> will be ignored
/usr/local/lib/python3.12/site-packages/torch/_inductor/lowering.py:7242: UserWarning: 
Online softmax is disabled on the fly since Inductor decides to
split the reduction. Cut an issue to PyTorch if this is an
important use case and you want to speed it up with online
softmax.

  warnings.warn(
/usr/local/lib/python3.12/site-packages/torch/_inductor/lowering.py:7242: UserWarning: 
Online softmax is disabled on the fly since Inductor decides to
split the reduction. Cut an issue to PyTorch if this is an
important use case and you want to speed it up with online
softmax.

  warnings.warn(
  [MST diag] sub_sim=[-0.168, -0.050, -0.071, -0.071, -0.052, -0.075, -0.048, -0.012, 0.003, 0.030, 0.044, 0.208, 0.071, 0.071, 0.078, 0.088, 0.115, 0.122, 0.125, 0.136, 0.161, 0.161, 0.488, 0.141, 0.049, 0.238, 0.084, 0.130, 0.061, 0.028, -0.029, -0.011] | route_ent=[1.367, 1.328, 1.359, 1.336, 1.352, 1.344, 1.375, 1.344, 1.297, 1.250, 1.289, 1.289, 1.281, 1.195, 1.234, 1.328, 1.281, 1.234, 1.227, 1.250, 1.328, 1.266, 1.281, 1.312, 1.312, 1.352, 1.359, 1.336, 1.312, 1.281, 1.367, 1.336] | grad_norm=[0.419, 0.191, 0.356, 0.426]
step 20600/23187 (88.84%) | loss: 2.786560 | lrm: 0.21 | lr(adamw:4.971e-02, muon:4.143e-03) | dt: 766831.91ms | tok/sec: 341 | bf16_mfu: 0.14 | epoch: 1 pq: 121 rg: 28 | total time: 1418.29m | eta: 178.2m
2026-07-03 17:13:40,101 - nanochat.checkpoint_manager - [32m[1mINFO[0m - Saved model parameters to: /__modal/volumes/vo-YghGtH0KLHCwgaLsbe3KX9/out/p07_mst_scaling/S7_COMBO_A_D32/depth_32/ckpt_base/base/model_020800.pt
2026-07-03 17:13:40,103 - nanochat.checkpoint_manager - [32m[1mINFO[0m - Saved metadata to: /__modal/volumes/vo-YghGtH0KLHCwgaLsbe3KX9/out/p07_mst_scaling/S7_COMBO_A_D32/depth_32/ckpt_base/base/meta_020800.json
2026-07-03 17:13:49,012 - nanochat.checkpoint_manager - [32m[1mINFO[0m - Saved optimizer state to: /__modal/volumes/vo-YghGtH0KLHCwgaLsbe3KX9/out/p07_mst_scaling/S7_COMBO_A_D32/depth_32/ckpt_base/base/optim_020800_rank0.pt
Removed previous periodic checkpoint at step 020600
  [MST diag] sub_sim=[-0.173, -0.049, -0.073, -0.071, -0.053, -0.077, -0.050, -0.015, 0.001, 0.029, 0.043, 0.214, 0.070, 0.069, 0.077, 0.086, 0.112, 0.120, 0.122, 0.133, 0.158, 0.159, 0.503, 0.138, 0.049, 0.246, 0.086, 0.125, 0.058, 0.025, -0.031, -0.014] | route_ent=[1.367, 1.328, 1.359, 1.344, 1.352, 1.344, 1.375, 1.344, 1.297, 1.250, 1.289, 1.289, 1.281, 1.195, 1.227, 1.328, 1.289, 1.242, 1.234, 1.258, 1.328, 1.266, 1.281, 1.312, 1.320, 1.359, 1.359, 1.336, 1.312, 1.289, 1.367, 1.336] | grad_norm=[0.366, 0.162, 0.328, 0.387]
step 20800/23187 (89.71%) | loss: 2.801757 | lrm: 0.20 | lr(adamw:4.677e-02, muon:3.898e-03) | dt: 3466.20ms | tok/sec: 75,628 | bf16_mfu: 30.80 | epoch: 1 pq: 122 rg: 45 | total time: 1429.70m | eta: 164.2m
2026-07-03 17:25:17,903 - nanochat.checkpoint_manager - [32m[1mINFO[0m - Saved model parameters to: /__modal/volumes/vo-YghGtH0KLHCwgaLsbe3KX9/out/p07_mst_scaling/S7_COMBO_A_D32/depth_32/ckpt_base/base/model_021000.pt
2026-07-03 17:25:17,905 - nanochat.checkpoint_manager - [32m[1mINFO[0m - Saved metadata to: /__modal/volumes/vo-YghGtH0KLHCwgaLsbe3KX9/out/p07_mst_scaling/S7_COMBO_A_D32/depth_32/ckpt_base/base/meta_021000.json
2026-07-03 17:25:26,984 - nanochat.checkpoint_manager - [32m[1mINFO[0m - Saved optimizer state to: /__modal/volumes/vo-YghGtH0KLHCwgaLsbe3KX9/out/p07_mst_scaling/S7_COMBO_A_D32/depth_32/ckpt_base/base/optim_021000_rank0.pt
Removed previous periodic checkpoint at step 020800
  [MST diag] sub_sim=[-0.169, -0.052, -0.073, -0.071, -0.053, -0.078, -0.051, -0.016, -0.002, 0.025, 0.039, 0.214, 0.066, 0.064, 0.072, 0.081, 0.108, 0.116, 0.119, 0.131, 0.156, 0.157, 0.525, 0.137, 0.049, 0.249, 0.083, 0.124, 0.056, 0.025, -0.033, -0.013] | route_ent=[1.367, 1.328, 1.359, 1.344, 1.352, 1.344, 1.375, 1.344, 1.297, 1.250, 1.297, 1.289, 1.281, 1.195, 1.234, 1.328, 1.281, 1.242, 1.234, 1.250, 1.328, 1.266, 1.289, 1.320, 1.320, 1.352, 1.359, 1.336, 1.312, 1.281, 1.367, 1.336] | grad_norm=[0.350, 0.161, 0.308, 0.363]
step 21000/23187 (90.57%) | loss: 2.827386 | lrm: 0.19 | lr(adamw:4.382e-02, muon:3.653e-03) | dt: 3550.77ms | tok/sec: 73,827 | bf16_mfu: 30.06 | epoch: 1 pq: 123 rg: 60 | total time: 1441.07m | eta: 150.1m
2026-07-03 17:36:55,168 - nanochat.checkpoint_manager - [32m[1mINFO[0m - Saved model parameters to: /__modal/volumes/vo-YghGtH0KLHCwgaLsbe3KX9/out/p07_mst_scaling/S7_COMBO_A_D32/depth_32/ckpt_base/base/model_021200.pt
2026-07-03 17:36:55,171 - nanochat.checkpoint_manager - [32m[1mINFO[0m - Saved metadata to: /__modal/volumes/vo-YghGtH0KLHCwgaLsbe3KX9/out/p07_mst_scaling/S7_COMBO_A_D32/depth_32/ckpt_base/base/meta_021200.json
2026-07-03 17:37:04,053 - nanochat.checkpoint_manager - [32m[1mINFO[0m - Saved optimizer state to: /__modal/volumes/vo-YghGtH0KLHCwgaLsbe3KX9/out/p07_mst_scaling/S7_COMBO_A_D32/depth_32/ckpt_base/base/optim_021200_rank0.pt
Removed previous periodic checkpoint at step 021000
  [MST diag] sub_sim=[-0.173, -0.054, -0.075, -0.074, -0.056, -0.079, -0.053, -0.018, -0.003, 0.024, 0.038, 0.227, 0.066, 0.065, 0.072, 0.082, 0.110, 0.118, 0.121, 0.133, 0.159, 0.159, 0.543, 0.139, 0.049, 0.255, 0.084, 0.125, 0.054, 0.023, -0.032, -0.014] | route_ent=[1.375, 1.328, 1.359, 1.344, 1.352, 1.344, 1.375, 1.344, 1.297, 1.250, 1.289, 1.289, 1.281, 1.203, 1.234, 1.328, 1.289, 1.234, 1.227, 1.250, 1.328, 1.266, 1.281, 1.312, 1.312, 1.352, 1.359, 1.336, 1.312, 1.289, 1.367, 1.336] | grad_norm=[0.370, 0.144, 0.320, 0.399]
step 21200/23187 (91.43%) | loss: 2.797511 | lrm: 0.18 | lr(adamw:4.088e-02, muon:3.408e-03) | dt: 3592.73ms | tok/sec: 72,965 | bf16_mfu: 29.71 | epoch: 1 pq: 124 rg: 75 | total time: 1452.43m | eta: 136.2m
2026-07-03 17:48:33,619 - nanochat.checkpoint_manager - [32m[1mINFO[0m - Saved model parameters to: /__modal/volumes/vo-YghGtH0KLHCwgaLsbe3KX9/out/p07_mst_scaling/S7_COMBO_A_D32/depth_32/ckpt_base/base/model_021400.pt
2026-07-03 17:48:33,622 - nanochat.checkpoint_manager - [32m[1mINFO[0m - Saved metadata to: /__modal/volumes/vo-YghGtH0KLHCwgaLsbe3KX9/out/p07_mst_scaling/S7_COMBO_A_D32/depth_32/ckpt_base/base/meta_021400.json
2026-07-03 17:48:42,893 - nanochat.checkpoint_manager - [32m[1mINFO[0m - Saved optimizer state to: /__modal/volumes/vo-YghGtH0KLHCwgaLsbe3KX9/out/p07_mst_scaling/S7_COMBO_A_D32/depth_32/ckpt_base/base/optim_021400_rank0.pt
Removed previous periodic checkpoint at step 021200
  [MST diag] sub_sim=[-0.169, -0.058, -0.078, -0.075, -0.057, -0.079, -0.054, -0.018, -0.004, 0.023, 0.037, 0.232, 0.064, 0.064, 0.072, 0.082, 0.109, 0.117, 0.120, 0.133, 0.159, 0.159, 0.560, 0.140, 0.049, 0.260, 0.088, 0.129, 0.055, 0.026, -0.031, -0.015] | route_ent=[1.367, 1.328, 1.359, 1.344, 1.352, 1.344, 1.375, 1.344, 1.297, 1.250, 1.297, 1.297, 1.273, 1.195, 1.234, 1.328, 1.289, 1.242, 1.234, 1.250, 1.328, 1.266, 1.289, 1.312, 1.312, 1.359, 1.359, 1.336, 1.312, 1.289, 1.367, 1.336] | grad_norm=[0.367, 0.160, 0.341, 0.408]
step 21400/23187 (92.29%) | loss: 2.823799 | lrm: 0.16 | lr(adamw:3.794e-02, muon:3.163e-03) | dt: 3447.35ms | tok/sec: 76,042 | bf16_mfu: 30.96 | epoch: 1 pq: 126 rg: 6 | total time: 1463.82m | eta: 122.3m
2026-07-03 18:00:12,156 - nanochat.checkpoint_manager - [32m[1mINFO[0m - Saved model parameters to: /__modal/volumes/vo-YghGtH0KLHCwgaLsbe3KX9/out/p07_mst_scaling/S7_COMBO_A_D32/depth_32/ckpt_base/base/model_021600.pt
2026-07-03 18:00:12,158 - nanochat.checkpoint_manager - [32m[1mINFO[0m - Saved metadata to: /__modal/volumes/vo-YghGtH0KLHCwgaLsbe3KX9/out/p07_mst_scaling/S7_COMBO_A_D32/depth_32/ckpt_base/base/meta_021600.json
2026-07-03 18:00:20,953 - nanochat.checkpoint_manager - [32m[1mINFO[0m - Saved optimizer state to: /__modal/volumes/vo-YghGtH0KLHCwgaLsbe3KX9/out/p07_mst_scaling/S7_COMBO_A_D32/depth_32/ckpt_base/base/optim_021600_rank0.pt
Removed previous periodic checkpoint at step 021400
  [MST diag] sub_sim=[-0.170, -0.054, -0.075, -0.073, -0.054, -0.078, -0.051, -0.015, -0.000, 0.026, 0.040, 0.239, 0.068, 0.068, 0.076, 0.085, 0.113, 0.120, 0.123, 0.134, 0.160, 0.159, 0.575, 0.139, 0.049, 0.261, 0.083, 0.124, 0.054, 0.022, -0.035, -0.014] | route_ent=[1.367, 1.328, 1.359, 1.344, 1.352, 1.344, 1.375, 1.344, 1.297, 1.250, 1.289, 1.297, 1.273, 1.203, 1.227, 1.328, 1.281, 1.234, 1.227, 1.250, 1.328, 1.266, 1.281, 1.312, 1.312, 1.352, 1.359, 1.336, 1.312, 1.289, 1.367, 1.336] | grad_norm=[0.362, 0.159, 0.312, 0.380]
step 21600/23187 (93.16%) | loss: 2.835485 | lrm: 0.15 | lr(adamw:3.500e-02, muon:2.917e-03) | dt: 3444.21ms | tok/sec: 76,111 | bf16_mfu: 30.99 | epoch: 1 pq: 127 rg: 21 | total time: 1475.21m | eta: 108.4m
2026-07-03 18:11:49,554 - nanochat.checkpoint_manager - [32m[1mINFO[0m - Saved model parameters to: /__modal/volumes/vo-YghGtH0KLHCwgaLsbe3KX9/out/p07_mst_scaling/S7_COMBO_A_D32/depth_32/ckpt_base/base/model_021800.pt
2026-07-03 18:11:49,557 - nanochat.checkpoint_manager - [32m[1mINFO[0m - Saved metadata to: /__modal/volumes/vo-YghGtH0KLHCwgaLsbe3KX9/out/p07_mst_scaling/S7_COMBO_A_D32/depth_32/ckpt_base/base/meta_021800.json
2026-07-03 18:11:58,269 - nanochat.checkpoint_manager - [32m[1mINFO[0m - Saved optimizer state to: /__modal/volumes/vo-YghGtH0KLHCwgaLsbe3KX9/out/p07_mst_scaling/S7_COMBO_A_D32/depth_32/ckpt_base/base/optim_021800_rank0.pt
Removed previous periodic checkpoint at step 021600
  [MST diag] sub_sim=[-0.171, -0.058, -0.078, -0.077, -0.058, -0.082, -0.054, -0.019, -0.004, 0.023, 0.037, 0.244, 0.065, 0.064, 0.072, 0.081, 0.109, 0.117, 0.120, 0.132, 0.158, 0.158, 0.584, 0.139, 0.048, 0.264, 0.085, 0.122, 0.053, 0.020, -0.037, -0.019] | route_ent=[1.375, 1.328, 1.359, 1.336, 1.352, 1.344, 1.375, 1.344, 1.297, 1.258, 1.289, 1.297, 1.281, 1.211, 1.234, 1.328, 1.289, 1.250, 1.242, 1.250, 1.328, 1.273, 1.289, 1.320, 1.312, 1.352, 1.359, 1.336, 1.320, 1.289, 1.367, 1.336] | grad_norm=[0.351, 0.145, 0.301, 0.358]
step 21800/23187 (94.02%) | loss: 2.798416 | lrm: 0.14 | lr(adamw:3.206e-02, muon:2.672e-03) | dt: 3488.81ms | tok/sec: 75,138 | bf16_mfu: 30.60 | epoch: 1 pq: 128 rg: 35 | total time: 1486.58m | eta: 94.6m
<|bos|>The capital of France is Paris, the capital of France is Paris, the capital of France is Paris,
<|bos|>The chemical symbol of gold is Au. It is a soft, malleable, and ductile metal. It
<|bos|>If yesterday was Friday, then tomorrow will be Saturday. If yesterday was Sunday, then tomorrow will be Monday. If yesterday was
<|bos|>The opposite of hot is cold. The opposite of cold is hot. The opposite of hot is cold.
<|bos|>The planets of the solar system are: Mercury, Venus, Earth, Mars, Jupiter, Saturn, Uranus, Ne
<|bos|>My favorite color is green. I love the way it makes me feel. I love the way it
<|bos|>If 5*x + 3 = 13, then x is 5. If 5*x + 3 = 13, then
2026-07-03 18:23:34,619 - nanochat.checkpoint_manager - [32m[1mINFO[0m - Saved model parameters to: /__modal/volumes/vo-YghGtH0KLHCwgaLsbe3KX9/out/p07_mst_scaling/S7_COMBO_A_D32/depth_32/ckpt_base/base/model_022000.pt
2026-07-03 18:23:34,621 - nanochat.checkpoint_manager - [32m[1mINFO[0m - Saved metadata to: /__modal/volumes/vo-YghGtH0KLHCwgaLsbe3KX9/out/p07_mst_scaling/S7_COMBO_A_D32/depth_32/ckpt_base/base/meta_022000.json
2026-07-03 18:23:43,146 - nanochat.checkpoint_manager - [32m[1mINFO[0m - Saved optimizer state to: /__modal/volumes/vo-YghGtH0KLHCwgaLsbe3KX9/out/p07_mst_scaling/S7_COMBO_A_D32/depth_32/ckpt_base/base/optim_022000_rank0.pt
Removed previous periodic checkpoint at step 021800
  [MST diag] sub_sim=[-0.171, -0.059, -0.080, -0.078, -0.056, -0.081, -0.053, -0.017, -0.003, 0.023, 0.037, 0.252, 0.065, 0.064, 0.071, 0.080, 0.108, 0.116, 0.119, 0.132, 0.158, 0.159, 0.601, 0.139, 0.049, 0.274, 0.087, 0.126, 0.054, 0.022, -0.034, -0.016] | route_ent=[1.367, 1.328, 1.359, 1.344, 1.352, 1.344, 1.375, 1.344, 1.297, 1.250, 1.289, 1.297, 1.273, 1.203, 1.234, 1.328, 1.289, 1.242, 1.234, 1.250, 1.328, 1.266, 1.281, 1.320, 1.312, 1.352, 1.359, 1.336, 1.312, 1.281, 1.367, 1.336] | grad_norm=[0.317, 0.150, 0.276, 0.334]
step 22000/23187 (94.88%) | loss: 2.770704 | lrm: 0.12 | lr(adamw:2.912e-02, muon:2.427e-03) | dt: 3492.83ms | tok/sec: 75,051 | bf16_mfu: 30.56 | epoch: 1 pq: 129 rg: 49 | total time: 1497.98m | eta: 80.9m
2026-07-03 18:35:12,207 - nanochat.checkpoint_manager - [32m[1mINFO[0m - Saved model parameters to: /__modal/volumes/vo-YghGtH0KLHCwgaLsbe3KX9/out/p07_mst_scaling/S7_COMBO_A_D32/depth_32/ckpt_base/base/model_022200.pt
2026-07-03 18:35:12,209 - nanochat.checkpoint_manager - [32m[1mINFO[0m - Saved metadata to: /__modal/volumes/vo-YghGtH0KLHCwgaLsbe3KX9/out/p07_mst_scaling/S7_COMBO_A_D32/depth_32/ckpt_base/base/meta_022200.json
2026-07-03 18:35:21,330 - nanochat.checkpoint_manager - [32m[1mINFO[0m - Saved optimizer state to: /__modal/volumes/vo-YghGtH0KLHCwgaLsbe3KX9/out/p07_mst_scaling/S7_COMBO_A_D32/depth_32/ckpt_base/base/optim_022200_rank0.pt
Removed previous periodic checkpoint at step 022000
  [MST diag] sub_sim=[-0.170, -0.057, -0.077, -0.076, -0.056, -0.081, -0.053, -0.017, -0.002, 0.026, 0.039, 0.256, 0.068, 0.067, 0.075, 0.084, 0.111, 0.119, 0.122, 0.134, 0.161, 0.160, 0.613, 0.140, 0.049, 0.278, 0.088, 0.127, 0.054, 0.024, -0.033, -0.016] | route_ent=[1.375, 1.336, 1.359, 1.344, 1.352, 1.344, 1.375, 1.344, 1.297, 1.250, 1.289, 1.297, 1.273, 1.203, 1.234, 1.328, 1.289, 1.242, 1.234, 1.242, 1.328, 1.266, 1.289, 1.320, 1.312, 1.344, 1.359, 1.344, 1.312, 1.289, 1.367, 1.336] | grad_norm=[0.334, 0.154, 0.301, 0.357]
step 22200/23187 (95.74%) | loss: 2.762154 | lrm: 0.11 | lr(adamw:2.618e-02, muon:2.182e-03) | dt: 3443.81ms | tok/sec: 76,120 | bf16_mfu: 31.00 | epoch: 1 pq: 130 rg: 64 | total time: 1509.37m | eta: 67.1m
2026-07-03 18:46:52,976 - nanochat.checkpoint_manager - [32m[1mINFO[0m - Saved model parameters to: /__modal/volumes/vo-YghGtH0KLHCwgaLsbe3KX9/out/p07_mst_scaling/S7_COMBO_A_D32/depth_32/ckpt_base/base/model_022400.pt
2026-07-03 18:46:52,979 - nanochat.checkpoint_manager - [32m[1mINFO[0m - Saved metadata to: /__modal/volumes/vo-YghGtH0KLHCwgaLsbe3KX9/out/p07_mst_scaling/S7_COMBO_A_D32/depth_32/ckpt_base/base/meta_022400.json
2026-07-03 18:47:01,566 - nanochat.checkpoint_manager - [32m[1mINFO[0m - Saved optimizer state to: /__modal/volumes/vo-YghGtH0KLHCwgaLsbe3KX9/out/p07_mst_scaling/S7_COMBO_A_D32/depth_32/ckpt_base/base/optim_022400_rank0.pt
Removed previous periodic checkpoint at step 022200
  [MST diag] sub_sim=[-0.172, -0.065, -0.082, -0.081, -0.060, -0.083, -0.056, -0.020, -0.006, 0.021, 0.035, 0.255, 0.063, 0.062, 0.070, 0.080, 0.108, 0.116, 0.118, 0.131, 0.158, 0.157, 0.620, 0.137, 0.049, 0.279, 0.086, 0.124, 0.051, 0.019, -0.039, -0.022] | route_ent=[1.367, 1.336, 1.359, 1.344, 1.352, 1.344, 1.375, 1.344, 1.297, 1.258, 1.289, 1.297, 1.273, 1.203, 1.234, 1.328, 1.289, 1.242, 1.234, 1.250, 1.328, 1.266, 1.289, 1.320, 1.312, 1.352, 1.359, 1.336, 1.312, 1.289, 1.367, 1.336] | grad_norm=[0.331, 0.149, 0.307, 0.370]
step 22400/23187 (96.61%) | loss: 2.782953 | lrm: 0.10 | lr(adamw:2.324e-02, muon:1.937e-03) | dt: 3491.46ms | tok/sec: 75,081 | bf16_mfu: 30.57 | epoch: 1 pq: 131 rg: 78 | total time: 1520.80m | eta: 53.5m
2026-07-03 18:58:34,176 - nanochat.checkpoint_manager - [32m[1mINFO[0m - Saved model parameters to: /__modal/volumes/vo-YghGtH0KLHCwgaLsbe3KX9/out/p07_mst_scaling/S7_COMBO_A_D32/depth_32/ckpt_base/base/model_022600.pt
2026-07-03 18:58:34,179 - nanochat.checkpoint_manager - [32m[1mINFO[0m - Saved metadata to: /__modal/volumes/vo-YghGtH0KLHCwgaLsbe3KX9/out/p07_mst_scaling/S7_COMBO_A_D32/depth_32/ckpt_base/base/meta_022600.json
2026-07-03 18:58:42,983 - nanochat.checkpoint_manager - [32m[1mINFO[0m - Saved optimizer state to: /__modal/volumes/vo-YghGtH0KLHCwgaLsbe3KX9/out/p07_mst_scaling/S7_COMBO_A_D32/depth_32/ckpt_base/base/optim_022600_rank0.pt
Removed previous periodic checkpoint at step 022400
  [MST diag] sub_sim=[-0.172, -0.059, -0.081, -0.079, -0.059, -0.084, -0.056, -0.019, -0.004, 0.023, 0.037, 0.255, 0.065, 0.064, 0.072, 0.081, 0.108, 0.116, 0.119, 0.131, 0.158, 0.158, 0.624, 0.137, 0.049, 0.278, 0.084, 0.124, 0.052, 0.019, -0.039, -0.020] | route_ent=[1.367, 1.328, 1.359, 1.344, 1.352, 1.352, 1.375, 1.352, 1.297, 1.250, 1.297, 1.297, 1.273, 1.195, 1.234, 1.328, 1.289, 1.242, 1.234, 1.242, 1.328, 1.273, 1.289, 1.320, 1.312, 1.352, 1.359, 1.336, 1.312, 1.289, 1.367, 1.344] | grad_norm=[0.335, 0.138, 0.287, 0.360]
step 22600/23187 (97.47%) | loss: 2.723929 | lrm: 0.09 | lr(adamw:2.030e-02, muon:1.692e-03) | dt: 3464.59ms | tok/sec: 75,663 | bf16_mfu: 30.81 | epoch: 1 pq: 133 rg: 9 | total time: 1532.24m | eta: 39.8m
2026-07-03 19:10:13,389 - nanochat.checkpoint_manager - [32m[1mINFO[0m - Saved model parameters to: /__modal/volumes/vo-YghGtH0KLHCwgaLsbe3KX9/out/p07_mst_scaling/S7_COMBO_A_D32/depth_32/ckpt_base/base/model_022800.pt
2026-07-03 19:10:13,391 - nanochat.checkpoint_manager - [32m[1mINFO[0m - Saved metadata to: /__modal/volumes/vo-YghGtH0KLHCwgaLsbe3KX9/out/p07_mst_scaling/S7_COMBO_A_D32/depth_32/ckpt_base/base/meta_022800.json
2026-07-03 19:10:22,318 - nanochat.checkpoint_manager - [32m[1mINFO[0m - Saved optimizer state to: /__modal/volumes/vo-YghGtH0KLHCwgaLsbe3KX9/out/p07_mst_scaling/S7_COMBO_A_D32/depth_32/ckpt_base/base/optim_022800_rank0.pt
Removed previous periodic checkpoint at step 022600
  [MST diag] sub_sim=[-0.166, -0.060, -0.083, -0.082, -0.061, -0.085, -0.058, -0.021, -0.006, 0.022, 0.036, 0.263, 0.064, 0.063, 0.070, 0.080, 0.107, 0.115, 0.118, 0.130, 0.156, 0.156, 0.633, 0.136, 0.049, 0.282, 0.083, 0.123, 0.052, 0.019, -0.039, -0.020] | route_ent=[1.367, 1.336, 1.359, 1.344, 1.359, 1.352, 1.375, 1.352, 1.297, 1.258, 1.289, 1.297, 1.273, 1.203, 1.227, 1.328, 1.289, 1.242, 1.227, 1.250, 1.328, 1.266, 1.289, 1.328, 1.312, 1.359, 1.359, 1.344, 1.320, 1.289, 1.367, 1.344] | grad_norm=[0.337, 0.140, 0.267, 0.350]
step 22800/23187 (98.33%) | loss: 2.749788 | lrm: 0.07 | lr(adamw:1.736e-02, muon:1.447e-03) | dt: 3453.31ms | tok/sec: 75,910 | bf16_mfu: 30.91 | epoch: 1 pq: 134 rg: 24 | total time: 1543.65m | eta: 26.2m
2026-07-03 19:21:55,244 - nanochat.checkpoint_manager - [32m[1mINFO[0m - Saved model parameters to: /__modal/volumes/vo-YghGtH0KLHCwgaLsbe3KX9/out/p07_mst_scaling/S7_COMBO_A_D32/depth_32/ckpt_base/base/model_023000.pt
2026-07-03 19:21:55,246 - nanochat.checkpoint_manager - [32m[1mINFO[0m - Saved metadata to: /__modal/volumes/vo-YghGtH0KLHCwgaLsbe3KX9/out/p07_mst_scaling/S7_COMBO_A_D32/depth_32/ckpt_base/base/meta_023000.json
2026-07-03 19:22:05,008 - nanochat.checkpoint_manager - [32m[1mINFO[0m - Saved optimizer state to: /__modal/volumes/vo-YghGtH0KLHCwgaLsbe3KX9/out/p07_mst_scaling/S7_COMBO_A_D32/depth_32/ckpt_base/base/optim_023000_rank0.pt
Removed previous periodic checkpoint at step 022800
  [MST diag] sub_sim=[-0.167, -0.067, -0.085, -0.084, -0.064, -0.087, -0.059, -0.023, -0.008, 0.019, 0.032, 0.266, 0.061, 0.060, 0.068, 0.078, 0.106, 0.114, 0.117, 0.130, 0.157, 0.157, 0.642, 0.137, 0.049, 0.283, 0.084, 0.121, 0.048, 0.017, -0.042, -0.024] | route_ent=[1.367, 1.336, 1.359, 1.344, 1.352, 1.352, 1.375, 1.352, 1.297, 1.258, 1.297, 1.297, 1.273, 1.211, 1.242, 1.328, 1.289, 1.242, 1.234, 1.250, 1.328, 1.266, 1.281, 1.320, 1.312, 1.344, 1.359, 1.336, 1.312, 1.289, 1.367, 1.336] | grad_norm=[0.311, 0.147, 0.266, 0.346]
step 23000/23187 (99.19%) | loss: 2.745487 | lrm: 0.06 | lr(adamw:1.441e-02, muon:1.201e-03) | dt: 3477.93ms | tok/sec: 75,373 | bf16_mfu: 30.69 | epoch: 1 pq: 135 rg: 39 | total time: 1555.09m | eta: 12.6m
  [MST diag] sub_sim=[-0.168, -0.063, -0.084, -0.082, -0.063, -0.088, -0.060, -0.024, -0.009, 0.018, 0.033, 0.265, 0.061, 0.060, 0.067, 0.078, 0.105, 0.113, 0.116, 0.128, 0.155, 0.155, 0.645, 0.135, 0.049, 0.286, 0.085, 0.122, 0.048, 0.018, -0.041, -0.022] | route_ent=[1.367, 1.336, 1.359, 1.344, 1.352, 1.352, 1.375, 1.352, 1.297, 1.258, 1.289, 1.297, 1.273, 1.203, 1.234, 1.328, 1.289, 1.242, 1.227, 1.250, 1.328, 1.273, 1.289, 1.320, 1.312, 1.352, 1.359, 1.344, 1.320, 1.289, 1.367, 1.344] | grad_norm=[0.310, 0.138, 0.292, 0.328]
step 23186/23187 (100.00%) | loss: 2.777795 | lrm: 0.05 | lr(adamw:1.168e-02, muon:9.735e-04) | dt: 3485.04ms | tok/sec: 75,219 | bf16_mfu: 30.63 | epoch: 1 pq: 136 rg: 46 | total time: 1565.75m | eta: 0.1m
/usr/local/lib/python3.12/site-packages/torch/_dynamo/variables/functions.py:1598: UserWarning: Dynamo does not know how to trace the builtin `torch._C._distributed_c10d.pybind11_detail_function_record_v1_system_libstdcpp_gxx_abi_1xxx_use_cxx11_abi_1._broadcast_coalesced.` This function is either a Python builtin (e.g. _warnings.warn) or a third-party C/C++ Python extension (perhaps created with pybind).
If it is a Python builtin, please file an issue on GitHub so the PyTorch team can add support for it and see the next case for a workaround.
If it is a third-party C/C++ Python extension, please either wrap it into a PyTorch-understood custom operator (see https://pytorch.org/tutorials/advanced/custom_ops_landing_page.html for more details) or, if it is traceable, use `torch.compiler.allow_in_graph`.
  torch._dynamo.utils.warn_once(explanation + "\n" + "\n".join(hints))
/usr/local/lib/python3.12/site-packages/torch/_inductor/lowering.py:7242: UserWarning: 
Online softmax is disabled on the fly since Inductor decides to
split the reduction. Cut an issue to PyTorch if this is an
important use case and you want to speed it up with online
softmax.

  warnings.warn(
Step 23187 | Validation bpb: 0.743394 | val_loss: 2.438467
<|bos|>The capital of France is Paris, and the capital of the world is London. The capital of the world
<|bos|>The chemical symbol of gold is Au. The atomic number of gold is 79. The atomic weight of gold
<|bos|>If yesterday was Friday, then tomorrow will be Saturday. If yesterday was Sunday, then tomorrow will be Monday. If yesterday was
<|bos|>The opposite of hot is cold. The opposite of cold is hot. The opposite of hot is cold.
<|bos|>The planets of the solar system are: Mercury, Venus, Earth, Mars, Jupiter, Saturn, Uranus, Ne
<|bos|>My favorite color is blue. I love the color blue. I love the color blue. I love
<|bos|>If 5*x + 3 = 13, then x is 5. If 5*x + 3 = 13, then
2026-07-03 19:39:39,535 - nanochat.checkpoint_manager - [32m[1mINFO[0m - Saved model parameters to: /__modal/volumes/vo-YghGtH0KLHCwgaLsbe3KX9/out/p07_mst_scaling/S7_COMBO_A_D32/depth_32/ckpt_base/base/model_023187.pt
2026-07-03 19:39:39,538 - nanochat.checkpoint_manager - [32m[1mINFO[0m - Saved metadata to: /__modal/volumes/vo-YghGtH0KLHCwgaLsbe3KX9/out/p07_mst_scaling/S7_COMBO_A_D32/depth_32/ckpt_base/base/meta_023187.json
2026-07-03 19:39:49,740 - nanochat.checkpoint_manager - [32m[1mINFO[0m - Saved optimizer state to: /__modal/volumes/vo-YghGtH0KLHCwgaLsbe3KX9/out/p07_mst_scaling/S7_COMBO_A_D32/depth_32/ckpt_base/base/optim_023187_rank0.pt
step 23187/23187 (final) | loss: 2.777795 | early_stop: 0
Peak memory usage: 117680.46MiB
Total training time: 1565.75m
Minimum validation bpb: 0.743394
Minimum validation loss (nats/byte): 2.438467
[MST] Results appended → /__modal/volumes/vo-YghGtH0KLHCwgaLsbe3KX9/out/p07_mst_scaling/S7_COMBO_A_D32/depth_32/ckpt_base/mst_results.csv
[MST] Results also appended → /__modal/volumes/vo-YghGtH0KLHCwgaLsbe3KX9/mst_results.csv
Final Validation BPB for base: 0.7434

--- Generating Report ---
Saved plot to out/p07_mst_scaling/S7_COMBO_A_D32/depth_32/comparison_depth_32.png
Saved TSV data to out/p07_mst_scaling/S7_COMBO_A_D32/depth_32/results_depth_32.tsv
Generating report to out/report/report.md
Copying report.md to current directory for convenience
================================================================
Sweep Complete! Results saved to out/p07_mst_scaling/S7_COMBO_A_D32
================================================================
Requested NPROC_PER_NODE=8, but only 1 GPU(s) visible. Capping.
Using NPROC_PER_NODE=1
NANOCHAT_SKIP_ENV_SETUP=0
===== GPU Info =====
Fri Jul  3 21:18:24 2026       
+-----------------------------------------------------------------------------------------+
| NVIDIA-SMI 580.95.05              Driver Version: 580.95.05      CUDA Version: 13.0     |
+-----------------------------------------+------------------------+----------------------+
| GPU  Name                 Persistence-M | Bus-Id          Disp.A | Volatile Uncorr. ECC |
| Fan  Temp   Perf          Pwr:Usage/Cap |           Memory-Usage | GPU-Util  Compute M. |
|                                         |                        |               MIG M. |
|=========================================+========================+======================|
|   0  NVIDIA H200                    On  |   00000000:59:00.0 Off |                    0 |
| N/A   39C    P0             76W /  700W |       0MiB / 143771MiB |      0%      Default |
|                                         |                        |             Disabled |
+-----------------------------------------+------------------------+----------------------+

+-----------------------------------------------------------------------------------------+
| Processes:                                                                              |
|  GPU   GI   CI              PID   Type   Process name                        GPU Memory |
|        ID   ID                                                               Usage      |
|=========================================================================================|
|  No running processes found                                                             |
+-----------------------------------------------------------------------------------------+
Starting Research Sweep. Output directory: out/p07_mst_scaling/S7_COMBO_A_D24
UV_SYSTEM_PYTHON=1: using system Python, skipping venv creation.
Validating system environment dependencies via uv...
[2mUsing Python 3.12.10 environment at: /usr/local[0m
[2mResolved [1m159 packages[0m [2min 697ms[0m[0m
   [36m[1mBuilding[0m[39m nanochat[2m @ file:///__modal/volumes/vo-YghGtH0KLHCwgaLsbe3KX9[0m
      [32m[1mBuilt[0m[39m nanochat[2m @ file:///__modal/volumes/vo-YghGtH0KLHCwgaLsbe3KX9[0m
[2mPrepared [1m1 package[0m [2min 2.21s[0m[0m
[2mUninstalled [1m1 package[0m [2min 5ms[0m[0m
[2mInstalled [1m1 package[0m [2min 2ms[0m[0m
 [31m-[39m [1mnanochat[0m[2m==0.1.0 (from file:///root)[0m
 [32m+[39m [1mnanochat[0m[2m==0.1.0 (from file:///__modal/volumes/vo-YghGtH0KLHCwgaLsbe3KX9)[0m
Reset report and wrote header to out/report/header.md
Dataset (up to 300 shards) already exists in data, skipping download.
Tokenizer already exists in tokenizer, skipping training.
================================================================
Processing Depth: 24
================================================================
2026-07-03 21:18:56,612 - httpx - [32m[1mINFO[0m - HTTP Request: GET https://huggingface.co/api/agent-harnesses "HTTP/1.1 200 OK"
2026-07-03 21:18:56,731 - httpx - [32m[1mINFO[0m - HTTP Request: HEAD https://huggingface.co/varunneal/flash-attention-3/resolve/main/kernel-status.toml "HTTP/1.1 404 Not Found"
2026-07-03 21:18:56,858 - httpx - [32m[1mINFO[0m - HTTP Request: GET https://huggingface.co/api/models/varunneal/flash-attention-3/tree/main/build?recursive=false&expand=false "HTTP/1.1 200 OK"
2026-07-03 21:18:56,968 - httpx - [32m[1mINFO[0m - HTTP Request: GET https://huggingface.co/api/models/varunneal/flash-attention-3/revision/main "HTTP/1.1 200 OK"
2026-07-03 21:18:57,103 - httpx - [32m[1mINFO[0m - HTTP Request: HEAD https://huggingface.co/varunneal/flash-attention-3/resolve/de87b9b5af06dd9984df595bef90b2eba44b181a/build/torch29-cxx11-cu128-x86_64-linux/flash_attention_3/flash_attn_interface.py "HTTP/1.1 307 Temporary Redirect"
2026-07-03 21:18:57,108 - httpx - [32m[1mINFO[0m - HTTP Request: HEAD https://huggingface.co/api/resolve-cache/models/varunneal/flash-attention-3/de87b9b5af06dd9984df595bef90b2eba44b181a/build%2Ftorch29-cxx11-cu128-x86_64-linux%2Fflash_attention_[1m3%[0m2Fflash_attn_interface.py "HTTP/1.1 200 OK"
2026-07-03 21:18:57,116 - httpx - [32m[1mINFO[0m - HTTP Request: GET https://huggingface.co/api/resolve-cache/models/varunneal/flash-attention-3/de87b9b5af06dd9984df595bef90b2eba44b181a/build%2Ftorch29-cxx11-cu128-x86_64-linux%2Fflash_attention_[1m3%[0m2Fflash_attn_interface.py "HTTP/1.1 200 OK"
2026-07-03 21:18:57,123 - httpx - [32m[1mINFO[0m - HTTP Request: HEAD https://huggingface.co/varunneal/flash-attention-3/resolve/de87b9b5af06dd9984df595bef90b2eba44b181a/build/torch29-cxx11-cu128-x86_64-linux/flash_attention_3/_C.abi3.so "HTTP/1.1 302 Found"
2026-07-03 21:18:57,173 - httpx - [32m[1mINFO[0m - HTTP Request: HEAD https://huggingface.co/varunneal/flash-attention-3/resolve/de87b9b5af06dd9984df595bef90b2eba44b181a/build/torch29-cxx11-cu128-x86_64-linux/flash_attention_3/__init__.py "HTTP/1.1 307 Temporary Redirect"
2026-07-03 21:18:57,226 - httpx - [32m[1mINFO[0m - HTTP Request: HEAD https://huggingface.co/api/resolve-cache/models/varunneal/flash-attention-3/de87b9b5af06dd9984df595bef90b2eba44b181a/build%2Ftorch29-cxx11-cu128-x86_64-linux%2Fflash_attention_[1m3%[0m2F__init__.py "HTTP/1.1 200 OK"
2026-07-03 21:18:57,227 - httpx - [32m[1mINFO[0m - HTTP Request: HEAD https://huggingface.co/varunneal/flash-attention-3/resolve/de87b9b5af06dd9984df595bef90b2eba44b181a/build/torch29-cxx11-cu128-x86_64-linux/flash_attention_3/flash_attn_config.py "HTTP/1.1 307 Temporary Redirect"
2026-07-03 21:18:57,235 - httpx - [32m[1mINFO[0m - HTTP Request: HEAD https://huggingface.co/api/resolve-cache/models/varunneal/flash-attention-3/de87b9b5af06dd9984df595bef90b2eba44b181a/build%2Ftorch29-cxx11-cu128-x86_64-linux%2Fflash_attention_[1m3%[0m2Fflash_attn_config.py "HTTP/1.1 200 OK"
2026-07-03 21:18:57,237 - httpx - [32m[1mINFO[0m - HTTP Request: GET https://huggingface.co/api/resolve-cache/models/varunneal/flash-attention-3/de87b9b5af06dd9984df595bef90b2eba44b181a/build%2Ftorch29-cxx11-cu128-x86_64-linux%2Fflash_attention_[1m3%[0m2F__init__.py "HTTP/1.1 200 OK"
2026-07-03 21:18:57,245 - httpx - [32m[1mINFO[0m - HTTP Request: GET https://huggingface.co/api/resolve-cache/models/varunneal/flash-attention-3/de87b9b5af06dd9984df595bef90b2eba44b181a/build%2Ftorch29-cxx11-cu128-x86_64-linux%2Fflash_attention_[1m3%[0m2Fflash_attn_config.py "HTTP/1.1 200 OK"
[sweep] Requested 8 DDP workers but only 1 GPU(s) available — using 1.
================================================================
Starting Sweep for Depth 24
Target Tokens: Auto (per-model param count)
================================================================
  Overriding default target_dim (256) with full model_dim 1536

--- Training base ---

  ┌─────────────────────────────────────────────────────┐
  │  🆕  STARTING FRESH: [base]
  │     No checkpoints found — training from scratch.
  └─────────────────────────────────────────────────────┘

Running: /usr/local/bin/torchrun --standalone --nproc_per_node=1 -m scripts.base_train --depth 24 --aspect-ratio 64 --head-dim 128 --model-dim 1536 --max-seq-len 2048 --device-batch-size 16 --total-batch-size 262144 --target-tokens -1 --target-param-data-ratio 10.5 --eval-every -1 --log-every 200 --core-metric-every 0 --save-every 200 --warmup-ratio 0.005 --warmdown-ratio 0.65 --final-lr-frac 0.05 --adam-beta2 0.99 --research-warmup-ratio 0.05 --use-onecycle 0 --router-context-window -1 --remix-use-basis-gate 1 --remix-use-output-gate 1 --remix-use-context 1 --remix-basis-gate-mode mlp --remix-gate-lr-scale 0.3 --p22-n-templates 1 --p22-template-routing-learned 0 --p22-template-topk 0 --p22-attn-moe-route none --p26-output-gated-linear 0 --p28-shared-basis 0 --p28-chunk-routing-size 0 --p28-global-template-bank none --p28-attn-proj-templates 0 --p28-attn-qk-templates 0 --target-active-params 0 --remix-basis-gate-rank 8 --cclblock-modulation weight --cclblock-orth-lambda 0.0 --cclblock-context-stream local --cclblock-ema-factor 0.99 --cclblock-stale-ctx-lag 0 --cclblock-sparse-gate-k 0 --cclblock-gate-temperature 1.0 --cclblock-context-bank-size 0 --cclblock-per-head-ctx 0 --cclblock-context-source norm_x --cclblock-chunk-size 0 --cclblock-aux-objective none --cclblock-aux-lambda 0.1 --cclblock-boundary-token-id 198 --use-ral 0 --ral-rank 32 --cclblock-film-gate 0 --cclblock-attn-shadow-dim 0 --cclblock-dynamic-ratio 0.25 --cclblock-gate-rank 8 --cclblock-num-regimes 8 --cclblock-regime-temperature 1.0 --cclblock-poly-order 2 --cclblock-lie-generators 4 --cclblock-grassmann-bank-size 4 --cclblock-tucker-rank 32 --cclblock-tucker-modes 8 --cclblock-svs-rank 64 --cclblock-svs-eps 0.1 --cclblock-vq-codes 8 --cclblock-vq-temperature 1.0 --cclblock-dcu-warmup-steps 0 --cclblock-fsi-rotations 8 --cclblock-fsi-selector-dim 64 --cclblock-aesp-strata 4 --cclblock-aesp-delta-rank 4 --cclblock-ckr-branches 4 --cclblock-ckr-kernel-size 64 --cclblock-ckr-pos-channels 1 --cclblock-ckr-dual-optim 0 --cclblock-ckr-content-bias 0.0 --cclblock-giad-rank 32 --cclblock-psg-kernel-size 64 --cclblock-ss-dynamic-ratio 0.25 --cclblock-ss-branches 2 --cclblock-ss-kernel-size 64 --cclblock-lokr-branches 8 --cclblock-lokr-rank 16 --cclblock-ckr-temp-start 2.0 --cclblock-ckr-temp-end 0.3 --cclblock-com-kernel-size 32 --cclblock-ckr-ortho-init 0 --cclblock-ckr-branch-dropout 0.0 --cclblock-ckr-diversity-lambda 0.0 --cclblock-pgr-kernel-size 64 --cclblock-cil-kernel-size 64 --cclblock-prb-kernel-size 64 --p18-layer-drop 0.0 --p18-dynamic-activation 0 --p18-mixture-norm 0 --p18-aux-sim-lambda 0.0 --p18-gradient-penalty 0.0 --p18-per-channel-scale 0 --p19-residual-gate 0 --p19-head-importance 0 --p19-residual-mix-groups 0 --p19-attn-logit-bias 0 --p19-residual-decay 0 --p19-grad-equilibrium 0.0 --p19-spectral-reparam 0 --p19-weight-anticollapse 0.0 --p19-ve-bias 0 --p19-weight-noise 0.0 --p20-hrcs-scale 0 --p20-lswr-scale 0 --p20-lswr-planes 8 --p20-lrcfb-branches 0 --p20-lrcfb-narrow 0 --p20-lrcfb-learned 0 --p20-lrcfb-topk 0 --p20-dgcr-branches 0 --p20-dgcr-aux-weight 0.01 --p20-mone-experts 0 --p20-mone-topk 0 --p20-mone-narrow 1 --p20-mone-frozen 0 --p20-ncea-branches 0 --p20-ncea-eps 0.1 --p20-adwi 0 --p20-pwu-branches 0 --p20-pwu-phase 1 --p20-fsvd-gate 0 --p20-wbfc-clusters 0 --p20-wbfc-active 0 --p21-per-experts 0 --p21-per-topk 0 --p21-per-learned 0 --p21-per-attn 0 --p23-tiny-expert 0 --p23-n-experts 64 --p23-topk 16 --p23-learned-route 0 --p23-std-moe-experts 0 --p23-std-moe-topk -1 --p23-std-moe-aux-weight 0.01 --p23-lokr 0 --p23-lokr-rank 4 --p23-use-shared-block-router 0 --p23-linear-moe-experts 0 --p23-linear-moe-topk 0 --p23-quantile-route 0 --p24-use-sliced-weight 0 --p24-sliced-weight-reduction-scale 8 --p24-sliced-weight-min-select 128 --p24-sliced-weight-scope per_token --p24-sliced-weight-balance-coeff 0.01 --p24-quantile-route 0 --p24-use-folded-mod 0 --p24-folded-mod-reduction-scale 8 --p24-folded-mod-scope per_layer --p24-folded-mod-gate-act tanh_centered --p24-use-sequence-gated-linear 0 --p24-sequence-gated-scope per_layer --p24-sequence-gated-act tanh_centered --p24-folded-mod-min-dim 128 --remix-shared-context-gates 0 --remix-use-dual-gate 0 --remix-basis-scale-factor 4 --remix-output-gate-rank 16 --p24-use-sliced-weight 0 --p24-sliced-weight-reduction-scale 8 --p24-sliced-weight-min-select 128 --p24-sliced-weight-scope per_token --p24-sliced-weight-balance-coeff 0.01 --p24-quantile-route 0 --p24-use-folded-mod 0 --p24-folded-mod-reduction-scale 8 --p24-folded-mod-scope per_layer --p24-folded-mod-gate-act tanh_centered --p24-use-sequence-gated-linear 0 --p24-sequence-gated-scope per_layer --p24-sequence-gated-act tanh_centered --remix-disable-ln-basis 0 --dense-intermediate-ln 0 --use-mst 1 --mst-n-subs 4 --mst-sub-dim 384 --mst-head-dim 0 --mst-input-mode learned_proj --mst-rotated-slice-learned 0 --mst-routing-mode soft_weighted --mst-routing-topk 0 --mst-routing-aux-weight 0.01 --mst-diversity-weight 0.0 --mst-ffn-mode standard --mst-transition-mode aggregate_distribute --mst-final-mode concat_proj --mst-final-topk 0 --mst-ffn-shared-up 0 --mst-ffn-inner-dim 0 --mst-sub-dropout 0.0 --mst-transition-every 1 --mst-ffa-temperature 1.0 --mst-global-residual 0 --mst-hybrid-dense 0 --mst-cross-sub-kv 0 --mst-sub-aux-weight 0.0 --mst-progressive-merge 0 --mst-multi-scale-windows 0 --mst-delta-residual 0 --mst-sub-layers 1 --mst-grad-equalize 1 --mst-block-diagonal-muon 1 --mst-transition-width-mult 4.0 --mst-sub-lr-scale 2.0 --mst-shared-expert 0 --mst-router-entropy-weight 0.0 --mst-shared-kv-attn 0 --mst-contrastive-diversity-weight 0.0 --mst-transition-nonlinear 0 --mst-transition-gated 0 --mst-transition-mlp 0 --mst-cross-sub-gate 0 --mst-hyper-connect 0 --mst-cross-kv-inject 0 --mst-slice-transition 0 --mst-lookback-layers 0 --mst-bilinear-transition 0 --mst-cross-sub-qmod 0 --mst-feature-cycle 0 --mst-mean-transition 0 --use-eet 0 --eet-frozen-kv 1 --eet-reenter-final 0 --eet-compute-skip 0 --eet-target-active-frac 0.125 --eet-capacity-schedule bell --eet-exit-fracs  --eet-router-type mlp2 --eet-router-hidden 0 --eet-freq-prior-alpha 0.0 --eet-pos-prior-beta 0.0 --eet-domain-prior 0 --eet-warmup-frac 0.02 --eet-explore-frac 0.15 --eet-reconstruct-lambda 1.0 --eet-efficiency-lambda-start 0.01 --eet-efficiency-lambda-end 0.1 --eet-translator-rank 0 --eet-max-frozen-kv-frac 0.75 --eet-exit-threshold 0.5 --eet-min-exit-layer 1 --eet-loss-variant reconstruct --eet-topk-vocab 512 --eet-entropy-lambda 0.3 --eet-surprise-lambda 0.1 --eet-adv-lambda 1.0 --eet-adv-entropy-lambda 0.2 --eet-quality-lambda 1.0 --eet-quality-entropy-bonus 0.1 --eet-gumbel-temp-start 0.0 --eet-gumbel-temp-end 0.1 --eet-gumbel-hard 1 --eet-commitment-beta 0.1 --eet-global-router 0 --eet-freq-efficiency-alpha 0.0 --eet-diversity-lambda 0.0 --eet-ce-guided-lambda 1.0 --eet-router-lr-mult 5.0 --eet-model-lr-mult 1.0 --eet-depth-weight-type none --eet-depth-weight-max 2.5 --eet-use-override 0 --eet-override-prob-start 0.5 --eet-override-prob-end 0.1 --eet-capacity-alignment-lambda 0.0 --eet-router-task-grad 1 --eet-reinforce-interval 0 --eet-reinforce-lambda 0.1 --eet-exit-adapter-rank 0 --eet-router-after-block 0 --eet-ffn-skip 0 --eet-ffn-target-frac 0.5 --eet-ffn-full-attn 1 --eet-depth-affine 0 --eet-capacity-anneal-frac 0.0 --eet-learned-schedule 0 --eet-departure-summary 0 --eet-route-consistency-lambda 0.0 --eet-dense-distill-interval 0 --eet-dense-distill-lambda 0.5 --eet-depth-lr-scale 0 --eet-depth-grad-scale 0 --eet-detach-aux-from-backbone 0 --eet-detach-exit-from-backbone 0 --compile --tokenizer-dir tokenizer --data-dir data --max-shards 300 --checkpoints-dir /__modal/volumes/vo-YghGtH0KLHCwgaLsbe3KX9/out/p07_mst_scaling/S7_COMBO_A_D24/depth_24/ckpt_base --model-tag base
2026-07-03 21:19:15,947 - httpx - [32m[1mINFO[0m - HTTP Request: HEAD https://huggingface.co/varunneal/flash-attention-3/resolve/main/kernel-status.toml "HTTP/1.1 404 Not Found"
2026-07-03 21:19:16,070 - httpx - [32m[1mINFO[0m - HTTP Request: GET https://huggingface.co/api/models/varunneal/flash-attention-3/tree/main/build?recursive=false&expand=false "HTTP/1.1 200 OK"
2026-07-03 21:19:16,197 - httpx - [32m[1mINFO[0m - HTTP Request: GET https://huggingface.co/api/models/varunneal/flash-attention-3/revision/main "HTTP/1.1 200 OK"

                                                       █████                █████
                                                      ░░███                ░░███
     ████████    ██████   ████████    ██████   ██████  ░███████    ██████  ███████
    ░░███░░███  ░░░░░███ ░░███░░███  ███░░███ ███░░███ ░███░░███  ░░░░░███░░░███░
     ░███ ░███   ███████  ░███ ░███ ░███ ░███░███ ░░░  ░███ ░███   ███████  ░███
     ░███ ░███  ███░░███  ░███ ░███ ░███ ░███░███  ███ ░███ ░███  ███░░███  ░███ ███
     ████ █████░░████████ ████ █████░░██████ ░░██████  ████ █████░░███████  ░░█████
    ░░░░ ░░░░░  ░░░░░░░░ ░░░░ ░░░░░  ░░░░░░   ░░░░░░  ░░░░ ░░░░░  ░░░░░░░░   ░░░░░
    
Autodetected device type: cuda
2026-07-03 21:19:19,107 - nanochat.common - [32m[1mINFO[0m - Distributed world size: 1
GPU: NVIDIA H200 | Peak FLOPS (BF16): 9.89e+14
COMPUTE_DTYPE: torch.bfloat16 (auto-detected: CUDA SM 90 (bf16 supported))
✓ Using Flash Attention 3 (Hopper GPU detected) — efficient and fast.
Vocab size: 32,768
[MST] Using compile-optimized BatchedMSTLayer (N=4, d=384)
[MST] 1A: Per-sub gradient equalization hooks registered
Model config:
{
  "sequence_len": 2048,
  "vocab_size": 32768,
  "n_layer": 24,
  "n_head": 12,
  "n_kv_head": 12,
  "n_embd": 1536,
  "use_moe": false,
  "use_perm": false,
  "moe_num_experts": 8,
  "moe_router_dim": 64,
  "moe_embed_dim": 64,
  "dropout": 0.0,
  "use_remix_linear": false,
  "remix_context_dim": 64,
  "remix_context_dim_ratio": 6,
  "remix_basis_size": 64,
  "remix_output_gate_rank": 16,
  "remixed_linear_kwargs": {
    "use_basis_gate": true,
    "use_output_gate": true,
    "use_context": true,
    "basis_gate_mode": "mlp",
    "sparse_gate_k": 0,
    "gate_temperature": 1.0,
    "basis_scale_factor": 4,
    "n_templates": 1,
    "template_routing_learned": false,
    "template_topk": 0,
    "tiny_expert": false,
    "tiny_expert_topk": 16,
    "lokr_expert": false,
    "lokr_n_experts": 64,
    "lokr_topk": 16,
    "lokr_rank": 4,
    "lokr_learned": false,
    "basis_gate_rank": 8,
    "disable_ln_basis": false
  },
  "use_pos_embed": false,
  "moe_use_abs_pos_embed": false,
  "use_layer_context": true,
  "scale_basis_size": true,
  "remix_use_dual_gate": false,
  "p26_output_gated_linear": 0,
  "p28_shared_basis": 0,
  "p28_chunk_routing_size": 0,
  "p28_global_template_bank": "none",
  "p28_attn_proj_templates": 0,
  "p28_attn_qk_templates": 0,
  "perm_expert_mode": "low_rank",
  "perm_rank": 16,
  "router_context_window": -1,
  "router_causal": true,
  "router_num_heads": 4,
  "router_num_queries": 16,
  "router_n_layers": 2,
  "router_use_vocab_prior": false,
  "window_pattern": "SSSL",
  "cclblock_modulation": "weight",
  "cclblock_orth_lambda": 0.0,
  "cclblock_context_stream": "local",
  "cclblock_ema_factor": 0.99,
  "cclblock_stale_ctx_lag": 0,
  "cclblock_sparse_gate_k": 0,
  "cclblock_gate_temperature": 1.0,
  "cclblock_context_bank_size": 0,
  "cclblock_per_head_ctx": false,
  "cclblock_context_source": "norm_x",
  "cclblock_chunk_size": 0,
  "cclblock_aux_objective": "none",
  "cclblock_aux_lambda": 0.1,
  "cclblock_boundary_token_id": 198,
  "use_ral": false,
  "ral_rank": 32,
  "cclblock_film_gate": false,
  "cclblock_attn_shadow_dim": 0,
  "cclblock_dynamic_ratio": 0.25,
  "cclblock_gate_rank": 8,
  "cclblock_num_regimes": 8,
  "cclblock_regime_temperature": 1.0,
  "cclblock_poly_order": 2,
  "cclblock_lie_generators": 4,
  "cclblock_grassmann_bank_size": 4,
  "cclblock_tucker_rank": 32,
  "cclblock_tucker_modes": 8,
  "cclblock_svs_rank": 64,
  "cclblock_svs_eps": 0.1,
  "cclblock_vq_codes": 8,
  "cclblock_vq_temperature": 1.0,
  "cclblock_dcu_warmup_steps": 0,
  "cclblock_fsi_rotations": 8,
  "cclblock_fsi_selector_dim": 64,
  "cclblock_aesp_strata": 4,
  "cclblock_aesp_delta_rank": 4,
  "cclblock_ckr_branches": 4,
  "cclblock_ckr_kernel_size": 64,
  "cclblock_ckr_pos_channels": 1,
  "cclblock_ckr_dual_optim": 0,
  "cclblock_ckr_content_bias": 0.0,
  "cclblock_giad_rank": 32,
  "cclblock_psg_kernel_size": 64,
  "cclblock_ss_dynamic_ratio": 0.25,
  "cclblock_ss_branches": 2,
  "cclblock_ss_kernel_size": 64,
  "cclblock_lokr_branches": 8,
  "cclblock_lokr_rank": 16,
  "cclblock_ckr_temp_start": 2.0,
  "cclblock_ckr_temp_end": 0.3,
  "cclblock_com_kernel_size": 32,
  "cclblock_ckr_ortho_init": 0,
  "cclblock_ckr_branch_dropout": 0.0,
  "cclblock_ckr_diversity_lambda": 0.0,
  "cclblock_ckr_layer_selective": 0,
  "cclblock_pgr_kernel_size": 64,
  "cclblock_cil_kernel_size": 64,
  "cclblock_prb_kernel_size": 64,
  "p18_layer_drop": 0.0,
  "p18_dynamic_activation": 0,
  "p18_mixture_norm": 0,
  "p18_causal_attn_bias": 0,
  "p18_aux_sim_lambda": 0.0,
  "p18_gradient_penalty": 0.0,
  "p18_per_channel_scale": 0,
  "p19_residual_gate": 0,
  "p19_head_importance": 0,
  "p19_residual_mix_groups": 0,
  "p19_attn_logit_bias": 0,
  "p19_residual_decay": 0,
  "p19_grad_equilibrium": 0.0,
  "p19_spectral_reparam": 0,
  "p19_weight_anticollapse": 0.0,
  "p19_ve_bias": 0,
  "p19_weight_noise": 0.0,
  "p20_hrcs_scale": 0,
  "p20_lswr_scale": 0,
  "p20_lswr_planes": 8,
  "p20_lrcfb_branches": 0,
  "p20_lrcfb_narrow": 0,
  "p20_lrcfb_learned": 0,
  "p20_lrcfb_topk": 0,
  "p20_dgcr_branches": 0,
  "p20_dgcr_aux_weight": 0.01,
  "p20_mone_experts": 0,
  "p20_mone_topk": 0,
  "p20_mone_narrow": 1,
  "p20_mone_frozen": 0,
  "p20_ncea_branches": 0,
  "p20_ncea_eps": 0.1,
  "p20_adwi": 0,
  "p20_pwu_branches": 0,
  "p20_pwu_phase": 1,
  "p20_fsvd_gate": 0,
  "p20_wbfc_clusters": 0,
  "p20_wbfc_active": 0,
  "p21_per_experts": 0,
  "p21_per_topk": 0,
  "p21_per_learned": 0,
  "p21_per_attn": 0,
  "p22_attn_moe_route": "none",
  "p23_tiny_expert": 0,
  "p23_n_experts": 64,
  "p23_topk": 16,
  "p23_learned_route": 0,
  "p23_std_moe_experts": 0,
  "p23_std_moe_topk": -1,
  "p23_std_moe_aux_weight": 0.01,
  "p23_lokr": 0,
  "p23_lokr_rank": 4,
  "p23_use_shared_block_router": 0,
  "p23_linear_moe_experts": 0,
  "p23_linear_moe_topk": 0,
  "p23_quantile_route": 0,
  "remix_shared_context_gates": 0,
  "p24_use_sliced_weight": 0,
  "p24_sliced_weight_reduction_scale": 8,
  "p24_sliced_weight_min_select": 128,
  "p24_sliced_weight_scope": "per_token",
  "p24_sliced_weight_balance_coeff": 0.01,
  "p24_quantile_route": 0,
  "p24_use_folded_mod": 0,
  "p24_folded_mod_reduction_scale": 8,
  "p24_folded_mod_min_dim": 128,
  "p24_folded_mod_scope": "per_layer",
  "p24_folded_mod_gate_act": "tanh_centered",
  "p24_use_sequence_gated_linear": 0,
  "p24_sequence_gated_scope": "per_layer",
  "p24_sequence_gated_act": "tanh_centered",
  "remix_disable_ln_basis": 0,
  "dense_intermediate_ln": 0,
  "use_mst": true,
  "mst_n_subs": 4,
  "mst_sub_dim": 384,
  "mst_head_dim": 0,
  "mst_input_mode": "learned_proj",
  "mst_rotated_slice_learned": false,
  "mst_routing_mode": "soft_weighted",
  "mst_routing_topk": 0,
  "mst_routing_aux_weight": 0.01,
  "mst_diversity_weight": 0.0,
  "mst_ffn_mode": "standard",
  "mst_transition_mode": "aggregate_distribute",
  "mst_final_mode": "concat_proj",
  "mst_final_topk": 0,
  "mst_ffn_shared_up": 0,
  "mst_ffn_inner_dim": 0,
  "mst_sub_dropout": 0.0,
  "mst_transition_every": 1,
  "mst_ffa_temperature": 1.0,
  "mst_global_residual": 0,
  "mst_hybrid_dense": 0,
  "mst_cross_sub_kv": 0,
  "mst_sub_aux_weight": 0.0,
  "mst_progressive_merge": 0,
  "mst_multi_scale_windows": 0,
  "mst_delta_residual": 0,
  "mst_sub_layers": 1,
  "mst_grad_equalize": 1,
  "mst_block_diagonal_muon": 1,
  "mst_transition_width_mult": 4.0,
  "mst_sub_lr_scale": 2.0,
  "mst_shared_expert": 0,
  "mst_router_entropy_weight": 0.0,
  "mst_shared_kv_attn": 0,
  "mst_contrastive_diversity_weight": 0.0,
  "mst_transition_nonlinear": 0,
  "mst_transition_gated": 0,
  "mst_transition_mlp": 0,
  "mst_cross_sub_gate": 0,
  "mst_hyper_connect": 0,
  "mst_cross_kv_inject": 0,
  "mst_slice_transition": 0,
  "mst_lookback_layers": 0,
  "mst_bilinear_transition": 0,
  "mst_cross_sub_qmod": 0,
  "mst_feature_cycle": 0,
  "mst_mean_transition": 0,
  "use_eet": false,
  "eet_frozen_kv": true,
  "eet_reenter_final": false,
  "eet_router_type": "mlp2",
  "eet_router_hidden": 0,
  "eet_freq_prior_alpha": 0.0,
  "eet_pos_prior_beta": 0.0,
  "eet_domain_prior": false,
  "eet_warmup_frac": 0.02,
  "eet_explore_frac": 0.15,
  "eet_reconstruct_lambda": 1.0,
  "eet_efficiency_lambda_start": 0.01,
  "eet_efficiency_lambda_end": 0.1,
  "eet_translator_rank": 0,
  "eet_max_frozen_kv_frac": 0.75,
  "eet_exit_threshold": 0.5,
  "eet_min_exit_layer": 1,
  "eet_loss_variant": "reconstruct",
  "eet_topk_vocab": 512,
  "eet_entropy_lambda": 0.3,
  "eet_surprise_lambda": 0.1,
  "eet_adv_lambda": 1.0,
  "eet_adv_entropy_lambda": 0.2,
  "eet_quality_lambda": 1.0,
  "eet_quality_entropy_bonus": 0.1,
  "eet_gumbel_temp_start": 0.0,
  "eet_gumbel_temp_end": 0.1,
  "eet_gumbel_hard": true,
  "eet_commitment_beta": 0.1,
  "eet_global_router": false,
  "eet_freq_efficiency_alpha": 0.0,
  "eet_diversity_lambda": 0.0,
  "eet_ce_guided_lambda": 1.0,
  "eet_router_lr_mult": 5.0,
  "eet_model_lr_mult": 1.0,
  "eet_depth_weight_type": "none",
  "eet_depth_weight_max": 2.5,
  "eet_use_override": 0,
  "eet_override_prob_start": 0.5,
  "eet_override_prob_end": 0.1,
  "eet_compute_skip": false,
  "eet_target_active_frac": 0.125,
  "eet_capacity_schedule": "bell",
  "eet_exit_fracs": null,
  "eet_capacity_alignment_lambda": 0.0,
  "eet_router_task_grad": true,
  "eet_reinforce_interval": 0,
  "eet_reinforce_lambda": 0.1,
  "eet_exit_adapter_rank": 0,
  "eet_router_after_block": 0,
  "eet_ffn_skip": false,
  "eet_ffn_target_frac": 0.5,
  "eet_ffn_full_attn": true,
  "eet_depth_affine": false,
  "eet_capacity_anneal_frac": 0.0,
  "eet_learned_schedule": false,
  "eet_departure_summary": false,
  "eet_route_consistency_lambda": 0.0,
  "eet_dense_distill_interval": 0,
  "eet_dense_distill_lambda": 0.5,
  "eet_depth_lr_scale": false,
  "eet_depth_grad_scale": false,
  "eet_detach_aux_from_backbone": false,
  "eet_detach_exit_from_backbone": false
}
Checkpoints directory: /__modal/volumes/vo-YghGtH0KLHCwgaLsbe3KX9/out/p07_mst_scaling/S7_COMBO_A_D24/depth_24/ckpt_base/base
✓ Wrapping model with DistributedDataParallel (rank 0, find_unused_parameters=False)
Parameter counts:
wte                     : 50,331,648
wpe                     : 0
value_embeds            : 150,994,944
lm_head                 : 50,331,648
transformer_matrices    : 217,110,528
research                : 0
scalars                 : 48
total                   : 468,768,816
Estimated FLOPs per token (total):  1.916080e+09
Estimated FLOPs per token (active): 1.916080e+09
Estimated active params:            468,768,816
[MST] Using compile-optimized BatchedMSTLayer (N=4, d=384)
[MST] 1A: Per-sub gradient equalization hooks registered
Scaling LRs by 0.7071 for batch size 262,144 (reference: 524,288)
Scaling weight decay from 0.200000 to 0.085266 for depth 24
Scaling AdamW LRs ∝1/√(1536/768) = 0.707107
[MST] Per-sub Muon LR scaled by 2.00× → 0.028284
[MST] 1B: Block-diagonal Muon enabled (N=4 blocks)
Calculated number of iterations from target data:param ratio: 10,712
Total number of training tokens: 2,808,086,528
Tokens : Scaling params ratio: 10.50
Total training FLOPs estimate: 5.380519e+18
Using base scheduler: linear warmup/flat/linear warmdown
[MST] Diagnostics will be logged to: /__modal/volumes/vo-YghGtH0KLHCwgaLsbe3KX9/out/p07_mst_scaling/S7_COMBO_A_D24/depth_24/ckpt_base/base/mst_diagnostics.jsonl
Tokens / micro-batch / rank: 16 x 2048 = 32,768
Tokens / micro-batch: 32,768
Total batch size 262,144 => gradient accumulation steps: 8
Running pre-compilation warmup (1 dummy forward+backward to init lazy allocations)...
[rank0]:W0703 21:19:20.707000 555 site-packages/torch/_logging/_internal.py:1199] [0/0] Profiler function <class 'torch.autograd.profiler.record_function'> will be ignored
/usr/local/lib/python3.12/site-packages/torch/_inductor/lowering.py:7242: UserWarning: 
Online softmax is disabled on the fly since Inductor decides to
split the reduction. Cut an issue to PyTorch if this is an
important use case and you want to speed it up with online
softmax.

  warnings.warn(
Warmup complete. Steady-state VRAM: 5.1 GB allocated
Requested NPROC_PER_NODE=8, but only 1 GPU(s) visible. Capping.
Using NPROC_PER_NODE=1
NANOCHAT_SKIP_ENV_SETUP=0
===== GPU Info =====
Fri Jul  3 21:48:37 2026       
+-----------------------------------------------------------------------------------------+
| NVIDIA-SMI 580.95.05              Driver Version: 580.95.05      CUDA Version: 13.0     |
+-----------------------------------------+------------------------+----------------------+
| GPU  Name                 Persistence-M | Bus-Id          Disp.A | Volatile Uncorr. ECC |
| Fan  Temp   Perf          Pwr:Usage/Cap |           Memory-Usage | GPU-Util  Compute M. |
|                                         |                        |               MIG M. |
|=========================================+========================+======================|
|   0  NVIDIA H200                    On  |   00000002:00:00.0 Off |                    0 |
| N/A   30C    P0             77W /  700W |       0MiB / 143771MiB |      0%      Default |
|                                         |                        |             Disabled |
+-----------------------------------------+------------------------+----------------------+

+-----------------------------------------------------------------------------------------+
| Processes:                                                                              |
|  GPU   GI   CI              PID   Type   Process name                        GPU Memory |
|        ID   ID                                                               Usage      |
|=========================================================================================|
|  No running processes found                                                             |
+-----------------------------------------------------------------------------------------+
Starting Research Sweep. Output directory: out/p07_mst_scaling/S7_COMBO_A_D8
UV_SYSTEM_PYTHON=1: using system Python, skipping venv creation.
Validating system environment dependencies via uv...
[2mUsing Python 3.12.10 environment at: /usr/local[0m
[2mResolved [1m159 packages[0m [2min 1.02s[0m[0m
   [36m[1mBuilding[0m[39m nanochat[2m @ file:///__modal/volumes/vo-YghGtH0KLHCwgaLsbe3KX9[0m
      [32m[1mBuilt[0m[39m nanochat[2m @ file:///__modal/volumes/vo-YghGtH0KLHCwgaLsbe3KX9[0m
[2mPrepared [1m1 package[0m [2min 1.47s[0m[0m
[2mUninstalled [1m1 package[0m [2min 1ms[0m[0m
[2mInstalled [1m1 package[0m [2min 1ms[0m[0m
 [31m-[39m [1mnanochat[0m[2m==0.1.0 (from file:///root)[0m
 [32m+[39m [1mnanochat[0m[2m==0.1.0 (from file:///__modal/volumes/vo-YghGtH0KLHCwgaLsbe3KX9)[0m
Reset report and wrote header to out/report/header.md
Dataset (up to 300 shards) already exists in data, skipping download.
Tokenizer already exists in tokenizer, skipping training.
================================================================
Processing Depth: 8
================================================================
2026-07-03 21:48:58,894 - httpx - [32m[1mINFO[0m - HTTP Request: GET https://huggingface.co/api/agent-harnesses "HTTP/1.1 200 OK"
2026-07-03 21:48:59,104 - httpx - [32m[1mINFO[0m - HTTP Request: HEAD https://huggingface.co/varunneal/flash-attention-3/resolve/main/kernel-status.toml "HTTP/1.1 404 Not Found"
2026-07-03 21:48:59,307 - httpx - [32m[1mINFO[0m - HTTP Request: GET https://huggingface.co/api/models/varunneal/flash-attention-3/tree/main/build?recursive=false&expand=false "HTTP/1.1 200 OK"
2026-07-03 21:48:59,509 - httpx - [32m[1mINFO[0m - HTTP Request: GET https://huggingface.co/api/models/varunneal/flash-attention-3/revision/main "HTTP/1.1 200 OK"
2026-07-03 21:48:59,727 - httpx - [32m[1mINFO[0m - HTTP Request: HEAD https://huggingface.co/varunneal/flash-attention-3/resolve/de87b9b5af06dd9984df595bef90b2eba44b181a/build/torch29-cxx11-cu128-x86_64-linux/flash_attention_3/_C.abi3.so "HTTP/1.1 302 Found"
2026-07-03 21:48:59,793 - httpx - [32m[1mINFO[0m - HTTP Request: HEAD https://huggingface.co/varunneal/flash-attention-3/resolve/de87b9b5af06dd9984df595bef90b2eba44b181a/build/torch29-cxx11-cu128-x86_64-linux/flash_attention_3/flash_attn_interface.py "HTTP/1.1 307 Temporary Redirect"
2026-07-03 21:48:59,799 - httpx - [32m[1mINFO[0m - HTTP Request: HEAD https://huggingface.co/varunneal/flash-attention-3/resolve/de87b9b5af06dd9984df595bef90b2eba44b181a/build/torch29-cxx11-cu128-x86_64-linux/flash_attention_3/flash_attn_config.py "HTTP/1.1 307 Temporary Redirect"
2026-07-03 21:48:59,812 - httpx - [32m[1mINFO[0m - HTTP Request: HEAD https://huggingface.co/varunneal/flash-attention-3/resolve/de87b9b5af06dd9984df595bef90b2eba44b181a/build/torch29-cxx11-cu128-x86_64-linux/flash_attention_3/__init__.py "HTTP/1.1 307 Temporary Redirect"
2026-07-03 21:48:59,836 - httpx - [32m[1mINFO[0m - HTTP Request: HEAD https://huggingface.co/api/resolve-cache/models/varunneal/flash-attention-3/de87b9b5af06dd9984df595bef90b2eba44b181a/build%2Ftorch29-cxx11-cu128-x86_64-linux%2Fflash_attention_[1m3%[0m2Fflash_attn_interface.py "HTTP/1.1 200 OK"
2026-07-03 21:48:59,839 - httpx - [32m[1mINFO[0m - HTTP Request: HEAD https://huggingface.co/api/resolve-cache/models/varunneal/flash-attention-3/de87b9b5af06dd9984df595bef90b2eba44b181a/build%2Ftorch29-cxx11-cu128-x86_64-linux%2Fflash_attention_[1m3%[0m2Fflash_attn_config.py "HTTP/1.1 200 OK"
2026-07-03 21:48:59,852 - httpx - [32m[1mINFO[0m - HTTP Request: HEAD https://huggingface.co/api/resolve-cache/models/varunneal/flash-attention-3/de87b9b5af06dd9984df595bef90b2eba44b181a/build%2Ftorch29-cxx11-cu128-x86_64-linux%2Fflash_attention_[1m3%[0m2F__init__.py "HTTP/1.1 200 OK"
2026-07-03 21:48:59,879 - httpx - [32m[1mINFO[0m - HTTP Request: GET https://huggingface.co/api/resolve-cache/models/varunneal/flash-attention-3/de87b9b5af06dd9984df595bef90b2eba44b181a/build%2Ftorch29-cxx11-cu128-x86_64-linux%2Fflash_attention_[1m3%[0m2Fflash_attn_config.py "HTTP/1.1 200 OK"
2026-07-03 21:48:59,881 - httpx - [32m[1mINFO[0m - HTTP Request: GET https://huggingface.co/api/resolve-cache/models/varunneal/flash-attention-3/de87b9b5af06dd9984df595bef90b2eba44b181a/build%2Ftorch29-cxx11-cu128-x86_64-linux%2Fflash_attention_[1m3%[0m2Fflash_attn_interface.py "HTTP/1.1 200 OK"
2026-07-03 21:48:59,893 - httpx - [32m[1mINFO[0m - HTTP Request: GET https://huggingface.co/api/resolve-cache/models/varunneal/flash-attention-3/de87b9b5af06dd9984df595bef90b2eba44b181a/build%2Ftorch29-cxx11-cu128-x86_64-linux%2Fflash_attention_[1m3%[0m2F__init__.py "HTTP/1.1 200 OK"
[sweep] Requested 8 DDP workers but only 1 GPU(s) available — using 1.
================================================================
Starting Sweep for Depth 8
Target Tokens: Auto (per-model param count)
================================================================
  Overriding default target_dim (128) with full model_dim 512

--- Training base ---

  ┌─────────────────────────────────────────────────────┐
  │  🆕  STARTING FRESH: [base]
  │     No checkpoints found — training from scratch.
  └─────────────────────────────────────────────────────┘

Running: /usr/local/bin/torchrun --standalone --nproc_per_node=1 -m scripts.base_train --depth 8 --aspect-ratio 64 --head-dim 128 --model-dim 512 --max-seq-len 2048 --device-batch-size 128 --total-batch-size 262144 --target-tokens -1 --target-param-data-ratio 10.5 --eval-every -1 --log-every 200 --core-metric-every 0 --save-every 200 --warmup-ratio 0.005 --warmdown-ratio 0.65 --final-lr-frac 0.05 --adam-beta2 0.99 --research-warmup-ratio 0.05 --use-onecycle 0 --router-context-window -1 --remix-use-basis-gate 1 --remix-use-output-gate 1 --remix-use-context 1 --remix-basis-gate-mode mlp --remix-gate-lr-scale 0.3 --p22-n-templates 1 --p22-template-routing-learned 0 --p22-template-topk 0 --p22-attn-moe-route none --p26-output-gated-linear 0 --p28-shared-basis 0 --p28-chunk-routing-size 0 --p28-global-template-bank none --p28-attn-proj-templates 0 --p28-attn-qk-templates 0 --target-active-params 0 --remix-basis-gate-rank 8 --cclblock-modulation weight --cclblock-orth-lambda 0.0 --cclblock-context-stream local --cclblock-ema-factor 0.99 --cclblock-stale-ctx-lag 0 --cclblock-sparse-gate-k 0 --cclblock-gate-temperature 1.0 --cclblock-context-bank-size 0 --cclblock-per-head-ctx 0 --cclblock-context-source norm_x --cclblock-chunk-size 0 --cclblock-aux-objective none --cclblock-aux-lambda 0.1 --cclblock-boundary-token-id 198 --use-ral 0 --ral-rank 32 --cclblock-film-gate 0 --cclblock-attn-shadow-dim 0 --cclblock-dynamic-ratio 0.25 --cclblock-gate-rank 8 --cclblock-num-regimes 8 --cclblock-regime-temperature 1.0 --cclblock-poly-order 2 --cclblock-lie-generators 4 --cclblock-grassmann-bank-size 4 --cclblock-tucker-rank 32 --cclblock-tucker-modes 8 --cclblock-svs-rank 64 --cclblock-svs-eps 0.1 --cclblock-vq-codes 8 --cclblock-vq-temperature 1.0 --cclblock-dcu-warmup-steps 0 --cclblock-fsi-rotations 8 --cclblock-fsi-selector-dim 64 --cclblock-aesp-strata 4 --cclblock-aesp-delta-rank 4 --cclblock-ckr-branches 4 --cclblock-ckr-kernel-size 64 --cclblock-ckr-pos-channels 1 --cclblock-ckr-dual-optim 0 --cclblock-ckr-content-bias 0.0 --cclblock-giad-rank 32 --cclblock-psg-kernel-size 64 --cclblock-ss-dynamic-ratio 0.25 --cclblock-ss-branches 2 --cclblock-ss-kernel-size 64 --cclblock-lokr-branches 8 --cclblock-lokr-rank 16 --cclblock-ckr-temp-start 2.0 --cclblock-ckr-temp-end 0.3 --cclblock-com-kernel-size 32 --cclblock-ckr-ortho-init 0 --cclblock-ckr-branch-dropout 0.0 --cclblock-ckr-diversity-lambda 0.0 --cclblock-pgr-kernel-size 64 --cclblock-cil-kernel-size 64 --cclblock-prb-kernel-size 64 --p18-layer-drop 0.0 --p18-dynamic-activation 0 --p18-mixture-norm 0 --p18-aux-sim-lambda 0.0 --p18-gradient-penalty 0.0 --p18-per-channel-scale 0 --p19-residual-gate 0 --p19-head-importance 0 --p19-residual-mix-groups 0 --p19-attn-logit-bias 0 --p19-residual-decay 0 --p19-grad-equilibrium 0.0 --p19-spectral-reparam 0 --p19-weight-anticollapse 0.0 --p19-ve-bias 0 --p19-weight-noise 0.0 --p20-hrcs-scale 0 --p20-lswr-scale 0 --p20-lswr-planes 8 --p20-lrcfb-branches 0 --p20-lrcfb-narrow 0 --p20-lrcfb-learned 0 --p20-lrcfb-topk 0 --p20-dgcr-branches 0 --p20-dgcr-aux-weight 0.01 --p20-mone-experts 0 --p20-mone-topk 0 --p20-mone-narrow 1 --p20-mone-frozen 0 --p20-ncea-branches 0 --p20-ncea-eps 0.1 --p20-adwi 0 --p20-pwu-branches 0 --p20-pwu-phase 1 --p20-fsvd-gate 0 --p20-wbfc-clusters 0 --p20-wbfc-active 0 --p21-per-experts 0 --p21-per-topk 0 --p21-per-learned 0 --p21-per-attn 0 --p23-tiny-expert 0 --p23-n-experts 64 --p23-topk 16 --p23-learned-route 0 --p23-std-moe-experts 0 --p23-std-moe-topk -1 --p23-std-moe-aux-weight 0.01 --p23-lokr 0 --p23-lokr-rank 4 --p23-use-shared-block-router 0 --p23-linear-moe-experts 0 --p23-linear-moe-topk 0 --p23-quantile-route 0 --p24-use-sliced-weight 0 --p24-sliced-weight-reduction-scale 8 --p24-sliced-weight-min-select 128 --p24-sliced-weight-scope per_token --p24-sliced-weight-balance-coeff 0.01 --p24-quantile-route 0 --p24-use-folded-mod 0 --p24-folded-mod-reduction-scale 8 --p24-folded-mod-scope per_layer --p24-folded-mod-gate-act tanh_centered --p24-use-sequence-gated-linear 0 --p24-sequence-gated-scope per_layer --p24-sequence-gated-act tanh_centered --p24-folded-mod-min-dim 128 --remix-shared-context-gates 0 --remix-use-dual-gate 0 --remix-basis-scale-factor 4 --remix-output-gate-rank 16 --p24-use-sliced-weight 0 --p24-sliced-weight-reduction-scale 8 --p24-sliced-weight-min-select 128 --p24-sliced-weight-scope per_token --p24-sliced-weight-balance-coeff 0.01 --p24-quantile-route 0 --p24-use-folded-mod 0 --p24-folded-mod-reduction-scale 8 --p24-folded-mod-scope per_layer --p24-folded-mod-gate-act tanh_centered --p24-use-sequence-gated-linear 0 --p24-sequence-gated-scope per_layer --p24-sequence-gated-act tanh_centered --remix-disable-ln-basis 0 --dense-intermediate-ln 0 --use-mst 1 --mst-n-subs 4 --mst-sub-dim 128 --mst-head-dim 0 --mst-input-mode learned_proj --mst-rotated-slice-learned 0 --mst-routing-mode soft_weighted --mst-routing-topk 0 --mst-routing-aux-weight 0.01 --mst-diversity-weight 0.0 --mst-ffn-mode standard --mst-transition-mode aggregate_distribute --mst-final-mode concat_proj --mst-final-topk 0 --mst-ffn-shared-up 0 --mst-ffn-inner-dim 0 --mst-sub-dropout 0.0 --mst-transition-every 1 --mst-ffa-temperature 1.0 --mst-global-residual 0 --mst-hybrid-dense 0 --mst-cross-sub-kv 0 --mst-sub-aux-weight 0.0 --mst-progressive-merge 0 --mst-multi-scale-windows 0 --mst-delta-residual 0 --mst-sub-layers 1 --mst-grad-equalize 1 --mst-block-diagonal-muon 1 --mst-transition-width-mult 1.0 --mst-sub-lr-scale 2.0 --mst-shared-expert 0 --mst-router-entropy-weight 0.0 --mst-shared-kv-attn 0 --mst-contrastive-diversity-weight 0.0 --mst-transition-nonlinear 0 --mst-transition-gated 0 --mst-transition-mlp 0 --mst-cross-sub-gate 0 --mst-hyper-connect 0 --mst-cross-kv-inject 0 --mst-slice-transition 0 --mst-lookback-layers 0 --mst-bilinear-transition 0 --mst-cross-sub-qmod 0 --mst-feature-cycle 0 --mst-mean-transition 0 --use-eet 0 --eet-frozen-kv 1 --eet-reenter-final 0 --eet-compute-skip 0 --eet-target-active-frac 0.125 --eet-capacity-schedule bell --eet-exit-fracs  --eet-router-type mlp2 --eet-router-hidden 0 --eet-freq-prior-alpha 0.0 --eet-pos-prior-beta 0.0 --eet-domain-prior 0 --eet-warmup-frac 0.02 --eet-explore-frac 0.15 --eet-reconstruct-lambda 1.0 --eet-efficiency-lambda-start 0.01 --eet-efficiency-lambda-end 0.1 --eet-translator-rank 0 --eet-max-frozen-kv-frac 0.75 --eet-exit-threshold 0.5 --eet-min-exit-layer 1 --eet-loss-variant reconstruct --eet-topk-vocab 512 --eet-entropy-lambda 0.3 --eet-surprise-lambda 0.1 --eet-adv-lambda 1.0 --eet-adv-entropy-lambda 0.2 --eet-quality-lambda 1.0 --eet-quality-entropy-bonus 0.1 --eet-gumbel-temp-start 0.0 --eet-gumbel-temp-end 0.1 --eet-gumbel-hard 1 --eet-commitment-beta 0.1 --eet-global-router 0 --eet-freq-efficiency-alpha 0.0 --eet-diversity-lambda 0.0 --eet-ce-guided-lambda 1.0 --eet-router-lr-mult 5.0 --eet-model-lr-mult 1.0 --eet-depth-weight-type none --eet-depth-weight-max 2.5 --eet-use-override 0 --eet-override-prob-start 0.5 --eet-override-prob-end 0.1 --eet-capacity-alignment-lambda 0.0 --eet-router-task-grad 1 --eet-reinforce-interval 0 --eet-reinforce-lambda 0.1 --eet-exit-adapter-rank 0 --eet-router-after-block 0 --eet-ffn-skip 0 --eet-ffn-target-frac 0.5 --eet-ffn-full-attn 1 --eet-depth-affine 0 --eet-capacity-anneal-frac 0.0 --eet-learned-schedule 0 --eet-departure-summary 0 --eet-route-consistency-lambda 0.0 --eet-dense-distill-interval 0 --eet-dense-distill-lambda 0.5 --eet-depth-lr-scale 0 --eet-depth-grad-scale 0 --eet-detach-aux-from-backbone 0 --eet-detach-exit-from-backbone 0 --compile --tokenizer-dir tokenizer --data-dir data --max-shards 300 --checkpoints-dir /__modal/volumes/vo-YghGtH0KLHCwgaLsbe3KX9/out/p07_mst_scaling/S7_COMBO_A_D8/depth_8/ckpt_base --model-tag base
2026-07-03 21:49:13,030 - httpx - [32m[1mINFO[0m - HTTP Request: HEAD https://huggingface.co/varunneal/flash-attention-3/resolve/main/kernel-status.toml "HTTP/1.1 404 Not Found"
2026-07-03 21:49:13,252 - httpx - [32m[1mINFO[0m - HTTP Request: GET https://huggingface.co/api/models/varunneal/flash-attention-3/tree/main/build?recursive=false&expand=false "HTTP/1.1 200 OK"
2026-07-03 21:49:13,451 - httpx - [32m[1mINFO[0m - HTTP Request: GET https://huggingface.co/api/models/varunneal/flash-attention-3/revision/main "HTTP/1.1 200 OK"

                                                       █████                █████
                                                      ░░███                ░░███
     ████████    ██████   ████████    ██████   ██████  ░███████    ██████  ███████
    ░░███░░███  ░░░░░███ ░░███░░███  ███░░███ ███░░███ ░███░░███  ░░░░░███░░░███░
     ░███ ░███   ███████  ░███ ░███ ░███ ░███░███ ░░░  ░███ ░███   ███████  ░███
     ░███ ░███  ███░░███  ░███ ░███ ░███ ░███░███  ███ ░███ ░███  ███░░███  ░███ ███
     ████ █████░░████████ ████ █████░░██████ ░░██████  ████ █████░░███████  ░░█████
    ░░░░ ░░░░░  ░░░░░░░░ ░░░░ ░░░░░  ░░░░░░   ░░░░░░  ░░░░ ░░░░░  ░░░░░░░░   ░░░░░
    
Autodetected device type: cuda
2026-07-03 21:49:15,163 - nanochat.common - [32m[1mINFO[0m - Distributed world size: 1
GPU: NVIDIA H200 | Peak FLOPS (BF16): 9.89e+14
COMPUTE_DTYPE: torch.bfloat16 (auto-detected: CUDA SM 90 (bf16 supported))
✓ Using Flash Attention 3 (Hopper GPU detected) — efficient and fast.
Vocab size: 32,768
[MST] Using compile-optimized BatchedMSTLayer (N=4, d=128)
[MST] 1A: Per-sub gradient equalization hooks registered
Model config:
{
  "sequence_len": 2048,
  "vocab_size": 32768,
  "n_layer": 8,
  "n_head": 4,
  "n_kv_head": 4,
  "n_embd": 512,
  "use_moe": false,
  "use_perm": false,
  "moe_num_experts": 8,
  "moe_router_dim": 64,
  "moe_embed_dim": 64,
  "dropout": 0.0,
  "use_remix_linear": false,
  "remix_context_dim": 64,
  "remix_context_dim_ratio": 6,
  "remix_basis_size": 64,
  "remix_output_gate_rank": 16,
  "remixed_linear_kwargs": {
    "use_basis_gate": true,
    "use_output_gate": true,
    "use_context": true,
    "basis_gate_mode": "mlp",
    "sparse_gate_k": 0,
    "gate_temperature": 1.0,
    "basis_scale_factor": 4,
    "n_templates": 1,
    "template_routing_learned": false,
    "template_topk": 0,
    "tiny_expert": false,
    "tiny_expert_topk": 16,
    "lokr_expert": false,
    "lokr_n_experts": 64,
    "lokr_topk": 16,
    "lokr_rank": 4,
    "lokr_learned": false,
    "basis_gate_rank": 8,
    "disable_ln_basis": false
  },
  "use_pos_embed": false,
  "moe_use_abs_pos_embed": false,
  "use_layer_context": true,
  "scale_basis_size": true,
  "remix_use_dual_gate": false,
  "p26_output_gated_linear": 0,
  "p28_shared_basis": 0,
  "p28_chunk_routing_size": 0,
  "p28_global_template_bank": "none",
  "p28_attn_proj_templates": 0,
  "p28_attn_qk_templates": 0,
  "perm_expert_mode": "low_rank",
  "perm_rank": 16,
  "router_context_window": -1,
  "router_causal": true,
  "router_num_heads": 4,
  "router_num_queries": 16,
  "router_n_layers": 2,
  "router_use_vocab_prior": false,
  "window_pattern": "SSSL",
  "cclblock_modulation": "weight",
  "cclblock_orth_lambda": 0.0,
  "cclblock_context_stream": "local",
  "cclblock_ema_factor": 0.99,
  "cclblock_stale_ctx_lag": 0,
  "cclblock_sparse_gate_k": 0,
  "cclblock_gate_temperature": 1.0,
  "cclblock_context_bank_size": 0,
  "cclblock_per_head_ctx": false,
  "cclblock_context_source": "norm_x",
  "cclblock_chunk_size": 0,
  "cclblock_aux_objective": "none",
  "cclblock_aux_lambda": 0.1,
  "cclblock_boundary_token_id": 198,
  "use_ral": false,
  "ral_rank": 32,
  "cclblock_film_gate": false,
  "cclblock_attn_shadow_dim": 0,
  "cclblock_dynamic_ratio": 0.25,
  "cclblock_gate_rank": 8,
  "cclblock_num_regimes": 8,
  "cclblock_regime_temperature": 1.0,
  "cclblock_poly_order": 2,
  "cclblock_lie_generators": 4,
  "cclblock_grassmann_bank_size": 4,
  "cclblock_tucker_rank": 32,
  "cclblock_tucker_modes": 8,
  "cclblock_svs_rank": 64,
  "cclblock_svs_eps": 0.1,
  "cclblock_vq_codes": 8,
  "cclblock_vq_temperature": 1.0,
  "cclblock_dcu_warmup_steps": 0,
  "cclblock_fsi_rotations": 8,
  "cclblock_fsi_selector_dim": 64,
  "cclblock_aesp_strata": 4,
  "cclblock_aesp_delta_rank": 4,
  "cclblock_ckr_branches": 4,
  "cclblock_ckr_kernel_size": 64,
  "cclblock_ckr_pos_channels": 1,
  "cclblock_ckr_dual_optim": 0,
  "cclblock_ckr_content_bias": 0.0,
  "cclblock_giad_rank": 32,
  "cclblock_psg_kernel_size": 64,
  "cclblock_ss_dynamic_ratio": 0.25,
  "cclblock_ss_branches": 2,
  "cclblock_ss_kernel_size": 64,
  "cclblock_lokr_branches": 8,
  "cclblock_lokr_rank": 16,
  "cclblock_ckr_temp_start": 2.0,
  "cclblock_ckr_temp_end": 0.3,
  "cclblock_com_kernel_size": 32,
  "cclblock_ckr_ortho_init": 0,
  "cclblock_ckr_branch_dropout": 0.0,
  "cclblock_ckr_diversity_lambda": 0.0,
  "cclblock_ckr_layer_selective": 0,
  "cclblock_pgr_kernel_size": 64,
  "cclblock_cil_kernel_size": 64,
  "cclblock_prb_kernel_size": 64,
  "p18_layer_drop": 0.0,
  "p18_dynamic_activation": 0,
  "p18_mixture_norm": 0,
  "p18_causal_attn_bias": 0,
  "p18_aux_sim_lambda": 0.0,
  "p18_gradient_penalty": 0.0,
  "p18_per_channel_scale": 0,
  "p19_residual_gate": 0,
  "p19_head_importance": 0,
  "p19_residual_mix_groups": 0,
  "p19_attn_logit_bias": 0,
  "p19_residual_decay": 0,
  "p19_grad_equilibrium": 0.0,
  "p19_spectral_reparam": 0,
  "p19_weight_anticollapse": 0.0,
  "p19_ve_bias": 0,
  "p19_weight_noise": 0.0,
  "p20_hrcs_scale": 0,
  "p20_lswr_scale": 0,
  "p20_lswr_planes": 8,
  "p20_lrcfb_branches": 0,
  "p20_lrcfb_narrow": 0,
  "p20_lrcfb_learned": 0,
  "p20_lrcfb_topk": 0,
  "p20_dgcr_branches": 0,
  "p20_dgcr_aux_weight": 0.01,
  "p20_mone_experts": 0,
  "p20_mone_topk": 0,
  "p20_mone_narrow": 1,
  "p20_mone_frozen": 0,
  "p20_ncea_branches": 0,
  "p20_ncea_eps": 0.1,
  "p20_adwi": 0,
  "p20_pwu_branches": 0,
  "p20_pwu_phase": 1,
  "p20_fsvd_gate": 0,
  "p20_wbfc_clusters": 0,
  "p20_wbfc_active": 0,
  "p21_per_experts": 0,
  "p21_per_topk": 0,
  "p21_per_learned": 0,
  "p21_per_attn": 0,
  "p22_attn_moe_route": "none",
  "p23_tiny_expert": 0,
  "p23_n_experts": 64,
  "p23_topk": 16,
  "p23_learned_route": 0,
  "p23_std_moe_experts": 0,
  "p23_std_moe_topk": -1,
  "p23_std_moe_aux_weight": 0.01,
  "p23_lokr": 0,
  "p23_lokr_rank": 4,
  "p23_use_shared_block_router": 0,
  "p23_linear_moe_experts": 0,
  "p23_linear_moe_topk": 0,
  "p23_quantile_route": 0,
  "remix_shared_context_gates": 0,
  "p24_use_sliced_weight": 0,
  "p24_sliced_weight_reduction_scale": 8,
  "p24_sliced_weight_min_select": 128,
  "p24_sliced_weight_scope": "per_token",
  "p24_sliced_weight_balance_coeff": 0.01,
  "p24_quantile_route": 0,
  "p24_use_folded_mod": 0,
  "p24_folded_mod_reduction_scale": 8,
  "p24_folded_mod_min_dim": 128,
  "p24_folded_mod_scope": "per_layer",
  "p24_folded_mod_gate_act": "tanh_centered",
  "p24_use_sequence_gated_linear": 0,
  "p24_sequence_gated_scope": "per_layer",
  "p24_sequence_gated_act": "tanh_centered",
  "remix_disable_ln_basis": 0,
  "dense_intermediate_ln": 0,
  "use_mst": true,
  "mst_n_subs": 4,
  "mst_sub_dim": 128,
  "mst_head_dim": 0,
  "mst_input_mode": "learned_proj",
  "mst_rotated_slice_learned": false,
  "mst_routing_mode": "soft_weighted",
  "mst_routing_topk": 0,
  "mst_routing_aux_weight": 0.01,
  "mst_diversity_weight": 0.0,
  "mst_ffn_mode": "standard",
  "mst_transition_mode": "aggregate_distribute",
  "mst_final_mode": "concat_proj",
  "mst_final_topk": 0,
  "mst_ffn_shared_up": 0,
  "mst_ffn_inner_dim": 0,
  "mst_sub_dropout": 0.0,
  "mst_transition_every": 1,
  "mst_ffa_temperature": 1.0,
  "mst_global_residual": 0,
  "mst_hybrid_dense": 0,
  "mst_cross_sub_kv": 0,
  "mst_sub_aux_weight": 0.0,
  "mst_progressive_merge": 0,
  "mst_multi_scale_windows": 0,
  "mst_delta_residual": 0,
  "mst_sub_layers": 1,
  "mst_grad_equalize": 1,
  "mst_block_diagonal_muon": 1,
  "mst_transition_width_mult": 1.0,
  "mst_sub_lr_scale": 2.0,
  "mst_shared_expert": 0,
  "mst_router_entropy_weight": 0.0,
  "mst_shared_kv_attn": 0,
  "mst_contrastive_diversity_weight": 0.0,
  "mst_transition_nonlinear": 0,
  "mst_transition_gated": 0,
  "mst_transition_mlp": 0,
  "mst_cross_sub_gate": 0,
  "mst_hyper_connect": 0,
  "mst_cross_kv_inject": 0,
  "mst_slice_transition": 0,
  "mst_lookback_layers": 0,
  "mst_bilinear_transition": 0,
  "mst_cross_sub_qmod": 0,
  "mst_feature_cycle": 0,
  "mst_mean_transition": 0,
  "use_eet": false,
  "eet_frozen_kv": true,
  "eet_reenter_final": false,
  "eet_router_type": "mlp2",
  "eet_router_hidden": 0,
  "eet_freq_prior_alpha": 0.0,
  "eet_pos_prior_beta": 0.0,
  "eet_domain_prior": false,
  "eet_warmup_frac": 0.02,
  "eet_explore_frac": 0.15,
  "eet_reconstruct_lambda": 1.0,
  "eet_efficiency_lambda_start": 0.01,
  "eet_efficiency_lambda_end": 0.1,
  "eet_translator_rank": 0,
  "eet_max_frozen_kv_frac": 0.75,
  "eet_exit_threshold": 0.5,
  "eet_min_exit_layer": 1,
  "eet_loss_variant": "reconstruct",
  "eet_topk_vocab": 512,
  "eet_entropy_lambda": 0.3,
  "eet_surprise_lambda": 0.1,
  "eet_adv_lambda": 1.0,
  "eet_adv_entropy_lambda": 0.2,
  "eet_quality_lambda": 1.0,
  "eet_quality_entropy_bonus": 0.1,
  "eet_gumbel_temp_start": 0.0,
  "eet_gumbel_temp_end": 0.1,
  "eet_gumbel_hard": true,
  "eet_commitment_beta": 0.1,
  "eet_global_router": false,
  "eet_freq_efficiency_alpha": 0.0,
  "eet_diversity_lambda": 0.0,
  "eet_ce_guided_lambda": 1.0,
  "eet_router_lr_mult": 5.0,
  "eet_model_lr_mult": 1.0,
  "eet_depth_weight_type": "none",
  "eet_depth_weight_max": 2.5,
  "eet_use_override": 0,
  "eet_override_prob_start": 0.5,
  "eet_override_prob_end": 0.1,
  "eet_compute_skip": false,
  "eet_target_active_frac": 0.125,
  "eet_capacity_schedule": "bell",
  "eet_exit_fracs": null,
  "eet_capacity_alignment_lambda": 0.0,
  "eet_router_task_grad": true,
  "eet_reinforce_interval": 0,
  "eet_reinforce_lambda": 0.1,
  "eet_exit_adapter_rank": 0,
  "eet_router_after_block": 0,
  "eet_ffn_skip": false,
  "eet_ffn_target_frac": 0.5,
  "eet_ffn_full_attn": true,
  "eet_depth_affine": false,
  "eet_capacity_anneal_frac": 0.0,
  "eet_learned_schedule": false,
  "eet_departure_summary": false,
  "eet_route_consistency_lambda": 0.0,
  "eet_dense_distill_interval": 0,
  "eet_dense_distill_lambda": 0.5,
  "eet_depth_lr_scale": false,
  "eet_depth_grad_scale": false,
  "eet_detach_aux_from_backbone": false,
  "eet_detach_exit_from_backbone": false
}
Checkpoints directory: /__modal/volumes/vo-YghGtH0KLHCwgaLsbe3KX9/out/p07_mst_scaling/S7_COMBO_A_D8/depth_8/ckpt_base/base
✓ Wrapping model with DistributedDataParallel (rank 0, find_unused_parameters=False)
Parameter counts:
wte                     : 16,777,216
wpe                     : 0
value_embeds            : 16,777,216
lm_head                 : 16,777,216
transformer_matrices    : 7,346,176
research                : 0
scalars                 : 16
total                   : 57,677,840
Estimated FLOPs per token (total):  1.793434e+08
Estimated FLOPs per token (active): 1.793434e+08
Estimated active params:            57,677,840
[MST] Using compile-optimized BatchedMSTLayer (N=4, d=128)
[MST] 1A: Per-sub gradient equalization hooks registered
Scaling LRs by 0.7071 for batch size 262,144 (reference: 524,288)
Scaling weight decay from 0.200000 to 0.161418 for depth 8
Scaling AdamW LRs ∝1/√(512/768) = 1.224745
[MST] Per-sub Muon LR scaled by 2.00× → 0.028284
[MST] 1B: Block-diagonal Muon enabled (N=4 blocks)
Calculated number of iterations from target data:param ratio: 966
Total number of training tokens: 253,231,104
Tokens : Scaling params ratio: 10.50
Total training FLOPs estimate: 4.541532e+16
Using base scheduler: linear warmup/flat/linear warmdown
[MST] Diagnostics will be logged to: /__modal/volumes/vo-YghGtH0KLHCwgaLsbe3KX9/out/p07_mst_scaling/S7_COMBO_A_D8/depth_8/ckpt_base/base/mst_diagnostics.jsonl
Tokens / micro-batch / rank: 128 x 2048 = 262,144
Tokens / micro-batch: 262,144
Total batch size 262,144 => gradient accumulation steps: 1
Running pre-compilation warmup (1 dummy forward+backward to init lazy allocations)...
[rank0]:W0703 21:49:16.483000 557 site-packages/torch/_logging/_internal.py:1199] [0/0] Profiler function <class 'torch.autograd.profiler.record_function'> will be ignored
/usr/local/lib/python3.12/site-packages/torch/_inductor/lowering.py:7242: UserWarning: 
Online softmax is disabled on the fly since Inductor decides to
split the reduction. Cut an issue to PyTorch if this is an
important use case and you want to speed it up with online
softmax.

  warnings.warn(
Warmup complete. Steady-state VRAM: 0.7 GB allocated
/usr/local/lib/python3.12/site-packages/torch/_inductor/lowering.py:7242: UserWarning: 
Online softmax is disabled on the fly since Inductor decides to
split the reduction. Cut an issue to PyTorch if this is an
important use case and you want to speed it up with online
softmax.

  warnings.warn(
  [MST diag] ERROR: [Errno 2] No such file or directory: '/__modal/volumes/vo-YghGtH0KLHCwgaLsbe3KX9/out/p07_mst_scaling/S7_COMBO_A_D8/depth_8/ckpt_base/base/mst_diagnostics.jsonl'
step 00000/00966 (0.00%) | loss: 10.477476 | lrm: 0.20 | lr(adamw:8.142e-02, muon:3.889e-03) | dt: 104837.38ms | tok/sec: 2,500 | bf16_mfu: 0.05 | epoch: 1 pq: 0 rg: 1 | total time: 0.00m
2026-07-03 21:54:06,756 - nanochat.checkpoint_manager - [32m[1mINFO[0m - Saved model parameters to: /__modal/volumes/vo-YghGtH0KLHCwgaLsbe3KX9/out/p07_mst_scaling/S7_COMBO_A_D8/depth_8/ckpt_base/base/model_000200.pt
2026-07-03 21:54:06,759 - nanochat.checkpoint_manager - [32m[1mINFO[0m - Saved metadata to: /__modal/volumes/vo-YghGtH0KLHCwgaLsbe3KX9/out/p07_mst_scaling/S7_COMBO_A_D8/depth_8/ckpt_base/base/meta_000200.json
2026-07-03 21:54:07,324 - nanochat.checkpoint_manager - [32m[1mINFO[0m - Saved optimizer state to: /__modal/volumes/vo-YghGtH0KLHCwgaLsbe3KX9/out/p07_mst_scaling/S7_COMBO_A_D8/depth_8/ckpt_base/base/optim_000200_rank0.pt
  [MST diag] sub_sim=[0.511, 0.343, 0.277, 0.261, 0.252, 0.278, 0.267, 0.249] | route_ent=[1.125, 1.203, 1.055, 1.156, 0.992, 1.133, 1.203, 1.117] | grad_norm=[0.049, 0.034, 0.069, 0.056]
step 00200/00966 (20.70%) | loss: 4.356764 | lrm: 1.00 | lr(adamw:4.071e-01, muon:1.945e-02) | dt: 265.69ms | tok/sec: 986,644 | bf16_mfu: 17.89 | epoch: 1 pq: 1 rg: 17 | total time: 0.76m | eta: 3.1m
2026-07-03 21:54:55,672 - nanochat.checkpoint_manager - [32m[1mINFO[0m - Saved model parameters to: /__modal/volumes/vo-YghGtH0KLHCwgaLsbe3KX9/out/p07_mst_scaling/S7_COMBO_A_D8/depth_8/ckpt_base/base/model_000400.pt
2026-07-03 21:54:55,675 - nanochat.checkpoint_manager - [32m[1mINFO[0m - Saved metadata to: /__modal/volumes/vo-YghGtH0KLHCwgaLsbe3KX9/out/p07_mst_scaling/S7_COMBO_A_D8/depth_8/ckpt_base/base/meta_000400.json
2026-07-03 21:54:56,216 - nanochat.checkpoint_manager - [32m[1mINFO[0m - Saved optimizer state to: /__modal/volumes/vo-YghGtH0KLHCwgaLsbe3KX9/out/p07_mst_scaling/S7_COMBO_A_D8/depth_8/ckpt_base/base/optim_000400_rank0.pt
Removed previous periodic checkpoint at step 000200
  [MST diag] sub_sim=[0.528, 0.319, 0.257, 0.251, 0.222, 0.234, 0.240, 0.223] | route_ent=[0.914, 1.078, 0.969, 1.008, 0.824, 0.965, 0.930, 0.887] | grad_norm=[0.039, 0.035, 0.059, 0.047]
step 00400/00966 (41.41%) | loss: 3.960051 | lrm: 0.91 | lr(adamw:3.689e-01, muon:1.762e-02) | dt: 265.33ms | tok/sec: 987,975 | bf16_mfu: 17.92 | epoch: 1 pq: 2 rg: 30 | total time: 1.56m | eta: 2.3m
2026-07-03 21:55:44,617 - nanochat.checkpoint_manager - [32m[1mINFO[0m - Saved model parameters to: /__modal/volumes/vo-YghGtH0KLHCwgaLsbe3KX9/out/p07_mst_scaling/S7_COMBO_A_D8/depth_8/ckpt_base/base/model_000600.pt
2026-07-03 21:55:44,621 - nanochat.checkpoint_manager - [32m[1mINFO[0m - Saved metadata to: /__modal/volumes/vo-YghGtH0KLHCwgaLsbe3KX9/out/p07_mst_scaling/S7_COMBO_A_D8/depth_8/ckpt_base/base/meta_000600.json
2026-07-03 21:55:45,198 - nanochat.checkpoint_manager - [32m[1mINFO[0m - Saved optimizer state to: /__modal/volumes/vo-YghGtH0KLHCwgaLsbe3KX9/out/p07_mst_scaling/S7_COMBO_A_D8/depth_8/ckpt_base/base/optim_000600_rank0.pt
Removed previous periodic checkpoint at step 000400
  [MST diag] sub_sim=[0.502, 0.314, 0.246, 0.242, 0.220, 0.237, 0.245, 0.222] | route_ent=[0.895, 1.055, 0.988, 1.039, 0.832, 0.961, 0.867, 0.852] | grad_norm=[0.032, 0.024, 0.054, 0.032]
step 00600/00966 (62.11%) | loss: 3.771844 | lrm: 0.60 | lr(adamw:2.457e-01, muon:1.174e-02) | dt: 264.30ms | tok/sec: 991,836 | bf16_mfu: 17.99 | epoch: 1 pq: 3 rg: 44 | total time: 2.36m | eta: 1.5m
2026-07-03 21:56:33,632 - nanochat.checkpoint_manager - [32m[1mINFO[0m - Saved model parameters to: /__modal/volumes/vo-YghGtH0KLHCwgaLsbe3KX9/out/p07_mst_scaling/S7_COMBO_A_D8/depth_8/ckpt_base/base/model_000800.pt
2026-07-03 21:56:33,635 - nanochat.checkpoint_manager - [32m[1mINFO[0m - Saved metadata to: /__modal/volumes/vo-YghGtH0KLHCwgaLsbe3KX9/out/p07_mst_scaling/S7_COMBO_A_D8/depth_8/ckpt_base/base/meta_000800.json
2026-07-03 21:56:34,156 - nanochat.checkpoint_manager - [32m[1mINFO[0m - Saved optimizer state to: /__modal/volumes/vo-YghGtH0KLHCwgaLsbe3KX9/out/p07_mst_scaling/S7_COMBO_A_D8/depth_8/ckpt_base/base/optim_000800_rank0.pt
Removed previous periodic checkpoint at step 000600
  [MST diag] sub_sim=[0.497, 0.319, 0.244, 0.236, 0.217, 0.234, 0.243, 0.226] | route_ent=[0.922, 1.086, 1.031, 1.078, 0.891, 0.992, 0.871, 0.836] | grad_norm=[0.029, 0.019, 0.034, 0.028]
step 00800/00966 (82.82%) | loss: 3.644361 | lrm: 0.30 | lr(adamw:1.226e-01, muon:5.855e-03) | dt: 263.38ms | tok/sec: 995,307 | bf16_mfu: 18.05 | epoch: 1 pq: 4 rg: 58 | total time: 3.17m | eta: 0.7m
  [MST diag] sub_sim=[0.489, 0.316, 0.237, 0.228, 0.213, 0.230, 0.242, 0.229] | route_ent=[0.930, 1.102, 1.055, 1.094, 0.918, 1.008, 0.883, 0.832] | grad_norm=[0.021, 0.017, 0.026, 0.022]
step 00965/00966 (99.90%) | loss: 3.567337 | lrm: 0.05 | lr(adamw:2.097e-02, muon:1.002e-03) | dt: 264.30ms | tok/sec: 991,844 | bf16_mfu: 17.99 | epoch: 1 pq: 5 rg: 56 | total time: 3.83m | eta: 0.0m
/usr/local/lib/python3.12/site-packages/torch/_dynamo/variables/functions.py:1598: UserWarning: Dynamo does not know how to trace the builtin `torch._C._distributed_c10d.pybind11_detail_function_record_v1_system_libstdcpp_gxx_abi_1xxx_use_cxx11_abi_1._broadcast_coalesced.` This function is either a Python builtin (e.g. _warnings.warn) or a third-party C/C++ Python extension (perhaps created with pybind).
If it is a Python builtin, please file an issue on GitHub so the PyTorch team can add support for it and see the next case for a workaround.
If it is a third-party C/C++ Python extension, please either wrap it into a PyTorch-understood custom operator (see https://pytorch.org/tutorials/advanced/custom_ops_landing_page.html for more details) or, if it is traceable, use `torch.compiler.allow_in_graph`.
  torch._dynamo.utils.warn_once(explanation + "\n" + "\n".join(hints))
/usr/local/lib/python3.12/site-packages/torch/_inductor/lowering.py:7242: UserWarning: 
Online softmax is disabled on the fly since Inductor decides to
split the reduction. Cut an issue to PyTorch if this is an
important use case and you want to speed it up with online
softmax.

  warnings.warn(
Step 00966 | Validation bpb: 1.062827 | val_loss: 3.486264
<|bos|>The capital of France is the capital of the capital of the capital of the capital of the capital of the
<|bos|>The chemical symbol of gold is a symbol of the purity of the gold. It is a symbol of purity and
<|bos|>If yesterday was Friday, then tomorrow will be the next day. I have been to the 20th of July and I
<|bos|>The opposite of hot is the same as the hot air in the air. The air is the same as
<|bos|>The planets of the solar system are: the planets of the solar system are: the planets of the solar system are:
<|bos|>My favorite color is the blue, which is the most common color. It is a very popular color
<|bos|>If 5*x + 3 = 13, then x is the same as 5*x + 3 = 13, then x
2026-07-03 21:59:01,824 - nanochat.checkpoint_manager - [32m[1mINFO[0m - Saved model parameters to: /__modal/volumes/vo-YghGtH0KLHCwgaLsbe3KX9/out/p07_mst_scaling/S7_COMBO_A_D8/depth_8/ckpt_base/base/model_000966.pt
2026-07-03 21:59:01,827 - nanochat.checkpoint_manager - [32m[1mINFO[0m - Saved metadata to: /__modal/volumes/vo-YghGtH0KLHCwgaLsbe3KX9/out/p07_mst_scaling/S7_COMBO_A_D8/depth_8/ckpt_base/base/meta_000966.json
2026-07-03 21:59:02,403 - nanochat.checkpoint_manager - [32m[1mINFO[0m - Saved optimizer state to: /__modal/volumes/vo-YghGtH0KLHCwgaLsbe3KX9/out/p07_mst_scaling/S7_COMBO_A_D8/depth_8/ckpt_base/base/optim_000966_rank0.pt
step 00966/00966 (final) | loss: 3.567337 | early_stop: 0
Peak memory usage: 63004.66MiB
Total training time: 3.83m
Minimum validation bpb: 1.062827
Minimum validation loss (nats/byte): 3.486264
[MST] Results appended → /__modal/volumes/vo-YghGtH0KLHCwgaLsbe3KX9/out/p07_mst_scaling/S7_COMBO_A_D8/depth_8/ckpt_base/mst_results.csv
[MST] Results also appended → /__modal/volumes/vo-YghGtH0KLHCwgaLsbe3KX9/mst_results.csv
Final Validation BPB for base: 1.0628

--- Generating Report ---
Saved plot to out/p07_mst_scaling/S7_COMBO_A_D8/depth_8/comparison_depth_8.png
Saved TSV data to out/p07_mst_scaling/S7_COMBO_A_D8/depth_8/results_depth_8.tsv
Generating report to out/report/report.md
Copying report.md to current directory for convenience
================================================================
Sweep Complete! Results saved to out/p07_mst_scaling/S7_COMBO_A_D8
================================================================
Requested NPROC_PER_NODE=8, but only 1 GPU(s) visible. Capping.
Using NPROC_PER_NODE=1
NANOCHAT_SKIP_ENV_SETUP=0
===== GPU Info =====
Fri Jul  3 22:00:30 2026       
+-----------------------------------------------------------------------------------------+
| NVIDIA-SMI 580.95.05              Driver Version: 580.95.05      CUDA Version: 13.0     |
+-----------------------------------------+------------------------+----------------------+
| GPU  Name                 Persistence-M | Bus-Id          Disp.A | Volatile Uncorr. ECC |
| Fan  Temp   Perf          Pwr:Usage/Cap |           Memory-Usage | GPU-Util  Compute M. |
|                                         |                        |               MIG M. |
|=========================================+========================+======================|
|   0  NVIDIA H200                    On  |   00000002:00:00.0 Off |                    0 |
| N/A   43C    P0             80W /  700W |       0MiB / 143771MiB |      0%      Default |
|                                         |                        |             Disabled |
+-----------------------------------------+------------------------+----------------------+

+-----------------------------------------------------------------------------------------+
| Processes:                                                                              |
|  GPU   GI   CI              PID   Type   Process name                        GPU Memory |
|        ID   ID                                                               Usage      |
|=========================================================================================|
|  No running processes found                                                             |
+-----------------------------------------------------------------------------------------+
Starting Research Sweep. Output directory: out/p07_mst_scaling/S7_COMBO_A_D8
UV_SYSTEM_PYTHON=1: using system Python, skipping venv creation.
Validating system environment dependencies via uv...
[2mUsing Python 3.12.10 environment at: /usr/local[0m
[2mResolved [1m159 packages[0m [2min 576ms[0m[0m
   [36m[1mBuilding[0m[39m nanochat[2m @ file:///__modal/volumes/vo-YghGtH0KLHCwgaLsbe3KX9[0m
      [32m[1mBuilt[0m[39m nanochat[2m @ file:///__modal/volumes/vo-YghGtH0KLHCwgaLsbe3KX9[0m
[2mPrepared [1m1 package[0m [2min 1.15s[0m[0m
[2mUninstalled [1m1 package[0m [2min 0.81ms[0m[0m
[2mInstalled [1m1 package[0m [2min 1ms[0m[0m
 [33m~[39m [1mnanochat[0m[2m==0.1.0 (from file:///__modal/volumes/vo-YghGtH0KLHCwgaLsbe3KX9)[0m
Reset report and wrote header to out/report/header.md
Dataset (up to 300 shards) already exists in data, skipping download.
Tokenizer already exists in tokenizer, skipping training.
================================================================
Processing Depth: 8
================================================================
2026-07-03 22:00:44,142 - httpx - [32m[1mINFO[0m - HTTP Request: HEAD https://huggingface.co/varunneal/flash-attention-3/resolve/main/kernel-status.toml "HTTP/1.1 404 Not Found"
2026-07-03 22:00:44,449 - httpx - [32m[1mINFO[0m - HTTP Request: GET https://huggingface.co/api/models/varunneal/flash-attention-3/tree/main/build?recursive=false&expand=false "HTTP/1.1 200 OK"
2026-07-03 22:00:44,663 - httpx - [32m[1mINFO[0m - HTTP Request: GET https://huggingface.co/api/models/varunneal/flash-attention-3/revision/main "HTTP/1.1 200 OK"
[sweep] Requested 8 DDP workers but only 1 GPU(s) available — using 1.
================================================================
Starting Sweep for Depth 8
Target Tokens: Auto (per-model param count)
================================================================
  Overriding default target_dim (128) with full model_dim 512

--- Training base ---

  ┌─────────────────────────────────────────────────────┐
  │  🆕  STARTING FRESH: [base]
  │     No checkpoints found — training from scratch.
  └─────────────────────────────────────────────────────┘

Running: /usr/local/bin/torchrun --standalone --nproc_per_node=1 -m scripts.base_train --depth 8 --aspect-ratio 64 --head-dim 128 --model-dim 512 --max-seq-len 2048 --device-batch-size 128 --total-batch-size 262144 --target-tokens -1 --target-param-data-ratio 10.5 --eval-every -1 --log-every 200 --core-metric-every 0 --save-every 200 --warmup-ratio 0.005 --warmdown-ratio 0.65 --final-lr-frac 0.05 --adam-beta2 0.99 --research-warmup-ratio 0.05 --use-onecycle 0 --router-context-window -1 --remix-use-basis-gate 1 --remix-use-output-gate 1 --remix-use-context 1 --remix-basis-gate-mode mlp --remix-gate-lr-scale 0.3 --p22-n-templates 1 --p22-template-routing-learned 0 --p22-template-topk 0 --p22-attn-moe-route none --p26-output-gated-linear 0 --p28-shared-basis 0 --p28-chunk-routing-size 0 --p28-global-template-bank none --p28-attn-proj-templates 0 --p28-attn-qk-templates 0 --target-active-params 0 --remix-basis-gate-rank 8 --cclblock-modulation weight --cclblock-orth-lambda 0.0 --cclblock-context-stream local --cclblock-ema-factor 0.99 --cclblock-stale-ctx-lag 0 --cclblock-sparse-gate-k 0 --cclblock-gate-temperature 1.0 --cclblock-context-bank-size 0 --cclblock-per-head-ctx 0 --cclblock-context-source norm_x --cclblock-chunk-size 0 --cclblock-aux-objective none --cclblock-aux-lambda 0.1 --cclblock-boundary-token-id 198 --use-ral 0 --ral-rank 32 --cclblock-film-gate 0 --cclblock-attn-shadow-dim 0 --cclblock-dynamic-ratio 0.25 --cclblock-gate-rank 8 --cclblock-num-regimes 8 --cclblock-regime-temperature 1.0 --cclblock-poly-order 2 --cclblock-lie-generators 4 --cclblock-grassmann-bank-size 4 --cclblock-tucker-rank 32 --cclblock-tucker-modes 8 --cclblock-svs-rank 64 --cclblock-svs-eps 0.1 --cclblock-vq-codes 8 --cclblock-vq-temperature 1.0 --cclblock-dcu-warmup-steps 0 --cclblock-fsi-rotations 8 --cclblock-fsi-selector-dim 64 --cclblock-aesp-strata 4 --cclblock-aesp-delta-rank 4 --cclblock-ckr-branches 4 --cclblock-ckr-kernel-size 64 --cclblock-ckr-pos-channels 1 --cclblock-ckr-dual-optim 0 --cclblock-ckr-content-bias 0.0 --cclblock-giad-rank 32 --cclblock-psg-kernel-size 64 --cclblock-ss-dynamic-ratio 0.25 --cclblock-ss-branches 2 --cclblock-ss-kernel-size 64 --cclblock-lokr-branches 8 --cclblock-lokr-rank 16 --cclblock-ckr-temp-start 2.0 --cclblock-ckr-temp-end 0.3 --cclblock-com-kernel-size 32 --cclblock-ckr-ortho-init 0 --cclblock-ckr-branch-dropout 0.0 --cclblock-ckr-diversity-lambda 0.0 --cclblock-pgr-kernel-size 64 --cclblock-cil-kernel-size 64 --cclblock-prb-kernel-size 64 --p18-layer-drop 0.0 --p18-dynamic-activation 0 --p18-mixture-norm 0 --p18-aux-sim-lambda 0.0 --p18-gradient-penalty 0.0 --p18-per-channel-scale 0 --p19-residual-gate 0 --p19-head-importance 0 --p19-residual-mix-groups 0 --p19-attn-logit-bias 0 --p19-residual-decay 0 --p19-grad-equilibrium 0.0 --p19-spectral-reparam 0 --p19-weight-anticollapse 0.0 --p19-ve-bias 0 --p19-weight-noise 0.0 --p20-hrcs-scale 0 --p20-lswr-scale 0 --p20-lswr-planes 8 --p20-lrcfb-branches 0 --p20-lrcfb-narrow 0 --p20-lrcfb-learned 0 --p20-lrcfb-topk 0 --p20-dgcr-branches 0 --p20-dgcr-aux-weight 0.01 --p20-mone-experts 0 --p20-mone-topk 0 --p20-mone-narrow 1 --p20-mone-frozen 0 --p20-ncea-branches 0 --p20-ncea-eps 0.1 --p20-adwi 0 --p20-pwu-branches 0 --p20-pwu-phase 1 --p20-fsvd-gate 0 --p20-wbfc-clusters 0 --p20-wbfc-active 0 --p21-per-experts 0 --p21-per-topk 0 --p21-per-learned 0 --p21-per-attn 0 --p23-tiny-expert 0 --p23-n-experts 64 --p23-topk 16 --p23-learned-route 0 --p23-std-moe-experts 0 --p23-std-moe-topk -1 --p23-std-moe-aux-weight 0.01 --p23-lokr 0 --p23-lokr-rank 4 --p23-use-shared-block-router 0 --p23-linear-moe-experts 0 --p23-linear-moe-topk 0 --p23-quantile-route 0 --p24-use-sliced-weight 0 --p24-sliced-weight-reduction-scale 8 --p24-sliced-weight-min-select 128 --p24-sliced-weight-scope per_token --p24-sliced-weight-balance-coeff 0.01 --p24-quantile-route 0 --p24-use-folded-mod 0 --p24-folded-mod-reduction-scale 8 --p24-folded-mod-scope per_layer --p24-folded-mod-gate-act tanh_centered --p24-use-sequence-gated-linear 0 --p24-sequence-gated-scope per_layer --p24-sequence-gated-act tanh_centered --p24-folded-mod-min-dim 128 --remix-shared-context-gates 0 --remix-use-dual-gate 0 --remix-basis-scale-factor 4 --remix-output-gate-rank 16 --p24-use-sliced-weight 0 --p24-sliced-weight-reduction-scale 8 --p24-sliced-weight-min-select 128 --p24-sliced-weight-scope per_token --p24-sliced-weight-balance-coeff 0.01 --p24-quantile-route 0 --p24-use-folded-mod 0 --p24-folded-mod-reduction-scale 8 --p24-folded-mod-scope per_layer --p24-folded-mod-gate-act tanh_centered --p24-use-sequence-gated-linear 0 --p24-sequence-gated-scope per_layer --p24-sequence-gated-act tanh_centered --remix-disable-ln-basis 0 --dense-intermediate-ln 0 --use-mst 1 --mst-n-subs 4 --mst-sub-dim 128 --mst-head-dim 0 --mst-input-mode learned_proj --mst-rotated-slice-learned 0 --mst-routing-mode soft_weighted --mst-routing-topk 0 --mst-routing-aux-weight 0.01 --mst-diversity-weight 0.0 --mst-ffn-mode standard --mst-transition-mode aggregate_distribute --mst-final-mode concat_proj --mst-final-topk 0 --mst-ffn-shared-up 0 --mst-ffn-inner-dim 0 --mst-sub-dropout 0.0 --mst-transition-every 1 --mst-ffa-temperature 1.0 --mst-global-residual 0 --mst-hybrid-dense 0 --mst-cross-sub-kv 0 --mst-sub-aux-weight 0.0 --mst-progressive-merge 0 --mst-multi-scale-windows 0 --mst-delta-residual 0 --mst-sub-layers 1 --mst-grad-equalize 1 --mst-block-diagonal-muon 1 --mst-transition-width-mult 4.0 --mst-sub-lr-scale 2.0 --mst-shared-expert 0 --mst-router-entropy-weight 0.0 --mst-shared-kv-attn 0 --mst-contrastive-diversity-weight 0.0 --mst-transition-nonlinear 0 --mst-transition-gated 0 --mst-transition-mlp 0 --mst-cross-sub-gate 0 --mst-hyper-connect 0 --mst-cross-kv-inject 0 --mst-slice-transition 0 --mst-lookback-layers 0 --mst-bilinear-transition 0 --mst-cross-sub-qmod 0 --mst-feature-cycle 0 --mst-mean-transition 0 --use-eet 0 --eet-frozen-kv 1 --eet-reenter-final 0 --eet-compute-skip 0 --eet-target-active-frac 0.125 --eet-capacity-schedule bell --eet-exit-fracs  --eet-router-type mlp2 --eet-router-hidden 0 --eet-freq-prior-alpha 0.0 --eet-pos-prior-beta 0.0 --eet-domain-prior 0 --eet-warmup-frac 0.02 --eet-explore-frac 0.15 --eet-reconstruct-lambda 1.0 --eet-efficiency-lambda-start 0.01 --eet-efficiency-lambda-end 0.1 --eet-translator-rank 0 --eet-max-frozen-kv-frac 0.75 --eet-exit-threshold 0.5 --eet-min-exit-layer 1 --eet-loss-variant reconstruct --eet-topk-vocab 512 --eet-entropy-lambda 0.3 --eet-surprise-lambda 0.1 --eet-adv-lambda 1.0 --eet-adv-entropy-lambda 0.2 --eet-quality-lambda 1.0 --eet-quality-entropy-bonus 0.1 --eet-gumbel-temp-start 0.0 --eet-gumbel-temp-end 0.1 --eet-gumbel-hard 1 --eet-commitment-beta 0.1 --eet-global-router 0 --eet-freq-efficiency-alpha 0.0 --eet-diversity-lambda 0.0 --eet-ce-guided-lambda 1.0 --eet-router-lr-mult 5.0 --eet-model-lr-mult 1.0 --eet-depth-weight-type none --eet-depth-weight-max 2.5 --eet-use-override 0 --eet-override-prob-start 0.5 --eet-override-prob-end 0.1 --eet-capacity-alignment-lambda 0.0 --eet-router-task-grad 1 --eet-reinforce-interval 0 --eet-reinforce-lambda 0.1 --eet-exit-adapter-rank 0 --eet-router-after-block 0 --eet-ffn-skip 0 --eet-ffn-target-frac 0.5 --eet-ffn-full-attn 1 --eet-depth-affine 0 --eet-capacity-anneal-frac 0.0 --eet-learned-schedule 0 --eet-departure-summary 0 --eet-route-consistency-lambda 0.0 --eet-dense-distill-interval 0 --eet-dense-distill-lambda 0.5 --eet-depth-lr-scale 0 --eet-depth-grad-scale 0 --eet-detach-aux-from-backbone 0 --eet-detach-exit-from-backbone 0 --compile --tokenizer-dir tokenizer --data-dir data --max-shards 300 --checkpoints-dir /__modal/volumes/vo-YghGtH0KLHCwgaLsbe3KX9/out/p07_mst_scaling/S7_COMBO_A_D8/depth_8/ckpt_base --model-tag base
2026-07-03 22:00:53,302 - httpx - [32m[1mINFO[0m - HTTP Request: HEAD https://huggingface.co/varunneal/flash-attention-3/resolve/main/kernel-status.toml "HTTP/1.1 404 Not Found"
2026-07-03 22:00:53,496 - httpx - [32m[1mINFO[0m - HTTP Request: GET https://huggingface.co/api/models/varunneal/flash-attention-3/tree/main/build?recursive=false&expand=false "HTTP/1.1 200 OK"
2026-07-03 22:00:53,708 - httpx - [32m[1mINFO[0m - HTTP Request: GET https://huggingface.co/api/models/varunneal/flash-attention-3/revision/main "HTTP/1.1 200 OK"

                                                       █████                █████
                                                      ░░███                ░░███
     ████████    ██████   ████████    ██████   ██████  ░███████    ██████  ███████
    ░░███░░███  ░░░░░███ ░░███░░███  ███░░███ ███░░███ ░███░░███  ░░░░░███░░░███░
     ░███ ░███   ███████  ░███ ░███ ░███ ░███░███ ░░░  ░███ ░███   ███████  ░███
     ░███ ░███  ███░░███  ░███ ░███ ░███ ░███░███  ███ ░███ ░███  ███░░███  ░███ ███
     ████ █████░░████████ ████ █████░░██████ ░░██████  ████ █████░░███████  ░░█████
    ░░░░ ░░░░░  ░░░░░░░░ ░░░░ ░░░░░  ░░░░░░   ░░░░░░  ░░░░ ░░░░░  ░░░░░░░░   ░░░░░
    
Autodetected device type: cuda
2026-07-03 22:00:55,180 - nanochat.common - [32m[1mINFO[0m - Distributed world size: 1
GPU: NVIDIA H200 | Peak FLOPS (BF16): 9.89e+14
COMPUTE_DTYPE: torch.bfloat16 (auto-detected: CUDA SM 90 (bf16 supported))
✓ Using Flash Attention 3 (Hopper GPU detected) — efficient and fast.
Vocab size: 32,768
[MST] Using compile-optimized BatchedMSTLayer (N=4, d=128)
[MST] 1A: Per-sub gradient equalization hooks registered
Model config:
{
  "sequence_len": 2048,
  "vocab_size": 32768,
  "n_layer": 8,
  "n_head": 4,
  "n_kv_head": 4,
  "n_embd": 512,
  "use_moe": false,
  "use_perm": false,
  "moe_num_experts": 8,
  "moe_router_dim": 64,
  "moe_embed_dim": 64,
  "dropout": 0.0,
  "use_remix_linear": false,
  "remix_context_dim": 64,
  "remix_context_dim_ratio": 6,
  "remix_basis_size": 64,
  "remix_output_gate_rank": 16,
  "remixed_linear_kwargs": {
    "use_basis_gate": true,
    "use_output_gate": true,
    "use_context": true,
    "basis_gate_mode": "mlp",
    "sparse_gate_k": 0,
    "gate_temperature": 1.0,
    "basis_scale_factor": 4,
    "n_templates": 1,
    "template_routing_learned": false,
    "template_topk": 0,
    "tiny_expert": false,
    "tiny_expert_topk": 16,
    "lokr_expert": false,
    "lokr_n_experts": 64,
    "lokr_topk": 16,
    "lokr_rank": 4,
    "lokr_learned": false,
    "basis_gate_rank": 8,
    "disable_ln_basis": false
  },
  "use_pos_embed": false,
  "moe_use_abs_pos_embed": false,
  "use_layer_context": true,
  "scale_basis_size": true,
  "remix_use_dual_gate": false,
  "p26_output_gated_linear": 0,
  "p28_shared_basis": 0,
  "p28_chunk_routing_size": 0,
  "p28_global_template_bank": "none",
  "p28_attn_proj_templates": 0,
  "p28_attn_qk_templates": 0,
  "perm_expert_mode": "low_rank",
  "perm_rank": 16,
  "router_context_window": -1,
  "router_causal": true,
  "router_num_heads": 4,
  "router_num_queries": 16,
  "router_n_layers": 2,
  "router_use_vocab_prior": false,
  "window_pattern": "SSSL",
  "cclblock_modulation": "weight",
  "cclblock_orth_lambda": 0.0,
  "cclblock_context_stream": "local",
  "cclblock_ema_factor": 0.99,
  "cclblock_stale_ctx_lag": 0,
  "cclblock_sparse_gate_k": 0,
  "cclblock_gate_temperature": 1.0,
  "cclblock_context_bank_size": 0,
  "cclblock_per_head_ctx": false,
  "cclblock_context_source": "norm_x",
  "cclblock_chunk_size": 0,
  "cclblock_aux_objective": "none",
  "cclblock_aux_lambda": 0.1,
  "cclblock_boundary_token_id": 198,
  "use_ral": false,
  "ral_rank": 32,
  "cclblock_film_gate": false,
  "cclblock_attn_shadow_dim": 0,
  "cclblock_dynamic_ratio": 0.25,
  "cclblock_gate_rank": 8,
  "cclblock_num_regimes": 8,
  "cclblock_regime_temperature": 1.0,
  "cclblock_poly_order": 2,
  "cclblock_lie_generators": 4,
  "cclblock_grassmann_bank_size": 4,
  "cclblock_tucker_rank": 32,
  "cclblock_tucker_modes": 8,
  "cclblock_svs_rank": 64,
  "cclblock_svs_eps": 0.1,
  "cclblock_vq_codes": 8,
  "cclblock_vq_temperature": 1.0,
  "cclblock_dcu_warmup_steps": 0,
  "cclblock_fsi_rotations": 8,
  "cclblock_fsi_selector_dim": 64,
  "cclblock_aesp_strata": 4,
  "cclblock_aesp_delta_rank": 4,
  "cclblock_ckr_branches": 4,
  "cclblock_ckr_kernel_size": 64,
  "cclblock_ckr_pos_channels": 1,
  "cclblock_ckr_dual_optim": 0,
  "cclblock_ckr_content_bias": 0.0,
  "cclblock_giad_rank": 32,
  "cclblock_psg_kernel_size": 64,
  "cclblock_ss_dynamic_ratio": 0.25,
  "cclblock_ss_branches": 2,
  "cclblock_ss_kernel_size": 64,
  "cclblock_lokr_branches": 8,
  "cclblock_lokr_rank": 16,
  "cclblock_ckr_temp_start": 2.0,
  "cclblock_ckr_temp_end": 0.3,
  "cclblock_com_kernel_size": 32,
  "cclblock_ckr_ortho_init": 0,
  "cclblock_ckr_branch_dropout": 0.0,
  "cclblock_ckr_diversity_lambda": 0.0,
  "cclblock_ckr_layer_selective": 0,
  "cclblock_pgr_kernel_size": 64,
  "cclblock_cil_kernel_size": 64,
  "cclblock_prb_kernel_size": 64,
  "p18_layer_drop": 0.0,
  "p18_dynamic_activation": 0,
  "p18_mixture_norm": 0,
  "p18_causal_attn_bias": 0,
  "p18_aux_sim_lambda": 0.0,
  "p18_gradient_penalty": 0.0,
  "p18_per_channel_scale": 0,
  "p19_residual_gate": 0,
  "p19_head_importance": 0,
  "p19_residual_mix_groups": 0,
  "p19_attn_logit_bias": 0,
  "p19_residual_decay": 0,
  "p19_grad_equilibrium": 0.0,
  "p19_spectral_reparam": 0,
  "p19_weight_anticollapse": 0.0,
  "p19_ve_bias": 0,
  "p19_weight_noise": 0.0,
  "p20_hrcs_scale": 0,
  "p20_lswr_scale": 0,
  "p20_lswr_planes": 8,
  "p20_lrcfb_branches": 0,
  "p20_lrcfb_narrow": 0,
  "p20_lrcfb_learned": 0,
  "p20_lrcfb_topk": 0,
  "p20_dgcr_branches": 0,
  "p20_dgcr_aux_weight": 0.01,
  "p20_mone_experts": 0,
  "p20_mone_topk": 0,
  "p20_mone_narrow": 1,
  "p20_mone_frozen": 0,
  "p20_ncea_branches": 0,
  "p20_ncea_eps": 0.1,
  "p20_adwi": 0,
  "p20_pwu_branches": 0,
  "p20_pwu_phase": 1,
  "p20_fsvd_gate": 0,
  "p20_wbfc_clusters": 0,
  "p20_wbfc_active": 0,
  "p21_per_experts": 0,
  "p21_per_topk": 0,
  "p21_per_learned": 0,
  "p21_per_attn": 0,
  "p22_attn_moe_route": "none",
  "p23_tiny_expert": 0,
  "p23_n_experts": 64,
  "p23_topk": 16,
  "p23_learned_route": 0,
  "p23_std_moe_experts": 0,
  "p23_std_moe_topk": -1,
  "p23_std_moe_aux_weight": 0.01,
  "p23_lokr": 0,
  "p23_lokr_rank": 4,
  "p23_use_shared_block_router": 0,
  "p23_linear_moe_experts": 0,
  "p23_linear_moe_topk": 0,
  "p23_quantile_route": 0,
  "remix_shared_context_gates": 0,
  "p24_use_sliced_weight": 0,
  "p24_sliced_weight_reduction_scale": 8,
  "p24_sliced_weight_min_select": 128,
  "p24_sliced_weight_scope": "per_token",
  "p24_sliced_weight_balance_coeff": 0.01,
  "p24_quantile_route": 0,
  "p24_use_folded_mod": 0,
  "p24_folded_mod_reduction_scale": 8,
  "p24_folded_mod_min_dim": 128,
  "p24_folded_mod_scope": "per_layer",
  "p24_folded_mod_gate_act": "tanh_centered",
  "p24_use_sequence_gated_linear": 0,
  "p24_sequence_gated_scope": "per_layer",
  "p24_sequence_gated_act": "tanh_centered",
  "remix_disable_ln_basis": 0,
  "dense_intermediate_ln": 0,
  "use_mst": true,
  "mst_n_subs": 4,
  "mst_sub_dim": 128,
  "mst_head_dim": 0,
  "mst_input_mode": "learned_proj",
  "mst_rotated_slice_learned": false,
  "mst_routing_mode": "soft_weighted",
  "mst_routing_topk": 0,
  "mst_routing_aux_weight": 0.01,
  "mst_diversity_weight": 0.0,
  "mst_ffn_mode": "standard",
  "mst_transition_mode": "aggregate_distribute",
  "mst_final_mode": "concat_proj",
  "mst_final_topk": 0,
  "mst_ffn_shared_up": 0,
  "mst_ffn_inner_dim": 0,
  "mst_sub_dropout": 0.0,
  "mst_transition_every": 1,
  "mst_ffa_temperature": 1.0,
  "mst_global_residual": 0,
  "mst_hybrid_dense": 0,
  "mst_cross_sub_kv": 0,
  "mst_sub_aux_weight": 0.0,
  "mst_progressive_merge": 0,
  "mst_multi_scale_windows": 0,
  "mst_delta_residual": 0,
  "mst_sub_layers": 1,
  "mst_grad_equalize": 1,
  "mst_block_diagonal_muon": 1,
  "mst_transition_width_mult": 4.0,
  "mst_sub_lr_scale": 2.0,
  "mst_shared_expert": 0,
  "mst_router_entropy_weight": 0.0,
  "mst_shared_kv_attn": 0,
  "mst_contrastive_diversity_weight": 0.0,
  "mst_transition_nonlinear": 0,
  "mst_transition_gated": 0,
  "mst_transition_mlp": 0,
  "mst_cross_sub_gate": 0,
  "mst_hyper_connect": 0,
  "mst_cross_kv_inject": 0,
  "mst_slice_transition": 0,
  "mst_lookback_layers": 0,
  "mst_bilinear_transition": 0,
  "mst_cross_sub_qmod": 0,
  "mst_feature_cycle": 0,
  "mst_mean_transition": 0,
  "use_eet": false,
  "eet_frozen_kv": true,
  "eet_reenter_final": false,
  "eet_router_type": "mlp2",
  "eet_router_hidden": 0,
  "eet_freq_prior_alpha": 0.0,
  "eet_pos_prior_beta": 0.0,
  "eet_domain_prior": false,
  "eet_warmup_frac": 0.02,
  "eet_explore_frac": 0.15,
  "eet_reconstruct_lambda": 1.0,
  "eet_efficiency_lambda_start": 0.01,
  "eet_efficiency_lambda_end": 0.1,
  "eet_translator_rank": 0,
  "eet_max_frozen_kv_frac": 0.75,
  "eet_exit_threshold": 0.5,
  "eet_min_exit_layer": 1,
  "eet_loss_variant": "reconstruct",
  "eet_topk_vocab": 512,
  "eet_entropy_lambda": 0.3,
  "eet_surprise_lambda": 0.1,
  "eet_adv_lambda": 1.0,
  "eet_adv_entropy_lambda": 0.2,
  "eet_quality_lambda": 1.0,
  "eet_quality_entropy_bonus": 0.1,
  "eet_gumbel_temp_start": 0.0,
  "eet_gumbel_temp_end": 0.1,
  "eet_gumbel_hard": true,
  "eet_commitment_beta": 0.1,
  "eet_global_router": false,
  "eet_freq_efficiency_alpha": 0.0,
  "eet_diversity_lambda": 0.0,
  "eet_ce_guided_lambda": 1.0,
  "eet_router_lr_mult": 5.0,
  "eet_model_lr_mult": 1.0,
  "eet_depth_weight_type": "none",
  "eet_depth_weight_max": 2.5,
  "eet_use_override": 0,
  "eet_override_prob_start": 0.5,
  "eet_override_prob_end": 0.1,
  "eet_compute_skip": false,
  "eet_target_active_frac": 0.125,
  "eet_capacity_schedule": "bell",
  "eet_exit_fracs": null,
  "eet_capacity_alignment_lambda": 0.0,
  "eet_router_task_grad": true,
  "eet_reinforce_interval": 0,
  "eet_reinforce_lambda": 0.1,
  "eet_exit_adapter_rank": 0,
  "eet_router_after_block": 0,
  "eet_ffn_skip": false,
  "eet_ffn_target_frac": 0.5,
  "eet_ffn_full_attn": true,
  "eet_depth_affine": false,
  "eet_capacity_anneal_frac": 0.0,
  "eet_learned_schedule": false,
  "eet_departure_summary": false,
  "eet_route_consistency_lambda": 0.0,
  "eet_dense_distill_interval": 0,
  "eet_dense_distill_lambda": 0.5,
  "eet_depth_lr_scale": false,
  "eet_depth_grad_scale": false,
  "eet_detach_aux_from_backbone": false,
  "eet_detach_exit_from_backbone": false
}
Checkpoints directory: /__modal/volumes/vo-YghGtH0KLHCwgaLsbe3KX9/out/p07_mst_scaling/S7_COMBO_A_D8/depth_8/ckpt_base/base
✓ Wrapping model with DistributedDataParallel (rank 0, find_unused_parameters=False)
Parameter counts:
wte                     : 16,777,216
wpe                     : 0
value_embeds            : 16,777,216
lm_head                 : 16,777,216
transformer_matrices    : 8,394,752
research                : 0
scalars                 : 16
total                   : 58,726,416
Estimated FLOPs per token (total):  1.856348e+08
Estimated FLOPs per token (active): 1.856348e+08
Estimated active params:            58,726,416
[MST] Using compile-optimized BatchedMSTLayer (N=4, d=128)
[MST] 1A: Per-sub gradient equalization hooks registered
Scaling LRs by 0.7071 for batch size 262,144 (reference: 524,288)
Scaling weight decay from 0.200000 to 0.163530 for depth 8
Scaling AdamW LRs ∝1/√(512/768) = 1.224745
[MST] Per-sub Muon LR scaled by 2.00× → 0.028284
[MST] 1B: Block-diagonal Muon enabled (N=4 blocks)
Calculated number of iterations from target data:param ratio: 1,008
Total number of training tokens: 264,241,152
Tokens : Scaling params ratio: 10.50
Total training FLOPs estimate: 4.905236e+16
Using base scheduler: linear warmup/flat/linear warmdown
[MST] Diagnostics will be logged to: /__modal/volumes/vo-YghGtH0KLHCwgaLsbe3KX9/out/p07_mst_scaling/S7_COMBO_A_D8/depth_8/ckpt_base/base/mst_diagnostics.jsonl
Tokens / micro-batch / rank: 128 x 2048 = 262,144
Tokens / micro-batch: 262,144
Total batch size 262,144 => gradient accumulation steps: 1
Running pre-compilation warmup (1 dummy forward+backward to init lazy allocations)...
[rank0]:W0703 22:00:55.760000 21201 site-packages/torch/_logging/_internal.py:1199] [0/0] Profiler function <class 'torch.autograd.profiler.record_function'> will be ignored
/usr/local/lib/python3.12/site-packages/torch/_inductor/lowering.py:7242: UserWarning: 
Online softmax is disabled on the fly since Inductor decides to
split the reduction. Cut an issue to PyTorch if this is an
important use case and you want to speed it up with online
softmax.

  warnings.warn(
Warmup complete. Steady-state VRAM: 0.7 GB allocated
/usr/local/lib/python3.12/site-packages/torch/_inductor/lowering.py:7242: UserWarning: 
Online softmax is disabled on the fly since Inductor decides to
split the reduction. Cut an issue to PyTorch if this is an
important use case and you want to speed it up with online
softmax.

  warnings.warn(
  [MST diag] ERROR: [Errno 2] No such file or directory: '/__modal/volumes/vo-YghGtH0KLHCwgaLsbe3KX9/out/p07_mst_scaling/S7_COMBO_A_D8/depth_8/ckpt_base/base/mst_diagnostics.jsonl'
step 00000/01008 (0.00%) | loss: 10.477469 | lrm: 0.20 | lr(adamw:8.142e-02, muon:3.889e-03) | dt: 99711.53ms | tok/sec: 2,629 | bf16_mfu: 0.05 | epoch: 1 pq: 0 rg: 1 | total time: 0.00m
2026-07-03 22:05:31,870 - nanochat.checkpoint_manager - [32m[1mINFO[0m - Saved model parameters to: /__modal/volumes/vo-YghGtH0KLHCwgaLsbe3KX9/out/p07_mst_scaling/S7_COMBO_A_D8/depth_8/ckpt_base/base/model_000200.pt
2026-07-03 22:05:31,874 - nanochat.checkpoint_manager - [32m[1mINFO[0m - Saved metadata to: /__modal/volumes/vo-YghGtH0KLHCwgaLsbe3KX9/out/p07_mst_scaling/S7_COMBO_A_D8/depth_8/ckpt_base/base/meta_000200.json
2026-07-03 22:05:32,465 - nanochat.checkpoint_manager - [32m[1mINFO[0m - Saved optimizer state to: /__modal/volumes/vo-YghGtH0KLHCwgaLsbe3KX9/out/p07_mst_scaling/S7_COMBO_A_D8/depth_8/ckpt_base/base/optim_000200_rank0.pt
  [MST diag] sub_sim=[-0.057, -0.077, -0.059, -0.061, -0.053, -0.045, -0.035, -0.022] | route_ent=[1.219, 1.289, 1.266, 1.297, 1.266, 1.281, 1.250, 1.273] | grad_norm=[0.062, 0.044, 0.046, 0.062]
step 00200/01008 (19.84%) | loss: 4.330662 | lrm: 1.00 | lr(adamw:4.071e-01, muon:1.945e-02) | dt: 269.69ms | tok/sec: 972,007 | bf16_mfu: 18.24 | epoch: 1 pq: 1 rg: 17 | total time: 0.77m | eta: 3.3m
2026-07-03 22:06:21,666 - nanochat.checkpoint_manager - [32m[1mINFO[0m - Saved model parameters to: /__modal/volumes/vo-YghGtH0KLHCwgaLsbe3KX9/out/p07_mst_scaling/S7_COMBO_A_D8/depth_8/ckpt_base/base/model_000400.pt
2026-07-03 22:06:21,669 - nanochat.checkpoint_manager - [32m[1mINFO[0m - Saved metadata to: /__modal/volumes/vo-YghGtH0KLHCwgaLsbe3KX9/out/p07_mst_scaling/S7_COMBO_A_D8/depth_8/ckpt_base/base/meta_000400.json
2026-07-03 22:06:22,229 - nanochat.checkpoint_manager - [32m[1mINFO[0m - Saved optimizer state to: /__modal/volumes/vo-YghGtH0KLHCwgaLsbe3KX9/out/p07_mst_scaling/S7_COMBO_A_D8/depth_8/ckpt_base/base/optim_000400_rank0.pt
Removed previous periodic checkpoint at step 000200
  [MST diag] sub_sim=[-0.127, -0.141, -0.143, -0.134, -0.099, -0.086, -0.058, -0.037] | route_ent=[1.250, 1.320, 1.289, 1.320, 1.281, 1.281, 1.211, 1.234] | grad_norm=[0.047, 0.034, 0.035, 0.042]
step 00400/01008 (39.68%) | loss: 3.939746 | lrm: 0.93 | lr(adamw:3.793e-01, muon:1.812e-02) | dt: 264.45ms | tok/sec: 991,273 | bf16_mfu: 18.61 | epoch: 1 pq: 2 rg: 30 | total time: 1.59m | eta: 2.5m
2026-07-03 22:07:11,485 - nanochat.checkpoint_manager - [32m[1mINFO[0m - Saved model parameters to: /__modal/volumes/vo-YghGtH0KLHCwgaLsbe3KX9/out/p07_mst_scaling/S7_COMBO_A_D8/depth_8/ckpt_base/base/model_000600.pt
2026-07-03 22:07:11,488 - nanochat.checkpoint_manager - [32m[1mINFO[0m - Saved metadata to: /__modal/volumes/vo-YghGtH0KLHCwgaLsbe3KX9/out/p07_mst_scaling/S7_COMBO_A_D8/depth_8/ckpt_base/base/meta_000600.json
2026-07-03 22:07:12,006 - nanochat.checkpoint_manager - [32m[1mINFO[0m - Saved optimizer state to: /__modal/volumes/vo-YghGtH0KLHCwgaLsbe3KX9/out/p07_mst_scaling/S7_COMBO_A_D8/depth_8/ckpt_base/base/optim_000600_rank0.pt
Removed previous periodic checkpoint at step 000400
  [MST diag] sub_sim=[-0.146, -0.162, -0.164, -0.155, -0.121, -0.110, -0.075, -0.043] | route_ent=[1.281, 1.328, 1.312, 1.328, 1.312, 1.305, 1.211, 1.258] | grad_norm=[0.035, 0.037, 0.025, 0.032]
step 00600/01008 (59.52%) | loss: 3.750076 | lrm: 0.64 | lr(adamw:2.612e-01, muon:1.248e-02) | dt: 265.34ms | tok/sec: 987,937 | bf16_mfu: 18.54 | epoch: 1 pq: 3 rg: 44 | total time: 2.40m | eta: 1.7m
2026-07-03 22:08:01,293 - nanochat.checkpoint_manager - [32m[1mINFO[0m - Saved model parameters to: /__modal/volumes/vo-YghGtH0KLHCwgaLsbe3KX9/out/p07_mst_scaling/S7_COMBO_A_D8/depth_8/ckpt_base/base/model_000800.pt
2026-07-03 22:08:01,296 - nanochat.checkpoint_manager - [32m[1mINFO[0m - Saved metadata to: /__modal/volumes/vo-YghGtH0KLHCwgaLsbe3KX9/out/p07_mst_scaling/S7_COMBO_A_D8/depth_8/ckpt_base/base/meta_000800.json
2026-07-03 22:08:01,814 - nanochat.checkpoint_manager - [32m[1mINFO[0m - Saved optimizer state to: /__modal/volumes/vo-YghGtH0KLHCwgaLsbe3KX9/out/p07_mst_scaling/S7_COMBO_A_D8/depth_8/ckpt_base/base/optim_000800_rank0.pt
Removed previous periodic checkpoint at step 000600
  [MST diag] sub_sim=[-0.147, -0.159, -0.166, -0.159, -0.122, -0.119, -0.084, -0.049] | route_ent=[1.297, 1.336, 1.320, 1.336, 1.328, 1.312, 1.219, 1.266] | grad_norm=[0.026, 0.025, 0.019, 0.022]
step 00800/01008 (79.37%) | loss: 3.623050 | lrm: 0.35 | lr(adamw:1.432e-01, muon:6.839e-03) | dt: 267.71ms | tok/sec: 979,207 | bf16_mfu: 18.38 | epoch: 1 pq: 4 rg: 58 | total time: 3.22m | eta: 0.8m
2026-07-03 22:08:51,311 - nanochat.checkpoint_manager - [32m[1mINFO[0m - Saved model parameters to: /__modal/volumes/vo-YghGtH0KLHCwgaLsbe3KX9/out/p07_mst_scaling/S7_COMBO_A_D8/depth_8/ckpt_base/base/model_001000.pt
2026-07-03 22:08:51,314 - nanochat.checkpoint_manager - [32m[1mINFO[0m - Saved metadata to: /__modal/volumes/vo-YghGtH0KLHCwgaLsbe3KX9/out/p07_mst_scaling/S7_COMBO_A_D8/depth_8/ckpt_base/base/meta_001000.json
2026-07-03 22:08:51,891 - nanochat.checkpoint_manager - [32m[1mINFO[0m - Saved optimizer state to: /__modal/volumes/vo-YghGtH0KLHCwgaLsbe3KX9/out/p07_mst_scaling/S7_COMBO_A_D8/depth_8/ckpt_base/base/optim_001000_rank0.pt
Removed previous periodic checkpoint at step 000800
  [MST diag] sub_sim=[-0.146, -0.156, -0.164, -0.157, -0.119, -0.118, -0.084, -0.052] | route_ent=[1.297, 1.336, 1.320, 1.336, 1.328, 1.320, 1.227, 1.273] | grad_norm=[0.018, 0.018, 0.016, 0.018]
step 01000/01008 (99.21%) | loss: 3.535993 | lrm: 0.06 | lr(adamw:2.508e-02, muon:1.198e-03) | dt: 265.79ms | tok/sec: 986,293 | bf16_mfu: 18.51 | epoch: 1 pq: 5 rg: 73 | total time: 4.04m | eta: 0.0m
  [MST diag] sub_sim=[-0.145, -0.155, -0.163, -0.156, -0.118, -0.116, -0.082, -0.050] | route_ent=[1.297, 1.336, 1.320, 1.336, 1.328, 1.320, 1.227, 1.273] | grad_norm=[0.018, 0.019, 0.016, 0.018]
step 01007/01008 (99.90%) | loss: 3.528306 | lrm: 0.05 | lr(adamw:2.094e-02, muon:1.000e-03) | dt: 263.63ms | tok/sec: 994,373 | bf16_mfu: 18.66 | epoch: 1 pq: 5 rg: 76 | total time: 4.06m | eta: 0.0m
/usr/local/lib/python3.12/site-packages/torch/_dynamo/variables/functions.py:1598: UserWarning: Dynamo does not know how to trace the builtin `torch._C._distributed_c10d.pybind11_detail_function_record_v1_system_libstdcpp_gxx_abi_1xxx_use_cxx11_abi_1._broadcast_coalesced.` This function is either a Python builtin (e.g. _warnings.warn) or a third-party C/C++ Python extension (perhaps created with pybind).
If it is a Python builtin, please file an issue on GitHub so the PyTorch team can add support for it and see the next case for a workaround.
If it is a third-party C/C++ Python extension, please either wrap it into a PyTorch-understood custom operator (see https://pytorch.org/tutorials/advanced/custom_ops_landing_page.html for more details) or, if it is traceable, use `torch.compiler.allow_in_graph`.
  torch._dynamo.utils.warn_once(explanation + "\n" + "\n".join(hints))
/usr/local/lib/python3.12/site-packages/torch/_inductor/lowering.py:7242: UserWarning: 
Online softmax is disabled on the fly since Inductor decides to
split the reduction. Cut an issue to PyTorch if this is an
important use case and you want to speed it up with online
softmax.

  warnings.warn(
Step 01008 | Validation bpb: 1.051188 | val_loss: 3.448085
<|bos|>The capital of France is the capital of France. The capital of France is the capital of France. The
<|bos|>The chemical symbol of gold is a symbol of gold. It is a symbol of gold, and it is a
<|bos|>If yesterday was Friday, then tomorrow will be the first day of the week. I'm going to be going to the next
<|bos|>The opposite of hot is the heat of the earth. The earth is the earth's largest and the earth
<|bos|>The planets of the solar system are: 1. The planets of the solar system are: 2. The planets
<|bos|>My favorite color is the red, orange, and yellow. I have a lot of questions about the
<|bos|>If 5*x + 3 = 13, then x is 1.0, then x is 1.0, then x is
2026-07-03 22:10:35,700 - nanochat.checkpoint_manager - [32m[1mINFO[0m - Saved model parameters to: /__modal/volumes/vo-YghGtH0KLHCwgaLsbe3KX9/out/p07_mst_scaling/S7_COMBO_A_D8/depth_8/ckpt_base/base/model_001008.pt
2026-07-03 22:10:35,703 - nanochat.checkpoint_manager - [32m[1mINFO[0m - Saved metadata to: /__modal/volumes/vo-YghGtH0KLHCwgaLsbe3KX9/out/p07_mst_scaling/S7_COMBO_A_D8/depth_8/ckpt_base/base/meta_001008.json
2026-07-03 22:10:36,245 - nanochat.checkpoint_manager - [32m[1mINFO[0m - Saved optimizer state to: /__modal/volumes/vo-YghGtH0KLHCwgaLsbe3KX9/out/p07_mst_scaling/S7_COMBO_A_D8/depth_8/ckpt_base/base/optim_001008_rank0.pt
step 01008/01008 (final) | loss: 3.528306 | early_stop: 0
Peak memory usage: 67626.45MiB
Total training time: 4.06m
Minimum validation bpb: 1.051188
Minimum validation loss (nats/byte): 3.448085
[MST] Results appended → /__modal/volumes/vo-YghGtH0KLHCwgaLsbe3KX9/out/p07_mst_scaling/S7_COMBO_A_D8/depth_8/ckpt_base/mst_results.csv
[MST] Results also appended → /__modal/volumes/vo-YghGtH0KLHCwgaLsbe3KX9/mst_results.csv
Final Validation BPB for base: 1.0512

--- Generating Report ---
Saved plot to out/p07_mst_scaling/S7_COMBO_A_D8/depth_8/comparison_depth_8.png
Saved TSV data to out/p07_mst_scaling/S7_COMBO_A_D8/depth_8/results_depth_8.tsv
Generating report to out/report/report.md
Copying report.md to current directory for convenience
================================================================
Sweep Complete! Results saved to out/p07_mst_scaling/S7_COMBO_A_D8
================================================================
Requested NPROC_PER_NODE=8, but only 1 GPU(s) visible. Capping.
Using NPROC_PER_NODE=1
NANOCHAT_SKIP_ENV_SETUP=0
===== GPU Info =====
Fri Jul  3 22:11:15 2026       
+-----------------------------------------------------------------------------------------+
| NVIDIA-SMI 580.95.05              Driver Version: 580.95.05      CUDA Version: 13.0     |
+-----------------------------------------+------------------------+----------------------+
| GPU  Name                 Persistence-M | Bus-Id          Disp.A | Volatile Uncorr. ECC |
| Fan  Temp   Perf          Pwr:Usage/Cap |           Memory-Usage | GPU-Util  Compute M. |
|                                         |                        |               MIG M. |
|=========================================+========================+======================|
|   0  NVIDIA H200                    On  |   00000002:00:00.0 Off |                    0 |
| N/A   34C    P0             78W /  700W |       0MiB / 143771MiB |      0%      Default |
|                                         |                        |             Disabled |
+-----------------------------------------+------------------------+----------------------+

+-----------------------------------------------------------------------------------------+
| Processes:                                                                              |
|  GPU   GI   CI              PID   Type   Process name                        GPU Memory |
|        ID   ID                                                               Usage      |
|=========================================================================================|
|  No running processes found                                                             |
+-----------------------------------------------------------------------------------------+
Starting Research Sweep. Output directory: out/p07_mst_scaling/S7_COMBO_A_D24
UV_SYSTEM_PYTHON=1: using system Python, skipping venv creation.
Validating system environment dependencies via uv...
[2mUsing Python 3.12.10 environment at: /usr/local[0m
[2mResolved [1m159 packages[0m [2min 1.97s[0m[0m
   [36m[1mBuilding[0m[39m nanochat[2m @ file:///__modal/volumes/vo-YghGtH0KLHCwgaLsbe3KX9[0m
      [32m[1mBuilt[0m[39m nanochat[2m @ file:///__modal/volumes/vo-YghGtH0KLHCwgaLsbe3KX9[0m
[2mPrepared [1m1 package[0m [2min 980ms[0m[0m
[2mUninstalled [1m1 package[0m [2min 0.70ms[0m[0m
[2mInstalled [1m1 package[0m [2min 1ms[0m[0m
 [33m~[39m [1mnanochat[0m[2m==0.1.0 (from file:///__modal/volumes/vo-YghGtH0KLHCwgaLsbe3KX9)[0m
Reset report and wrote header to out/report/header.md
Dataset (up to 300 shards) already exists in data, skipping download.
Tokenizer already exists in tokenizer, skipping training.
================================================================
Processing Depth: 24
================================================================
2026-07-03 22:11:28,392 - httpx - [32m[1mINFO[0m - HTTP Request: HEAD https://huggingface.co/varunneal/flash-attention-3/resolve/main/kernel-status.toml "HTTP/1.1 404 Not Found"
2026-07-03 22:11:28,593 - httpx - [32m[1mINFO[0m - HTTP Request: GET https://huggingface.co/api/models/varunneal/flash-attention-3/tree/main/build?recursive=false&expand=false "HTTP/1.1 200 OK"
2026-07-03 22:11:28,781 - httpx - [32m[1mINFO[0m - HTTP Request: GET https://huggingface.co/api/models/varunneal/flash-attention-3/revision/main "HTTP/1.1 200 OK"
[sweep] Requested 8 DDP workers but only 1 GPU(s) available — using 1.
================================================================
Unfinished experiments found from a previous run:
  [base] ckpt_dir = /__modal/volumes/vo-YghGtH0KLHCwgaLsbe3KX9/out/p07_mst_scaling/S7_COMBO_A_D24/depth_24/ckpt_base
These will be resumed from their last checkpoint.
================================================================
================================================================
Starting Sweep for Depth 24
Target Tokens: Auto (per-model param count)
================================================================
  Overriding default target_dim (256) with full model_dim 1536

--- Training base ---

  ┌─────────────────────────────────────────────────────┐
  │  🆕  STARTING FRESH: [base]
  │     No checkpoints found — training from scratch.
  └─────────────────────────────────────────────────────┘

Running: /usr/local/bin/torchrun --standalone --nproc_per_node=1 -m scripts.base_train --depth 24 --aspect-ratio 64 --head-dim 128 --model-dim 1536 --max-seq-len 2048 --device-batch-size 32 --total-batch-size 262144 --target-tokens -1 --target-param-data-ratio 10.5 --eval-every -1 --log-every 200 --core-metric-every 0 --save-every 200 --warmup-ratio 0.005 --warmdown-ratio 0.65 --final-lr-frac 0.05 --adam-beta2 0.99 --research-warmup-ratio 0.05 --use-onecycle 0 --router-context-window -1 --remix-use-basis-gate 1 --remix-use-output-gate 1 --remix-use-context 1 --remix-basis-gate-mode mlp --remix-gate-lr-scale 0.3 --p22-n-templates 1 --p22-template-routing-learned 0 --p22-template-topk 0 --p22-attn-moe-route none --p26-output-gated-linear 0 --p28-shared-basis 0 --p28-chunk-routing-size 0 --p28-global-template-bank none --p28-attn-proj-templates 0 --p28-attn-qk-templates 0 --target-active-params 0 --remix-basis-gate-rank 8 --cclblock-modulation weight --cclblock-orth-lambda 0.0 --cclblock-context-stream local --cclblock-ema-factor 0.99 --cclblock-stale-ctx-lag 0 --cclblock-sparse-gate-k 0 --cclblock-gate-temperature 1.0 --cclblock-context-bank-size 0 --cclblock-per-head-ctx 0 --cclblock-context-source norm_x --cclblock-chunk-size 0 --cclblock-aux-objective none --cclblock-aux-lambda 0.1 --cclblock-boundary-token-id 198 --use-ral 0 --ral-rank 32 --cclblock-film-gate 0 --cclblock-attn-shadow-dim 0 --cclblock-dynamic-ratio 0.25 --cclblock-gate-rank 8 --cclblock-num-regimes 8 --cclblock-regime-temperature 1.0 --cclblock-poly-order 2 --cclblock-lie-generators 4 --cclblock-grassmann-bank-size 4 --cclblock-tucker-rank 32 --cclblock-tucker-modes 8 --cclblock-svs-rank 64 --cclblock-svs-eps 0.1 --cclblock-vq-codes 8 --cclblock-vq-temperature 1.0 --cclblock-dcu-warmup-steps 0 --cclblock-fsi-rotations 8 --cclblock-fsi-selector-dim 64 --cclblock-aesp-strata 4 --cclblock-aesp-delta-rank 4 --cclblock-ckr-branches 4 --cclblock-ckr-kernel-size 64 --cclblock-ckr-pos-channels 1 --cclblock-ckr-dual-optim 0 --cclblock-ckr-content-bias 0.0 --cclblock-giad-rank 32 --cclblock-psg-kernel-size 64 --cclblock-ss-dynamic-ratio 0.25 --cclblock-ss-branches 2 --cclblock-ss-kernel-size 64 --cclblock-lokr-branches 8 --cclblock-lokr-rank 16 --cclblock-ckr-temp-start 2.0 --cclblock-ckr-temp-end 0.3 --cclblock-com-kernel-size 32 --cclblock-ckr-ortho-init 0 --cclblock-ckr-branch-dropout 0.0 --cclblock-ckr-diversity-lambda 0.0 --cclblock-pgr-kernel-size 64 --cclblock-cil-kernel-size 64 --cclblock-prb-kernel-size 64 --p18-layer-drop 0.0 --p18-dynamic-activation 0 --p18-mixture-norm 0 --p18-aux-sim-lambda 0.0 --p18-gradient-penalty 0.0 --p18-per-channel-scale 0 --p19-residual-gate 0 --p19-head-importance 0 --p19-residual-mix-groups 0 --p19-attn-logit-bias 0 --p19-residual-decay 0 --p19-grad-equilibrium 0.0 --p19-spectral-reparam 0 --p19-weight-anticollapse 0.0 --p19-ve-bias 0 --p19-weight-noise 0.0 --p20-hrcs-scale 0 --p20-lswr-scale 0 --p20-lswr-planes 8 --p20-lrcfb-branches 0 --p20-lrcfb-narrow 0 --p20-lrcfb-learned 0 --p20-lrcfb-topk 0 --p20-dgcr-branches 0 --p20-dgcr-aux-weight 0.01 --p20-mone-experts 0 --p20-mone-topk 0 --p20-mone-narrow 1 --p20-mone-frozen 0 --p20-ncea-branches 0 --p20-ncea-eps 0.1 --p20-adwi 0 --p20-pwu-branches 0 --p20-pwu-phase 1 --p20-fsvd-gate 0 --p20-wbfc-clusters 0 --p20-wbfc-active 0 --p21-per-experts 0 --p21-per-topk 0 --p21-per-learned 0 --p21-per-attn 0 --p23-tiny-expert 0 --p23-n-experts 64 --p23-topk 16 --p23-learned-route 0 --p23-std-moe-experts 0 --p23-std-moe-topk -1 --p23-std-moe-aux-weight 0.01 --p23-lokr 0 --p23-lokr-rank 4 --p23-use-shared-block-router 0 --p23-linear-moe-experts 0 --p23-linear-moe-topk 0 --p23-quantile-route 0 --p24-use-sliced-weight 0 --p24-sliced-weight-reduction-scale 8 --p24-sliced-weight-min-select 128 --p24-sliced-weight-scope per_token --p24-sliced-weight-balance-coeff 0.01 --p24-quantile-route 0 --p24-use-folded-mod 0 --p24-folded-mod-reduction-scale 8 --p24-folded-mod-scope per_layer --p24-folded-mod-gate-act tanh_centered --p24-use-sequence-gated-linear 0 --p24-sequence-gated-scope per_layer --p24-sequence-gated-act tanh_centered --p24-folded-mod-min-dim 128 --remix-shared-context-gates 0 --remix-use-dual-gate 0 --remix-basis-scale-factor 4 --remix-output-gate-rank 16 --p24-use-sliced-weight 0 --p24-sliced-weight-reduction-scale 8 --p24-sliced-weight-min-select 128 --p24-sliced-weight-scope per_token --p24-sliced-weight-balance-coeff 0.01 --p24-quantile-route 0 --p24-use-folded-mod 0 --p24-folded-mod-reduction-scale 8 --p24-folded-mod-scope per_layer --p24-folded-mod-gate-act tanh_centered --p24-use-sequence-gated-linear 0 --p24-sequence-gated-scope per_layer --p24-sequence-gated-act tanh_centered --remix-disable-ln-basis 0 --dense-intermediate-ln 0 --use-mst 1 --mst-n-subs 4 --mst-sub-dim 384 --mst-head-dim 0 --mst-input-mode learned_proj --mst-rotated-slice-learned 0 --mst-routing-mode soft_weighted --mst-routing-topk 0 --mst-routing-aux-weight 0.01 --mst-diversity-weight 0.0 --mst-ffn-mode standard --mst-transition-mode aggregate_distribute --mst-final-mode concat_proj --mst-final-topk 0 --mst-ffn-shared-up 0 --mst-ffn-inner-dim 0 --mst-sub-dropout 0.0 --mst-transition-every 1 --mst-ffa-temperature 1.0 --mst-global-residual 0 --mst-hybrid-dense 0 --mst-cross-sub-kv 0 --mst-sub-aux-weight 0.0 --mst-progressive-merge 0 --mst-multi-scale-windows 0 --mst-delta-residual 0 --mst-sub-layers 1 --mst-grad-equalize 1 --mst-block-diagonal-muon 1 --mst-transition-width-mult 4.0 --mst-sub-lr-scale 2.0 --mst-shared-expert 0 --mst-router-entropy-weight 0.0 --mst-shared-kv-attn 0 --mst-contrastive-diversity-weight 0.0 --mst-transition-nonlinear 0 --mst-transition-gated 0 --mst-transition-mlp 0 --mst-cross-sub-gate 0 --mst-hyper-connect 0 --mst-cross-kv-inject 0 --mst-slice-transition 0 --mst-lookback-layers 0 --mst-bilinear-transition 0 --mst-cross-sub-qmod 0 --mst-feature-cycle 0 --mst-mean-transition 0 --use-eet 0 --eet-frozen-kv 1 --eet-reenter-final 0 --eet-compute-skip 0 --eet-target-active-frac 0.125 --eet-capacity-schedule bell --eet-exit-fracs  --eet-router-type mlp2 --eet-router-hidden 0 --eet-freq-prior-alpha 0.0 --eet-pos-prior-beta 0.0 --eet-domain-prior 0 --eet-warmup-frac 0.02 --eet-explore-frac 0.15 --eet-reconstruct-lambda 1.0 --eet-efficiency-lambda-start 0.01 --eet-efficiency-lambda-end 0.1 --eet-translator-rank 0 --eet-max-frozen-kv-frac 0.75 --eet-exit-threshold 0.5 --eet-min-exit-layer 1 --eet-loss-variant reconstruct --eet-topk-vocab 512 --eet-entropy-lambda 0.3 --eet-surprise-lambda 0.1 --eet-adv-lambda 1.0 --eet-adv-entropy-lambda 0.2 --eet-quality-lambda 1.0 --eet-quality-entropy-bonus 0.1 --eet-gumbel-temp-start 0.0 --eet-gumbel-temp-end 0.1 --eet-gumbel-hard 1 --eet-commitment-beta 0.1 --eet-global-router 0 --eet-freq-efficiency-alpha 0.0 --eet-diversity-lambda 0.0 --eet-ce-guided-lambda 1.0 --eet-router-lr-mult 5.0 --eet-model-lr-mult 1.0 --eet-depth-weight-type none --eet-depth-weight-max 2.5 --eet-use-override 0 --eet-override-prob-start 0.5 --eet-override-prob-end 0.1 --eet-capacity-alignment-lambda 0.0 --eet-router-task-grad 1 --eet-reinforce-interval 0 --eet-reinforce-lambda 0.1 --eet-exit-adapter-rank 0 --eet-router-after-block 0 --eet-ffn-skip 0 --eet-ffn-target-frac 0.5 --eet-ffn-full-attn 1 --eet-depth-affine 0 --eet-capacity-anneal-frac 0.0 --eet-learned-schedule 0 --eet-departure-summary 0 --eet-route-consistency-lambda 0.0 --eet-dense-distill-interval 0 --eet-dense-distill-lambda 0.5 --eet-depth-lr-scale 0 --eet-depth-grad-scale 0 --eet-detach-aux-from-backbone 0 --eet-detach-exit-from-backbone 0 --compile --tokenizer-dir tokenizer --data-dir data --max-shards 300 --checkpoints-dir /__modal/volumes/vo-YghGtH0KLHCwgaLsbe3KX9/out/p07_mst_scaling/S7_COMBO_A_D24/depth_24/ckpt_base --model-tag base
2026-07-03 22:11:36,962 - httpx - [32m[1mINFO[0m - HTTP Request: HEAD https://huggingface.co/varunneal/flash-attention-3/resolve/main/kernel-status.toml "HTTP/1.1 404 Not Found"
2026-07-03 22:11:37,159 - httpx - [32m[1mINFO[0m - HTTP Request: GET https://huggingface.co/api/models/varunneal/flash-attention-3/tree/main/build?recursive=false&expand=false "HTTP/1.1 200 OK"
2026-07-03 22:11:37,352 - httpx - [32m[1mINFO[0m - HTTP Request: GET https://huggingface.co/api/models/varunneal/flash-attention-3/revision/main "HTTP/1.1 200 OK"

                                                       █████                █████
                                                      ░░███                ░░███
     ████████    ██████   ████████    ██████   ██████  ░███████    ██████  ███████
    ░░███░░███  ░░░░░███ ░░███░░███  ███░░███ ███░░███ ░███░░███  ░░░░░███░░░███░
     ░███ ░███   ███████  ░███ ░███ ░███ ░███░███ ░░░  ░███ ░███   ███████  ░███
     ░███ ░███  ███░░███  ░███ ░███ ░███ ░███░███  ███ ░███ ░███  ███░░███  ░███ ███
     ████ █████░░████████ ████ █████░░██████ ░░██████  ████ █████░░███████  ░░█████
    ░░░░ ░░░░░  ░░░░░░░░ ░░░░ ░░░░░  ░░░░░░   ░░░░░░  ░░░░ ░░░░░  ░░░░░░░░   ░░░░░
    
Autodetected device type: cuda
2026-07-03 22:11:38,409 - nanochat.common - [32m[1mINFO[0m - Distributed world size: 1
GPU: NVIDIA H200 | Peak FLOPS (BF16): 9.89e+14
COMPUTE_DTYPE: torch.bfloat16 (auto-detected: CUDA SM 90 (bf16 supported))
✓ Using Flash Attention 3 (Hopper GPU detected) — efficient and fast.
Vocab size: 32,768
[MST] Using compile-optimized BatchedMSTLayer (N=4, d=384)
[MST] 1A: Per-sub gradient equalization hooks registered
Model config:
{
  "sequence_len": 2048,
  "vocab_size": 32768,
  "n_layer": 24,
  "n_head": 12,
  "n_kv_head": 12,
  "n_embd": 1536,
  "use_moe": false,
  "use_perm": false,
  "moe_num_experts": 8,
  "moe_router_dim": 64,
  "moe_embed_dim": 64,
  "dropout": 0.0,
  "use_remix_linear": false,
  "remix_context_dim": 64,
  "remix_context_dim_ratio": 6,
  "remix_basis_size": 64,
  "remix_output_gate_rank": 16,
  "remixed_linear_kwargs": {
    "use_basis_gate": true,
    "use_output_gate": true,
    "use_context": true,
    "basis_gate_mode": "mlp",
    "sparse_gate_k": 0,
    "gate_temperature": 1.0,
    "basis_scale_factor": 4,
    "n_templates": 1,
    "template_routing_learned": false,
    "template_topk": 0,
    "tiny_expert": false,
    "tiny_expert_topk": 16,
    "lokr_expert": false,
    "lokr_n_experts": 64,
    "lokr_topk": 16,
    "lokr_rank": 4,
    "lokr_learned": false,
    "basis_gate_rank": 8,
    "disable_ln_basis": false
  },
  "use_pos_embed": false,
  "moe_use_abs_pos_embed": false,
  "use_layer_context": true,
  "scale_basis_size": true,
  "remix_use_dual_gate": false,
  "p26_output_gated_linear": 0,
  "p28_shared_basis": 0,
  "p28_chunk_routing_size": 0,
  "p28_global_template_bank": "none",
  "p28_attn_proj_templates": 0,
  "p28_attn_qk_templates": 0,
  "perm_expert_mode": "low_rank",
  "perm_rank": 16,
  "router_context_window": -1,
  "router_causal": true,
  "router_num_heads": 4,
  "router_num_queries": 16,
  "router_n_layers": 2,
  "router_use_vocab_prior": false,
  "window_pattern": "SSSL",
  "cclblock_modulation": "weight",
  "cclblock_orth_lambda": 0.0,
  "cclblock_context_stream": "local",
  "cclblock_ema_factor": 0.99,
  "cclblock_stale_ctx_lag": 0,
  "cclblock_sparse_gate_k": 0,
  "cclblock_gate_temperature": 1.0,
  "cclblock_context_bank_size": 0,
  "cclblock_per_head_ctx": false,
  "cclblock_context_source": "norm_x",
  "cclblock_chunk_size": 0,
  "cclblock_aux_objective": "none",
  "cclblock_aux_lambda": 0.1,
  "cclblock_boundary_token_id": 198,
  "use_ral": false,
  "ral_rank": 32,
  "cclblock_film_gate": false,
  "cclblock_attn_shadow_dim": 0,
  "cclblock_dynamic_ratio": 0.25,
  "cclblock_gate_rank": 8,
  "cclblock_num_regimes": 8,
  "cclblock_regime_temperature": 1.0,
  "cclblock_poly_order": 2,
  "cclblock_lie_generators": 4,
  "cclblock_grassmann_bank_size": 4,
  "cclblock_tucker_rank": 32,
  "cclblock_tucker_modes": 8,
  "cclblock_svs_rank": 64,
  "cclblock_svs_eps": 0.1,
  "cclblock_vq_codes": 8,
  "cclblock_vq_temperature": 1.0,
  "cclblock_dcu_warmup_steps": 0,
  "cclblock_fsi_rotations": 8,
  "cclblock_fsi_selector_dim": 64,
  "cclblock_aesp_strata": 4,
  "cclblock_aesp_delta_rank": 4,
  "cclblock_ckr_branches": 4,
  "cclblock_ckr_kernel_size": 64,
  "cclblock_ckr_pos_channels": 1,
  "cclblock_ckr_dual_optim": 0,
  "cclblock_ckr_content_bias": 0.0,
  "cclblock_giad_rank": 32,
  "cclblock_psg_kernel_size": 64,
  "cclblock_ss_dynamic_ratio": 0.25,
  "cclblock_ss_branches": 2,
  "cclblock_ss_kernel_size": 64,
  "cclblock_lokr_branches": 8,
  "cclblock_lokr_rank": 16,
  "cclblock_ckr_temp_start": 2.0,
  "cclblock_ckr_temp_end": 0.3,
  "cclblock_com_kernel_size": 32,
  "cclblock_ckr_ortho_init": 0,
  "cclblock_ckr_branch_dropout": 0.0,
  "cclblock_ckr_diversity_lambda": 0.0,
  "cclblock_ckr_layer_selective": 0,
  "cclblock_pgr_kernel_size": 64,
  "cclblock_cil_kernel_size": 64,
  "cclblock_prb_kernel_size": 64,
  "p18_layer_drop": 0.0,
  "p18_dynamic_activation": 0,
  "p18_mixture_norm": 0,
  "p18_causal_attn_bias": 0,
  "p18_aux_sim_lambda": 0.0,
  "p18_gradient_penalty": 0.0,
  "p18_per_channel_scale": 0,
  "p19_residual_gate": 0,
  "p19_head_importance": 0,
  "p19_residual_mix_groups": 0,
  "p19_attn_logit_bias": 0,
  "p19_residual_decay": 0,
  "p19_grad_equilibrium": 0.0,
  "p19_spectral_reparam": 0,
  "p19_weight_anticollapse": 0.0,
  "p19_ve_bias": 0,
  "p19_weight_noise": 0.0,
  "p20_hrcs_scale": 0,
  "p20_lswr_scale": 0,
  "p20_lswr_planes": 8,
  "p20_lrcfb_branches": 0,
  "p20_lrcfb_narrow": 0,
  "p20_lrcfb_learned": 0,
  "p20_lrcfb_topk": 0,
  "p20_dgcr_branches": 0,
  "p20_dgcr_aux_weight": 0.01,
  "p20_mone_experts": 0,
  "p20_mone_topk": 0,
  "p20_mone_narrow": 1,
  "p20_mone_frozen": 0,
  "p20_ncea_branches": 0,
  "p20_ncea_eps": 0.1,
  "p20_adwi": 0,
  "p20_pwu_branches": 0,
  "p20_pwu_phase": 1,
  "p20_fsvd_gate": 0,
  "p20_wbfc_clusters": 0,
  "p20_wbfc_active": 0,
  "p21_per_experts": 0,
  "p21_per_topk": 0,
  "p21_per_learned": 0,
  "p21_per_attn": 0,
  "p22_attn_moe_route": "none",
  "p23_tiny_expert": 0,
  "p23_n_experts": 64,
  "p23_topk": 16,
  "p23_learned_route": 0,
  "p23_std_moe_experts": 0,
  "p23_std_moe_topk": -1,
  "p23_std_moe_aux_weight": 0.01,
  "p23_lokr": 0,
  "p23_lokr_rank": 4,
  "p23_use_shared_block_router": 0,
  "p23_linear_moe_experts": 0,
  "p23_linear_moe_topk": 0,
  "p23_quantile_route": 0,
  "remix_shared_context_gates": 0,
  "p24_use_sliced_weight": 0,
  "p24_sliced_weight_reduction_scale": 8,
  "p24_sliced_weight_min_select": 128,
  "p24_sliced_weight_scope": "per_token",
  "p24_sliced_weight_balance_coeff": 0.01,
  "p24_quantile_route": 0,
  "p24_use_folded_mod": 0,
  "p24_folded_mod_reduction_scale": 8,
  "p24_folded_mod_min_dim": 128,
  "p24_folded_mod_scope": "per_layer",
  "p24_folded_mod_gate_act": "tanh_centered",
  "p24_use_sequence_gated_linear": 0,
  "p24_sequence_gated_scope": "per_layer",
  "p24_sequence_gated_act": "tanh_centered",
  "remix_disable_ln_basis": 0,
  "dense_intermediate_ln": 0,
  "use_mst": true,
  "mst_n_subs": 4,
  "mst_sub_dim": 384,
  "mst_head_dim": 0,
  "mst_input_mode": "learned_proj",
  "mst_rotated_slice_learned": false,
  "mst_routing_mode": "soft_weighted",
  "mst_routing_topk": 0,
  "mst_routing_aux_weight": 0.01,
  "mst_diversity_weight": 0.0,
  "mst_ffn_mode": "standard",
  "mst_transition_mode": "aggregate_distribute",
  "mst_final_mode": "concat_proj",
  "mst_final_topk": 0,
  "mst_ffn_shared_up": 0,
  "mst_ffn_inner_dim": 0,
  "mst_sub_dropout": 0.0,
  "mst_transition_every": 1,
  "mst_ffa_temperature": 1.0,
  "mst_global_residual": 0,
  "mst_hybrid_dense": 0,
  "mst_cross_sub_kv": 0,
  "mst_sub_aux_weight": 0.0,
  "mst_progressive_merge": 0,
  "mst_multi_scale_windows": 0,
  "mst_delta_residual": 0,
  "mst_sub_layers": 1,
  "mst_grad_equalize": 1,
  "mst_block_diagonal_muon": 1,
  "mst_transition_width_mult": 4.0,
  "mst_sub_lr_scale": 2.0,
  "mst_shared_expert": 0,
  "mst_router_entropy_weight": 0.0,
  "mst_shared_kv_attn": 0,
  "mst_contrastive_diversity_weight": 0.0,
  "mst_transition_nonlinear": 0,
  "mst_transition_gated": 0,
  "mst_transition_mlp": 0,
  "mst_cross_sub_gate": 0,
  "mst_hyper_connect": 0,
  "mst_cross_kv_inject": 0,
  "mst_slice_transition": 0,
  "mst_lookback_layers": 0,
  "mst_bilinear_transition": 0,
  "mst_cross_sub_qmod": 0,
  "mst_feature_cycle": 0,
  "mst_mean_transition": 0,
  "use_eet": false,
  "eet_frozen_kv": true,
  "eet_reenter_final": false,
  "eet_router_type": "mlp2",
  "eet_router_hidden": 0,
  "eet_freq_prior_alpha": 0.0,
  "eet_pos_prior_beta": 0.0,
  "eet_domain_prior": false,
  "eet_warmup_frac": 0.02,
  "eet_explore_frac": 0.15,
  "eet_reconstruct_lambda": 1.0,
  "eet_efficiency_lambda_start": 0.01,
  "eet_efficiency_lambda_end": 0.1,
  "eet_translator_rank": 0,
  "eet_max_frozen_kv_frac": 0.75,
  "eet_exit_threshold": 0.5,
  "eet_min_exit_layer": 1,
  "eet_loss_variant": "reconstruct",
  "eet_topk_vocab": 512,
  "eet_entropy_lambda": 0.3,
  "eet_surprise_lambda": 0.1,
  "eet_adv_lambda": 1.0,
  "eet_adv_entropy_lambda": 0.2,
  "eet_quality_lambda": 1.0,
  "eet_quality_entropy_bonus": 0.1,
  "eet_gumbel_temp_start": 0.0,
  "eet_gumbel_temp_end": 0.1,
  "eet_gumbel_hard": true,
  "eet_commitment_beta": 0.1,
  "eet_global_router": false,
  "eet_freq_efficiency_alpha": 0.0,
  "eet_diversity_lambda": 0.0,
  "eet_ce_guided_lambda": 1.0,
  "eet_router_lr_mult": 5.0,
  "eet_model_lr_mult": 1.0,
  "eet_depth_weight_type": "none",
  "eet_depth_weight_max": 2.5,
  "eet_use_override": 0,
  "eet_override_prob_start": 0.5,
  "eet_override_prob_end": 0.1,
  "eet_compute_skip": false,
  "eet_target_active_frac": 0.125,
  "eet_capacity_schedule": "bell",
  "eet_exit_fracs": null,
  "eet_capacity_alignment_lambda": 0.0,
  "eet_router_task_grad": true,
  "eet_reinforce_interval": 0,
  "eet_reinforce_lambda": 0.1,
  "eet_exit_adapter_rank": 0,
  "eet_router_after_block": 0,
  "eet_ffn_skip": false,
  "eet_ffn_target_frac": 0.5,
  "eet_ffn_full_attn": true,
  "eet_depth_affine": false,
  "eet_capacity_anneal_frac": 0.0,
  "eet_learned_schedule": false,
  "eet_departure_summary": false,
  "eet_route_consistency_lambda": 0.0,
  "eet_dense_distill_interval": 0,
  "eet_dense_distill_lambda": 0.5,
  "eet_depth_lr_scale": false,
  "eet_depth_grad_scale": false,
  "eet_detach_aux_from_backbone": false,
  "eet_detach_exit_from_backbone": false
}
Checkpoints directory: /__modal/volumes/vo-YghGtH0KLHCwgaLsbe3KX9/out/p07_mst_scaling/S7_COMBO_A_D24/depth_24/ckpt_base/base
✓ Wrapping model with DistributedDataParallel (rank 0, find_unused_parameters=False)
Parameter counts:
wte                     : 50,331,648
wpe                     : 0
value_embeds            : 150,994,944
lm_head                 : 50,331,648
transformer_matrices    : 217,110,528
research                : 0
scalars                 : 48
total                   : 468,768,816
Estimated FLOPs per token (total):  1.916080e+09
Estimated FLOPs per token (active): 1.916080e+09
Estimated active params:            468,768,816
[MST] Using compile-optimized BatchedMSTLayer (N=4, d=384)
[MST] 1A: Per-sub gradient equalization hooks registered
Scaling LRs by 0.7071 for batch size 262,144 (reference: 524,288)
Scaling weight decay from 0.200000 to 0.085266 for depth 24
Scaling AdamW LRs ∝1/√(1536/768) = 0.707107
[MST] Per-sub Muon LR scaled by 2.00× → 0.028284
[MST] 1B: Block-diagonal Muon enabled (N=4 blocks)
Calculated number of iterations from target data:param ratio: 10,712
Total number of training tokens: 2,808,086,528
Tokens : Scaling params ratio: 10.50
Total training FLOPs estimate: 5.380519e+18
Using base scheduler: linear warmup/flat/linear warmdown
[MST] Diagnostics will be logged to: /__modal/volumes/vo-YghGtH0KLHCwgaLsbe3KX9/out/p07_mst_scaling/S7_COMBO_A_D24/depth_24/ckpt_base/base/mst_diagnostics.jsonl
Tokens / micro-batch / rank: 32 x 2048 = 65,536
Tokens / micro-batch: 65,536
Total batch size 262,144 => gradient accumulation steps: 4
Running pre-compilation warmup (1 dummy forward+backward to init lazy allocations)...
[rank0]:W0703 22:11:38.939000 41705 site-packages/torch/_logging/_internal.py:1199] [0/0] Profiler function <class 'torch.autograd.profiler.record_function'> will be ignored
/usr/local/lib/python3.12/site-packages/torch/_inductor/lowering.py:7242: UserWarning: 
Online softmax is disabled on the fly since Inductor decides to
split the reduction. Cut an issue to PyTorch if this is an
important use case and you want to speed it up with online
softmax.

  warnings.warn(
Warmup complete. Steady-state VRAM: 5.1 GB allocated
/usr/local/lib/python3.12/site-packages/torch/_inductor/lowering.py:7242: UserWarning: 
Online softmax is disabled on the fly since Inductor decides to
split the reduction. Cut an issue to PyTorch if this is an
important use case and you want to speed it up with online
softmax.

  warnings.warn(
  [MST diag] ERROR: [Errno 2] No such file or directory: '/__modal/volumes/vo-YghGtH0KLHCwgaLsbe3KX9/out/p07_mst_scaling/S7_COMBO_A_D24/depth_24/ckpt_base/base/mst_diagnostics.jsonl'
step 00000/10712 (0.00%) | loss: 10.638788 | lrm: 0.02 | lr(adamw:4.818e-03, muon:3.601e-04) | dt: 338078.13ms | tok/sec: 775 | bf16_mfu: 0.15 | epoch: 1 pq: 0 rg: 1 | total time: 0.00m
2026-07-03 22:29:32,446 - nanochat.checkpoint_manager - [32m[1mINFO[0m - Saved model parameters to: /__modal/volumes/vo-YghGtH0KLHCwgaLsbe3KX9/out/p07_mst_scaling/S7_COMBO_A_D24/depth_24/ckpt_base/base/model_000200.pt
2026-07-03 22:29:32,449 - nanochat.checkpoint_manager - [32m[1mINFO[0m - Saved metadata to: /__modal/volumes/vo-YghGtH0KLHCwgaLsbe3KX9/out/p07_mst_scaling/S7_COMBO_A_D24/depth_24/ckpt_base/base/meta_000200.json
2026-07-03 22:29:36,435 - nanochat.checkpoint_manager - [32m[1mINFO[0m - Saved optimizer state to: /__modal/volumes/vo-YghGtH0KLHCwgaLsbe3KX9/out/p07_mst_scaling/S7_COMBO_A_D24/depth_24/ckpt_base/base/optim_000200_rank0.pt
  [MST diag] sub_sim=[-0.033, -0.047, -0.045, -0.044, -0.044, -0.042, -0.040, -0.038, -0.036, -0.035, -0.034, -0.058, -0.032, -0.031, -0.029, -0.028, -0.050, -0.046, -0.038, -0.050, -0.054, -0.051, -0.048, -0.047] | route_ent=[1.266, 1.188, 1.312, 1.305, 1.336, 1.336, 1.352, 1.359, 1.359, 1.367, 1.367, 1.367, 1.195, 1.367, 1.359, 1.367, 1.367, 1.211, 1.203, 1.141, 1.242, 1.156, 1.195, 1.273] | grad_norm=[0.055, 0.046, 0.036, 0.058]
step 00200/10712 (1.87%) | loss: 4.300624 | lrm: 1.00 | lr(adamw:2.602e-01, muon:1.945e-02) | dt: 1880.32ms | tok/sec: 139,414 | bf16_mfu: 27.01 | epoch: 1 pq: 1 rg: 16 | total time: 5.86m | eta: 324.4m
Requested NPROC_PER_NODE=8, but only 1 GPU(s) visible. Capping.
Using NPROC_PER_NODE=1
NANOCHAT_SKIP_ENV_SETUP=0
===== GPU Info =====
Sun Jul  5 09:17:06 2026       
+-----------------------------------------------------------------------------------------+
| NVIDIA-SMI 580.95.05              Driver Version: 580.95.05      CUDA Version: 13.0     |
+-----------------------------------------+------------------------+----------------------+
| GPU  Name                 Persistence-M | Bus-Id          Disp.A | Volatile Uncorr. ECC |
| Fan  Temp   Perf          Pwr:Usage/Cap |           Memory-Usage | GPU-Util  Compute M. |
|                                         |                        |               MIG M. |
|=========================================+========================+======================|
|   0  NVIDIA H200                    On  |   00000000:59:00.0 Off |                    0 |
| N/A   29C    P0             76W /  700W |       0MiB / 143771MiB |      0%      Default |
|                                         |                        |             Disabled |
+-----------------------------------------+------------------------+----------------------+

+-----------------------------------------------------------------------------------------+
| Processes:                                                                              |
|  GPU   GI   CI              PID   Type   Process name                        GPU Memory |
|        ID   ID                                                               Usage      |
|=========================================================================================|
|  No running processes found                                                             |
+-----------------------------------------------------------------------------------------+
Starting Research Sweep. Output directory: out/p07_mst_scaling/S7_COMBO_A_D26
UV_SYSTEM_PYTHON=1: using system Python, skipping venv creation.
Validating system environment dependencies via uv...
[2mUsing Python 3.12.10 environment at: /usr/local[0m
[2mResolved [1m159 packages[0m [2min 677ms[0m[0m
   [36m[1mBuilding[0m[39m nanochat[2m @ file:///__modal/volumes/vo-YghGtH0KLHCwgaLsbe3KX9[0m
      [32m[1mBuilt[0m[39m nanochat[2m @ file:///__modal/volumes/vo-YghGtH0KLHCwgaLsbe3KX9[0m
[2mPrepared [1m1 package[0m [2min 2.11s[0m[0m
[2mUninstalled [1m1 package[0m [2min 6ms[0m[0m
[2mInstalled [1m1 package[0m [2min 2ms[0m[0m
 [31m-[39m [1mnanochat[0m[2m==0.1.0 (from file:///root)[0m
 [32m+[39m [1mnanochat[0m[2m==0.1.0 (from file:///__modal/volumes/vo-YghGtH0KLHCwgaLsbe3KX9)[0m
Reset report and wrote header to out/report/header.md
Dataset (up to 300 shards) already exists in data, skipping download.
Tokenizer already exists in tokenizer, skipping training.
================================================================
Processing Depth: 26
================================================================
2026-07-05 09:17:38,001 - httpx - [32m[1mINFO[0m - HTTP Request: GET https://huggingface.co/api/agent-harnesses "HTTP/1.1 200 OK"
2026-07-05 09:17:38,148 - httpx - [32m[1mINFO[0m - HTTP Request: HEAD https://huggingface.co/varunneal/flash-attention-3/resolve/main/kernel-status.toml "HTTP/1.1 404 Not Found"
2026-07-05 09:17:38,268 - httpx - [32m[1mINFO[0m - HTTP Request: GET https://huggingface.co/api/models/varunneal/flash-attention-3/tree/main/build?recursive=false&expand=false "HTTP/1.1 200 OK"
2026-07-05 09:17:38,390 - httpx - [32m[1mINFO[0m - HTTP Request: GET https://huggingface.co/api/models/varunneal/flash-attention-3/revision/main "HTTP/1.1 200 OK"
2026-07-05 09:17:38,538 - httpx - [32m[1mINFO[0m - HTTP Request: HEAD https://huggingface.co/varunneal/flash-attention-3/resolve/de87b9b5af06dd9984df595bef90b2eba44b181a/build/torch29-cxx11-cu128-x86_64-linux/flash_attention_3/__init__.py "HTTP/1.1 307 Temporary Redirect"
2026-07-05 09:17:38,545 - httpx - [32m[1mINFO[0m - HTTP Request: HEAD https://huggingface.co/varunneal/flash-attention-3/resolve/de87b9b5af06dd9984df595bef90b2eba44b181a/build/torch29-cxx11-cu128-x86_64-linux/flash_attention_3/_C.abi3.so "HTTP/1.1 302 Found"
2026-07-05 09:17:38,545 - httpx - [32m[1mINFO[0m - HTTP Request: HEAD https://huggingface.co/api/resolve-cache/models/varunneal/flash-attention-3/de87b9b5af06dd9984df595bef90b2eba44b181a/build%2Ftorch29-cxx11-cu128-x86_64-linux%2Fflash_attention_[1m3%[0m2F__init__.py "HTTP/1.1 200 OK"
2026-07-05 09:17:38,555 - httpx - [32m[1mINFO[0m - HTTP Request: HEAD https://huggingface.co/varunneal/flash-attention-3/resolve/de87b9b5af06dd9984df595bef90b2eba44b181a/build/torch29-cxx11-cu128-x86_64-linux/flash_attention_3/flash_attn_interface.py "HTTP/1.1 307 Temporary Redirect"
2026-07-05 09:17:38,556 - httpx - [32m[1mINFO[0m - HTTP Request: GET https://huggingface.co/api/resolve-cache/models/varunneal/flash-attention-3/de87b9b5af06dd9984df595bef90b2eba44b181a/build%2Ftorch29-cxx11-cu128-x86_64-linux%2Fflash_attention_[1m3%[0m2F__init__.py "HTTP/1.1 200 OK"
2026-07-05 09:17:38,573 - httpx - [32m[1mINFO[0m - HTTP Request: HEAD https://huggingface.co/varunneal/flash-attention-3/resolve/de87b9b5af06dd9984df595bef90b2eba44b181a/build/torch29-cxx11-cu128-x86_64-linux/flash_attention_3/flash_attn_config.py "HTTP/1.1 307 Temporary Redirect"
2026-07-05 09:17:38,574 - httpx - [32m[1mINFO[0m - HTTP Request: HEAD https://huggingface.co/api/resolve-cache/models/varunneal/flash-attention-3/de87b9b5af06dd9984df595bef90b2eba44b181a/build%2Ftorch29-cxx11-cu128-x86_64-linux%2Fflash_attention_[1m3%[0m2Fflash_attn_interface.py "HTTP/1.1 200 OK"
2026-07-05 09:17:38,584 - httpx - [32m[1mINFO[0m - HTTP Request: HEAD https://huggingface.co/api/resolve-cache/models/varunneal/flash-attention-3/de87b9b5af06dd9984df595bef90b2eba44b181a/build%2Ftorch29-cxx11-cu128-x86_64-linux%2Fflash_attention_[1m3%[0m2Fflash_attn_config.py "HTTP/1.1 200 OK"
2026-07-05 09:17:38,646 - httpx - [32m[1mINFO[0m - HTTP Request: GET https://huggingface.co/api/resolve-cache/models/varunneal/flash-attention-3/de87b9b5af06dd9984df595bef90b2eba44b181a/build%2Ftorch29-cxx11-cu128-x86_64-linux%2Fflash_attention_[1m3%[0m2Fflash_attn_interface.py "HTTP/1.1 200 OK"
2026-07-05 09:17:38,648 - httpx - [32m[1mINFO[0m - HTTP Request: GET https://huggingface.co/api/resolve-cache/models/varunneal/flash-attention-3/de87b9b5af06dd9984df595bef90b2eba44b181a/build%2Ftorch29-cxx11-cu128-x86_64-linux%2Fflash_attention_[1m3%[0m2Fflash_attn_config.py "HTTP/1.1 200 OK"
[sweep] Requested 8 DDP workers but only 1 GPU(s) available — using 1.
================================================================
Unfinished experiments found from a previous run:
  [base] ckpt_dir = /__modal/volumes/vo-mKBdrtWxjif35KPeC6uz1n/out/p07_mst_scaling/S7_COMBO_A_D26/depth_26/ckpt_base
These will be resumed from their last checkpoint.
================================================================
================================================================
Starting Sweep for Depth 26
Target Tokens: Auto (per-model param count)
================================================================
  Overriding default target_dim (256) with full model_dim 1664

--- Training base ---

  ┌─────────────────────────────────────────────────────┐
  │  ⏩  RESUMING [base] from step 12,800
  │     /__modal/volumes/vo-YghGtH0KLHCwgaLsbe3KX9/out/p07_mst_scaling/S7_COMBO_A_D26/depth_26/ckpt_base/base
  └─────────────────────────────────────────────────────┘

Running: /usr/local/bin/torchrun --standalone --nproc_per_node=1 -m scripts.base_train --depth 26 --aspect-ratio 64 --head-dim 128 --model-dim 1664 --max-seq-len 2048 --device-batch-size 16 --total-batch-size 262144 --target-tokens -1 --target-param-data-ratio 10.5 --eval-every -1 --log-every 200 --core-metric-every 0 --save-every 200 --warmup-ratio 0.005 --warmdown-ratio 0.65 --final-lr-frac 0.05 --adam-beta2 0.99 --research-warmup-ratio 0.05 --use-onecycle 0 --router-context-window -1 --remix-use-basis-gate 1 --remix-use-output-gate 1 --remix-use-context 1 --remix-basis-gate-mode mlp --remix-gate-lr-scale 0.3 --p22-n-templates 1 --p22-template-routing-learned 0 --p22-template-topk 0 --p22-attn-moe-route none --p26-output-gated-linear 0 --p28-shared-basis 0 --p28-chunk-routing-size 0 --p28-global-template-bank none --p28-attn-proj-templates 0 --p28-attn-qk-templates 0 --target-active-params 0 --remix-basis-gate-rank 8 --cclblock-modulation weight --cclblock-orth-lambda 0.0 --cclblock-context-stream local --cclblock-ema-factor 0.99 --cclblock-stale-ctx-lag 0 --cclblock-sparse-gate-k 0 --cclblock-gate-temperature 1.0 --cclblock-context-bank-size 0 --cclblock-per-head-ctx 0 --cclblock-context-source norm_x --cclblock-chunk-size 0 --cclblock-aux-objective none --cclblock-aux-lambda 0.1 --cclblock-boundary-token-id 198 --use-ral 0 --ral-rank 32 --cclblock-film-gate 0 --cclblock-attn-shadow-dim 0 --cclblock-dynamic-ratio 0.25 --cclblock-gate-rank 8 --cclblock-num-regimes 8 --cclblock-regime-temperature 1.0 --cclblock-poly-order 2 --cclblock-lie-generators 4 --cclblock-grassmann-bank-size 4 --cclblock-tucker-rank 32 --cclblock-tucker-modes 8 --cclblock-svs-rank 64 --cclblock-svs-eps 0.1 --cclblock-vq-codes 8 --cclblock-vq-temperature 1.0 --cclblock-dcu-warmup-steps 0 --cclblock-fsi-rotations 8 --cclblock-fsi-selector-dim 64 --cclblock-aesp-strata 4 --cclblock-aesp-delta-rank 4 --cclblock-ckr-branches 4 --cclblock-ckr-kernel-size 64 --cclblock-ckr-pos-channels 1 --cclblock-ckr-dual-optim 0 --cclblock-ckr-content-bias 0.0 --cclblock-giad-rank 32 --cclblock-psg-kernel-size 64 --cclblock-ss-dynamic-ratio 0.25 --cclblock-ss-branches 2 --cclblock-ss-kernel-size 64 --cclblock-lokr-branches 8 --cclblock-lokr-rank 16 --cclblock-ckr-temp-start 2.0 --cclblock-ckr-temp-end 0.3 --cclblock-com-kernel-size 32 --cclblock-ckr-ortho-init 0 --cclblock-ckr-branch-dropout 0.0 --cclblock-ckr-diversity-lambda 0.0 --cclblock-pgr-kernel-size 64 --cclblock-cil-kernel-size 64 --cclblock-prb-kernel-size 64 --p18-layer-drop 0.0 --p18-dynamic-activation 0 --p18-mixture-norm 0 --p18-aux-sim-lambda 0.0 --p18-gradient-penalty 0.0 --p18-per-channel-scale 0 --p19-residual-gate 0 --p19-head-importance 0 --p19-residual-mix-groups 0 --p19-attn-logit-bias 0 --p19-residual-decay 0 --p19-grad-equilibrium 0.0 --p19-spectral-reparam 0 --p19-weight-anticollapse 0.0 --p19-ve-bias 0 --p19-weight-noise 0.0 --p20-hrcs-scale 0 --p20-lswr-scale 0 --p20-lswr-planes 8 --p20-lrcfb-branches 0 --p20-lrcfb-narrow 0 --p20-lrcfb-learned 0 --p20-lrcfb-topk 0 --p20-dgcr-branches 0 --p20-dgcr-aux-weight 0.01 --p20-mone-experts 0 --p20-mone-topk 0 --p20-mone-narrow 1 --p20-mone-frozen 0 --p20-ncea-branches 0 --p20-ncea-eps 0.1 --p20-adwi 0 --p20-pwu-branches 0 --p20-pwu-phase 1 --p20-fsvd-gate 0 --p20-wbfc-clusters 0 --p20-wbfc-active 0 --p21-per-experts 0 --p21-per-topk 0 --p21-per-learned 0 --p21-per-attn 0 --p23-tiny-expert 0 --p23-n-experts 64 --p23-topk 16 --p23-learned-route 0 --p23-std-moe-experts 0 --p23-std-moe-topk -1 --p23-std-moe-aux-weight 0.01 --p23-lokr 0 --p23-lokr-rank 4 --p23-use-shared-block-router 0 --p23-linear-moe-experts 0 --p23-linear-moe-topk 0 --p23-quantile-route 0 --p24-use-sliced-weight 0 --p24-sliced-weight-reduction-scale 8 --p24-sliced-weight-min-select 128 --p24-sliced-weight-scope per_token --p24-sliced-weight-balance-coeff 0.01 --p24-quantile-route 0 --p24-use-folded-mod 0 --p24-folded-mod-reduction-scale 8 --p24-folded-mod-scope per_layer --p24-folded-mod-gate-act tanh_centered --p24-use-sequence-gated-linear 0 --p24-sequence-gated-scope per_layer --p24-sequence-gated-act tanh_centered --p24-folded-mod-min-dim 128 --remix-shared-context-gates 0 --remix-use-dual-gate 0 --remix-basis-scale-factor 4 --remix-output-gate-rank 16 --p24-use-sliced-weight 0 --p24-sliced-weight-reduction-scale 8 --p24-sliced-weight-min-select 128 --p24-sliced-weight-scope per_token --p24-sliced-weight-balance-coeff 0.01 --p24-quantile-route 0 --p24-use-folded-mod 0 --p24-folded-mod-reduction-scale 8 --p24-folded-mod-scope per_layer --p24-folded-mod-gate-act tanh_centered --p24-use-sequence-gated-linear 0 --p24-sequence-gated-scope per_layer --p24-sequence-gated-act tanh_centered --remix-disable-ln-basis 0 --dense-intermediate-ln 0 --use-mst 1 --mst-n-subs 4 --mst-sub-dim 416 --mst-head-dim 0 --mst-input-mode learned_proj --mst-rotated-slice-learned 0 --mst-routing-mode soft_weighted --mst-routing-topk 0 --mst-routing-aux-weight 0.01 --mst-diversity-weight 0.0 --mst-ffn-mode standard --mst-transition-mode aggregate_distribute --mst-final-mode concat_proj --mst-final-topk 0 --mst-ffn-shared-up 0 --mst-ffn-inner-dim 0 --mst-sub-dropout 0.0 --mst-transition-every 1 --mst-ffa-temperature 1.0 --mst-global-residual 0 --mst-hybrid-dense 0 --mst-cross-sub-kv 0 --mst-sub-aux-weight 0.0 --mst-progressive-merge 0 --mst-multi-scale-windows 0 --mst-delta-residual 0 --mst-sub-layers 1 --mst-grad-equalize 1 --mst-block-diagonal-muon 1 --mst-transition-width-mult 4.0 --mst-sub-lr-scale 2.0 --mst-shared-expert 0 --mst-router-entropy-weight 0.0 --mst-shared-kv-attn 0 --mst-contrastive-diversity-weight 0.0 --mst-transition-nonlinear 0 --mst-transition-gated 0 --mst-transition-mlp 0 --mst-cross-sub-gate 0 --mst-hyper-connect 0 --mst-cross-kv-inject 0 --mst-slice-transition 0 --mst-lookback-layers 0 --mst-bilinear-transition 0 --mst-cross-sub-qmod 0 --mst-feature-cycle 0 --mst-mean-transition 0 --use-eet 0 --eet-frozen-kv 1 --eet-reenter-final 0 --eet-compute-skip 0 --eet-target-active-frac 0.125 --eet-capacity-schedule bell --eet-exit-fracs  --eet-router-type mlp2 --eet-router-hidden 0 --eet-freq-prior-alpha 0.0 --eet-pos-prior-beta 0.0 --eet-domain-prior 0 --eet-warmup-frac 0.02 --eet-explore-frac 0.15 --eet-reconstruct-lambda 1.0 --eet-efficiency-lambda-start 0.01 --eet-efficiency-lambda-end 0.1 --eet-translator-rank 0 --eet-max-frozen-kv-frac 0.75 --eet-exit-threshold 0.5 --eet-min-exit-layer 1 --eet-loss-variant reconstruct --eet-topk-vocab 512 --eet-entropy-lambda 0.3 --eet-surprise-lambda 0.1 --eet-adv-lambda 1.0 --eet-adv-entropy-lambda 0.2 --eet-quality-lambda 1.0 --eet-quality-entropy-bonus 0.1 --eet-gumbel-temp-start 0.0 --eet-gumbel-temp-end 0.1 --eet-gumbel-hard 1 --eet-commitment-beta 0.1 --eet-global-router 0 --eet-freq-efficiency-alpha 0.0 --eet-diversity-lambda 0.0 --eet-ce-guided-lambda 1.0 --eet-router-lr-mult 5.0 --eet-model-lr-mult 1.0 --eet-depth-weight-type none --eet-depth-weight-max 2.5 --eet-use-override 0 --eet-override-prob-start 0.5 --eet-override-prob-end 0.1 --eet-capacity-alignment-lambda 0.0 --eet-router-task-grad 1 --eet-reinforce-interval 0 --eet-reinforce-lambda 0.1 --eet-exit-adapter-rank 0 --eet-router-after-block 0 --eet-ffn-skip 0 --eet-ffn-target-frac 0.5 --eet-ffn-full-attn 1 --eet-depth-affine 0 --eet-capacity-anneal-frac 0.0 --eet-learned-schedule 0 --eet-departure-summary 0 --eet-route-consistency-lambda 0.0 --eet-dense-distill-interval 0 --eet-dense-distill-lambda 0.5 --eet-depth-lr-scale 0 --eet-depth-grad-scale 0 --eet-detach-aux-from-backbone 0 --eet-detach-exit-from-backbone 0 --compile --tokenizer-dir tokenizer --data-dir data --max-shards 300 --checkpoints-dir /__modal/volumes/vo-YghGtH0KLHCwgaLsbe3KX9/out/p07_mst_scaling/S7_COMBO_A_D26/depth_26/ckpt_base --model-tag base --resume-from-step 12800
2026-07-05 09:17:58,288 - httpx - [32m[1mINFO[0m - HTTP Request: HEAD https://huggingface.co/varunneal/flash-attention-3/resolve/main/kernel-status.toml "HTTP/1.1 404 Not Found"
2026-07-05 09:17:58,416 - httpx - [32m[1mINFO[0m - HTTP Request: GET https://huggingface.co/api/models/varunneal/flash-attention-3/tree/main/build?recursive=false&expand=false "HTTP/1.1 200 OK"
2026-07-05 09:17:58,547 - httpx - [32m[1mINFO[0m - HTTP Request: GET https://huggingface.co/api/models/varunneal/flash-attention-3/revision/main "HTTP/1.1 200 OK"

                                                       █████                █████
                                                      ░░███                ░░███
     ████████    ██████   ████████    ██████   ██████  ░███████    ██████  ███████
    ░░███░░███  ░░░░░███ ░░███░░███  ███░░███ ███░░███ ░███░░███  ░░░░░███░░░███░
     ░███ ░███   ███████  ░███ ░███ ░███ ░███░███ ░░░  ░███ ░███   ███████  ░███
     ░███ ░███  ███░░███  ░███ ░███ ░███ ░███░███  ███ ░███ ░███  ███░░███  ░███ ███
     ████ █████░░████████ ████ █████░░██████ ░░██████  ████ █████░░███████  ░░█████
    ░░░░ ░░░░░  ░░░░░░░░ ░░░░ ░░░░░  ░░░░░░   ░░░░░░  ░░░░ ░░░░░  ░░░░░░░░   ░░░░░
    
Autodetected device type: cuda
2026-07-05 09:18:01,222 - nanochat.common - [32m[1mINFO[0m - Distributed world size: 1
GPU: NVIDIA H200 | Peak FLOPS (BF16): 9.89e+14
COMPUTE_DTYPE: torch.bfloat16 (auto-detected: CUDA SM 90 (bf16 supported))
✓ Using Flash Attention 3 (Hopper GPU detected) — efficient and fast.
Vocab size: 32,768
[MST] Using compile-optimized BatchedMSTLayer (N=4, d=416)
[MST] 1A: Per-sub gradient equalization hooks registered
Model config:
{
  "sequence_len": 2048,
  "vocab_size": 32768,
  "n_layer": 26,
  "n_head": 13,
  "n_kv_head": 13,
  "n_embd": 1664,
  "use_moe": false,
  "use_perm": false,
  "moe_num_experts": 8,
  "moe_router_dim": 64,
  "moe_embed_dim": 64,
  "dropout": 0.0,
  "use_remix_linear": false,
  "remix_context_dim": 64,
  "remix_context_dim_ratio": 6,
  "remix_basis_size": 64,
  "remix_output_gate_rank": 16,
  "remixed_linear_kwargs": {
    "use_basis_gate": true,
    "use_output_gate": true,
    "use_context": true,
    "basis_gate_mode": "mlp",
    "sparse_gate_k": 0,
    "gate_temperature": 1.0,
    "basis_scale_factor": 4,
    "n_templates": 1,
    "template_routing_learned": false,
    "template_topk": 0,
    "tiny_expert": false,
    "tiny_expert_topk": 16,
    "lokr_expert": false,
    "lokr_n_experts": 64,
    "lokr_topk": 16,
    "lokr_rank": 4,
    "lokr_learned": false,
    "basis_gate_rank": 8,
    "disable_ln_basis": false
  },
  "use_pos_embed": false,
  "moe_use_abs_pos_embed": false,
  "use_layer_context": true,
  "scale_basis_size": true,
  "remix_use_dual_gate": false,
  "p26_output_gated_linear": 0,
  "p28_shared_basis": 0,
  "p28_chunk_routing_size": 0,
  "p28_global_template_bank": "none",
  "p28_attn_proj_templates": 0,
  "p28_attn_qk_templates": 0,
  "perm_expert_mode": "low_rank",
  "perm_rank": 16,
  "router_context_window": -1,
  "router_causal": true,
  "router_num_heads": 4,
  "router_num_queries": 16,
  "router_n_layers": 2,
  "router_use_vocab_prior": false,
  "window_pattern": "SSSL",
  "cclblock_modulation": "weight",
  "cclblock_orth_lambda": 0.0,
  "cclblock_context_stream": "local",
  "cclblock_ema_factor": 0.99,
  "cclblock_stale_ctx_lag": 0,
  "cclblock_sparse_gate_k": 0,
  "cclblock_gate_temperature": 1.0,
  "cclblock_context_bank_size": 0,
  "cclblock_per_head_ctx": false,
  "cclblock_context_source": "norm_x",
  "cclblock_chunk_size": 0,
  "cclblock_aux_objective": "none",
  "cclblock_aux_lambda": 0.1,
  "cclblock_boundary_token_id": 198,
  "use_ral": false,
  "ral_rank": 32,
  "cclblock_film_gate": false,
  "cclblock_attn_shadow_dim": 0,
  "cclblock_dynamic_ratio": 0.25,
  "cclblock_gate_rank": 8,
  "cclblock_num_regimes": 8,
  "cclblock_regime_temperature": 1.0,
  "cclblock_poly_order": 2,
  "cclblock_lie_generators": 4,
  "cclblock_grassmann_bank_size": 4,
  "cclblock_tucker_rank": 32,
  "cclblock_tucker_modes": 8,
  "cclblock_svs_rank": 64,
  "cclblock_svs_eps": 0.1,
  "cclblock_vq_codes": 8,
  "cclblock_vq_temperature": 1.0,
  "cclblock_dcu_warmup_steps": 0,
  "cclblock_fsi_rotations": 8,
  "cclblock_fsi_selector_dim": 64,
  "cclblock_aesp_strata": 4,
  "cclblock_aesp_delta_rank": 4,
  "cclblock_ckr_branches": 4,
  "cclblock_ckr_kernel_size": 64,
  "cclblock_ckr_pos_channels": 1,
  "cclblock_ckr_dual_optim": 0,
  "cclblock_ckr_content_bias": 0.0,
  "cclblock_giad_rank": 32,
  "cclblock_psg_kernel_size": 64,
  "cclblock_ss_dynamic_ratio": 0.25,
  "cclblock_ss_branches": 2,
  "cclblock_ss_kernel_size": 64,
  "cclblock_lokr_branches": 8,
  "cclblock_lokr_rank": 16,
  "cclblock_ckr_temp_start": 2.0,
  "cclblock_ckr_temp_end": 0.3,
  "cclblock_com_kernel_size": 32,
  "cclblock_ckr_ortho_init": 0,
  "cclblock_ckr_branch_dropout": 0.0,
  "cclblock_ckr_diversity_lambda": 0.0,
  "cclblock_ckr_layer_selective": 0,
  "cclblock_pgr_kernel_size": 64,
  "cclblock_cil_kernel_size": 64,
  "cclblock_prb_kernel_size": 64,
  "p18_layer_drop": 0.0,
  "p18_dynamic_activation": 0,
  "p18_mixture_norm": 0,
  "p18_causal_attn_bias": 0,
  "p18_aux_sim_lambda": 0.0,
  "p18_gradient_penalty": 0.0,
  "p18_per_channel_scale": 0,
  "p19_residual_gate": 0,
  "p19_head_importance": 0,
  "p19_residual_mix_groups": 0,
  "p19_attn_logit_bias": 0,
  "p19_residual_decay": 0,
  "p19_grad_equilibrium": 0.0,
  "p19_spectral_reparam": 0,
  "p19_weight_anticollapse": 0.0,
  "p19_ve_bias": 0,
  "p19_weight_noise": 0.0,
  "p20_hrcs_scale": 0,
  "p20_lswr_scale": 0,
  "p20_lswr_planes": 8,
  "p20_lrcfb_branches": 0,
  "p20_lrcfb_narrow": 0,
  "p20_lrcfb_learned": 0,
  "p20_lrcfb_topk": 0,
  "p20_dgcr_branches": 0,
  "p20_dgcr_aux_weight": 0.01,
  "p20_mone_experts": 0,
  "p20_mone_topk": 0,
  "p20_mone_narrow": 1,
  "p20_mone_frozen": 0,
  "p20_ncea_branches": 0,
  "p20_ncea_eps": 0.1,
  "p20_adwi": 0,
  "p20_pwu_branches": 0,
  "p20_pwu_phase": 1,
  "p20_fsvd_gate": 0,
  "p20_wbfc_clusters": 0,
  "p20_wbfc_active": 0,
  "p21_per_experts": 0,
  "p21_per_topk": 0,
  "p21_per_learned": 0,
  "p21_per_attn": 0,
  "p22_attn_moe_route": "none",
  "p23_tiny_expert": 0,
  "p23_n_experts": 64,
  "p23_topk": 16,
  "p23_learned_route": 0,
  "p23_std_moe_experts": 0,
  "p23_std_moe_topk": -1,
  "p23_std_moe_aux_weight": 0.01,
  "p23_lokr": 0,
  "p23_lokr_rank": 4,
  "p23_use_shared_block_router": 0,
  "p23_linear_moe_experts": 0,
  "p23_linear_moe_topk": 0,
  "p23_quantile_route": 0,
  "remix_shared_context_gates": 0,
  "p24_use_sliced_weight": 0,
  "p24_sliced_weight_reduction_scale": 8,
  "p24_sliced_weight_min_select": 128,
  "p24_sliced_weight_scope": "per_token",
  "p24_sliced_weight_balance_coeff": 0.01,
  "p24_quantile_route": 0,
  "p24_use_folded_mod": 0,
  "p24_folded_mod_reduction_scale": 8,
  "p24_folded_mod_min_dim": 128,
  "p24_folded_mod_scope": "per_layer",
  "p24_folded_mod_gate_act": "tanh_centered",
  "p24_use_sequence_gated_linear": 0,
  "p24_sequence_gated_scope": "per_layer",
  "p24_sequence_gated_act": "tanh_centered",
  "remix_disable_ln_basis": 0,
  "dense_intermediate_ln": 0,
  "use_mst": true,
  "mst_n_subs": 4,
  "mst_sub_dim": 416,
  "mst_head_dim": 0,
  "mst_input_mode": "learned_proj",
  "mst_rotated_slice_learned": false,
  "mst_routing_mode": "soft_weighted",
  "mst_routing_topk": 0,
  "mst_routing_aux_weight": 0.01,
  "mst_diversity_weight": 0.0,
  "mst_ffn_mode": "standard",
  "mst_transition_mode": "aggregate_distribute",
  "mst_final_mode": "concat_proj",
  "mst_final_topk": 0,
  "mst_ffn_shared_up": 0,
  "mst_ffn_inner_dim": 0,
  "mst_sub_dropout": 0.0,
  "mst_transition_every": 1,
  "mst_ffa_temperature": 1.0,
  "mst_global_residual": 0,
  "mst_hybrid_dense": 0,
  "mst_cross_sub_kv": 0,
  "mst_sub_aux_weight": 0.0,
  "mst_progressive_merge": 0,
  "mst_multi_scale_windows": 0,
  "mst_delta_residual": 0,
  "mst_sub_layers": 1,
  "mst_grad_equalize": 1,
  "mst_block_diagonal_muon": 1,
  "mst_transition_width_mult": 4.0,
  "mst_sub_lr_scale": 2.0,
  "mst_shared_expert": 0,
  "mst_router_entropy_weight": 0.0,
  "mst_shared_kv_attn": 0,
  "mst_contrastive_diversity_weight": 0.0,
  "mst_transition_nonlinear": 0,
  "mst_transition_gated": 0,
  "mst_transition_mlp": 0,
  "mst_cross_sub_gate": 0,
  "mst_hyper_connect": 0,
  "mst_cross_kv_inject": 0,
  "mst_slice_transition": 0,
  "mst_lookback_layers": 0,
  "mst_bilinear_transition": 0,
  "mst_cross_sub_qmod": 0,
  "mst_feature_cycle": 0,
  "mst_mean_transition": 0,
  "use_eet": false,
  "eet_frozen_kv": true,
  "eet_reenter_final": false,
  "eet_router_type": "mlp2",
  "eet_router_hidden": 0,
  "eet_freq_prior_alpha": 0.0,
  "eet_pos_prior_beta": 0.0,
  "eet_domain_prior": false,
  "eet_warmup_frac": 0.02,
  "eet_explore_frac": 0.15,
  "eet_reconstruct_lambda": 1.0,
  "eet_efficiency_lambda_start": 0.01,
  "eet_efficiency_lambda_end": 0.1,
  "eet_translator_rank": 0,
  "eet_max_frozen_kv_frac": 0.75,
  "eet_exit_threshold": 0.5,
  "eet_min_exit_layer": 1,
  "eet_loss_variant": "reconstruct",
  "eet_topk_vocab": 512,
  "eet_entropy_lambda": 0.3,
  "eet_surprise_lambda": 0.1,
  "eet_adv_lambda": 1.0,
  "eet_adv_entropy_lambda": 0.2,
  "eet_quality_lambda": 1.0,
  "eet_quality_entropy_bonus": 0.1,
  "eet_gumbel_temp_start": 0.0,
  "eet_gumbel_temp_end": 0.1,
  "eet_gumbel_hard": true,
  "eet_commitment_beta": 0.1,
  "eet_global_router": false,
  "eet_freq_efficiency_alpha": 0.0,
  "eet_diversity_lambda": 0.0,
  "eet_ce_guided_lambda": 1.0,
  "eet_router_lr_mult": 5.0,
  "eet_model_lr_mult": 1.0,
  "eet_depth_weight_type": "none",
  "eet_depth_weight_max": 2.5,
  "eet_use_override": 0,
  "eet_override_prob_start": 0.5,
  "eet_override_prob_end": 0.1,
  "eet_compute_skip": false,
  "eet_target_active_frac": 0.125,
  "eet_capacity_schedule": "bell",
  "eet_exit_fracs": null,
  "eet_capacity_alignment_lambda": 0.0,
  "eet_router_task_grad": true,
  "eet_reinforce_interval": 0,
  "eet_reinforce_lambda": 0.1,
  "eet_exit_adapter_rank": 0,
  "eet_router_after_block": 0,
  "eet_ffn_skip": false,
  "eet_ffn_target_frac": 0.5,
  "eet_ffn_full_attn": true,
  "eet_depth_affine": false,
  "eet_capacity_anneal_frac": 0.0,
  "eet_learned_schedule": false,
  "eet_departure_summary": false,
  "eet_route_consistency_lambda": 0.0,
  "eet_dense_distill_interval": 0,
  "eet_dense_distill_lambda": 0.5,
  "eet_depth_lr_scale": false,
  "eet_depth_grad_scale": false,
  "eet_detach_aux_from_backbone": false,
  "eet_detach_exit_from_backbone": false
}
Checkpoints directory: /__modal/volumes/vo-YghGtH0KLHCwgaLsbe3KX9/out/p07_mst_scaling/S7_COMBO_A_D26/depth_26/ckpt_base/base
Resuming optimization from step 12800
✓ Wrapping model with DistributedDataParallel (rank 0, find_unused_parameters=False)
Parameter counts:
wte                     : 54,525,952
wpe                     : 0
value_embeds            : 177,209,344
lm_head                 : 54,525,952
transformer_matrices    : 275,570,048
research                : 0
scalars                 : 52
total                   : 561,831,348
Estimated FLOPs per token (total):  2.363962e+09
Estimated FLOPs per token (active): 2.363962e+09
Estimated active params:            561,831,348
[MST] Using compile-optimized BatchedMSTLayer (N=4, d=416)
[MST] 1A: Per-sub gradient equalization hooks registered
Scaling LRs by 0.7071 for batch size 262,144 (reference: 524,288)
Scaling weight decay from 0.200000 to 0.079128 for depth 26
Scaling AdamW LRs ∝1/√(1664/768) = 0.679366
[MST] Per-sub Muon LR scaled by 2.00× → 0.028284
[MST] 1B: Block-diagonal Muon enabled (N=4 blocks)
Calculated number of iterations from target data:param ratio: 13,221
Total number of training tokens: 3,465,805,824
Tokens : Scaling params ratio: 10.50
Total training FLOPs estimate: 8.193032e+18
Using base scheduler: linear warmup/flat/linear warmdown
[MST] Diagnostics will be logged to: /__modal/volumes/vo-YghGtH0KLHCwgaLsbe3KX9/out/p07_mst_scaling/S7_COMBO_A_D26/depth_26/ckpt_base/base/mst_diagnostics.jsonl
Tokens / micro-batch / rank: 16 x 2048 = 32,768
Tokens / micro-batch: 32,768
Total batch size 262,144 => gradient accumulation steps: 8
[rank0]:W0705 09:18:07.186000 559 site-packages/torch/_logging/_internal.py:1199] [0/0] Profiler function <class 'torch.autograd.profiler.record_function'> will be ignored
/usr/local/lib/python3.12/site-packages/torch/_inductor/lowering.py:7242: UserWarning: 
Online softmax is disabled on the fly since Inductor decides to
split the reduction. Cut an issue to PyTorch if this is an
important use case and you want to speed it up with online
softmax.

  warnings.warn(
Requested NPROC_PER_NODE=8, but only 1 GPU(s) visible. Capping.
Using NPROC_PER_NODE=1
NANOCHAT_SKIP_ENV_SETUP=0
===== GPU Info =====
Sun Jul  5 09:37:05 2026       
+-----------------------------------------------------------------------------------------+
| NVIDIA-SMI 580.95.05              Driver Version: 580.95.05      CUDA Version: 13.0     |
+-----------------------------------------+------------------------+----------------------+
| GPU  Name                 Persistence-M | Bus-Id          Disp.A | Volatile Uncorr. ECC |
| Fan  Temp   Perf          Pwr:Usage/Cap |           Memory-Usage | GPU-Util  Compute M. |
|                                         |                        |               MIG M. |
|=========================================+========================+======================|
|   0  NVIDIA H200                    On  |   00000000:90:00.0 Off |                    0 |
| N/A   25C    P0             77W /  700W |       0MiB / 143771MiB |      0%      Default |
|                                         |                        |             Disabled |
+-----------------------------------------+------------------------+----------------------+

+-----------------------------------------------------------------------------------------+
| Processes:                                                                              |
|  GPU   GI   CI              PID   Type   Process name                        GPU Memory |
|        ID   ID                                                               Usage      |
|=========================================================================================|
|  No running processes found                                                             |
+-----------------------------------------------------------------------------------------+
Starting Research Sweep. Output directory: out/p07_mst_scaling/S7_COMBO_A_D26
UV_SYSTEM_PYTHON=1: using system Python, skipping venv creation.
Validating system environment dependencies via uv...
[2mUsing Python 3.12.10 environment at: /usr/local[0m
[2mResolved [1m159 packages[0m [2min 412ms[0m[0m
   [36m[1mBuilding[0m[39m nanochat[2m @ file:///__modal/volumes/vo-YghGtH0KLHCwgaLsbe3KX9[0m
      [32m[1mBuilt[0m[39m nanochat[2m @ file:///__modal/volumes/vo-YghGtH0KLHCwgaLsbe3KX9[0m
[2mPrepared [1m1 package[0m [2min 1.05s[0m[0m
[2mUninstalled [1m1 package[0m [2min 1ms[0m[0m
[2mInstalled [1m1 package[0m [2min 1ms[0m[0m
 [31m-[39m [1mnanochat[0m[2m==0.1.0 (from file:///root)[0m
 [32m+[39m [1mnanochat[0m[2m==0.1.0 (from file:///__modal/volumes/vo-YghGtH0KLHCwgaLsbe3KX9)[0m
Reset report and wrote header to out/report/header.md
Dataset (up to 300 shards) already exists in data, skipping download.
Tokenizer already exists in tokenizer, skipping training.
================================================================
Processing Depth: 26
================================================================
2026-07-05 09:37:18,282 - httpx - [32m[1mINFO[0m - HTTP Request: GET https://huggingface.co/api/agent-harnesses "HTTP/1.1 200 OK"
2026-07-05 09:37:18,422 - httpx - [32m[1mINFO[0m - HTTP Request: HEAD https://huggingface.co/varunneal/flash-attention-3/resolve/main/kernel-status.toml "HTTP/1.1 404 Not Found"
2026-07-05 09:37:18,543 - httpx - [32m[1mINFO[0m - HTTP Request: GET https://huggingface.co/api/models/varunneal/flash-attention-3/tree/main/build?recursive=false&expand=false "HTTP/1.1 200 OK"
2026-07-05 09:37:18,677 - httpx - [32m[1mINFO[0m - HTTP Request: GET https://huggingface.co/api/models/varunneal/flash-attention-3/revision/main "HTTP/1.1 200 OK"
2026-07-05 09:37:18,817 - httpx - [32m[1mINFO[0m - HTTP Request: HEAD https://huggingface.co/varunneal/flash-attention-3/resolve/de87b9b5af06dd9984df595bef90b2eba44b181a/build/torch29-cxx11-cu128-x86_64-linux/flash_attention_3/_C.abi3.so "HTTP/1.1 302 Found"
2026-07-05 09:37:18,844 - httpx - [32m[1mINFO[0m - HTTP Request: HEAD https://huggingface.co/varunneal/flash-attention-3/resolve/de87b9b5af06dd9984df595bef90b2eba44b181a/build/torch29-cxx11-cu128-x86_64-linux/flash_attention_3/flash_attn_config.py "HTTP/1.1 307 Temporary Redirect"
2026-07-05 09:37:18,844 - httpx - [32m[1mINFO[0m - HTTP Request: HEAD https://huggingface.co/varunneal/flash-attention-3/resolve/de87b9b5af06dd9984df595bef90b2eba44b181a/build/torch29-cxx11-cu128-x86_64-linux/flash_attention_3/flash_attn_interface.py "HTTP/1.1 307 Temporary Redirect"
2026-07-05 09:37:18,852 - httpx - [32m[1mINFO[0m - HTTP Request: HEAD https://huggingface.co/api/resolve-cache/models/varunneal/flash-attention-3/de87b9b5af06dd9984df595bef90b2eba44b181a/build%2Ftorch29-cxx11-cu128-x86_64-linux%2Fflash_attention_[1m3%[0m2Fflash_attn_config.py "HTTP/1.1 200 OK"
2026-07-05 09:37:18,852 - httpx - [32m[1mINFO[0m - HTTP Request: HEAD https://huggingface.co/api/resolve-cache/models/varunneal/flash-attention-3/de87b9b5af06dd9984df595bef90b2eba44b181a/build%2Ftorch29-cxx11-cu128-x86_64-linux%2Fflash_attention_[1m3%[0m2Fflash_attn_interface.py "HTTP/1.1 200 OK"
2026-07-05 09:37:18,859 - httpx - [32m[1mINFO[0m - HTTP Request: HEAD https://huggingface.co/varunneal/flash-attention-3/resolve/de87b9b5af06dd9984df595bef90b2eba44b181a/build/torch29-cxx11-cu128-x86_64-linux/flash_attention_3/__init__.py "HTTP/1.1 307 Temporary Redirect"
2026-07-05 09:37:18,862 - httpx - [32m[1mINFO[0m - HTTP Request: GET https://huggingface.co/api/resolve-cache/models/varunneal/flash-attention-3/de87b9b5af06dd9984df595bef90b2eba44b181a/build%2Ftorch29-cxx11-cu128-x86_64-linux%2Fflash_attention_[1m3%[0m2Fflash_attn_config.py "HTTP/1.1 200 OK"
2026-07-05 09:37:18,862 - httpx - [32m[1mINFO[0m - HTTP Request: GET https://huggingface.co/api/resolve-cache/models/varunneal/flash-attention-3/de87b9b5af06dd9984df595bef90b2eba44b181a/build%2Ftorch29-cxx11-cu128-x86_64-linux%2Fflash_attention_[1m3%[0m2Fflash_attn_interface.py "HTTP/1.1 200 OK"
2026-07-05 09:37:18,865 - httpx - [32m[1mINFO[0m - HTTP Request: HEAD https://huggingface.co/api/resolve-cache/models/varunneal/flash-attention-3/de87b9b5af06dd9984df595bef90b2eba44b181a/build%2Ftorch29-cxx11-cu128-x86_64-linux%2Fflash_attention_[1m3%[0m2F__init__.py "HTTP/1.1 200 OK"
2026-07-05 09:37:18,874 - httpx - [32m[1mINFO[0m - HTTP Request: GET https://huggingface.co/api/resolve-cache/models/varunneal/flash-attention-3/de87b9b5af06dd9984df595bef90b2eba44b181a/build%2Ftorch29-cxx11-cu128-x86_64-linux%2Fflash_attention_[1m3%[0m2F__init__.py "HTTP/1.1 200 OK"
[sweep] Requested 8 DDP workers but only 1 GPU(s) available — using 1.
================================================================
Unfinished experiments found from a previous run:
  [base] ckpt_dir = /__modal/volumes/vo-YghGtH0KLHCwgaLsbe3KX9/out/p07_mst_scaling/S7_COMBO_A_D26/depth_26/ckpt_base
These will be resumed from their last checkpoint.
================================================================
================================================================
Starting Sweep for Depth 26
Target Tokens: Auto (per-model param count)
================================================================
  Overriding default target_dim (256) with full model_dim 1664

--- Training base ---

  ┌─────────────────────────────────────────────────────┐
  │  ⏩  RESUMING [base] from step 12,800
  │     /__modal/volumes/vo-YghGtH0KLHCwgaLsbe3KX9/out/p07_mst_scaling/S7_COMBO_A_D26/depth_26/ckpt_base/base
  └─────────────────────────────────────────────────────┘

Running: /usr/local/bin/torchrun --standalone --nproc_per_node=1 -m scripts.base_train --depth 26 --aspect-ratio 64 --head-dim 128 --model-dim 1664 --max-seq-len 2048 --device-batch-size 16 --total-batch-size 262144 --target-tokens -1 --target-param-data-ratio 10.5 --eval-every -1 --log-every 200 --core-metric-every 0 --save-every 200 --warmup-ratio 0.005 --warmdown-ratio 0.65 --final-lr-frac 0.05 --adam-beta2 0.99 --research-warmup-ratio 0.05 --use-onecycle 0 --router-context-window -1 --remix-use-basis-gate 1 --remix-use-output-gate 1 --remix-use-context 1 --remix-basis-gate-mode mlp --remix-gate-lr-scale 0.3 --p22-n-templates 1 --p22-template-routing-learned 0 --p22-template-topk 0 --p22-attn-moe-route none --p26-output-gated-linear 0 --p28-shared-basis 0 --p28-chunk-routing-size 0 --p28-global-template-bank none --p28-attn-proj-templates 0 --p28-attn-qk-templates 0 --target-active-params 0 --remix-basis-gate-rank 8 --cclblock-modulation weight --cclblock-orth-lambda 0.0 --cclblock-context-stream local --cclblock-ema-factor 0.99 --cclblock-stale-ctx-lag 0 --cclblock-sparse-gate-k 0 --cclblock-gate-temperature 1.0 --cclblock-context-bank-size 0 --cclblock-per-head-ctx 0 --cclblock-context-source norm_x --cclblock-chunk-size 0 --cclblock-aux-objective none --cclblock-aux-lambda 0.1 --cclblock-boundary-token-id 198 --use-ral 0 --ral-rank 32 --cclblock-film-gate 0 --cclblock-attn-shadow-dim 0 --cclblock-dynamic-ratio 0.25 --cclblock-gate-rank 8 --cclblock-num-regimes 8 --cclblock-regime-temperature 1.0 --cclblock-poly-order 2 --cclblock-lie-generators 4 --cclblock-grassmann-bank-size 4 --cclblock-tucker-rank 32 --cclblock-tucker-modes 8 --cclblock-svs-rank 64 --cclblock-svs-eps 0.1 --cclblock-vq-codes 8 --cclblock-vq-temperature 1.0 --cclblock-dcu-warmup-steps 0 --cclblock-fsi-rotations 8 --cclblock-fsi-selector-dim 64 --cclblock-aesp-strata 4 --cclblock-aesp-delta-rank 4 --cclblock-ckr-branches 4 --cclblock-ckr-kernel-size 64 --cclblock-ckr-pos-channels 1 --cclblock-ckr-dual-optim 0 --cclblock-ckr-content-bias 0.0 --cclblock-giad-rank 32 --cclblock-psg-kernel-size 64 --cclblock-ss-dynamic-ratio 0.25 --cclblock-ss-branches 2 --cclblock-ss-kernel-size 64 --cclblock-lokr-branches 8 --cclblock-lokr-rank 16 --cclblock-ckr-temp-start 2.0 --cclblock-ckr-temp-end 0.3 --cclblock-com-kernel-size 32 --cclblock-ckr-ortho-init 0 --cclblock-ckr-branch-dropout 0.0 --cclblock-ckr-diversity-lambda 0.0 --cclblock-pgr-kernel-size 64 --cclblock-cil-kernel-size 64 --cclblock-prb-kernel-size 64 --p18-layer-drop 0.0 --p18-dynamic-activation 0 --p18-mixture-norm 0 --p18-aux-sim-lambda 0.0 --p18-gradient-penalty 0.0 --p18-per-channel-scale 0 --p19-residual-gate 0 --p19-head-importance 0 --p19-residual-mix-groups 0 --p19-attn-logit-bias 0 --p19-residual-decay 0 --p19-grad-equilibrium 0.0 --p19-spectral-reparam 0 --p19-weight-anticollapse 0.0 --p19-ve-bias 0 --p19-weight-noise 0.0 --p20-hrcs-scale 0 --p20-lswr-scale 0 --p20-lswr-planes 8 --p20-lrcfb-branches 0 --p20-lrcfb-narrow 0 --p20-lrcfb-learned 0 --p20-lrcfb-topk 0 --p20-dgcr-branches 0 --p20-dgcr-aux-weight 0.01 --p20-mone-experts 0 --p20-mone-topk 0 --p20-mone-narrow 1 --p20-mone-frozen 0 --p20-ncea-branches 0 --p20-ncea-eps 0.1 --p20-adwi 0 --p20-pwu-branches 0 --p20-pwu-phase 1 --p20-fsvd-gate 0 --p20-wbfc-clusters 0 --p20-wbfc-active 0 --p21-per-experts 0 --p21-per-topk 0 --p21-per-learned 0 --p21-per-attn 0 --p23-tiny-expert 0 --p23-n-experts 64 --p23-topk 16 --p23-learned-route 0 --p23-std-moe-experts 0 --p23-std-moe-topk -1 --p23-std-moe-aux-weight 0.01 --p23-lokr 0 --p23-lokr-rank 4 --p23-use-shared-block-router 0 --p23-linear-moe-experts 0 --p23-linear-moe-topk 0 --p23-quantile-route 0 --p24-use-sliced-weight 0 --p24-sliced-weight-reduction-scale 8 --p24-sliced-weight-min-select 128 --p24-sliced-weight-scope per_token --p24-sliced-weight-balance-coeff 0.01 --p24-quantile-route 0 --p24-use-folded-mod 0 --p24-folded-mod-reduction-scale 8 --p24-folded-mod-scope per_layer --p24-folded-mod-gate-act tanh_centered --p24-use-sequence-gated-linear 0 --p24-sequence-gated-scope per_layer --p24-sequence-gated-act tanh_centered --p24-folded-mod-min-dim 128 --remix-shared-context-gates 0 --remix-use-dual-gate 0 --remix-basis-scale-factor 4 --remix-output-gate-rank 16 --p24-use-sliced-weight 0 --p24-sliced-weight-reduction-scale 8 --p24-sliced-weight-min-select 128 --p24-sliced-weight-scope per_token --p24-sliced-weight-balance-coeff 0.01 --p24-quantile-route 0 --p24-use-folded-mod 0 --p24-folded-mod-reduction-scale 8 --p24-folded-mod-scope per_layer --p24-folded-mod-gate-act tanh_centered --p24-use-sequence-gated-linear 0 --p24-sequence-gated-scope per_layer --p24-sequence-gated-act tanh_centered --remix-disable-ln-basis 0 --dense-intermediate-ln 0 --use-mst 1 --mst-n-subs 4 --mst-sub-dim 416 --mst-head-dim 0 --mst-input-mode learned_proj --mst-rotated-slice-learned 0 --mst-routing-mode soft_weighted --mst-routing-topk 0 --mst-routing-aux-weight 0.01 --mst-diversity-weight 0.0 --mst-ffn-mode standard --mst-transition-mode aggregate_distribute --mst-final-mode concat_proj --mst-final-topk 0 --mst-ffn-shared-up 0 --mst-ffn-inner-dim 0 --mst-sub-dropout 0.0 --mst-transition-every 1 --mst-ffa-temperature 1.0 --mst-global-residual 0 --mst-hybrid-dense 0 --mst-cross-sub-kv 0 --mst-sub-aux-weight 0.0 --mst-progressive-merge 0 --mst-multi-scale-windows 0 --mst-delta-residual 0 --mst-sub-layers 1 --mst-grad-equalize 1 --mst-block-diagonal-muon 1 --mst-transition-width-mult 4.0 --mst-sub-lr-scale 2.0 --mst-shared-expert 0 --mst-router-entropy-weight 0.0 --mst-shared-kv-attn 0 --mst-contrastive-diversity-weight 0.0 --mst-transition-nonlinear 0 --mst-transition-gated 0 --mst-transition-mlp 0 --mst-cross-sub-gate 0 --mst-hyper-connect 0 --mst-cross-kv-inject 0 --mst-slice-transition 0 --mst-lookback-layers 0 --mst-bilinear-transition 0 --mst-cross-sub-qmod 0 --mst-feature-cycle 0 --mst-mean-transition 0 --use-eet 0 --eet-frozen-kv 1 --eet-reenter-final 0 --eet-compute-skip 0 --eet-target-active-frac 0.125 --eet-capacity-schedule bell --eet-exit-fracs  --eet-router-type mlp2 --eet-router-hidden 0 --eet-freq-prior-alpha 0.0 --eet-pos-prior-beta 0.0 --eet-domain-prior 0 --eet-warmup-frac 0.02 --eet-explore-frac 0.15 --eet-reconstruct-lambda 1.0 --eet-efficiency-lambda-start 0.01 --eet-efficiency-lambda-end 0.1 --eet-translator-rank 0 --eet-max-frozen-kv-frac 0.75 --eet-exit-threshold 0.5 --eet-min-exit-layer 1 --eet-loss-variant reconstruct --eet-topk-vocab 512 --eet-entropy-lambda 0.3 --eet-surprise-lambda 0.1 --eet-adv-lambda 1.0 --eet-adv-entropy-lambda 0.2 --eet-quality-lambda 1.0 --eet-quality-entropy-bonus 0.1 --eet-gumbel-temp-start 0.0 --eet-gumbel-temp-end 0.1 --eet-gumbel-hard 1 --eet-commitment-beta 0.1 --eet-global-router 0 --eet-freq-efficiency-alpha 0.0 --eet-diversity-lambda 0.0 --eet-ce-guided-lambda 1.0 --eet-router-lr-mult 5.0 --eet-model-lr-mult 1.0 --eet-depth-weight-type none --eet-depth-weight-max 2.5 --eet-use-override 0 --eet-override-prob-start 0.5 --eet-override-prob-end 0.1 --eet-capacity-alignment-lambda 0.0 --eet-router-task-grad 1 --eet-reinforce-interval 0 --eet-reinforce-lambda 0.1 --eet-exit-adapter-rank 0 --eet-router-after-block 0 --eet-ffn-skip 0 --eet-ffn-target-frac 0.5 --eet-ffn-full-attn 1 --eet-depth-affine 0 --eet-capacity-anneal-frac 0.0 --eet-learned-schedule 0 --eet-departure-summary 0 --eet-route-consistency-lambda 0.0 --eet-dense-distill-interval 0 --eet-dense-distill-lambda 0.5 --eet-depth-lr-scale 0 --eet-depth-grad-scale 0 --eet-detach-aux-from-backbone 0 --eet-detach-exit-from-backbone 0 --compile --tokenizer-dir tokenizer --data-dir data --max-shards 300 --checkpoints-dir /__modal/volumes/vo-YghGtH0KLHCwgaLsbe3KX9/out/p07_mst_scaling/S7_COMBO_A_D26/depth_26/ckpt_base --model-tag base --resume-from-step 12800
2026-07-05 09:37:28,265 - httpx - [32m[1mINFO[0m - HTTP Request: HEAD https://huggingface.co/varunneal/flash-attention-3/resolve/main/kernel-status.toml "HTTP/1.1 404 Not Found"
2026-07-05 09:37:28,427 - httpx - [32m[1mINFO[0m - HTTP Request: GET https://huggingface.co/api/models/varunneal/flash-attention-3/tree/main/build?recursive=false&expand=false "HTTP/1.1 200 OK"
2026-07-05 09:37:28,547 - httpx - [32m[1mINFO[0m - HTTP Request: GET https://huggingface.co/api/models/varunneal/flash-attention-3/revision/main "HTTP/1.1 200 OK"

                                                       █████                █████
                                                      ░░███                ░░███
     ████████    ██████   ████████    ██████   ██████  ░███████    ██████  ███████
    ░░███░░███  ░░░░░███ ░░███░░███  ███░░███ ███░░███ ░███░░███  ░░░░░███░░░███░
     ░███ ░███   ███████  ░███ ░███ ░███ ░███░███ ░░░  ░███ ░███   ███████  ░███
     ░███ ░███  ███░░███  ░███ ░███ ░███ ░███░███  ███ ░███ ░███  ███░░███  ░███ ███
     ████ █████░░████████ ████ █████░░██████ ░░██████  ████ █████░░███████  ░░█████
    ░░░░ ░░░░░  ░░░░░░░░ ░░░░ ░░░░░  ░░░░░░   ░░░░░░  ░░░░ ░░░░░  ░░░░░░░░   ░░░░░
    
Autodetected device type: cuda
2026-07-05 09:37:29,598 - nanochat.common - [32m[1mINFO[0m - Distributed world size: 1
GPU: NVIDIA H200 | Peak FLOPS (BF16): 9.89e+14
COMPUTE_DTYPE: torch.bfloat16 (auto-detected: CUDA SM 90 (bf16 supported))
✓ Using Flash Attention 3 (Hopper GPU detected) — efficient and fast.
Vocab size: 32,768
[MST] Using compile-optimized BatchedMSTLayer (N=4, d=416)
[MST] 1A: Per-sub gradient equalization hooks registered
Model config:
{
  "sequence_len": 2048,
  "vocab_size": 32768,
  "n_layer": 26,
  "n_head": 13,
  "n_kv_head": 13,
  "n_embd": 1664,
  "use_moe": false,
  "use_perm": false,
  "moe_num_experts": 8,
  "moe_router_dim": 64,
  "moe_embed_dim": 64,
  "dropout": 0.0,
  "use_remix_linear": false,
  "remix_context_dim": 64,
  "remix_context_dim_ratio": 6,
  "remix_basis_size": 64,
  "remix_output_gate_rank": 16,
  "remixed_linear_kwargs": {
    "use_basis_gate": true,
    "use_output_gate": true,
    "use_context": true,
    "basis_gate_mode": "mlp",
    "sparse_gate_k": 0,
    "gate_temperature": 1.0,
    "basis_scale_factor": 4,
    "n_templates": 1,
    "template_routing_learned": false,
    "template_topk": 0,
    "tiny_expert": false,
    "tiny_expert_topk": 16,
    "lokr_expert": false,
    "lokr_n_experts": 64,
    "lokr_topk": 16,
    "lokr_rank": 4,
    "lokr_learned": false,
    "basis_gate_rank": 8,
    "disable_ln_basis": false
  },
  "use_pos_embed": false,
  "moe_use_abs_pos_embed": false,
  "use_layer_context": true,
  "scale_basis_size": true,
  "remix_use_dual_gate": false,
  "p26_output_gated_linear": 0,
  "p28_shared_basis": 0,
  "p28_chunk_routing_size": 0,
  "p28_global_template_bank": "none",
  "p28_attn_proj_templates": 0,
  "p28_attn_qk_templates": 0,
  "perm_expert_mode": "low_rank",
  "perm_rank": 16,
  "router_context_window": -1,
  "router_causal": true,
  "router_num_heads": 4,
  "router_num_queries": 16,
  "router_n_layers": 2,
  "router_use_vocab_prior": false,
  "window_pattern": "SSSL",
  "cclblock_modulation": "weight",
  "cclblock_orth_lambda": 0.0,
  "cclblock_context_stream": "local",
  "cclblock_ema_factor": 0.99,
  "cclblock_stale_ctx_lag": 0,
  "cclblock_sparse_gate_k": 0,
  "cclblock_gate_temperature": 1.0,
  "cclblock_context_bank_size": 0,
  "cclblock_per_head_ctx": false,
  "cclblock_context_source": "norm_x",
  "cclblock_chunk_size": 0,
  "cclblock_aux_objective": "none",
  "cclblock_aux_lambda": 0.1,
  "cclblock_boundary_token_id": 198,
  "use_ral": false,
  "ral_rank": 32,
  "cclblock_film_gate": false,
  "cclblock_attn_shadow_dim": 0,
  "cclblock_dynamic_ratio": 0.25,
  "cclblock_gate_rank": 8,
  "cclblock_num_regimes": 8,
  "cclblock_regime_temperature": 1.0,
  "cclblock_poly_order": 2,
  "cclblock_lie_generators": 4,
  "cclblock_grassmann_bank_size": 4,
  "cclblock_tucker_rank": 32,
  "cclblock_tucker_modes": 8,
  "cclblock_svs_rank": 64,
  "cclblock_svs_eps": 0.1,
  "cclblock_vq_codes": 8,
  "cclblock_vq_temperature": 1.0,
  "cclblock_dcu_warmup_steps": 0,
  "cclblock_fsi_rotations": 8,
  "cclblock_fsi_selector_dim": 64,
  "cclblock_aesp_strata": 4,
  "cclblock_aesp_delta_rank": 4,
  "cclblock_ckr_branches": 4,
  "cclblock_ckr_kernel_size": 64,
  "cclblock_ckr_pos_channels": 1,
  "cclblock_ckr_dual_optim": 0,
  "cclblock_ckr_content_bias": 0.0,
  "cclblock_giad_rank": 32,
  "cclblock_psg_kernel_size": 64,
  "cclblock_ss_dynamic_ratio": 0.25,
  "cclblock_ss_branches": 2,
  "cclblock_ss_kernel_size": 64,
  "cclblock_lokr_branches": 8,
  "cclblock_lokr_rank": 16,
  "cclblock_ckr_temp_start": 2.0,
  "cclblock_ckr_temp_end": 0.3,
  "cclblock_com_kernel_size": 32,
  "cclblock_ckr_ortho_init": 0,
  "cclblock_ckr_branch_dropout": 0.0,
  "cclblock_ckr_diversity_lambda": 0.0,
  "cclblock_ckr_layer_selective": 0,
  "cclblock_pgr_kernel_size": 64,
  "cclblock_cil_kernel_size": 64,
  "cclblock_prb_kernel_size": 64,
  "p18_layer_drop": 0.0,
  "p18_dynamic_activation": 0,
  "p18_mixture_norm": 0,
  "p18_causal_attn_bias": 0,
  "p18_aux_sim_lambda": 0.0,
  "p18_gradient_penalty": 0.0,
  "p18_per_channel_scale": 0,
  "p19_residual_gate": 0,
  "p19_head_importance": 0,
  "p19_residual_mix_groups": 0,
  "p19_attn_logit_bias": 0,
  "p19_residual_decay": 0,
  "p19_grad_equilibrium": 0.0,
  "p19_spectral_reparam": 0,
  "p19_weight_anticollapse": 0.0,
  "p19_ve_bias": 0,
  "p19_weight_noise": 0.0,
  "p20_hrcs_scale": 0,
  "p20_lswr_scale": 0,
  "p20_lswr_planes": 8,
  "p20_lrcfb_branches": 0,
  "p20_lrcfb_narrow": 0,
  "p20_lrcfb_learned": 0,
  "p20_lrcfb_topk": 0,
  "p20_dgcr_branches": 0,
  "p20_dgcr_aux_weight": 0.01,
  "p20_mone_experts": 0,
  "p20_mone_topk": 0,
  "p20_mone_narrow": 1,
  "p20_mone_frozen": 0,
  "p20_ncea_branches": 0,
  "p20_ncea_eps": 0.1,
  "p20_adwi": 0,
  "p20_pwu_branches": 0,
  "p20_pwu_phase": 1,
  "p20_fsvd_gate": 0,
  "p20_wbfc_clusters": 0,
  "p20_wbfc_active": 0,
  "p21_per_experts": 0,
  "p21_per_topk": 0,
  "p21_per_learned": 0,
  "p21_per_attn": 0,
  "p22_attn_moe_route": "none",
  "p23_tiny_expert": 0,
  "p23_n_experts": 64,
  "p23_topk": 16,
  "p23_learned_route": 0,
  "p23_std_moe_experts": 0,
  "p23_std_moe_topk": -1,
  "p23_std_moe_aux_weight": 0.01,
  "p23_lokr": 0,
  "p23_lokr_rank": 4,
  "p23_use_shared_block_router": 0,
  "p23_linear_moe_experts": 0,
  "p23_linear_moe_topk": 0,
  "p23_quantile_route": 0,
  "remix_shared_context_gates": 0,
  "p24_use_sliced_weight": 0,
  "p24_sliced_weight_reduction_scale": 8,
  "p24_sliced_weight_min_select": 128,
  "p24_sliced_weight_scope": "per_token",
  "p24_sliced_weight_balance_coeff": 0.01,
  "p24_quantile_route": 0,
  "p24_use_folded_mod": 0,
  "p24_folded_mod_reduction_scale": 8,
  "p24_folded_mod_min_dim": 128,
  "p24_folded_mod_scope": "per_layer",
  "p24_folded_mod_gate_act": "tanh_centered",
  "p24_use_sequence_gated_linear": 0,
  "p24_sequence_gated_scope": "per_layer",
  "p24_sequence_gated_act": "tanh_centered",
  "remix_disable_ln_basis": 0,
  "dense_intermediate_ln": 0,
  "use_mst": true,
  "mst_n_subs": 4,
  "mst_sub_dim": 416,
  "mst_head_dim": 0,
  "mst_input_mode": "learned_proj",
  "mst_rotated_slice_learned": false,
  "mst_routing_mode": "soft_weighted",
  "mst_routing_topk": 0,
  "mst_routing_aux_weight": 0.01,
  "mst_diversity_weight": 0.0,
  "mst_ffn_mode": "standard",
  "mst_transition_mode": "aggregate_distribute",
  "mst_final_mode": "concat_proj",
  "mst_final_topk": 0,
  "mst_ffn_shared_up": 0,
  "mst_ffn_inner_dim": 0,
  "mst_sub_dropout": 0.0,
  "mst_transition_every": 1,
  "mst_ffa_temperature": 1.0,
  "mst_global_residual": 0,
  "mst_hybrid_dense": 0,
  "mst_cross_sub_kv": 0,
  "mst_sub_aux_weight": 0.0,
  "mst_progressive_merge": 0,
  "mst_multi_scale_windows": 0,
  "mst_delta_residual": 0,
  "mst_sub_layers": 1,
  "mst_grad_equalize": 1,
  "mst_block_diagonal_muon": 1,
  "mst_transition_width_mult": 4.0,
  "mst_sub_lr_scale": 2.0,
  "mst_shared_expert": 0,
  "mst_router_entropy_weight": 0.0,
  "mst_shared_kv_attn": 0,
  "mst_contrastive_diversity_weight": 0.0,
  "mst_transition_nonlinear": 0,
  "mst_transition_gated": 0,
  "mst_transition_mlp": 0,
  "mst_cross_sub_gate": 0,
  "mst_hyper_connect": 0,
  "mst_cross_kv_inject": 0,
  "mst_slice_transition": 0,
  "mst_lookback_layers": 0,
  "mst_bilinear_transition": 0,
  "mst_cross_sub_qmod": 0,
  "mst_feature_cycle": 0,
  "mst_mean_transition": 0,
  "use_eet": false,
  "eet_frozen_kv": true,
  "eet_reenter_final": false,
  "eet_router_type": "mlp2",
  "eet_router_hidden": 0,
  "eet_freq_prior_alpha": 0.0,
  "eet_pos_prior_beta": 0.0,
  "eet_domain_prior": false,
  "eet_warmup_frac": 0.02,
  "eet_explore_frac": 0.15,
  "eet_reconstruct_lambda": 1.0,
  "eet_efficiency_lambda_start": 0.01,
  "eet_efficiency_lambda_end": 0.1,
  "eet_translator_rank": 0,
  "eet_max_frozen_kv_frac": 0.75,
  "eet_exit_threshold": 0.5,
  "eet_min_exit_layer": 1,
  "eet_loss_variant": "reconstruct",
  "eet_topk_vocab": 512,
  "eet_entropy_lambda": 0.3,
  "eet_surprise_lambda": 0.1,
  "eet_adv_lambda": 1.0,
  "eet_adv_entropy_lambda": 0.2,
  "eet_quality_lambda": 1.0,
  "eet_quality_entropy_bonus": 0.1,
  "eet_gumbel_temp_start": 0.0,
  "eet_gumbel_temp_end": 0.1,
  "eet_gumbel_hard": true,
  "eet_commitment_beta": 0.1,
  "eet_global_router": false,
  "eet_freq_efficiency_alpha": 0.0,
  "eet_diversity_lambda": 0.0,
  "eet_ce_guided_lambda": 1.0,
  "eet_router_lr_mult": 5.0,
  "eet_model_lr_mult": 1.0,
  "eet_depth_weight_type": "none",
  "eet_depth_weight_max": 2.5,
  "eet_use_override": 0,
  "eet_override_prob_start": 0.5,
  "eet_override_prob_end": 0.1,
  "eet_compute_skip": false,
  "eet_target_active_frac": 0.125,
  "eet_capacity_schedule": "bell",
  "eet_exit_fracs": null,
  "eet_capacity_alignment_lambda": 0.0,
  "eet_router_task_grad": true,
  "eet_reinforce_interval": 0,
  "eet_reinforce_lambda": 0.1,
  "eet_exit_adapter_rank": 0,
  "eet_router_after_block": 0,
  "eet_ffn_skip": false,
  "eet_ffn_target_frac": 0.5,
  "eet_ffn_full_attn": true,
  "eet_depth_affine": false,
  "eet_capacity_anneal_frac": 0.0,
  "eet_learned_schedule": false,
  "eet_departure_summary": false,
  "eet_route_consistency_lambda": 0.0,
  "eet_dense_distill_interval": 0,
  "eet_dense_distill_lambda": 0.5,
  "eet_depth_lr_scale": false,
  "eet_depth_grad_scale": false,
  "eet_detach_aux_from_backbone": false,
  "eet_detach_exit_from_backbone": false
}
Checkpoints directory: /__modal/volumes/vo-YghGtH0KLHCwgaLsbe3KX9/out/p07_mst_scaling/S7_COMBO_A_D26/depth_26/ckpt_base/base
Resuming optimization from step 12800
✓ Wrapping model with DistributedDataParallel (rank 0, find_unused_parameters=False)
Parameter counts:
wte                     : 54,525,952
wpe                     : 0
value_embeds            : 177,209,344
lm_head                 : 54,525,952
transformer_matrices    : 275,570,048
research                : 0
scalars                 : 52
total                   : 561,831,348
Estimated FLOPs per token (total):  2.363962e+09
Estimated FLOPs per token (active): 2.363962e+09
Estimated active params:            561,831,348
[MST] Using compile-optimized BatchedMSTLayer (N=4, d=416)
[MST] 1A: Per-sub gradient equalization hooks registered
Scaling LRs by 0.7071 for batch size 262,144 (reference: 524,288)
Scaling weight decay from 0.200000 to 0.079128 for depth 26
Scaling AdamW LRs ∝1/√(1664/768) = 0.679366
[MST] Per-sub Muon LR scaled by 2.00× → 0.028284
[MST] 1B: Block-diagonal Muon enabled (N=4 blocks)
Calculated number of iterations from target data:param ratio: 13,221
Total number of training tokens: 3,465,805,824
Tokens : Scaling params ratio: 10.50
Total training FLOPs estimate: 8.193032e+18
Using base scheduler: linear warmup/flat/linear warmdown
[MST] Diagnostics will be logged to: /__modal/volumes/vo-YghGtH0KLHCwgaLsbe3KX9/out/p07_mst_scaling/S7_COMBO_A_D26/depth_26/ckpt_base/base/mst_diagnostics.jsonl
Tokens / micro-batch / rank: 16 x 2048 = 32,768
Tokens / micro-batch: 32,768
Total batch size 262,144 => gradient accumulation steps: 8
[rank0]:W0705 09:37:34.117000 551 site-packages/torch/_logging/_internal.py:1199] [0/0] Profiler function <class 'torch.autograd.profiler.record_function'> will be ignored
/usr/local/lib/python3.12/site-packages/torch/_inductor/lowering.py:7242: UserWarning: 
Online softmax is disabled on the fly since Inductor decides to
split the reduction. Cut an issue to PyTorch if this is an
important use case and you want to speed it up with online
softmax.

  warnings.warn(
/usr/local/lib/python3.12/site-packages/torch/_inductor/lowering.py:7242: UserWarning: 
Online softmax is disabled on the fly since Inductor decides to
split the reduction. Cut an issue to PyTorch if this is an
important use case and you want to speed it up with online
softmax.

  warnings.warn(
  [MST diag] sub_sim=[-0.142, -0.026, -0.019, 0.014, 0.052, 0.070, 0.087, 0.099, 0.105, 0.114, 0.118, 0.019, 0.118, 0.121, 0.120, 0.130, 0.146, 0.109, 0.030, 0.079, -0.014, 0.027, -0.028, -0.049, -0.114, -0.038] | route_ent=[1.359, 1.312, 1.352, 1.344, 1.352, 1.328, 1.359, 1.344, 1.289, 1.328, 1.352, 1.312, 1.344, 1.305, 1.234, 1.328, 1.352, 1.305, 1.320, 1.297, 1.344, 1.328, 1.344, 1.359, 1.367, 1.367] | grad_norm=[0.091, 0.086, 0.120, 0.093]
step 12800/13221 (96.82%) | loss: 2.830553 | lrm: 0.10 | lr(adamw:2.436e-02, muon:1.877e-03) | dt: 549484.39ms | tok/sec: 477 | bf16_mfu: 0.11 | epoch: 1 pq: 75 rg: 21 | total time: 556.18m | eta: 18.3m
2026-07-05 09:54:38,447 - nanochat.checkpoint_manager - [32m[1mINFO[0m - Saved model parameters to: /__modal/volumes/vo-YghGtH0KLHCwgaLsbe3KX9/out/p07_mst_scaling/S7_COMBO_A_D26/depth_26/ckpt_base/base/model_013000.pt
2026-07-05 09:54:38,449 - nanochat.checkpoint_manager - [32m[1mINFO[0m - Saved metadata to: /__modal/volumes/vo-YghGtH0KLHCwgaLsbe3KX9/out/p07_mst_scaling/S7_COMBO_A_D26/depth_26/ckpt_base/base/meta_013000.json
2026-07-05 09:54:43,520 - nanochat.checkpoint_manager - [32m[1mINFO[0m - Saved optimizer state to: /__modal/volumes/vo-YghGtH0KLHCwgaLsbe3KX9/out/p07_mst_scaling/S7_COMBO_A_D26/depth_26/ckpt_base/base/optim_013000_rank0.pt
Removed previous periodic checkpoint at step 012800
  [MST diag] sub_sim=[-0.144, -0.026, -0.018, 0.017, 0.055, 0.071, 0.086, 0.099, 0.104, 0.113, 0.117, 0.019, 0.117, 0.120, 0.120, 0.130, 0.146, 0.109, 0.030, 0.076, -0.018, 0.025, -0.028, -0.051, -0.116, -0.039] | route_ent=[1.359, 1.312, 1.359, 1.344, 1.352, 1.320, 1.359, 1.344, 1.297, 1.328, 1.352, 1.312, 1.344, 1.305, 1.227, 1.328, 1.352, 1.305, 1.336, 1.297, 1.344, 1.328, 1.352, 1.359, 1.367, 1.367] | grad_norm=[0.082, 0.079, 0.102, 0.088]
step 13000/13221 (98.33%) | loss: 2.855557 | lrm: 0.07 | lr(adamw:1.878e-02, muon:1.447e-03) | dt: 2396.56ms | tok/sec: 109,383 | bf16_mfu: 26.15 | epoch: 1 pq: 76 rg: 38 | total time: 564.06m | eta: 9.6m
2026-07-05 10:02:39,386 - nanochat.checkpoint_manager - [32m[1mINFO[0m - Saved model parameters to: /__modal/volumes/vo-YghGtH0KLHCwgaLsbe3KX9/out/p07_mst_scaling/S7_COMBO_A_D26/depth_26/ckpt_base/base/model_013200.pt
2026-07-05 10:02:39,389 - nanochat.checkpoint_manager - [32m[1mINFO[0m - Saved metadata to: /__modal/volumes/vo-YghGtH0KLHCwgaLsbe3KX9/out/p07_mst_scaling/S7_COMBO_A_D26/depth_26/ckpt_base/base/meta_013200.json
2026-07-05 10:02:44,373 - nanochat.checkpoint_manager - [32m[1mINFO[0m - Saved optimizer state to: /__modal/volumes/vo-YghGtH0KLHCwgaLsbe3KX9/out/p07_mst_scaling/S7_COMBO_A_D26/depth_26/ckpt_base/base/optim_013200_rank0.pt
Removed previous periodic checkpoint at step 013000
  [MST diag] sub_sim=[-0.143, -0.032, -0.025, 0.009, 0.046, 0.065, 0.081, 0.093, 0.099, 0.109, 0.113, 0.016, 0.114, 0.117, 0.118, 0.128, 0.144, 0.109, 0.029, 0.076, -0.020, 0.018, -0.034, -0.055, -0.119, -0.044] | route_ent=[1.359, 1.312, 1.352, 1.344, 1.352, 1.320, 1.359, 1.344, 1.297, 1.328, 1.352, 1.312, 1.344, 1.305, 1.234, 1.328, 1.352, 1.305, 1.320, 1.305, 1.344, 1.328, 1.344, 1.359, 1.367, 1.367] | grad_norm=[0.079, 0.073, 0.105, 0.085]
step 13200/13221 (99.84%) | loss: 2.814377 | lrm: 0.05 | lr(adamw:1.320e-02, muon:1.017e-03) | dt: 2388.10ms | tok/sec: 109,771 | bf16_mfu: 26.24 | epoch: 1 pq: 77 rg: 52 | total time: 571.93m | eta: 0.9m
  [MST diag] sub_sim=[-0.144, -0.029, -0.021, 0.013, 0.051, 0.068, 0.083, 0.096, 0.102, 0.110, 0.115, 0.017, 0.116, 0.119, 0.120, 0.130, 0.147, 0.109, 0.029, 0.073, -0.020, 0.022, -0.034, -0.053, -0.117, -0.040] | route_ent=[1.359, 1.312, 1.352, 1.344, 1.352, 1.328, 1.359, 1.344, 1.297, 1.328, 1.352, 1.312, 1.344, 1.305, 1.227, 1.328, 1.352, 1.305, 1.336, 1.297, 1.344, 1.328, 1.344, 1.359, 1.367, 1.367] | grad_norm=[0.084, 0.078, 0.103, 0.086]
step 13220/13221 (99.99%) | loss: 2.828742 | lrm: 0.05 | lr(adamw:1.264e-02, muon:9.744e-04) | dt: 2407.28ms | tok/sec: 108,896 | bf16_mfu: 26.03 | epoch: 1 pq: 77 rg: 62 | total time: 572.72m | eta: 0.0m
/usr/local/lib/python3.12/site-packages/torch/_dynamo/variables/functions.py:1598: UserWarning: Dynamo does not know how to trace the builtin `torch._C._distributed_c10d.pybind11_detail_function_record_v1_system_libstdcpp_gxx_abi_1xxx_use_cxx11_abi_1._broadcast_coalesced.` This function is either a Python builtin (e.g. _warnings.warn) or a third-party C/C++ Python extension (perhaps created with pybind).
If it is a Python builtin, please file an issue on GitHub so the PyTorch team can add support for it and see the next case for a workaround.
If it is a third-party C/C++ Python extension, please either wrap it into a PyTorch-understood custom operator (see https://pytorch.org/tutorials/advanced/custom_ops_landing_page.html for more details) or, if it is traceable, use `torch.compiler.allow_in_graph`.
  torch._dynamo.utils.warn_once(explanation + "\n" + "\n".join(hints))
/usr/local/lib/python3.12/site-packages/torch/_inductor/lowering.py:7242: UserWarning: 
Online softmax is disabled on the fly since Inductor decides to
split the reduction. Cut an issue to PyTorch if this is an
important use case and you want to speed it up with online
softmax.

  warnings.warn(
Step 13221 | Validation bpb: 0.780419 | val_loss: 2.559917
<|bos|>The capital of France is Paris, and the capital of the world is New York. The capital of the
<|bos|>The chemical symbol of gold is Au. It is a soft, malleable, and ductile metal that is
<|bos|>If yesterday was Friday, then tomorrow will be Saturday. If yesterday was Saturday, then tomorrow will be Sunday. If yesterday was
<|bos|>The opposite of hot is cold. The opposite of hot is cold. The opposite of hot is cold.
<|bos|>The planets of the solar system are: Mercury, Venus, Earth, Mars, Jupiter, Saturn, Uranus, Ne
<|bos|>My favorite color is blue. I love the color blue. I love the color blue. I love
<|bos|>If 5*x + 3 = 13, then x is a positive integer. If 5*x + 3 = 13,
2026-07-05 10:08:49,436 - nanochat.checkpoint_manager - [32m[1mINFO[0m - Saved model parameters to: /__modal/volumes/vo-YghGtH0KLHCwgaLsbe3KX9/out/p07_mst_scaling/S7_COMBO_A_D26/depth_26/ckpt_base/base/model_013221.pt
2026-07-05 10:08:49,438 - nanochat.checkpoint_manager - [32m[1mINFO[0m - Saved metadata to: /__modal/volumes/vo-YghGtH0KLHCwgaLsbe3KX9/out/p07_mst_scaling/S7_COMBO_A_D26/depth_26/ckpt_base/base/meta_013221.json
2026-07-05 10:08:55,342 - nanochat.checkpoint_manager - [32m[1mINFO[0m - Saved optimizer state to: /__modal/volumes/vo-YghGtH0KLHCwgaLsbe3KX9/out/p07_mst_scaling/S7_COMBO_A_D26/depth_26/ckpt_base/base/optim_013221_rank0.pt
step 13221/13221 (final) | loss: 2.828742 | early_stop: 0
Peak memory usage: 75926.27MiB
Total training time: 572.72m
Minimum validation bpb: 0.780419
Minimum validation loss (nats/byte): 2.559917
[MST] Results appended → /__modal/volumes/vo-YghGtH0KLHCwgaLsbe3KX9/out/p07_mst_scaling/S7_COMBO_A_D26/depth_26/ckpt_base/mst_results.csv
[MST] Results also appended → /__modal/volumes/vo-YghGtH0KLHCwgaLsbe3KX9/mst_results.csv
Final Validation BPB for base: 0.7804

--- Generating Report ---
Saved plot to out/p07_mst_scaling/S7_COMBO_A_D26/depth_26/comparison_depth_26.png
Saved TSV data to out/p07_mst_scaling/S7_COMBO_A_D26/depth_26/results_depth_26.tsv
Generating report to out/report/report.md
Copying report.md to current directory for convenience
================================================================
Sweep Complete! Results saved to out/p07_mst_scaling/S7_COMBO_A_D26
================================================================
