### MONARCH: hidden-axis permutation inside the FFN (Stage 18)

━━━ MON_shuffle_s1  (depth 8) ━━━
Requested NPROC_PER_NODE=8, but only 1 GPU(s) visible. Capping.
Using NPROC_PER_NODE=1
NANOCHAT_SKIP_ENV_SETUP=0
===== GPU Info =====
Sun Aug  9 12:08:51 2026       
+-----------------------------------------------------------------------------------------+
| NVIDIA-SMI 580.95.05              Driver Version: 580.95.05      CUDA Version: 13.0     |
+-----------------------------------------+------------------------+----------------------+
| GPU  Name                 Persistence-M | Bus-Id          Disp.A | Volatile Uncorr. ECC |
| Fan  Temp   Perf          Pwr:Usage/Cap |           Memory-Usage | GPU-Util  Compute M. |
|                                         |                        |               MIG M. |
|=========================================+========================+======================|
|   0  NVIDIA H200                    On  |   00000000:C5:00.0 Off |                    0 |
| N/A   34C    P0             79W /  700W |       4MiB / 143771MiB |      0%      Default |
|                                         |                        |             Disabled |
+-----------------------------------------+------------------------+----------------------+

+-----------------------------------------------------------------------------------------+
| Processes:                                                                              |
|  GPU   GI   CI              PID   Type   Process name                        GPU Memory |
|        ID   ID                                                               Usage      |
|=========================================================================================|
|  No running processes found                                                             |
+-----------------------------------------------------------------------------------------+
Starting Research Sweep. Output directory: out/p08_mst_parity/d8/MON_shuffle_s1
UV_SYSTEM_PYTHON=1: using system Python, skipping venv creation.
Validating system environment dependencies via uv...
Using Python 3.12.10 environment at: /usr/local
Resolved 158 packages in 489ms
   Building nanochat @ file:///__modal/volumes/vo-5lJiXYRRv6peac8JOAv0eu
Downloading srsly (1.1MiB)
Downloading thinc (3.7MiB)
Downloading spacy (31.2MiB)
Downloading blis (10.8MiB)
 Downloading blis
 Downloading srsly
 Downloading thinc
 Downloading spacy
      Built nanochat @ file:///__modal/volumes/vo-5lJiXYRRv6peac8JOAv0eu
Prepared 17 packages in 1.80s
Uninstalled 1 package in 1ms
Installed 17 packages in 44ms
 + blis==1.3.3
 + catalogue==2.0.10
 + cloudpathlib==0.24.0
 + confection==1.3.3
 + cymem==2.0.13
 + murmurhash==1.0.15
 - nanochat==0.1.0 (from file:///root)
 + nanochat==0.1.0 (from file:///__modal/volumes/vo-5lJiXYRRv6peac8JOAv0eu)
 + preshed==3.0.13
 + smart-open==8.0.1
 + spacy==3.8.15
 + spacy-legacy==3.0.12
 + spacy-loggers==1.0.5
 + srsly==2.5.3
 + thinc==8.3.13
 + wasabi==1.1.3
 + weasel==1.0.0
 + wrapt==2.3.0
Reset report and wrote header to out/report/header.md
Dataset (up to 300 shards) already exists in data, skipping download.
Tokenizer already exists in tokenizer, skipping training.
================================================================
Processing Depth: 8
================================================================
2026-08-09 12:09:08,914 - httpx - INFO - HTTP Request: HEAD https://huggingface.co/varunneal/flash-attention-3/resolve/main/kernel-status.toml "HTTP/1.1 404 Not Found"
2026-08-09 12:09:09,107 - httpx - INFO - HTTP Request: GET https://huggingface.co/api/models/varunneal/flash-attention-3/tree/main/build?recursive=false&expand=false "HTTP/1.1 200 OK"
2026-08-09 12:09:09,232 - httpx - INFO - HTTP Request: GET https://huggingface.co/api/models/varunneal/flash-attention-3/revision/main "HTTP/1.1 200 OK"
2026-08-09 12:09:09,384 - httpx - INFO - HTTP Request: HEAD https://huggingface.co/varunneal/flash-attention-3/resolve/de87b9b5af06dd9984df595bef90b2eba44b181a/build/torch29-cxx11-cu128-x86_64-linux/flash_attention_3/_C.abi3.so "HTTP/1.1 302 Found"
2026-08-09 12:09:09,387 - httpx - INFO - HTTP Request: HEAD https://huggingface.co/varunneal/flash-attention-3/resolve/de87b9b5af06dd9984df595bef90b2eba44b181a/build/torch29-cxx11-cu128-x86_64-linux/flash_attention_3/__init__.py "HTTP/1.1 307 Temporary Redirect"
2026-08-09 12:09:09,442 - httpx - INFO - HTTP Request: HEAD https://huggingface.co/api/resolve-cache/models/varunneal/flash-attention-3/de87b9b5af06dd9984df595bef90b2eba44b181a/build%2Ftorch29-cxx11-cu128-x86_64-linux%2Fflash_attention_3%2F__init__.py "HTTP/1.1 200 OK"
2026-08-09 12:09:09,442 - httpx - INFO - HTTP Request: HEAD https://huggingface.co/varunneal/flash-attention-3/resolve/de87b9b5af06dd9984df595bef90b2eba44b181a/build/torch29-cxx11-cu128-x86_64-linux/flash_attention_3/flash_attn_config.py "HTTP/1.1 307 Temporary Redirect"
2026-08-09 12:09:09,453 - httpx - INFO - HTTP Request: HEAD https://huggingface.co/api/resolve-cache/models/varunneal/flash-attention-3/de87b9b5af06dd9984df595bef90b2eba44b181a/build%2Ftorch29-cxx11-cu128-x86_64-linux%2Fflash_attention_3%2Fflash_attn_config.py "HTTP/1.1 200 OK"
2026-08-09 12:09:09,459 - httpx - INFO - HTTP Request: GET https://huggingface.co/api/resolve-cache/models/varunneal/flash-attention-3/de87b9b5af06dd9984df595bef90b2eba44b181a/build%2Ftorch29-cxx11-cu128-x86_64-linux%2Fflash_attention_3%2F__init__.py "HTTP/1.1 200 OK"
2026-08-09 12:09:09,460 - httpx - INFO - HTTP Request: HEAD https://huggingface.co/varunneal/flash-attention-3/resolve/de87b9b5af06dd9984df595bef90b2eba44b181a/build/torch29-cxx11-cu128-x86_64-linux/flash_attention_3/flash_attn_interface.py "HTTP/1.1 307 Temporary Redirect"
2026-08-09 12:09:09,461 - httpx - INFO - HTTP Request: GET https://huggingface.co/api/resolve-cache/models/varunneal/flash-attention-3/de87b9b5af06dd9984df595bef90b2eba44b181a/build%2Ftorch29-cxx11-cu128-x86_64-linux%2Fflash_attention_3%2Fflash_attn_config.py "HTTP/1.1 200 OK"
2026-08-09 12:09:09,466 - httpx - INFO - HTTP Request: HEAD https://huggingface.co/api/resolve-cache/models/varunneal/flash-attention-3/de87b9b5af06dd9984df595bef90b2eba44b181a/build%2Ftorch29-cxx11-cu128-x86_64-linux%2Fflash_attention_3%2Fflash_attn_interface.py "HTTP/1.1 200 OK"
2026-08-09 12:09:09,472 - httpx - INFO - HTTP Request: GET https://huggingface.co/api/resolve-cache/models/varunneal/flash-attention-3/de87b9b5af06dd9984df595bef90b2eba44b181a/build%2Ftorch29-cxx11-cu128-x86_64-linux%2Fflash_attention_3%2Fflash_attn_interface.py "HTTP/1.1 200 OK"
2026-08-09 12:09:09,606 - httpx - INFO - HTTP Request: GET https://huggingface.co/api/models/varunneal/flash-attention-3/xet-read-token/de87b9b5af06dd9984df595bef90b2eba44b181a "HTTP/1.1 200 OK"
[sweep] Requested 8 DDP workers but only 1 GPU(s) available — using 1.
================================================================
Starting Sweep for Depth 8
Target Tokens: Auto (per-model param count)
================================================================
  Overriding default target_dim (128) with full model_dim 512

--- Training base ---

  ┌─────────────────────────────────────────────────────┐
  │  🆕  STARTING FRESH: [base]
  │     No checkpoints found — training from scratch.
  └─────────────────────────────────────────────────────┘

Running: /usr/local/bin/torchrun --standalone --nproc_per_node=1 -m scripts.base_train --depth 8 --aspect-ratio 64 --head-dim 128 --model-dim 512 --max-seq-len 2048 --device-batch-size 128 --total-batch-size 262144 --target-tokens -1 --target-param-data-ratio 10.5 --eval-every -1 --log-every 200 --core-metric-every 0 --save-every 200 --warmup-ratio 0.005 --warmdown-ratio 0.65 --final-lr-frac 0.05 --adam-beta2 0.99 --research-warmup-ratio 0.05 --use-onecycle 0 --router-context-window -1 --remix-use-basis-gate 1 --remix-use-output-gate 1 --remix-use-context 1 --remix-basis-gate-mode mlp --remix-gate-lr-scale 0.3 --p22-n-templates 1 --p22-template-routing-learned 0 --p22-template-topk 0 --p22-attn-moe-route none --p26-output-gated-linear 0 --p28-shared-basis 0 --p28-chunk-routing-size 0 --p28-global-template-bank none --p28-attn-proj-templates 0 --p28-attn-qk-templates 0 --p31-chunk-route-impl compose --p31-top1-gate ones --p31-template-delta-rank 0 --p31-route-side output --p31-drop-basis-proj 0 --p31-basis-side-templates 0 --remix-template-block-diag 0 --remix-template-lr-scale 1.0 --p29-grad-equalize 0 --target-active-params 0 --remix-basis-gate-rank 8 --cclblock-modulation weight --cclblock-orth-lambda 0.0 --p35-template-diversity-lambda 0.0 --cclblock-context-stream local --cclblock-ema-factor 0.99 --cclblock-stale-ctx-lag 0 --cclblock-sparse-gate-k 0 --cclblock-gate-temperature 1.0 --cclblock-context-bank-size 0 --cclblock-per-head-ctx 0 --cclblock-context-source norm_x --cclblock-chunk-size 0 --cclblock-aux-objective none --cclblock-aux-lambda 0.1 --cclblock-boundary-token-id 198 --use-ral 0 --ral-rank 32 --p34-ffn-schedule  --p34-ffn-no-ffn-replacement none --p34-ffn-last-depth 1 --p36-swiglu-ffn 0 --p36-swiglu-mult 2.6666666666666665 --cond-sites both --p22-route-affine 0 --cond-rank 256 --cond-mult-steps 0 --cond-gate-source router --cond-coeff-act centered --cond-router-rank 0 --cond-router-act none --cond-live-init 0.0 --cond-chunk-size 0 --cond-mult-scale -1.0 --cond-mult-impl wy --cond-attn-projs qkvo --cond-layer-frac 1.0 --cclblock-film-gate 0 --cclblock-attn-shadow-dim 0 --cclblock-dynamic-ratio 0.25 --cclblock-gate-rank 8 --cclblock-num-regimes 8 --cclblock-regime-temperature 1.0 --cclblock-poly-order 2 --cclblock-lie-generators 4 --cclblock-grassmann-bank-size 4 --cclblock-tucker-rank 32 --cclblock-tucker-modes 8 --cclblock-svs-rank 64 --cclblock-svs-eps 0.1 --cclblock-vq-codes 8 --cclblock-vq-temperature 1.0 --cclblock-dcu-warmup-steps 0 --cclblock-fsi-rotations 8 --cclblock-fsi-selector-dim 64 --cclblock-aesp-strata 4 --cclblock-aesp-delta-rank 4 --cclblock-ckr-branches 4 --cclblock-ckr-kernel-size 64 --cclblock-ckr-pos-channels 1 --cclblock-ckr-dual-optim 0 --cclblock-ckr-content-bias 0.0 --cclblock-giad-rank 32 --cclblock-psg-kernel-size 64 --cclblock-ss-dynamic-ratio 0.25 --cclblock-ss-branches 2 --cclblock-ss-kernel-size 64 --cclblock-lokr-branches 8 --cclblock-lokr-rank 16 --cclblock-ckr-temp-start 2.0 --cclblock-ckr-temp-end 0.3 --cclblock-com-kernel-size 32 --cclblock-ckr-ortho-init 0 --cclblock-ckr-branch-dropout 0.0 --cclblock-ckr-diversity-lambda 0.0 --cclblock-pgr-kernel-size 64 --cclblock-cil-kernel-size 64 --cclblock-prb-kernel-size 64 --p18-layer-drop 0.0 --p18-dynamic-activation 0 --p18-mixture-norm 0 --p18-aux-sim-lambda 0.0 --p18-gradient-penalty 0.0 --p18-per-channel-scale 0 --p19-residual-gate 0 --p19-head-importance 0 --p19-residual-mix-groups 0 --p19-attn-logit-bias 0 --p19-residual-decay 0 --p19-grad-equilibrium 0.0 --p19-spectral-reparam 0 --p19-weight-anticollapse 0.0 --p19-ve-bias 0 --p19-weight-noise 0.0 --p20-hrcs-scale 0 --p20-lswr-scale 0 --p20-lswr-planes 8 --p20-lrcfb-branches 0 --p20-lrcfb-narrow 0 --p20-lrcfb-learned 0 --p20-lrcfb-topk 0 --p20-dgcr-branches 0 --p20-dgcr-aux-weight 0.01 --p20-mone-experts 0 --p20-mone-topk 0 --p20-mone-narrow 1 --p20-mone-frozen 0 --p20-ncea-branches 0 --p20-ncea-eps 0.1 --p20-adwi 0 --p20-pwu-branches 0 --p20-pwu-phase 1 --p20-fsvd-gate 0 --p20-wbfc-clusters 0 --p20-wbfc-active 0 --p21-per-experts 0 --p21-per-topk 0 --p21-per-learned 0 --p21-per-attn 0 --p23-tiny-expert 0 --p23-n-experts 64 --p23-topk 16 --p23-learned-route 0 --p23-std-moe-experts 0 --p23-std-moe-topk -1 --p23-std-moe-aux-weight 0.01 --p23-lokr 0 --p23-lokr-rank 4 --p23-use-shared-block-router 0 --p23-linear-moe-experts 0 --p23-linear-moe-topk 0 --p23-quantile-route 0 --seed 1 --p34-ffn-mult 4.0 --p34-ffn-single 0 --p34-dense-attn 0 --p24-use-sliced-weight 0 --p24-sliced-weight-reduction-scale 8 --p24-sliced-weight-min-select 128 --p24-sliced-weight-scope per_token --p24-sliced-weight-balance-coeff 0.01 --p24-quantile-route 0 --p24-use-folded-mod 0 --p24-folded-mod-reduction-scale 8 --p24-folded-mod-scope per_layer --p24-folded-mod-gate-act tanh_centered --p24-use-sequence-gated-linear 0 --p24-sequence-gated-scope per_layer --p24-sequence-gated-act tanh_centered --p24-folded-mod-min-dim 128 --remix-shared-context-gates 0 --remix-use-dual-gate 0 --remix-basis-scale-factor 4 --remix-output-gate-rank 16 --p24-use-sliced-weight 0 --p24-sliced-weight-reduction-scale 8 --p24-sliced-weight-min-select 128 --p24-sliced-weight-scope per_token --p24-sliced-weight-balance-coeff 0.01 --p24-quantile-route 0 --p24-use-folded-mod 0 --p24-folded-mod-reduction-scale 8 --p24-folded-mod-scope per_layer --p24-folded-mod-gate-act tanh_centered --p24-use-sequence-gated-linear 0 --p24-sequence-gated-scope per_layer --p24-sequence-gated-act tanh_centered --remix-disable-ln-basis 0 --dense-intermediate-ln 0 --use-mst 1 --mst-n-subs 4 --mst-sub-dim 128 --mst-head-dim 0 --mst-input-mode learned_proj --mst-rotated-slice-learned 0 --mst-routing-mode soft_weighted --mst-routing-topk 0 --mst-routing-aux-weight 0.01 --mst-diversity-weight 0.0 --mst-ffn-mode standard --mst-transition-mode aggregate_distribute --mst-final-mode concat_proj --mst-final-topk 0 --mst-ffn-shared-up 0 --mst-ffn-inner-dim 0 --mst-sub-dropout 0.0 --mst-transition-every 1 --mst-ffa-temperature 1.0 --mst-global-residual 0 --mst-hybrid-dense 0 --mst-cross-sub-kv 0 --mst-sub-aux-weight 0.0 --mst-progressive-merge 0 --mst-multi-scale-windows 1 --mst-delta-residual 0 --mst-sub-layers 1 --mst-grad-equalize 1 --mst-block-diagonal-muon 1 --mst-transition-width-mult 4.0 --mst-sub-lr-scale 2.0 --mst-shared-expert 0 --mst-router-entropy-weight 0.0 --mst-shared-kv-attn 0 --mst-contrastive-diversity-weight 0.0 --mst-transition-nonlinear 0 --mst-transition-gated 0 --mst-transition-mlp 0 --mst-cross-sub-gate 0 --mst-hyper-connect 0 --mst-cross-kv-inject 0 --mst-slice-transition 0 --mst-lookback-layers 0 --mst-bilinear-transition 0 --mst-cross-sub-qmod 0 --mst-feature-cycle 0 --mst-mean-transition 0 --mst-sub-head-dim 64 --mst-final-norm 0 --mst-per-stream-ve 1 --mst-lm-head-dim 0 --mst-compose-windows 1 --mst-channel-mix none --mst-channel-mix-site layer --mst-distribute-block-muon 0 --mst-trans-spectral-lr 0 --mst-talking-heads 0 --mst-wo-mode dense --mst-stream-topk 0 --mst-stream-router-aux 0.01 --mst-stream-router-noise 0.0 --mst-stream-dispatch 0 --mst-stream-capacity-factor 1.0 --mst-stream-gate-attn 0 --mst-ffn-monarch shuffle --mst-shampoo 0 --mst-precond-every 10 --mst-shampoo-beta 0.95 --use-eet 0 --eet-frozen-kv 1 --eet-reenter-final 0 --eet-compute-skip 0 --eet-target-active-frac 0.125 --eet-capacity-schedule bell --eet-exit-fracs  --eet-router-type mlp2 --eet-router-hidden 0 --eet-freq-prior-alpha 0.0 --eet-pos-prior-beta 0.0 --eet-domain-prior 0 --eet-warmup-frac 0.02 --eet-explore-frac 0.15 --eet-reconstruct-lambda 1.0 --eet-efficiency-lambda-start 0.01 --eet-efficiency-lambda-end 0.1 --eet-translator-rank 0 --eet-max-frozen-kv-frac 0.75 --eet-exit-threshold 0.5 --eet-min-exit-layer 1 --eet-loss-variant reconstruct --eet-topk-vocab 512 --eet-entropy-lambda 0.3 --eet-surprise-lambda 0.1 --eet-adv-lambda 1.0 --eet-adv-entropy-lambda 0.2 --eet-quality-lambda 1.0 --eet-quality-entropy-bonus 0.1 --eet-gumbel-temp-start 0.0 --eet-gumbel-temp-end 0.1 --eet-gumbel-hard 1 --eet-commitment-beta 0.1 --eet-global-router 0 --eet-freq-efficiency-alpha 0.0 --eet-diversity-lambda 0.0 --eet-ce-guided-lambda 1.0 --eet-router-lr-mult 5.0 --eet-model-lr-mult 1.0 --eet-depth-weight-type none --eet-depth-weight-max 2.5 --eet-use-override 0 --eet-override-prob-start 0.5 --eet-override-prob-end 0.1 --eet-capacity-alignment-lambda 0.0 --eet-router-task-grad 1 --eet-reinforce-interval 0 --eet-reinforce-lambda 0.1 --eet-exit-adapter-rank 0 --eet-router-after-block 0 --eet-ffn-skip 0 --eet-ffn-target-frac 0.5 --eet-ffn-full-attn 1 --eet-depth-affine 0 --eet-capacity-anneal-frac 0.0 --eet-learned-schedule 0 --eet-departure-summary 0 --eet-route-consistency-lambda 0.0 --eet-dense-distill-interval 0 --eet-dense-distill-lambda 0.5 --eet-depth-lr-scale 0 --eet-depth-grad-scale 0 --eet-detach-aux-from-backbone 0 --eet-detach-exit-from-backbone 0 --compile --tokenizer-dir tokenizer --data-dir data --max-shards 300 --checkpoints-dir /__modal/volumes/vo-5lJiXYRRv6peac8JOAv0eu/out/p08_mst_parity/d8/MON_shuffle_s1/depth_8/ckpt_base --model-tag base
2026-08-09 12:09:22,527 - httpx - INFO - HTTP Request: HEAD https://huggingface.co/varunneal/flash-attention-3/resolve/main/kernel-status.toml "HTTP/1.1 404 Not Found"
2026-08-09 12:09:22,666 - httpx - INFO - HTTP Request: GET https://huggingface.co/api/models/varunneal/flash-attention-3/tree/main/build?recursive=false&expand=false "HTTP/1.1 200 OK"
2026-08-09 12:09:22,800 - httpx - INFO - HTTP Request: GET https://huggingface.co/api/models/varunneal/flash-attention-3/revision/main "HTTP/1.1 200 OK"

                                                       █████                █████
                                                      ░░███                ░░███
     ████████    ██████   ████████    ██████   ██████  ░███████    ██████  ███████
    ░░███░░███  ░░░░░███ ░░███░░███  ███░░███ ███░░███ ░███░░███  ░░░░░███░░░███░
     ░███ ░███   ███████  ░███ ░███ ░███ ░███░███ ░░░  ░███ ░███   ███████  ░███
     ░███ ░███  ███░░███  ░███ ░███ ░███ ░███░███  ███ ░███ ░███  ███░░███  ░███ ███
     ████ █████░░████████ ████ █████░░██████ ░░██████  ████ █████░░███████  ░░█████
    ░░░░ ░░░░░  ░░░░░░░░ ░░░░ ░░░░░  ░░░░░░   ░░░░░░  ░░░░ ░░░░░  ░░░░░░░░   ░░░░░
    
Autodetected device type: cuda
2026-08-09 12:09:25,499 - nanochat.common - INFO - Distributed world size: 1
GPU: NVIDIA H200 | Peak FLOPS (BF16): 9.89e+14
COMPUTE_DTYPE: torch.bfloat16 (auto-detected: CUDA SM 90 (bf16 supported))
✓ Using Flash Attention 3 (Hopper GPU detected) — efficient and fast.
Vocab size: 32,768
[MST] Multi-scale sub windows: [(32, 0), (127, 0), (511, 0), (-1, 0)]
[MST] Using compile-optimized BatchedMSTLayer (N=4, d=128)
[MST] 1A: Per-sub gradient equalization hooks registered
Model config:
{
  "sequence_len": 2048,
  "vocab_size": 32768,
  "n_layer": 8,
  "n_head": 4,
  "n_kv_head": 4,
  "n_embd": 512,
  "use_moe": false,
  "use_perm": false,
  "moe_num_experts": 8,
  "moe_router_dim": 64,
  "moe_embed_dim": 64,
  "dropout": 0.0,
  "use_remix_linear": false,
  "remix_context_dim": 64,
  "remix_context_dim_ratio": 6,
  "remix_basis_size": 64,
  "remix_output_gate_rank": 16,
  "remixed_linear_kwargs": {
    "use_basis_gate": true,
    "use_output_gate": true,
    "use_context": true,
    "basis_gate_mode": "mlp",
    "sparse_gate_k": 0,
    "gate_temperature": 1.0,
    "basis_scale_factor": 4,
    "n_templates": 1,
    "template_routing_learned": false,
    "template_topk": 0,
    "tiny_expert": false,
    "tiny_expert_topk": 16,
    "lokr_expert": false,
    "lokr_n_experts": 64,
    "lokr_topk": 16,
    "lokr_rank": 4,
    "lokr_learned": false,
    "basis_gate_rank": 8,
    "disable_ln_basis": false,
    "chunk_route_impl": "compose",
    "top1_gate": "ones",
    "template_delta_rank": 0,
    "route_side": "output",
    "drop_basis_proj": false,
    "basis_side_templates": 0,
    "grad_equalize": false
  },
  "use_pos_embed": false,
  "moe_use_abs_pos_embed": false,
  "use_layer_context": true,
  "scale_basis_size": true,
  "remix_use_dual_gate": false,
  "remix_use_fused": false,
  "p26_output_gated_linear": 0,
  "p28_shared_basis": 0,
  "p28_chunk_routing_size": 0,
  "p28_global_template_bank": "none",
  "p28_attn_proj_templates": 0,
  "p28_attn_qk_templates": 0,
  "p29_template_block_diag": 0,
  "p29_template_lr_scale": 1.0,
  "p29_grad_equalize": 0,
  "p34_ffn_mult": 4.0,
  "p34_ffn_single": 0,
  "p34_dense_attn": 0,
  "legacy_init_fallback": 0,
  "p35_template_diversity_lambda": 0.0,
  "p22_route_affine": 0,
  "p34_ffn_schedule": "",
  "p34_ffn_no_ffn_replacement": "none",
  "p34_ffn_last_depth": 1,
  "p36_swiglu_ffn": 0,
  "p36_swiglu_mult": 2.6666666666666665,
  "cond_sites": "both",
  "cond_rank": 256,
  "cond_mult_steps": 0,
  "cond_gate_source": "router",
  "cond_coeff_act": "centered",
  "cond_router_rank": 0,
  "cond_live_init": 0.0,
  "cond_router_act": "none",
  "cond_chunk_size": 0,
  "cond_mult_scale": -1.0,
  "cond_mult_impl": "wy",
  "cond_attn_projs": "qkvo",
  "cond_layer_frac": 1.0,
  "perm_expert_mode": "low_rank",
  "perm_rank": 16,
  "router_context_window": -1,
  "router_causal": true,
  "router_num_heads": 4,
  "router_num_queries": 16,
  "router_n_layers": 2,
  "router_use_vocab_prior": false,
  "window_pattern": "SSSL",
  "cclblock_modulation": "weight",
  "cclblock_orth_lambda": 0.0,
  "cclblock_context_stream": "local",
  "cclblock_ema_factor": 0.99,
  "cclblock_stale_ctx_lag": 0,
  "cclblock_sparse_gate_k": 0,
  "cclblock_gate_temperature": 1.0,
  "cclblock_context_bank_size": 0,
  "cclblock_per_head_ctx": false,
  "cclblock_context_source": "norm_x",
  "cclblock_chunk_size": 0,
  "cclblock_aux_objective": "none",
  "cclblock_aux_lambda": 0.1,
  "cclblock_boundary_token_id": 198,
  "use_ral": false,
  "ral_rank": 32,
  "cclblock_film_gate": false,
  "cclblock_attn_shadow_dim": 0,
  "cclblock_dynamic_ratio": 0.25,
  "cclblock_gate_rank": 8,
  "cclblock_num_regimes": 8,
  "cclblock_regime_temperature": 1.0,
  "cclblock_poly_order": 2,
  "cclblock_lie_generators": 4,
  "cclblock_grassmann_bank_size": 4,
  "cclblock_tucker_rank": 32,
  "cclblock_tucker_modes": 8,
  "cclblock_svs_rank": 64,
  "cclblock_svs_eps": 0.1,
  "cclblock_vq_codes": 8,
  "cclblock_vq_temperature": 1.0,
  "cclblock_dcu_warmup_steps": 0,
  "cclblock_fsi_rotations": 8,
  "cclblock_fsi_selector_dim": 64,
  "cclblock_aesp_strata": 4,
  "cclblock_aesp_delta_rank": 4,
  "cclblock_ckr_branches": 4,
  "cclblock_ckr_kernel_size": 64,
  "cclblock_ckr_pos_channels": 1,
  "cclblock_ckr_dual_optim": 0,
  "cclblock_ckr_content_bias": 0.0,
  "cclblock_giad_rank": 32,
  "cclblock_psg_kernel_size": 64,
  "cclblock_ss_dynamic_ratio": 0.25,
  "cclblock_ss_branches": 2,
  "cclblock_ss_kernel_size": 64,
  "cclblock_lokr_branches": 8,
  "cclblock_lokr_rank": 16,
  "cclblock_ckr_temp_start": 2.0,
  "cclblock_ckr_temp_end": 0.3,
  "cclblock_com_kernel_size": 32,
  "cclblock_ckr_ortho_init": 0,
  "cclblock_ckr_branch_dropout": 0.0,
  "cclblock_ckr_diversity_lambda": 0.0,
  "cclblock_ckr_layer_selective": 0,
  "cclblock_pgr_kernel_size": 64,
  "cclblock_cil_kernel_size": 64,
  "cclblock_prb_kernel_size": 64,
  "p18_layer_drop": 0.0,
  "p18_dynamic_activation": 0,
  "p18_mixture_norm": 0,
  "p18_causal_attn_bias": 0,
  "p18_aux_sim_lambda": 0.0,
  "p18_gradient_penalty": 0.0,
  "p18_per_channel_scale": 0,
  "p19_residual_gate": 0,
  "p19_head_importance": 0,
  "p19_residual_mix_groups": 0,
  "p19_attn_logit_bias": 0,
  "p19_residual_decay": 0,
  "p19_grad_equilibrium": 0.0,
  "p19_spectral_reparam": 0,
  "p19_weight_anticollapse": 0.0,
  "p19_ve_bias": 0,
  "p19_weight_noise": 0.0,
  "p20_hrcs_scale": 0,
  "p20_lswr_scale": 0,
  "p20_lswr_planes": 8,
  "p20_lrcfb_branches": 0,
  "p20_lrcfb_narrow": 0,
  "p20_lrcfb_learned": 0,
  "p20_lrcfb_topk": 0,
  "p20_dgcr_branches": 0,
  "p20_dgcr_aux_weight": 0.01,
  "p20_mone_experts": 0,
  "p20_mone_topk": 0,
  "p20_mone_narrow": 1,
  "p20_mone_frozen": 0,
  "p20_ncea_branches": 0,
  "p20_ncea_eps": 0.1,
  "p20_adwi": 0,
  "p20_pwu_branches": 0,
  "p20_pwu_phase": 1,
  "p20_fsvd_gate": 0,
  "p20_wbfc_clusters": 0,
  "p20_wbfc_active": 0,
  "p21_per_experts": 0,
  "p21_per_topk": 0,
  "p21_per_learned": 0,
  "p21_per_attn": 0,
  "p22_attn_moe_route": "none",
  "p23_tiny_expert": 0,
  "p23_n_experts": 64,
  "p23_topk": 16,
  "p23_learned_route": 0,
  "p23_std_moe_experts": 0,
  "p23_std_moe_topk": -1,
  "p23_std_moe_aux_weight": 0.01,
  "p23_lokr": 0,
  "p23_lokr_rank": 4,
  "p23_use_shared_block_router": 0,
  "p23_linear_moe_experts": 0,
  "p23_linear_moe_topk": 0,
  "p23_quantile_route": 0,
  "remix_shared_context_gates": 0,
  "p24_use_sliced_weight": 0,
  "p24_sliced_weight_reduction_scale": 8,
  "p24_sliced_weight_min_select": 128,
  "p24_sliced_weight_scope": "per_token",
  "p24_sliced_weight_balance_coeff": 0.01,
  "p24_quantile_route": 0,
  "p24_use_folded_mod": 0,
  "p24_folded_mod_reduction_scale": 8,
  "p24_folded_mod_min_dim": 128,
  "p24_folded_mod_scope": "per_layer",
  "p24_folded_mod_gate_act": "tanh_centered",
  "p24_use_sequence_gated_linear": 0,
  "p24_sequence_gated_scope": "per_layer",
  "p24_sequence_gated_act": "tanh_centered",
  "remix_disable_ln_basis": 0,
  "dense_intermediate_ln": 0,
  "use_mst": true,
  "mst_n_subs": 4,
  "mst_sub_dim": 128,
  "mst_head_dim": 0,
  "mst_input_mode": "learned_proj",
  "mst_rotated_slice_learned": false,
  "mst_routing_mode": "soft_weighted",
  "mst_routing_topk": 0,
  "mst_routing_aux_weight": 0.01,
  "mst_diversity_weight": 0.0,
  "mst_ffn_mode": "standard",
  "mst_transition_mode": "aggregate_distribute",
  "mst_final_mode": "concat_proj",
  "mst_final_topk": 0,
  "mst_ffn_shared_up": 0,
  "mst_ffn_inner_dim": 0,
  "mst_sub_dropout": 0.0,
  "mst_transition_every": 1,
  "mst_ffa_temperature": 1.0,
  "mst_global_residual": 0,
  "mst_hybrid_dense": 0,
  "mst_cross_sub_kv": 0,
  "mst_sub_aux_weight": 0.0,
  "mst_progressive_merge": 0,
  "mst_multi_scale_windows": 1,
  "mst_delta_residual": 0,
  "mst_sub_layers": 1,
  "mst_grad_equalize": 1,
  "mst_block_diagonal_muon": 1,
  "mst_transition_width_mult": 4.0,
  "mst_sub_lr_scale": 2.0,
  "mst_shared_expert": 0,
  "mst_router_entropy_weight": 0.0,
  "mst_shared_kv_attn": 0,
  "mst_contrastive_diversity_weight": 0.0,
  "mst_transition_nonlinear": 0,
  "mst_transition_gated": 0,
  "mst_transition_mlp": 0,
  "mst_cross_sub_gate": 0,
  "mst_hyper_connect": 0,
  "mst_cross_kv_inject": 0,
  "mst_slice_transition": 0,
  "mst_lookback_layers": 0,
  "mst_bilinear_transition": 0,
  "mst_cross_sub_qmod": 0,
  "mst_feature_cycle": 0,
  "mst_mean_transition": 0,
  "mst_sub_head_dim": 64,
  "mst_final_norm": 0,
  "mst_per_stream_ve": 1,
  "mst_lm_head_dim": 0,
  "mst_compose_windows": 1,
  "mst_channel_mix": "none",
  "mst_channel_mix_site": "layer",
  "mst_distribute_block_muon": 0,
  "mst_trans_spectral_lr": 0,
  "mst_talking_heads": 0,
  "mst_wo_mode": "dense",
  "mst_stream_topk": 0,
  "mst_stream_router_aux": 0.01,
  "mst_stream_router_noise": 0.0,
  "mst_stream_dispatch": 0,
  "mst_stream_capacity_factor": 1.0,
  "mst_stream_gate_attn": 0,
  "mst_ffn_monarch": "shuffle",
  "mst_shampoo": 0,
  "mst_precond_every": 10,
  "mst_shampoo_beta": 0.95,
  "use_eet": false,
  "eet_frozen_kv": true,
  "eet_reenter_final": false,
  "eet_router_type": "mlp2",
  "eet_router_hidden": 0,
  "eet_freq_prior_alpha": 0.0,
  "eet_pos_prior_beta": 0.0,
  "eet_domain_prior": false,
  "eet_warmup_frac": 0.02,
  "eet_explore_frac": 0.15,
  "eet_reconstruct_lambda": 1.0,
  "eet_efficiency_lambda_start": 0.01,
  "eet_efficiency_lambda_end": 0.1,
  "eet_translator_rank": 0,
  "eet_max_frozen_kv_frac": 0.75,
  "eet_exit_threshold": 0.5,
  "eet_min_exit_layer": 1,
  "eet_loss_variant": "reconstruct",
  "eet_topk_vocab": 512,
  "eet_entropy_lambda": 0.3,
  "eet_surprise_lambda": 0.1,
  "eet_adv_lambda": 1.0,
  "eet_adv_entropy_lambda": 0.2,
  "eet_quality_lambda": 1.0,
  "eet_quality_entropy_bonus": 0.1,
  "eet_gumbel_temp_start": 0.0,
  "eet_gumbel_temp_end": 0.1,
  "eet_gumbel_hard": true,
  "eet_commitment_beta": 0.1,
  "eet_global_router": false,
  "eet_freq_efficiency_alpha": 0.0,
  "eet_diversity_lambda": 0.0,
  "eet_ce_guided_lambda": 1.0,
  "eet_router_lr_mult": 5.0,
  "eet_model_lr_mult": 1.0,
  "eet_depth_weight_type": "none",
  "eet_depth_weight_max": 2.5,
  "eet_use_override": 0,
  "eet_override_prob_start": 0.5,
  "eet_override_prob_end": 0.1,
  "eet_compute_skip": false,
  "eet_target_active_frac": 0.125,
  "eet_capacity_schedule": "bell",
  "eet_exit_fracs": null,
  "eet_capacity_alignment_lambda": 0.0,
  "eet_router_task_grad": true,
  "eet_reinforce_interval": 0,
  "eet_reinforce_lambda": 0.1,
  "eet_exit_adapter_rank": 0,
  "eet_router_after_block": 0,
  "eet_ffn_skip": false,
  "eet_ffn_target_frac": 0.5,
  "eet_ffn_full_attn": true,
  "eet_depth_affine": false,
  "eet_capacity_anneal_frac": 0.0,
  "eet_learned_schedule": false,
  "eet_departure_summary": false,
  "eet_route_consistency_lambda": 0.0,
  "eet_dense_distill_interval": 0,
  "eet_dense_distill_lambda": 0.5,
  "eet_depth_lr_scale": false,
  "eet_depth_grad_scale": false,
  "eet_detach_aux_from_backbone": false,
  "eet_detach_exit_from_backbone": false
}
Seeded weight init with --seed 1
Checkpoints directory: /__modal/volumes/vo-5lJiXYRRv6peac8JOAv0eu/out/p08_mst_parity/d8/MON_shuffle_s1/depth_8/ckpt_base/base
✓ Wrapping model with DistributedDataParallel (rank 0, find_unused_parameters=False)
Parameter counts:
wte                     : 16,777,216
wpe                     : 0
value_embeds            : 67,108,864
lm_head                 : 16,777,216
transformer_matrices    : 9,966,592
research                : 0
scalars                 : 16
total                   : 110,629,904
Estimated FLOPs per token (total):  1.749965e+08
Estimated FLOPs per token (active): 1.749965e+08
Estimated active params:            110,629,904
[MST] Multi-scale sub windows: [(32, 0), (127, 0), (511, 0), (-1, 0)]
[MST] Using compile-optimized BatchedMSTLayer (N=4, d=128)
[MST] 1A: Per-sub gradient equalization hooks registered
Scaling LRs by 0.7071 for batch size 262,144 (reference: 524,288)
Scaling weight decay from 0.200000 to 0.166387 for depth 8
Scaling AdamW LRs ∝1/√(512/768) = 1.224745
[MST] Per-sub Muon LR scaled by 2.00× → 0.028284
[MST] 1B: Block-diagonal Muon enabled (N=4 blocks)
Calculated number of iterations from target data:param ratio: 1,071
Total number of training tokens: 280,756,224
Tokens : Scaling params ratio: 10.50
Total training FLOPs estimate: 4.913135e+16
Total active training FLOPs estimate: 4.913135e+16
Using base scheduler: linear warmup/flat/linear warmdown
[MST] Diagnostics will be logged to: /__modal/volumes/vo-5lJiXYRRv6peac8JOAv0eu/out/p08_mst_parity/d8/MON_shuffle_s1/depth_8/ckpt_base/base/mst_diagnostics.jsonl
Tokens / micro-batch / rank: 128 x 2048 = 262,144
Tokens / micro-batch: 262,144
Total batch size 262,144 => gradient accumulation steps: 1
Running pre-compilation warmup (1 dummy forward+backward to init lazy allocations)...
[rank0]:W0809 12:09:26.595000 632 site-packages/torch/_logging/_internal.py:1199] [0/0] Profiler function <class 'torch.autograd.profiler.record_function'> will be ignored
/usr/local/lib/python3.12/site-packages/torch/_inductor/lowering.py:7242: UserWarning: 
Online softmax is disabled on the fly since Inductor decides to
split the reduction. Cut an issue to PyTorch if this is an
important use case and you want to speed it up with online
softmax.

  warnings.warn(
Warmup complete. Steady-state VRAM: 1.1 GB allocated
/usr/local/lib/python3.12/site-packages/torch/_inductor/lowering.py:7242: UserWarning: 
Online softmax is disabled on the fly since Inductor decides to
split the reduction. Cut an issue to PyTorch if this is an
important use case and you want to speed it up with online
softmax.

  warnings.warn(
  [MST diag] ERROR: [Errno 2] No such file or directory: '/__modal/volumes/vo-5lJiXYRRv6peac8JOAv0eu/out/p08_mst_parity/d8/MON_shuffle_s1/depth_8/ckpt_base/base/mst_diagnostics.jsonl'
step 00000/01071 (0.00%) | loss: 10.477595 | lrm: 0.20 | lr(adamw:8.142e-02, muon:3.889e-03) | dt: 82195.59ms | tok/sec: 3,189 | bf16_mfu: 0.06 | epoch: 1 pq: 0 rg: 1 | total time: 0.00m
2026-08-09 12:13:24,117 - nanochat.checkpoint_manager - INFO - Saved model parameters to: /__modal/volumes/vo-5lJiXYRRv6peac8JOAv0eu/out/p08_mst_parity/d8/MON_shuffle_s1/depth_8/ckpt_base/base/model_000200.pt
2026-08-09 12:13:24,120 - nanochat.checkpoint_manager - INFO - Saved metadata to: /__modal/volumes/vo-5lJiXYRRv6peac8JOAv0eu/out/p08_mst_parity/d8/MON_shuffle_s1/depth_8/ckpt_base/base/meta_000200.json
2026-08-09 12:13:25,201 - nanochat.checkpoint_manager - INFO - Saved optimizer state to: /__modal/volumes/vo-5lJiXYRRv6peac8JOAv0eu/out/p08_mst_parity/d8/MON_shuffle_s1/depth_8/ckpt_base/base/optim_000200_rank0.pt
  [MST diag] sub_sim=[-0.052, -0.079, -0.081, -0.084, -0.072, -0.068, -0.059, -0.046] | route_ent=[1.297, 1.180, 1.203, 1.258, 1.258, 1.258, 1.273, 1.305] | grad_norm=[0.051, 0.043, 0.043, 0.033]
step 00200/01071 (18.67%) | loss: 4.170526 | lrm: 1.00 | lr(adamw:4.071e-01, muon:1.945e-02) | dt: 279.00ms | tok/sec: 939,585 | bf16_mfu: 16.63 | epoch: 1 pq: 1 rg: 17 | total time: 0.73m | eta: 3.4m
2026-08-09 12:14:12,411 - nanochat.checkpoint_manager - INFO - Saved model parameters to: /__modal/volumes/vo-5lJiXYRRv6peac8JOAv0eu/out/p08_mst_parity/d8/MON_shuffle_s1/depth_8/ckpt_base/base/model_000400.pt
2026-08-09 12:14:12,414 - nanochat.checkpoint_manager - INFO - Saved metadata to: /__modal/volumes/vo-5lJiXYRRv6peac8JOAv0eu/out/p08_mst_parity/d8/MON_shuffle_s1/depth_8/ckpt_base/base/meta_000400.json
2026-08-09 12:14:13,461 - nanochat.checkpoint_manager - INFO - Saved optimizer state to: /__modal/volumes/vo-5lJiXYRRv6peac8JOAv0eu/out/p08_mst_parity/d8/MON_shuffle_s1/depth_8/ckpt_base/base/optim_000400_rank0.pt
Removed previous periodic checkpoint at step 000200
  [MST diag] sub_sim=[-0.090, -0.118, -0.097, -0.088, -0.077, -0.072, -0.061, -0.044] | route_ent=[1.258, 1.156, 1.172, 1.258, 1.180, 1.195, 1.195, 1.250] | grad_norm=[0.029, 0.025, 0.025, 0.020]
step 00400/01071 (37.35%) | loss: 3.845478 | lrm: 0.97 | lr(adamw:3.932e-01, muon:1.878e-02) | dt: 258.12ms | tok/sec: 1,015,576 | bf16_mfu: 17.97 | epoch: 1 pq: 2 rg: 30 | total time: 1.51m | eta: 2.6m
2026-08-09 12:15:00,692 - nanochat.checkpoint_manager - INFO - Saved model parameters to: /__modal/volumes/vo-5lJiXYRRv6peac8JOAv0eu/out/p08_mst_parity/d8/MON_shuffle_s1/depth_8/ckpt_base/base/model_000600.pt
2026-08-09 12:15:00,695 - nanochat.checkpoint_manager - INFO - Saved metadata to: /__modal/volumes/vo-5lJiXYRRv6peac8JOAv0eu/out/p08_mst_parity/d8/MON_shuffle_s1/depth_8/ckpt_base/base/meta_000600.json
2026-08-09 12:15:01,821 - nanochat.checkpoint_manager - INFO - Saved optimizer state to: /__modal/volumes/vo-5lJiXYRRv6peac8JOAv0eu/out/p08_mst_parity/d8/MON_shuffle_s1/depth_8/ckpt_base/base/optim_000600_rank0.pt
Removed previous periodic checkpoint at step 000400
  [MST diag] sub_sim=[-0.106, -0.136, -0.115, -0.109, -0.095, -0.086, -0.070, -0.046] | route_ent=[1.258, 1.172, 1.188, 1.281, 1.203, 1.203, 1.211, 1.258] | grad_norm=[0.023, 0.021, 0.021, 0.019]
step 00600/01071 (56.02%) | loss: 3.674458 | lrm: 0.69 | lr(adamw:2.821e-01, muon:1.347e-02) | dt: 272.90ms | tok/sec: 960,579 | bf16_mfu: 17.00 | epoch: 1 pq: 3 rg: 44 | total time: 2.29m | eta: 1.8m
2026-08-09 12:15:49,758 - nanochat.checkpoint_manager - INFO - Saved model parameters to: /__modal/volumes/vo-5lJiXYRRv6peac8JOAv0eu/out/p08_mst_parity/d8/MON_shuffle_s1/depth_8/ckpt_base/base/model_000800.pt
2026-08-09 12:15:49,762 - nanochat.checkpoint_manager - INFO - Saved metadata to: /__modal/volumes/vo-5lJiXYRRv6peac8JOAv0eu/out/p08_mst_parity/d8/MON_shuffle_s1/depth_8/ckpt_base/base/meta_000800.json
2026-08-09 12:15:50,873 - nanochat.checkpoint_manager - INFO - Saved optimizer state to: /__modal/volumes/vo-5lJiXYRRv6peac8JOAv0eu/out/p08_mst_parity/d8/MON_shuffle_s1/depth_8/ckpt_base/base/optim_000800_rank0.pt
Removed previous periodic checkpoint at step 000600
  [MST diag] sub_sim=[-0.116, -0.140, -0.121, -0.120, -0.100, -0.098, -0.082, -0.054] | route_ent=[1.266, 1.188, 1.195, 1.297, 1.219, 1.211, 1.227, 1.266] | grad_norm=[0.020, 0.017, 0.018, 0.016]
step 00800/01071 (74.70%) | loss: 3.555299 | lrm: 0.42 | lr(adamw:1.709e-01, muon:8.165e-03) | dt: 262.91ms | tok/sec: 997,094 | bf16_mfu: 17.64 | epoch: 1 pq: 4 rg: 58 | total time: 3.08m | eta: 1.1m
2026-08-09 12:16:38,767 - nanochat.checkpoint_manager - INFO - Saved model parameters to: /__modal/volumes/vo-5lJiXYRRv6peac8JOAv0eu/out/p08_mst_parity/d8/MON_shuffle_s1/depth_8/ckpt_base/base/model_001000.pt
2026-08-09 12:16:38,770 - nanochat.checkpoint_manager - INFO - Saved metadata to: /__modal/volumes/vo-5lJiXYRRv6peac8JOAv0eu/out/p08_mst_parity/d8/MON_shuffle_s1/depth_8/ckpt_base/base/meta_001000.json
2026-08-09 12:16:39,846 - nanochat.checkpoint_manager - INFO - Saved optimizer state to: /__modal/volumes/vo-5lJiXYRRv6peac8JOAv0eu/out/p08_mst_parity/d8/MON_shuffle_s1/depth_8/ckpt_base/base/optim_001000_rank0.pt
Removed previous periodic checkpoint at step 000800
  [MST diag] sub_sim=[-0.114, -0.141, -0.123, -0.127, -0.107, -0.103, -0.085, -0.056] | route_ent=[1.258, 1.195, 1.203, 1.305, 1.227, 1.219, 1.234, 1.273] | grad_norm=[0.016, 0.013, 0.014, 0.013]
step 01000/01071 (93.37%) | loss: 3.468605 | lrm: 0.15 | lr(adamw:5.980e-02, muon:2.857e-03) | dt: 285.30ms | tok/sec: 918,850 | bf16_mfu: 16.26 | epoch: 1 pq: 5 rg: 73 | total time: 3.86m | eta: 0.3m
  [MST diag] sub_sim=[-0.114, -0.140, -0.123, -0.127, -0.106, -0.103, -0.086, -0.059] | route_ent=[1.258, 1.195, 1.203, 1.305, 1.227, 1.219, 1.234, 1.273] | grad_norm=[0.015, 0.013, 0.013, 0.013]
step 01070/01071 (99.91%) | loss: 3.439115 | lrm: 0.05 | lr(adamw:2.091e-02, muon:9.988e-04) | dt: 251.69ms | tok/sec: 1,041,540 | bf16_mfu: 18.43 | epoch: 1 pq: 6 rg: 24 | total time: 4.14m | eta: 0.0m
/usr/local/lib/python3.12/site-packages/torch/_dynamo/variables/functions.py:1598: UserWarning: Dynamo does not know how to trace the builtin `torch._C._distributed_c10d.pybind11_detail_function_record_v1_system_libstdcpp_gxx_abi_1xxx_use_cxx11_abi_1._broadcast_coalesced.` This function is either a Python builtin (e.g. _warnings.warn) or a third-party C/C++ Python extension (perhaps created with pybind).
If it is a Python builtin, please file an issue on GitHub so the PyTorch team can add support for it and see the next case for a workaround.
If it is a third-party C/C++ Python extension, please either wrap it into a PyTorch-understood custom operator (see https://pytorch.org/tutorials/advanced/custom_ops_landing_page.html for more details) or, if it is traceable, use `torch.compiler.allow_in_graph`.
  torch._dynamo.utils.warn_once(explanation + "\n" + "\n".join(hints))
/usr/local/lib/python3.12/site-packages/torch/_inductor/lowering.py:7242: UserWarning: 
Online softmax is disabled on the fly since Inductor decides to
split the reduction. Cut an issue to PyTorch if this is an
important use case and you want to speed it up with online
softmax.

  warnings.warn(
Step 01071 | Validation bpb: 1.025048 | val_loss: 3.362343
<|bos|>The capital of France is the capital of the world. The capital of the world is the capital of the
<|bos|>The chemical symbol of gold is a symbol of gold. It is a symbol of gold, and it is a
<|bos|>If yesterday was Friday, then tomorrow will be Friday. I'm not sure if it's the last time I've been in
<|bos|>The opposite of hot is the case, and the hot is the case. The hot is the case,
<|bos|>The planets of the solar system are: 1. The planets of the solar system are: 2. The planets
<|bos|>My favorite color is the red, green, and blue. I love the color of the red,
<|bos|>If 5*x + 3 = 13, then x is the number of times the number of times the number of times the number of times
2026-08-09 12:18:29,070 - nanochat.checkpoint_manager - INFO - Saved model parameters to: /__modal/volumes/vo-5lJiXYRRv6peac8JOAv0eu/out/p08_mst_parity/d8/MON_shuffle_s1/depth_8/ckpt_base/base/model_001071.pt
2026-08-09 12:18:29,075 - nanochat.checkpoint_manager - INFO - Saved metadata to: /__modal/volumes/vo-5lJiXYRRv6peac8JOAv0eu/out/p08_mst_parity/d8/MON_shuffle_s1/depth_8/ckpt_base/base/meta_001071.json
2026-08-09 12:18:30,193 - nanochat.checkpoint_manager - INFO - Saved optimizer state to: /__modal/volumes/vo-5lJiXYRRv6peac8JOAv0eu/out/p08_mst_parity/d8/MON_shuffle_s1/depth_8/ckpt_base/base/optim_001071_rank0.pt
step 01071/01071 (final) | loss: 3.439115 | early_stop: 0
Peak memory usage: 68593.44MiB
Total training time: 4.14m
Minimum validation bpb: 1.025048
Minimum validation loss (nats/byte): 3.362343
[MST] Results appended → /__modal/volumes/vo-5lJiXYRRv6peac8JOAv0eu/out/p08_mst_parity/d8/MON_shuffle_s1/depth_8/ckpt_base/mst_results.csv
[MST] mst_results.csv has an older column set; writing to mst_results_v4.csv instead
[MST] Results appended → /__modal/volumes/vo-5lJiXYRRv6peac8JOAv0eu/mst_results_v4.csv
Final Validation BPB for base: 1.0250

--- Generating Report ---
Saved plot to out/p08_mst_parity/d8/MON_shuffle_s1/depth_8/comparison_depth_8.png
Saved TSV data to out/p08_mst_parity/d8/MON_shuffle_s1/depth_8/results_depth_8.tsv
Generating report to out/report/report.md
Copying report.md to current directory for convenience
================================================================
Sweep Complete! Results saved to out/p08_mst_parity/d8/MON_shuffle_s1
================================================================
✅  MON_shuffle_s1

━━━ MON_shuffle_s2  (depth 8) ━━━
Requested NPROC_PER_NODE=8, but only 1 GPU(s) visible. Capping.
Using NPROC_PER_NODE=1
NANOCHAT_SKIP_ENV_SETUP=0
===== GPU Info =====
Sun Aug  9 12:18:37 2026       
+-----------------------------------------------------------------------------------------+
| NVIDIA-SMI 580.95.05              Driver Version: 580.95.05      CUDA Version: 13.0     |
+-----------------------------------------+------------------------+----------------------+
| GPU  Name                 Persistence-M | Bus-Id          Disp.A | Volatile Uncorr. ECC |
| Fan  Temp   Perf          Pwr:Usage/Cap |           Memory-Usage | GPU-Util  Compute M. |
|                                         |                        |               MIG M. |
|=========================================+========================+======================|
|   0  NVIDIA H200                    On  |   00000000:C5:00.0 Off |                    0 |
| N/A   40C    P0             81W /  700W |       4MiB / 143771MiB |      0%      Default |
|                                         |                        |             Disabled |
+-----------------------------------------+------------------------+----------------------+

+-----------------------------------------------------------------------------------------+
| Processes:                                                                              |
|  GPU   GI   CI              PID   Type   Process name                        GPU Memory |
|        ID   ID                                                               Usage      |
|=========================================================================================|
|  No running processes found                                                             |
+-----------------------------------------------------------------------------------------+
Starting Research Sweep. Output directory: out/p08_mst_parity/d8/MON_shuffle_s2
UV_SYSTEM_PYTHON=1: using system Python, skipping venv creation.
Validating system environment dependencies via uv...
Using Python 3.12.10 environment at: /usr/local
Resolved 158 packages in 224ms
   Building nanochat @ file:///__modal/volumes/vo-5lJiXYRRv6peac8JOAv0eu
      Built nanochat @ file:///__modal/volumes/vo-5lJiXYRRv6peac8JOAv0eu
Prepared 1 package in 1.17s
Uninstalled 1 package in 1ms
Installed 1 package in 1ms
 ~ nanochat==0.1.0 (from file:///__modal/volumes/vo-5lJiXYRRv6peac8JOAv0eu)
Reset report and wrote header to out/report/header.md
Dataset (up to 300 shards) already exists in data, skipping download.
Tokenizer already exists in tokenizer, skipping training.
================================================================
Processing Depth: 8
================================================================
2026-08-09 12:18:49,109 - httpx - INFO - HTTP Request: HEAD https://huggingface.co/varunneal/flash-attention-3/resolve/main/kernel-status.toml "HTTP/1.1 404 Not Found"
2026-08-09 12:18:49,317 - httpx - INFO - HTTP Request: GET https://huggingface.co/api/models/varunneal/flash-attention-3/tree/main/build?recursive=false&expand=false "HTTP/1.1 200 OK"
2026-08-09 12:18:49,555 - httpx - INFO - HTTP Request: GET https://huggingface.co/api/models/varunneal/flash-attention-3/revision/main "HTTP/1.1 200 OK"
[sweep] Requested 8 DDP workers but only 1 GPU(s) available — using 1.
================================================================
Starting Sweep for Depth 8
Target Tokens: Auto (per-model param count)
================================================================
  Overriding default target_dim (128) with full model_dim 512

--- Training base ---

  ┌─────────────────────────────────────────────────────┐
  │  🆕  STARTING FRESH: [base]
  │     No checkpoints found — training from scratch.
  └─────────────────────────────────────────────────────┘

Running: /usr/local/bin/torchrun --standalone --nproc_per_node=1 -m scripts.base_train --depth 8 --aspect-ratio 64 --head-dim 128 --model-dim 512 --max-seq-len 2048 --device-batch-size 128 --total-batch-size 262144 --target-tokens -1 --target-param-data-ratio 10.5 --eval-every -1 --log-every 200 --core-metric-every 0 --save-every 200 --warmup-ratio 0.005 --warmdown-ratio 0.65 --final-lr-frac 0.05 --adam-beta2 0.99 --research-warmup-ratio 0.05 --use-onecycle 0 --router-context-window -1 --remix-use-basis-gate 1 --remix-use-output-gate 1 --remix-use-context 1 --remix-basis-gate-mode mlp --remix-gate-lr-scale 0.3 --p22-n-templates 1 --p22-template-routing-learned 0 --p22-template-topk 0 --p22-attn-moe-route none --p26-output-gated-linear 0 --p28-shared-basis 0 --p28-chunk-routing-size 0 --p28-global-template-bank none --p28-attn-proj-templates 0 --p28-attn-qk-templates 0 --p31-chunk-route-impl compose --p31-top1-gate ones --p31-template-delta-rank 0 --p31-route-side output --p31-drop-basis-proj 0 --p31-basis-side-templates 0 --remix-template-block-diag 0 --remix-template-lr-scale 1.0 --p29-grad-equalize 0 --target-active-params 0 --remix-basis-gate-rank 8 --cclblock-modulation weight --cclblock-orth-lambda 0.0 --p35-template-diversity-lambda 0.0 --cclblock-context-stream local --cclblock-ema-factor 0.99 --cclblock-stale-ctx-lag 0 --cclblock-sparse-gate-k 0 --cclblock-gate-temperature 1.0 --cclblock-context-bank-size 0 --cclblock-per-head-ctx 0 --cclblock-context-source norm_x --cclblock-chunk-size 0 --cclblock-aux-objective none --cclblock-aux-lambda 0.1 --cclblock-boundary-token-id 198 --use-ral 0 --ral-rank 32 --p34-ffn-schedule  --p34-ffn-no-ffn-replacement none --p34-ffn-last-depth 1 --p36-swiglu-ffn 0 --p36-swiglu-mult 2.6666666666666665 --cond-sites both --p22-route-affine 0 --cond-rank 256 --cond-mult-steps 0 --cond-gate-source router --cond-coeff-act centered --cond-router-rank 0 --cond-router-act none --cond-live-init 0.0 --cond-chunk-size 0 --cond-mult-scale -1.0 --cond-mult-impl wy --cond-attn-projs qkvo --cond-layer-frac 1.0 --cclblock-film-gate 0 --cclblock-attn-shadow-dim 0 --cclblock-dynamic-ratio 0.25 --cclblock-gate-rank 8 --cclblock-num-regimes 8 --cclblock-regime-temperature 1.0 --cclblock-poly-order 2 --cclblock-lie-generators 4 --cclblock-grassmann-bank-size 4 --cclblock-tucker-rank 32 --cclblock-tucker-modes 8 --cclblock-svs-rank 64 --cclblock-svs-eps 0.1 --cclblock-vq-codes 8 --cclblock-vq-temperature 1.0 --cclblock-dcu-warmup-steps 0 --cclblock-fsi-rotations 8 --cclblock-fsi-selector-dim 64 --cclblock-aesp-strata 4 --cclblock-aesp-delta-rank 4 --cclblock-ckr-branches 4 --cclblock-ckr-kernel-size 64 --cclblock-ckr-pos-channels 1 --cclblock-ckr-dual-optim 0 --cclblock-ckr-content-bias 0.0 --cclblock-giad-rank 32 --cclblock-psg-kernel-size 64 --cclblock-ss-dynamic-ratio 0.25 --cclblock-ss-branches 2 --cclblock-ss-kernel-size 64 --cclblock-lokr-branches 8 --cclblock-lokr-rank 16 --cclblock-ckr-temp-start 2.0 --cclblock-ckr-temp-end 0.3 --cclblock-com-kernel-size 32 --cclblock-ckr-ortho-init 0 --cclblock-ckr-branch-dropout 0.0 --cclblock-ckr-diversity-lambda 0.0 --cclblock-pgr-kernel-size 64 --cclblock-cil-kernel-size 64 --cclblock-prb-kernel-size 64 --p18-layer-drop 0.0 --p18-dynamic-activation 0 --p18-mixture-norm 0 --p18-aux-sim-lambda 0.0 --p18-gradient-penalty 0.0 --p18-per-channel-scale 0 --p19-residual-gate 0 --p19-head-importance 0 --p19-residual-mix-groups 0 --p19-attn-logit-bias 0 --p19-residual-decay 0 --p19-grad-equilibrium 0.0 --p19-spectral-reparam 0 --p19-weight-anticollapse 0.0 --p19-ve-bias 0 --p19-weight-noise 0.0 --p20-hrcs-scale 0 --p20-lswr-scale 0 --p20-lswr-planes 8 --p20-lrcfb-branches 0 --p20-lrcfb-narrow 0 --p20-lrcfb-learned 0 --p20-lrcfb-topk 0 --p20-dgcr-branches 0 --p20-dgcr-aux-weight 0.01 --p20-mone-experts 0 --p20-mone-topk 0 --p20-mone-narrow 1 --p20-mone-frozen 0 --p20-ncea-branches 0 --p20-ncea-eps 0.1 --p20-adwi 0 --p20-pwu-branches 0 --p20-pwu-phase 1 --p20-fsvd-gate 0 --p20-wbfc-clusters 0 --p20-wbfc-active 0 --p21-per-experts 0 --p21-per-topk 0 --p21-per-learned 0 --p21-per-attn 0 --p23-tiny-expert 0 --p23-n-experts 64 --p23-topk 16 --p23-learned-route 0 --p23-std-moe-experts 0 --p23-std-moe-topk -1 --p23-std-moe-aux-weight 0.01 --p23-lokr 0 --p23-lokr-rank 4 --p23-use-shared-block-router 0 --p23-linear-moe-experts 0 --p23-linear-moe-topk 0 --p23-quantile-route 0 --seed 2 --p34-ffn-mult 4.0 --p34-ffn-single 0 --p34-dense-attn 0 --p24-use-sliced-weight 0 --p24-sliced-weight-reduction-scale 8 --p24-sliced-weight-min-select 128 --p24-sliced-weight-scope per_token --p24-sliced-weight-balance-coeff 0.01 --p24-quantile-route 0 --p24-use-folded-mod 0 --p24-folded-mod-reduction-scale 8 --p24-folded-mod-scope per_layer --p24-folded-mod-gate-act tanh_centered --p24-use-sequence-gated-linear 0 --p24-sequence-gated-scope per_layer --p24-sequence-gated-act tanh_centered --p24-folded-mod-min-dim 128 --remix-shared-context-gates 0 --remix-use-dual-gate 0 --remix-basis-scale-factor 4 --remix-output-gate-rank 16 --p24-use-sliced-weight 0 --p24-sliced-weight-reduction-scale 8 --p24-sliced-weight-min-select 128 --p24-sliced-weight-scope per_token --p24-sliced-weight-balance-coeff 0.01 --p24-quantile-route 0 --p24-use-folded-mod 0 --p24-folded-mod-reduction-scale 8 --p24-folded-mod-scope per_layer --p24-folded-mod-gate-act tanh_centered --p24-use-sequence-gated-linear 0 --p24-sequence-gated-scope per_layer --p24-sequence-gated-act tanh_centered --remix-disable-ln-basis 0 --dense-intermediate-ln 0 --use-mst 1 --mst-n-subs 4 --mst-sub-dim 128 --mst-head-dim 0 --mst-input-mode learned_proj --mst-rotated-slice-learned 0 --mst-routing-mode soft_weighted --mst-routing-topk 0 --mst-routing-aux-weight 0.01 --mst-diversity-weight 0.0 --mst-ffn-mode standard --mst-transition-mode aggregate_distribute --mst-final-mode concat_proj --mst-final-topk 0 --mst-ffn-shared-up 0 --mst-ffn-inner-dim 0 --mst-sub-dropout 0.0 --mst-transition-every 1 --mst-ffa-temperature 1.0 --mst-global-residual 0 --mst-hybrid-dense 0 --mst-cross-sub-kv 0 --mst-sub-aux-weight 0.0 --mst-progressive-merge 0 --mst-multi-scale-windows 1 --mst-delta-residual 0 --mst-sub-layers 1 --mst-grad-equalize 1 --mst-block-diagonal-muon 1 --mst-transition-width-mult 4.0 --mst-sub-lr-scale 2.0 --mst-shared-expert 0 --mst-router-entropy-weight 0.0 --mst-shared-kv-attn 0 --mst-contrastive-diversity-weight 0.0 --mst-transition-nonlinear 0 --mst-transition-gated 0 --mst-transition-mlp 0 --mst-cross-sub-gate 0 --mst-hyper-connect 0 --mst-cross-kv-inject 0 --mst-slice-transition 0 --mst-lookback-layers 0 --mst-bilinear-transition 0 --mst-cross-sub-qmod 0 --mst-feature-cycle 0 --mst-mean-transition 0 --mst-sub-head-dim 64 --mst-final-norm 0 --mst-per-stream-ve 1 --mst-lm-head-dim 0 --mst-compose-windows 1 --mst-channel-mix none --mst-channel-mix-site layer --mst-distribute-block-muon 0 --mst-trans-spectral-lr 0 --mst-talking-heads 0 --mst-wo-mode dense --mst-stream-topk 0 --mst-stream-router-aux 0.01 --mst-stream-router-noise 0.0 --mst-stream-dispatch 0 --mst-stream-capacity-factor 1.0 --mst-stream-gate-attn 0 --mst-ffn-monarch shuffle --mst-shampoo 0 --mst-precond-every 10 --mst-shampoo-beta 0.95 --use-eet 0 --eet-frozen-kv 1 --eet-reenter-final 0 --eet-compute-skip 0 --eet-target-active-frac 0.125 --eet-capacity-schedule bell --eet-exit-fracs  --eet-router-type mlp2 --eet-router-hidden 0 --eet-freq-prior-alpha 0.0 --eet-pos-prior-beta 0.0 --eet-domain-prior 0 --eet-warmup-frac 0.02 --eet-explore-frac 0.15 --eet-reconstruct-lambda 1.0 --eet-efficiency-lambda-start 0.01 --eet-efficiency-lambda-end 0.1 --eet-translator-rank 0 --eet-max-frozen-kv-frac 0.75 --eet-exit-threshold 0.5 --eet-min-exit-layer 1 --eet-loss-variant reconstruct --eet-topk-vocab 512 --eet-entropy-lambda 0.3 --eet-surprise-lambda 0.1 --eet-adv-lambda 1.0 --eet-adv-entropy-lambda 0.2 --eet-quality-lambda 1.0 --eet-quality-entropy-bonus 0.1 --eet-gumbel-temp-start 0.0 --eet-gumbel-temp-end 0.1 --eet-gumbel-hard 1 --eet-commitment-beta 0.1 --eet-global-router 0 --eet-freq-efficiency-alpha 0.0 --eet-diversity-lambda 0.0 --eet-ce-guided-lambda 1.0 --eet-router-lr-mult 5.0 --eet-model-lr-mult 1.0 --eet-depth-weight-type none --eet-depth-weight-max 2.5 --eet-use-override 0 --eet-override-prob-start 0.5 --eet-override-prob-end 0.1 --eet-capacity-alignment-lambda 0.0 --eet-router-task-grad 1 --eet-reinforce-interval 0 --eet-reinforce-lambda 0.1 --eet-exit-adapter-rank 0 --eet-router-after-block 0 --eet-ffn-skip 0 --eet-ffn-target-frac 0.5 --eet-ffn-full-attn 1 --eet-depth-affine 0 --eet-capacity-anneal-frac 0.0 --eet-learned-schedule 0 --eet-departure-summary 0 --eet-route-consistency-lambda 0.0 --eet-dense-distill-interval 0 --eet-dense-distill-lambda 0.5 --eet-depth-lr-scale 0 --eet-depth-grad-scale 0 --eet-detach-aux-from-backbone 0 --eet-detach-exit-from-backbone 0 --compile --tokenizer-dir tokenizer --data-dir data --max-shards 300 --checkpoints-dir /__modal/volumes/vo-5lJiXYRRv6peac8JOAv0eu/out/p08_mst_parity/d8/MON_shuffle_s2/depth_8/ckpt_base --model-tag base
2026-08-09 12:18:57,335 - httpx - INFO - HTTP Request: HEAD https://huggingface.co/varunneal/flash-attention-3/resolve/main/kernel-status.toml "HTTP/1.1 404 Not Found"
2026-08-09 12:18:57,493 - httpx - INFO - HTTP Request: GET https://huggingface.co/api/models/varunneal/flash-attention-3/tree/main/build?recursive=false&expand=false "HTTP/1.1 200 OK"
2026-08-09 12:18:57,635 - httpx - INFO - HTTP Request: GET https://huggingface.co/api/models/varunneal/flash-attention-3/revision/main "HTTP/1.1 200 OK"

                                                       █████                █████
                                                      ░░███                ░░███
     ████████    ██████   ████████    ██████   ██████  ░███████    ██████  ███████
    ░░███░░███  ░░░░░███ ░░███░░███  ███░░███ ███░░███ ░███░░███  ░░░░░███░░░███░
     ░███ ░███   ███████  ░███ ░███ ░███ ░███░███ ░░░  ░███ ░███   ███████  ░███
     ░███ ░███  ███░░███  ░███ ░███ ░███ ░███░███  ███ ░███ ░███  ███░░███  ░███ ███
     ████ █████░░████████ ████ █████░░██████ ░░██████  ████ █████░░███████  ░░█████
    ░░░░ ░░░░░  ░░░░░░░░ ░░░░ ░░░░░  ░░░░░░   ░░░░░░  ░░░░ ░░░░░  ░░░░░░░░   ░░░░░
    
Autodetected device type: cuda
2026-08-09 12:18:58,613 - nanochat.common - INFO - Distributed world size: 1
GPU: NVIDIA H200 | Peak FLOPS (BF16): 9.89e+14
COMPUTE_DTYPE: torch.bfloat16 (auto-detected: CUDA SM 90 (bf16 supported))
✓ Using Flash Attention 3 (Hopper GPU detected) — efficient and fast.
Vocab size: 32,768
[MST] Multi-scale sub windows: [(32, 0), (127, 0), (511, 0), (-1, 0)]
[MST] Using compile-optimized BatchedMSTLayer (N=4, d=128)
[MST] 1A: Per-sub gradient equalization hooks registered
Model config:
{
  "sequence_len": 2048,
  "vocab_size": 32768,
  "n_layer": 8,
  "n_head": 4,
  "n_kv_head": 4,
  "n_embd": 512,
  "use_moe": false,
  "use_perm": false,
  "moe_num_experts": 8,
  "moe_router_dim": 64,
  "moe_embed_dim": 64,
  "dropout": 0.0,
  "use_remix_linear": false,
  "remix_context_dim": 64,
  "remix_context_dim_ratio": 6,
  "remix_basis_size": 64,
  "remix_output_gate_rank": 16,
  "remixed_linear_kwargs": {
    "use_basis_gate": true,
    "use_output_gate": true,
    "use_context": true,
    "basis_gate_mode": "mlp",
    "sparse_gate_k": 0,
    "gate_temperature": 1.0,
    "basis_scale_factor": 4,
    "n_templates": 1,
    "template_routing_learned": false,
    "template_topk": 0,
    "tiny_expert": false,
    "tiny_expert_topk": 16,
    "lokr_expert": false,
    "lokr_n_experts": 64,
    "lokr_topk": 16,
    "lokr_rank": 4,
    "lokr_learned": false,
    "basis_gate_rank": 8,
    "disable_ln_basis": false,
    "chunk_route_impl": "compose",
    "top1_gate": "ones",
    "template_delta_rank": 0,
    "route_side": "output",
    "drop_basis_proj": false,
    "basis_side_templates": 0,
    "grad_equalize": false
  },
  "use_pos_embed": false,
  "moe_use_abs_pos_embed": false,
  "use_layer_context": true,
  "scale_basis_size": true,
  "remix_use_dual_gate": false,
  "remix_use_fused": false,
  "p26_output_gated_linear": 0,
  "p28_shared_basis": 0,
  "p28_chunk_routing_size": 0,
  "p28_global_template_bank": "none",
  "p28_attn_proj_templates": 0,
  "p28_attn_qk_templates": 0,
  "p29_template_block_diag": 0,
  "p29_template_lr_scale": 1.0,
  "p29_grad_equalize": 0,
  "p34_ffn_mult": 4.0,
  "p34_ffn_single": 0,
  "p34_dense_attn": 0,
  "legacy_init_fallback": 0,
  "p35_template_diversity_lambda": 0.0,
  "p22_route_affine": 0,
  "p34_ffn_schedule": "",
  "p34_ffn_no_ffn_replacement": "none",
  "p34_ffn_last_depth": 1,
  "p36_swiglu_ffn": 0,
  "p36_swiglu_mult": 2.6666666666666665,
  "cond_sites": "both",
  "cond_rank": 256,
  "cond_mult_steps": 0,
  "cond_gate_source": "router",
  "cond_coeff_act": "centered",
  "cond_router_rank": 0,
  "cond_live_init": 0.0,
  "cond_router_act": "none",
  "cond_chunk_size": 0,
  "cond_mult_scale": -1.0,
  "cond_mult_impl": "wy",
  "cond_attn_projs": "qkvo",
  "cond_layer_frac": 1.0,
  "perm_expert_mode": "low_rank",
  "perm_rank": 16,
  "router_context_window": -1,
  "router_causal": true,
  "router_num_heads": 4,
  "router_num_queries": 16,
  "router_n_layers": 2,
  "router_use_vocab_prior": false,
  "window_pattern": "SSSL",
  "cclblock_modulation": "weight",
  "cclblock_orth_lambda": 0.0,
  "cclblock_context_stream": "local",
  "cclblock_ema_factor": 0.99,
  "cclblock_stale_ctx_lag": 0,
  "cclblock_sparse_gate_k": 0,
  "cclblock_gate_temperature": 1.0,
  "cclblock_context_bank_size": 0,
  "cclblock_per_head_ctx": false,
  "cclblock_context_source": "norm_x",
  "cclblock_chunk_size": 0,
  "cclblock_aux_objective": "none",
  "cclblock_aux_lambda": 0.1,
  "cclblock_boundary_token_id": 198,
  "use_ral": false,
  "ral_rank": 32,
  "cclblock_film_gate": false,
  "cclblock_attn_shadow_dim": 0,
  "cclblock_dynamic_ratio": 0.25,
  "cclblock_gate_rank": 8,
  "cclblock_num_regimes": 8,
  "cclblock_regime_temperature": 1.0,
  "cclblock_poly_order": 2,
  "cclblock_lie_generators": 4,
  "cclblock_grassmann_bank_size": 4,
  "cclblock_tucker_rank": 32,
  "cclblock_tucker_modes": 8,
  "cclblock_svs_rank": 64,
  "cclblock_svs_eps": 0.1,
  "cclblock_vq_codes": 8,
  "cclblock_vq_temperature": 1.0,
  "cclblock_dcu_warmup_steps": 0,
  "cclblock_fsi_rotations": 8,
  "cclblock_fsi_selector_dim": 64,
  "cclblock_aesp_strata": 4,
  "cclblock_aesp_delta_rank": 4,
  "cclblock_ckr_branches": 4,
  "cclblock_ckr_kernel_size": 64,
  "cclblock_ckr_pos_channels": 1,
  "cclblock_ckr_dual_optim": 0,
  "cclblock_ckr_content_bias": 0.0,
  "cclblock_giad_rank": 32,
  "cclblock_psg_kernel_size": 64,
  "cclblock_ss_dynamic_ratio": 0.25,
  "cclblock_ss_branches": 2,
  "cclblock_ss_kernel_size": 64,
  "cclblock_lokr_branches": 8,
  "cclblock_lokr_rank": 16,
  "cclblock_ckr_temp_start": 2.0,
  "cclblock_ckr_temp_end": 0.3,
  "cclblock_com_kernel_size": 32,
  "cclblock_ckr_ortho_init": 0,
  "cclblock_ckr_branch_dropout": 0.0,
  "cclblock_ckr_diversity_lambda": 0.0,
  "cclblock_ckr_layer_selective": 0,
  "cclblock_pgr_kernel_size": 64,
  "cclblock_cil_kernel_size": 64,
  "cclblock_prb_kernel_size": 64,
  "p18_layer_drop": 0.0,
  "p18_dynamic_activation": 0,
  "p18_mixture_norm": 0,
  "p18_causal_attn_bias": 0,
  "p18_aux_sim_lambda": 0.0,
  "p18_gradient_penalty": 0.0,
  "p18_per_channel_scale": 0,
  "p19_residual_gate": 0,
  "p19_head_importance": 0,
  "p19_residual_mix_groups": 0,
  "p19_attn_logit_bias": 0,
  "p19_residual_decay": 0,
  "p19_grad_equilibrium": 0.0,
  "p19_spectral_reparam": 0,
  "p19_weight_anticollapse": 0.0,
  "p19_ve_bias": 0,
  "p19_weight_noise": 0.0,
  "p20_hrcs_scale": 0,
  "p20_lswr_scale": 0,
  "p20_lswr_planes": 8,
  "p20_lrcfb_branches": 0,
  "p20_lrcfb_narrow": 0,
  "p20_lrcfb_learned": 0,
  "p20_lrcfb_topk": 0,
  "p20_dgcr_branches": 0,
  "p20_dgcr_aux_weight": 0.01,
  "p20_mone_experts": 0,
  "p20_mone_topk": 0,
  "p20_mone_narrow": 1,
  "p20_mone_frozen": 0,
  "p20_ncea_branches": 0,
  "p20_ncea_eps": 0.1,
  "p20_adwi": 0,
  "p20_pwu_branches": 0,
  "p20_pwu_phase": 1,
  "p20_fsvd_gate": 0,
  "p20_wbfc_clusters": 0,
  "p20_wbfc_active": 0,
  "p21_per_experts": 0,
  "p21_per_topk": 0,
  "p21_per_learned": 0,
  "p21_per_attn": 0,
  "p22_attn_moe_route": "none",
  "p23_tiny_expert": 0,
  "p23_n_experts": 64,
  "p23_topk": 16,
  "p23_learned_route": 0,
  "p23_std_moe_experts": 0,
  "p23_std_moe_topk": -1,
  "p23_std_moe_aux_weight": 0.01,
  "p23_lokr": 0,
  "p23_lokr_rank": 4,
  "p23_use_shared_block_router": 0,
  "p23_linear_moe_experts": 0,
  "p23_linear_moe_topk": 0,
  "p23_quantile_route": 0,
  "remix_shared_context_gates": 0,
  "p24_use_sliced_weight": 0,
  "p24_sliced_weight_reduction_scale": 8,
  "p24_sliced_weight_min_select": 128,
  "p24_sliced_weight_scope": "per_token",
  "p24_sliced_weight_balance_coeff": 0.01,
  "p24_quantile_route": 0,
  "p24_use_folded_mod": 0,
  "p24_folded_mod_reduction_scale": 8,
  "p24_folded_mod_min_dim": 128,
  "p24_folded_mod_scope": "per_layer",
  "p24_folded_mod_gate_act": "tanh_centered",
  "p24_use_sequence_gated_linear": 0,
  "p24_sequence_gated_scope": "per_layer",
  "p24_sequence_gated_act": "tanh_centered",
  "remix_disable_ln_basis": 0,
  "dense_intermediate_ln": 0,
  "use_mst": true,
  "mst_n_subs": 4,
  "mst_sub_dim": 128,
  "mst_head_dim": 0,
  "mst_input_mode": "learned_proj",
  "mst_rotated_slice_learned": false,
  "mst_routing_mode": "soft_weighted",
  "mst_routing_topk": 0,
  "mst_routing_aux_weight": 0.01,
  "mst_diversity_weight": 0.0,
  "mst_ffn_mode": "standard",
  "mst_transition_mode": "aggregate_distribute",
  "mst_final_mode": "concat_proj",
  "mst_final_topk": 0,
  "mst_ffn_shared_up": 0,
  "mst_ffn_inner_dim": 0,
  "mst_sub_dropout": 0.0,
  "mst_transition_every": 1,
  "mst_ffa_temperature": 1.0,
  "mst_global_residual": 0,
  "mst_hybrid_dense": 0,
  "mst_cross_sub_kv": 0,
  "mst_sub_aux_weight": 0.0,
  "mst_progressive_merge": 0,
  "mst_multi_scale_windows": 1,
  "mst_delta_residual": 0,
  "mst_sub_layers": 1,
  "mst_grad_equalize": 1,
  "mst_block_diagonal_muon": 1,
  "mst_transition_width_mult": 4.0,
  "mst_sub_lr_scale": 2.0,
  "mst_shared_expert": 0,
  "mst_router_entropy_weight": 0.0,
  "mst_shared_kv_attn": 0,
  "mst_contrastive_diversity_weight": 0.0,
  "mst_transition_nonlinear": 0,
  "mst_transition_gated": 0,
  "mst_transition_mlp": 0,
  "mst_cross_sub_gate": 0,
  "mst_hyper_connect": 0,
  "mst_cross_kv_inject": 0,
  "mst_slice_transition": 0,
  "mst_lookback_layers": 0,
  "mst_bilinear_transition": 0,
  "mst_cross_sub_qmod": 0,
  "mst_feature_cycle": 0,
  "mst_mean_transition": 0,
  "mst_sub_head_dim": 64,
  "mst_final_norm": 0,
  "mst_per_stream_ve": 1,
  "mst_lm_head_dim": 0,
  "mst_compose_windows": 1,
  "mst_channel_mix": "none",
  "mst_channel_mix_site": "layer",
  "mst_distribute_block_muon": 0,
  "mst_trans_spectral_lr": 0,
  "mst_talking_heads": 0,
  "mst_wo_mode": "dense",
  "mst_stream_topk": 0,
  "mst_stream_router_aux": 0.01,
  "mst_stream_router_noise": 0.0,
  "mst_stream_dispatch": 0,
  "mst_stream_capacity_factor": 1.0,
  "mst_stream_gate_attn": 0,
  "mst_ffn_monarch": "shuffle",
  "mst_shampoo": 0,
  "mst_precond_every": 10,
  "mst_shampoo_beta": 0.95,
  "use_eet": false,
  "eet_frozen_kv": true,
  "eet_reenter_final": false,
  "eet_router_type": "mlp2",
  "eet_router_hidden": 0,
  "eet_freq_prior_alpha": 0.0,
  "eet_pos_prior_beta": 0.0,
  "eet_domain_prior": false,
  "eet_warmup_frac": 0.02,
  "eet_explore_frac": 0.15,
  "eet_reconstruct_lambda": 1.0,
  "eet_efficiency_lambda_start": 0.01,
  "eet_efficiency_lambda_end": 0.1,
  "eet_translator_rank": 0,
  "eet_max_frozen_kv_frac": 0.75,
  "eet_exit_threshold": 0.5,
  "eet_min_exit_layer": 1,
  "eet_loss_variant": "reconstruct",
  "eet_topk_vocab": 512,
  "eet_entropy_lambda": 0.3,
  "eet_surprise_lambda": 0.1,
  "eet_adv_lambda": 1.0,
  "eet_adv_entropy_lambda": 0.2,
  "eet_quality_lambda": 1.0,
  "eet_quality_entropy_bonus": 0.1,
  "eet_gumbel_temp_start": 0.0,
  "eet_gumbel_temp_end": 0.1,
  "eet_gumbel_hard": true,
  "eet_commitment_beta": 0.1,
  "eet_global_router": false,
  "eet_freq_efficiency_alpha": 0.0,
  "eet_diversity_lambda": 0.0,
  "eet_ce_guided_lambda": 1.0,
  "eet_router_lr_mult": 5.0,
  "eet_model_lr_mult": 1.0,
  "eet_depth_weight_type": "none",
  "eet_depth_weight_max": 2.5,
  "eet_use_override": 0,
  "eet_override_prob_start": 0.5,
  "eet_override_prob_end": 0.1,
  "eet_compute_skip": false,
  "eet_target_active_frac": 0.125,
  "eet_capacity_schedule": "bell",
  "eet_exit_fracs": null,
  "eet_capacity_alignment_lambda": 0.0,
  "eet_router_task_grad": true,
  "eet_reinforce_interval": 0,
  "eet_reinforce_lambda": 0.1,
  "eet_exit_adapter_rank": 0,
  "eet_router_after_block": 0,
  "eet_ffn_skip": false,
  "eet_ffn_target_frac": 0.5,
  "eet_ffn_full_attn": true,
  "eet_depth_affine": false,
  "eet_capacity_anneal_frac": 0.0,
  "eet_learned_schedule": false,
  "eet_departure_summary": false,
  "eet_route_consistency_lambda": 0.0,
  "eet_dense_distill_interval": 0,
  "eet_dense_distill_lambda": 0.5,
  "eet_depth_lr_scale": false,
  "eet_depth_grad_scale": false,
  "eet_detach_aux_from_backbone": false,
  "eet_detach_exit_from_backbone": false
}
Seeded weight init with --seed 2
Checkpoints directory: /__modal/volumes/vo-5lJiXYRRv6peac8JOAv0eu/out/p08_mst_parity/d8/MON_shuffle_s2/depth_8/ckpt_base/base
✓ Wrapping model with DistributedDataParallel (rank 0, find_unused_parameters=False)
Parameter counts:
wte                     : 16,777,216
wpe                     : 0
value_embeds            : 67,108,864
lm_head                 : 16,777,216
transformer_matrices    : 9,966,592
research                : 0
scalars                 : 16
total                   : 110,629,904
Estimated FLOPs per token (total):  1.749965e+08
Estimated FLOPs per token (active): 1.749965e+08
Estimated active params:            110,629,904
[MST] Multi-scale sub windows: [(32, 0), (127, 0), (511, 0), (-1, 0)]
[MST] Using compile-optimized BatchedMSTLayer (N=4, d=128)
[MST] 1A: Per-sub gradient equalization hooks registered
Scaling LRs by 0.7071 for batch size 262,144 (reference: 524,288)
Scaling weight decay from 0.200000 to 0.166387 for depth 8
Scaling AdamW LRs ∝1/√(512/768) = 1.224745
[MST] Per-sub Muon LR scaled by 2.00× → 0.028284
[MST] 1B: Block-diagonal Muon enabled (N=4 blocks)
Calculated number of iterations from target data:param ratio: 1,071
Total number of training tokens: 280,756,224
Tokens : Scaling params ratio: 10.50
Total training FLOPs estimate: 4.913135e+16
Total active training FLOPs estimate: 4.913135e+16
Using base scheduler: linear warmup/flat/linear warmdown
[MST] Diagnostics will be logged to: /__modal/volumes/vo-5lJiXYRRv6peac8JOAv0eu/out/p08_mst_parity/d8/MON_shuffle_s2/depth_8/ckpt_base/base/mst_diagnostics.jsonl
Tokens / micro-batch / rank: 128 x 2048 = 262,144
Tokens / micro-batch: 262,144
Total batch size 262,144 => gradient accumulation steps: 1
Running pre-compilation warmup (1 dummy forward+backward to init lazy allocations)...
[rank0]:W0809 12:18:59.210000 22714 site-packages/torch/_logging/_internal.py:1199] [0/0] Profiler function <class 'torch.autograd.profiler.record_function'> will be ignored
Warmup complete. Steady-state VRAM: 1.1 GB allocated
  [MST diag] ERROR: [Errno 2] No such file or directory: '/__modal/volumes/vo-5lJiXYRRv6peac8JOAv0eu/out/p08_mst_parity/d8/MON_shuffle_s2/depth_8/ckpt_base/base/mst_diagnostics.jsonl'
step 00000/01071 (0.00%) | loss: 10.477696 | lrm: 0.20 | lr(adamw:8.142e-02, muon:3.889e-03) | dt: 24943.17ms | tok/sec: 10,509 | bf16_mfu: 0.19 | epoch: 1 pq: 0 rg: 1 | total time: 0.00m
2026-08-09 12:20:46,073 - nanochat.checkpoint_manager - INFO - Saved model parameters to: /__modal/volumes/vo-5lJiXYRRv6peac8JOAv0eu/out/p08_mst_parity/d8/MON_shuffle_s2/depth_8/ckpt_base/base/model_000200.pt
2026-08-09 12:20:46,076 - nanochat.checkpoint_manager - INFO - Saved metadata to: /__modal/volumes/vo-5lJiXYRRv6peac8JOAv0eu/out/p08_mst_parity/d8/MON_shuffle_s2/depth_8/ckpt_base/base/meta_000200.json
2026-08-09 12:20:47,140 - nanochat.checkpoint_manager - INFO - Saved optimizer state to: /__modal/volumes/vo-5lJiXYRRv6peac8JOAv0eu/out/p08_mst_parity/d8/MON_shuffle_s2/depth_8/ckpt_base/base/optim_000200_rank0.pt
  [MST diag] sub_sim=[0.003, -0.007, 0.009, 0.016, 0.022, 0.024, 0.023, 0.018] | route_ent=[1.242, 1.164, 1.227, 1.273, 1.281, 1.281, 1.312, 1.344] | grad_norm=[0.070, 0.055, 0.057, 0.045]
step 00200/01071 (18.67%) | loss: 4.133406 | lrm: 1.00 | lr(adamw:4.071e-01, muon:1.945e-02) | dt: 300.99ms | tok/sec: 870,949 | bf16_mfu: 15.41 | epoch: 1 pq: 1 rg: 17 | total time: 0.73m | eta: 3.4m
2026-08-09 12:21:34,184 - nanochat.checkpoint_manager - INFO - Saved model parameters to: /__modal/volumes/vo-5lJiXYRRv6peac8JOAv0eu/out/p08_mst_parity/d8/MON_shuffle_s2/depth_8/ckpt_base/base/model_000400.pt
2026-08-09 12:21:34,187 - nanochat.checkpoint_manager - INFO - Saved metadata to: /__modal/volumes/vo-5lJiXYRRv6peac8JOAv0eu/out/p08_mst_parity/d8/MON_shuffle_s2/depth_8/ckpt_base/base/meta_000400.json
2026-08-09 12:21:35,184 - nanochat.checkpoint_manager - INFO - Saved optimizer state to: /__modal/volumes/vo-5lJiXYRRv6peac8JOAv0eu/out/p08_mst_parity/d8/MON_shuffle_s2/depth_8/ckpt_base/base/optim_000400_rank0.pt
Removed previous periodic checkpoint at step 000200
  [MST diag] sub_sim=[-0.050, -0.060, -0.043, -0.048, -0.044, -0.039, -0.038, -0.038] | route_ent=[1.195, 1.141, 1.227, 1.273, 1.227, 1.227, 1.258, 1.297] | grad_norm=[0.034, 0.026, 0.027, 0.023]
step 00400/01071 (37.35%) | loss: 3.840754 | lrm: 0.97 | lr(adamw:3.932e-01, muon:1.878e-02) | dt: 259.77ms | tok/sec: 1,009,126 | bf16_mfu: 17.86 | epoch: 1 pq: 2 rg: 30 | total time: 1.51m | eta: 2.6m
2026-08-09 12:22:22,390 - nanochat.checkpoint_manager - INFO - Saved model parameters to: /__modal/volumes/vo-5lJiXYRRv6peac8JOAv0eu/out/p08_mst_parity/d8/MON_shuffle_s2/depth_8/ckpt_base/base/model_000600.pt
2026-08-09 12:22:22,393 - nanochat.checkpoint_manager - INFO - Saved metadata to: /__modal/volumes/vo-5lJiXYRRv6peac8JOAv0eu/out/p08_mst_parity/d8/MON_shuffle_s2/depth_8/ckpt_base/base/meta_000600.json
2026-08-09 12:22:23,396 - nanochat.checkpoint_manager - INFO - Saved optimizer state to: /__modal/volumes/vo-5lJiXYRRv6peac8JOAv0eu/out/p08_mst_parity/d8/MON_shuffle_s2/depth_8/ckpt_base/base/optim_000600_rank0.pt
Removed previous periodic checkpoint at step 000400
  [MST diag] sub_sim=[-0.072, -0.081, -0.063, -0.069, -0.062, -0.057, -0.054, -0.049] | route_ent=[1.180, 1.148, 1.242, 1.297, 1.242, 1.234, 1.266, 1.312] | grad_norm=[0.026, 0.022, 0.023, 0.020]
step 00600/01071 (56.02%) | loss: 3.673023 | lrm: 0.69 | lr(adamw:2.821e-01, muon:1.347e-02) | dt: 280.12ms | tok/sec: 935,823 | bf16_mfu: 16.56 | epoch: 1 pq: 3 rg: 44 | total time: 2.28m | eta: 1.8m
2026-08-09 12:23:11,479 - nanochat.checkpoint_manager - INFO - Saved model parameters to: /__modal/volumes/vo-5lJiXYRRv6peac8JOAv0eu/out/p08_mst_parity/d8/MON_shuffle_s2/depth_8/ckpt_base/base/model_000800.pt
2026-08-09 12:23:11,482 - nanochat.checkpoint_manager - INFO - Saved metadata to: /__modal/volumes/vo-5lJiXYRRv6peac8JOAv0eu/out/p08_mst_parity/d8/MON_shuffle_s2/depth_8/ckpt_base/base/meta_000800.json
2026-08-09 12:23:12,553 - nanochat.checkpoint_manager - INFO - Saved optimizer state to: /__modal/volumes/vo-5lJiXYRRv6peac8JOAv0eu/out/p08_mst_parity/d8/MON_shuffle_s2/depth_8/ckpt_base/base/optim_000800_rank0.pt
Removed previous periodic checkpoint at step 000600
  [MST diag] sub_sim=[-0.083, -0.089, -0.074, -0.081, -0.072, -0.068, -0.063, -0.055] | route_ent=[1.180, 1.148, 1.250, 1.312, 1.258, 1.250, 1.266, 1.312] | grad_norm=[0.021, 0.018, 0.019, 0.017]
step 00800/01071 (74.70%) | loss: 3.554828 | lrm: 0.42 | lr(adamw:1.709e-01, muon:8.165e-03) | dt: 263.14ms | tok/sec: 996,199 | bf16_mfu: 17.63 | epoch: 1 pq: 4 rg: 58 | total time: 3.08m | eta: 1.1m
2026-08-09 12:23:59,704 - nanochat.checkpoint_manager - INFO - Saved model parameters to: /__modal/volumes/vo-5lJiXYRRv6peac8JOAv0eu/out/p08_mst_parity/d8/MON_shuffle_s2/depth_8/ckpt_base/base/model_001000.pt
2026-08-09 12:23:59,707 - nanochat.checkpoint_manager - INFO - Saved metadata to: /__modal/volumes/vo-5lJiXYRRv6peac8JOAv0eu/out/p08_mst_parity/d8/MON_shuffle_s2/depth_8/ckpt_base/base/meta_001000.json
2026-08-09 12:24:00,711 - nanochat.checkpoint_manager - INFO - Saved optimizer state to: /__modal/volumes/vo-5lJiXYRRv6peac8JOAv0eu/out/p08_mst_parity/d8/MON_shuffle_s2/depth_8/ckpt_base/base/optim_001000_rank0.pt
Removed previous periodic checkpoint at step 000800
  [MST diag] sub_sim=[-0.081, -0.088, -0.078, -0.083, -0.074, -0.069, -0.062, -0.053] | route_ent=[1.172, 1.148, 1.250, 1.320, 1.266, 1.250, 1.273, 1.320] | grad_norm=[0.017, 0.014, 0.014, 0.014]
step 01000/01071 (93.37%) | loss: 3.468269 | lrm: 0.15 | lr(adamw:5.980e-02, muon:2.857e-03) | dt: 262.01ms | tok/sec: 1,000,495 | bf16_mfu: 17.70 | epoch: 1 pq: 5 rg: 73 | total time: 3.85m | eta: 0.3m
  [MST diag] sub_sim=[-0.080, -0.090, -0.079, -0.085, -0.075, -0.069, -0.062, -0.052] | route_ent=[1.180, 1.148, 1.250, 1.320, 1.266, 1.258, 1.273, 1.320] | grad_norm=[0.016, 0.013, 0.013, 0.013]
step 01070/01071 (99.91%) | loss: 3.438644 | lrm: 0.05 | lr(adamw:2.091e-02, muon:9.988e-04) | dt: 257.19ms | tok/sec: 1,019,246 | bf16_mfu: 18.03 | epoch: 1 pq: 6 rg: 24 | total time: 4.13m | eta: 0.0m
/usr/local/lib/python3.12/site-packages/torch/_dynamo/variables/functions.py:1598: UserWarning: Dynamo does not know how to trace the builtin `torch._C._distributed_c10d.pybind11_detail_function_record_v1_system_libstdcpp_gxx_abi_1xxx_use_cxx11_abi_1._broadcast_coalesced.` This function is either a Python builtin (e.g. _warnings.warn) or a third-party C/C++ Python extension (perhaps created with pybind).
If it is a Python builtin, please file an issue on GitHub so the PyTorch team can add support for it and see the next case for a workaround.
If it is a third-party C/C++ Python extension, please either wrap it into a PyTorch-understood custom operator (see https://pytorch.org/tutorials/advanced/custom_ops_landing_page.html for more details) or, if it is traceable, use `torch.compiler.allow_in_graph`.
  torch._dynamo.utils.warn_once(explanation + "\n" + "\n".join(hints))
Step 01071 | Validation bpb: 1.024906 | val_loss: 3.361875
<|bos|>The capital of France is the capital of France. The capital of France is the capital of France. The
<|bos|>The chemical symbol of gold is the symbol of gold. It is a symbol of purity, purity, and innoc
<|bos|>If yesterday was Friday, then tomorrow will be Friday, then tomorrow will be Friday, then tomorrow will be Friday, then tomorrow
<|bos|>The opposite of hot is the hot is the hot is the hot is the hot is the hot is the
<|bos|>The planets of the solar system are: Jupiter, Saturn, Uranus, Neptune, Neptune, Ne
<|bos|>My favorite color is the red, green, and blue. I have a red, green, and
<|bos|>If 5*x + 3 = 13, then x is 0.5. If 5*x + 3 = 13
2026-08-09 12:24:59,459 - nanochat.checkpoint_manager - INFO - Saved model parameters to: /__modal/volumes/vo-5lJiXYRRv6peac8JOAv0eu/out/p08_mst_parity/d8/MON_shuffle_s2/depth_8/ckpt_base/base/model_001071.pt
2026-08-09 12:24:59,462 - nanochat.checkpoint_manager - INFO - Saved metadata to: /__modal/volumes/vo-5lJiXYRRv6peac8JOAv0eu/out/p08_mst_parity/d8/MON_shuffle_s2/depth_8/ckpt_base/base/meta_001071.json
2026-08-09 12:25:00,469 - nanochat.checkpoint_manager - INFO - Saved optimizer state to: /__modal/volumes/vo-5lJiXYRRv6peac8JOAv0eu/out/p08_mst_parity/d8/MON_shuffle_s2/depth_8/ckpt_base/base/optim_001071_rank0.pt
step 01071/01071 (final) | loss: 3.438644 | early_stop: 0
Peak memory usage: 68593.44MiB
Total training time: 4.13m
Minimum validation bpb: 1.024906
Minimum validation loss (nats/byte): 3.361875
[MST] Results appended → /__modal/volumes/vo-5lJiXYRRv6peac8JOAv0eu/out/p08_mst_parity/d8/MON_shuffle_s2/depth_8/ckpt_base/mst_results.csv
[MST] mst_results.csv has an older column set; writing to mst_results_v4.csv instead
[MST] Results appended → /__modal/volumes/vo-5lJiXYRRv6peac8JOAv0eu/mst_results_v4.csv
Final Validation BPB for base: 1.0249

--- Generating Report ---
Saved plot to out/p08_mst_parity/d8/MON_shuffle_s2/depth_8/comparison_depth_8.png
Saved TSV data to out/p08_mst_parity/d8/MON_shuffle_s2/depth_8/results_depth_8.tsv
Generating report to out/report/report.md
Copying report.md to current directory for convenience
================================================================
Sweep Complete! Results saved to out/p08_mst_parity/d8/MON_shuffle_s2
================================================================
✅  MON_shuffle_s2

━━━ MON_roll_s1  (depth 8) ━━━
Requested NPROC_PER_NODE=8, but only 1 GPU(s) visible. Capping.
Using NPROC_PER_NODE=1
NANOCHAT_SKIP_ENV_SETUP=0
===== GPU Info =====
Sun Aug  9 12:25:07 2026       
+-----------------------------------------------------------------------------------------+
| NVIDIA-SMI 580.95.05              Driver Version: 580.95.05      CUDA Version: 13.0     |
+-----------------------------------------+------------------------+----------------------+
| GPU  Name                 Persistence-M | Bus-Id          Disp.A | Volatile Uncorr. ECC |
| Fan  Temp   Perf          Pwr:Usage/Cap |           Memory-Usage | GPU-Util  Compute M. |
|                                         |                        |               MIG M. |
|=========================================+========================+======================|
|   0  NVIDIA H200                    On  |   00000000:C5:00.0 Off |                    0 |
| N/A   42C    P0             81W /  700W |       4MiB / 143771MiB |      0%      Default |
|                                         |                        |             Disabled |
+-----------------------------------------+------------------------+----------------------+

+-----------------------------------------------------------------------------------------+
| Processes:                                                                              |
|  GPU   GI   CI              PID   Type   Process name                        GPU Memory |
|        ID   ID                                                               Usage      |
|=========================================================================================|
|  No running processes found                                                             |
+-----------------------------------------------------------------------------------------+
Starting Research Sweep. Output directory: out/p08_mst_parity/d8/MON_roll_s1
UV_SYSTEM_PYTHON=1: using system Python, skipping venv creation.
Validating system environment dependencies via uv...
Using Python 3.12.10 environment at: /usr/local
Resolved 158 packages in 215ms
   Building nanochat @ file:///__modal/volumes/vo-5lJiXYRRv6peac8JOAv0eu
      Built nanochat @ file:///__modal/volumes/vo-5lJiXYRRv6peac8JOAv0eu
Prepared 1 package in 1.17s
Uninstalled 1 package in 0.90ms
Installed 1 package in 1ms
 ~ nanochat==0.1.0 (from file:///__modal/volumes/vo-5lJiXYRRv6peac8JOAv0eu)
Reset report and wrote header to out/report/header.md
Dataset (up to 300 shards) already exists in data, skipping download.
Tokenizer already exists in tokenizer, skipping training.
================================================================
Processing Depth: 8
================================================================
2026-08-09 12:25:19,426 - httpx - INFO - HTTP Request: HEAD https://huggingface.co/varunneal/flash-attention-3/resolve/main/kernel-status.toml "HTTP/1.1 404 Not Found"
2026-08-09 12:25:19,570 - httpx - INFO - HTTP Request: GET https://huggingface.co/api/models/varunneal/flash-attention-3/tree/main/build?recursive=false&expand=false "HTTP/1.1 200 OK"
2026-08-09 12:25:19,743 - httpx - INFO - HTTP Request: GET https://huggingface.co/api/models/varunneal/flash-attention-3/revision/main "HTTP/1.1 200 OK"
[sweep] Requested 8 DDP workers but only 1 GPU(s) available — using 1.
================================================================
Starting Sweep for Depth 8
Target Tokens: Auto (per-model param count)
================================================================
  Overriding default target_dim (128) with full model_dim 512

--- Training base ---

  ┌─────────────────────────────────────────────────────┐
  │  🆕  STARTING FRESH: [base]
  │     No checkpoints found — training from scratch.
  └─────────────────────────────────────────────────────┘

Running: /usr/local/bin/torchrun --standalone --nproc_per_node=1 -m scripts.base_train --depth 8 --aspect-ratio 64 --head-dim 128 --model-dim 512 --max-seq-len 2048 --device-batch-size 128 --total-batch-size 262144 --target-tokens -1 --target-param-data-ratio 10.5 --eval-every -1 --log-every 200 --core-metric-every 0 --save-every 200 --warmup-ratio 0.005 --warmdown-ratio 0.65 --final-lr-frac 0.05 --adam-beta2 0.99 --research-warmup-ratio 0.05 --use-onecycle 0 --router-context-window -1 --remix-use-basis-gate 1 --remix-use-output-gate 1 --remix-use-context 1 --remix-basis-gate-mode mlp --remix-gate-lr-scale 0.3 --p22-n-templates 1 --p22-template-routing-learned 0 --p22-template-topk 0 --p22-attn-moe-route none --p26-output-gated-linear 0 --p28-shared-basis 0 --p28-chunk-routing-size 0 --p28-global-template-bank none --p28-attn-proj-templates 0 --p28-attn-qk-templates 0 --p31-chunk-route-impl compose --p31-top1-gate ones --p31-template-delta-rank 0 --p31-route-side output --p31-drop-basis-proj 0 --p31-basis-side-templates 0 --remix-template-block-diag 0 --remix-template-lr-scale 1.0 --p29-grad-equalize 0 --target-active-params 0 --remix-basis-gate-rank 8 --cclblock-modulation weight --cclblock-orth-lambda 0.0 --p35-template-diversity-lambda 0.0 --cclblock-context-stream local --cclblock-ema-factor 0.99 --cclblock-stale-ctx-lag 0 --cclblock-sparse-gate-k 0 --cclblock-gate-temperature 1.0 --cclblock-context-bank-size 0 --cclblock-per-head-ctx 0 --cclblock-context-source norm_x --cclblock-chunk-size 0 --cclblock-aux-objective none --cclblock-aux-lambda 0.1 --cclblock-boundary-token-id 198 --use-ral 0 --ral-rank 32 --p34-ffn-schedule  --p34-ffn-no-ffn-replacement none --p34-ffn-last-depth 1 --p36-swiglu-ffn 0 --p36-swiglu-mult 2.6666666666666665 --cond-sites both --p22-route-affine 0 --cond-rank 256 --cond-mult-steps 0 --cond-gate-source router --cond-coeff-act centered --cond-router-rank 0 --cond-router-act none --cond-live-init 0.0 --cond-chunk-size 0 --cond-mult-scale -1.0 --cond-mult-impl wy --cond-attn-projs qkvo --cond-layer-frac 1.0 --cclblock-film-gate 0 --cclblock-attn-shadow-dim 0 --cclblock-dynamic-ratio 0.25 --cclblock-gate-rank 8 --cclblock-num-regimes 8 --cclblock-regime-temperature 1.0 --cclblock-poly-order 2 --cclblock-lie-generators 4 --cclblock-grassmann-bank-size 4 --cclblock-tucker-rank 32 --cclblock-tucker-modes 8 --cclblock-svs-rank 64 --cclblock-svs-eps 0.1 --cclblock-vq-codes 8 --cclblock-vq-temperature 1.0 --cclblock-dcu-warmup-steps 0 --cclblock-fsi-rotations 8 --cclblock-fsi-selector-dim 64 --cclblock-aesp-strata 4 --cclblock-aesp-delta-rank 4 --cclblock-ckr-branches 4 --cclblock-ckr-kernel-size 64 --cclblock-ckr-pos-channels 1 --cclblock-ckr-dual-optim 0 --cclblock-ckr-content-bias 0.0 --cclblock-giad-rank 32 --cclblock-psg-kernel-size 64 --cclblock-ss-dynamic-ratio 0.25 --cclblock-ss-branches 2 --cclblock-ss-kernel-size 64 --cclblock-lokr-branches 8 --cclblock-lokr-rank 16 --cclblock-ckr-temp-start 2.0 --cclblock-ckr-temp-end 0.3 --cclblock-com-kernel-size 32 --cclblock-ckr-ortho-init 0 --cclblock-ckr-branch-dropout 0.0 --cclblock-ckr-diversity-lambda 0.0 --cclblock-pgr-kernel-size 64 --cclblock-cil-kernel-size 64 --cclblock-prb-kernel-size 64 --p18-layer-drop 0.0 --p18-dynamic-activation 0 --p18-mixture-norm 0 --p18-aux-sim-lambda 0.0 --p18-gradient-penalty 0.0 --p18-per-channel-scale 0 --p19-residual-gate 0 --p19-head-importance 0 --p19-residual-mix-groups 0 --p19-attn-logit-bias 0 --p19-residual-decay 0 --p19-grad-equilibrium 0.0 --p19-spectral-reparam 0 --p19-weight-anticollapse 0.0 --p19-ve-bias 0 --p19-weight-noise 0.0 --p20-hrcs-scale 0 --p20-lswr-scale 0 --p20-lswr-planes 8 --p20-lrcfb-branches 0 --p20-lrcfb-narrow 0 --p20-lrcfb-learned 0 --p20-lrcfb-topk 0 --p20-dgcr-branches 0 --p20-dgcr-aux-weight 0.01 --p20-mone-experts 0 --p20-mone-topk 0 --p20-mone-narrow 1 --p20-mone-frozen 0 --p20-ncea-branches 0 --p20-ncea-eps 0.1 --p20-adwi 0 --p20-pwu-branches 0 --p20-pwu-phase 1 --p20-fsvd-gate 0 --p20-wbfc-clusters 0 --p20-wbfc-active 0 --p21-per-experts 0 --p21-per-topk 0 --p21-per-learned 0 --p21-per-attn 0 --p23-tiny-expert 0 --p23-n-experts 64 --p23-topk 16 --p23-learned-route 0 --p23-std-moe-experts 0 --p23-std-moe-topk -1 --p23-std-moe-aux-weight 0.01 --p23-lokr 0 --p23-lokr-rank 4 --p23-use-shared-block-router 0 --p23-linear-moe-experts 0 --p23-linear-moe-topk 0 --p23-quantile-route 0 --seed 1 --p34-ffn-mult 4.0 --p34-ffn-single 0 --p34-dense-attn 0 --p24-use-sliced-weight 0 --p24-sliced-weight-reduction-scale 8 --p24-sliced-weight-min-select 128 --p24-sliced-weight-scope per_token --p24-sliced-weight-balance-coeff 0.01 --p24-quantile-route 0 --p24-use-folded-mod 0 --p24-folded-mod-reduction-scale 8 --p24-folded-mod-scope per_layer --p24-folded-mod-gate-act tanh_centered --p24-use-sequence-gated-linear 0 --p24-sequence-gated-scope per_layer --p24-sequence-gated-act tanh_centered --p24-folded-mod-min-dim 128 --remix-shared-context-gates 0 --remix-use-dual-gate 0 --remix-basis-scale-factor 4 --remix-output-gate-rank 16 --p24-use-sliced-weight 0 --p24-sliced-weight-reduction-scale 8 --p24-sliced-weight-min-select 128 --p24-sliced-weight-scope per_token --p24-sliced-weight-balance-coeff 0.01 --p24-quantile-route 0 --p24-use-folded-mod 0 --p24-folded-mod-reduction-scale 8 --p24-folded-mod-scope per_layer --p24-folded-mod-gate-act tanh_centered --p24-use-sequence-gated-linear 0 --p24-sequence-gated-scope per_layer --p24-sequence-gated-act tanh_centered --remix-disable-ln-basis 0 --dense-intermediate-ln 0 --use-mst 1 --mst-n-subs 4 --mst-sub-dim 128 --mst-head-dim 0 --mst-input-mode learned_proj --mst-rotated-slice-learned 0 --mst-routing-mode soft_weighted --mst-routing-topk 0 --mst-routing-aux-weight 0.01 --mst-diversity-weight 0.0 --mst-ffn-mode standard --mst-transition-mode aggregate_distribute --mst-final-mode concat_proj --mst-final-topk 0 --mst-ffn-shared-up 0 --mst-ffn-inner-dim 0 --mst-sub-dropout 0.0 --mst-transition-every 1 --mst-ffa-temperature 1.0 --mst-global-residual 0 --mst-hybrid-dense 0 --mst-cross-sub-kv 0 --mst-sub-aux-weight 0.0 --mst-progressive-merge 0 --mst-multi-scale-windows 1 --mst-delta-residual 0 --mst-sub-layers 1 --mst-grad-equalize 1 --mst-block-diagonal-muon 1 --mst-transition-width-mult 4.0 --mst-sub-lr-scale 2.0 --mst-shared-expert 0 --mst-router-entropy-weight 0.0 --mst-shared-kv-attn 0 --mst-contrastive-diversity-weight 0.0 --mst-transition-nonlinear 0 --mst-transition-gated 0 --mst-transition-mlp 0 --mst-cross-sub-gate 0 --mst-hyper-connect 0 --mst-cross-kv-inject 0 --mst-slice-transition 0 --mst-lookback-layers 0 --mst-bilinear-transition 0 --mst-cross-sub-qmod 0 --mst-feature-cycle 0 --mst-mean-transition 0 --mst-sub-head-dim 64 --mst-final-norm 0 --mst-per-stream-ve 1 --mst-lm-head-dim 0 --mst-compose-windows 1 --mst-channel-mix none --mst-channel-mix-site layer --mst-distribute-block-muon 0 --mst-trans-spectral-lr 0 --mst-talking-heads 0 --mst-wo-mode dense --mst-stream-topk 0 --mst-stream-router-aux 0.01 --mst-stream-router-noise 0.0 --mst-stream-dispatch 0 --mst-stream-capacity-factor 1.0 --mst-stream-gate-attn 0 --mst-ffn-monarch roll --mst-shampoo 0 --mst-precond-every 10 --mst-shampoo-beta 0.95 --use-eet 0 --eet-frozen-kv 1 --eet-reenter-final 0 --eet-compute-skip 0 --eet-target-active-frac 0.125 --eet-capacity-schedule bell --eet-exit-fracs  --eet-router-type mlp2 --eet-router-hidden 0 --eet-freq-prior-alpha 0.0 --eet-pos-prior-beta 0.0 --eet-domain-prior 0 --eet-warmup-frac 0.02 --eet-explore-frac 0.15 --eet-reconstruct-lambda 1.0 --eet-efficiency-lambda-start 0.01 --eet-efficiency-lambda-end 0.1 --eet-translator-rank 0 --eet-max-frozen-kv-frac 0.75 --eet-exit-threshold 0.5 --eet-min-exit-layer 1 --eet-loss-variant reconstruct --eet-topk-vocab 512 --eet-entropy-lambda 0.3 --eet-surprise-lambda 0.1 --eet-adv-lambda 1.0 --eet-adv-entropy-lambda 0.2 --eet-quality-lambda 1.0 --eet-quality-entropy-bonus 0.1 --eet-gumbel-temp-start 0.0 --eet-gumbel-temp-end 0.1 --eet-gumbel-hard 1 --eet-commitment-beta 0.1 --eet-global-router 0 --eet-freq-efficiency-alpha 0.0 --eet-diversity-lambda 0.0 --eet-ce-guided-lambda 1.0 --eet-router-lr-mult 5.0 --eet-model-lr-mult 1.0 --eet-depth-weight-type none --eet-depth-weight-max 2.5 --eet-use-override 0 --eet-override-prob-start 0.5 --eet-override-prob-end 0.1 --eet-capacity-alignment-lambda 0.0 --eet-router-task-grad 1 --eet-reinforce-interval 0 --eet-reinforce-lambda 0.1 --eet-exit-adapter-rank 0 --eet-router-after-block 0 --eet-ffn-skip 0 --eet-ffn-target-frac 0.5 --eet-ffn-full-attn 1 --eet-depth-affine 0 --eet-capacity-anneal-frac 0.0 --eet-learned-schedule 0 --eet-departure-summary 0 --eet-route-consistency-lambda 0.0 --eet-dense-distill-interval 0 --eet-dense-distill-lambda 0.5 --eet-depth-lr-scale 0 --eet-depth-grad-scale 0 --eet-detach-aux-from-backbone 0 --eet-detach-exit-from-backbone 0 --compile --tokenizer-dir tokenizer --data-dir data --max-shards 300 --checkpoints-dir /__modal/volumes/vo-5lJiXYRRv6peac8JOAv0eu/out/p08_mst_parity/d8/MON_roll_s1/depth_8/ckpt_base --model-tag base
2026-08-09 12:25:27,496 - httpx - INFO - HTTP Request: HEAD https://huggingface.co/varunneal/flash-attention-3/resolve/main/kernel-status.toml "HTTP/1.1 404 Not Found"
2026-08-09 12:25:27,630 - httpx - INFO - HTTP Request: GET https://huggingface.co/api/models/varunneal/flash-attention-3/tree/main/build?recursive=false&expand=false "HTTP/1.1 200 OK"
2026-08-09 12:25:27,779 - httpx - INFO - HTTP Request: GET https://huggingface.co/api/models/varunneal/flash-attention-3/revision/main "HTTP/1.1 200 OK"

                                                       █████                █████
                                                      ░░███                ░░███
     ████████    ██████   ████████    ██████   ██████  ░███████    ██████  ███████
    ░░███░░███  ░░░░░███ ░░███░░███  ███░░███ ███░░███ ░███░░███  ░░░░░███░░░███░
     ░███ ░███   ███████  ░███ ░███ ░███ ░███░███ ░░░  ░███ ░███   ███████  ░███
     ░███ ░███  ███░░███  ░███ ░███ ░███ ░███░███  ███ ░███ ░███  ███░░███  ░███ ███
     ████ █████░░████████ ████ █████░░██████ ░░██████  ████ █████░░███████  ░░█████
    ░░░░ ░░░░░  ░░░░░░░░ ░░░░ ░░░░░  ░░░░░░   ░░░░░░  ░░░░ ░░░░░  ░░░░░░░░   ░░░░░
    
Autodetected device type: cuda
2026-08-09 12:25:28,763 - nanochat.common - INFO - Distributed world size: 1
GPU: NVIDIA H200 | Peak FLOPS (BF16): 9.89e+14
COMPUTE_DTYPE: torch.bfloat16 (auto-detected: CUDA SM 90 (bf16 supported))
✓ Using Flash Attention 3 (Hopper GPU detected) — efficient and fast.
Vocab size: 32,768
[MST] Multi-scale sub windows: [(32, 0), (127, 0), (511, 0), (-1, 0)]
[MST] Using compile-optimized BatchedMSTLayer (N=4, d=128)
[MST] 1A: Per-sub gradient equalization hooks registered
Model config:
{
  "sequence_len": 2048,
  "vocab_size": 32768,
  "n_layer": 8,
  "n_head": 4,
  "n_kv_head": 4,
  "n_embd": 512,
  "use_moe": false,
  "use_perm": false,
  "moe_num_experts": 8,
  "moe_router_dim": 64,
  "moe_embed_dim": 64,
  "dropout": 0.0,
  "use_remix_linear": false,
  "remix_context_dim": 64,
  "remix_context_dim_ratio": 6,
  "remix_basis_size": 64,
  "remix_output_gate_rank": 16,
  "remixed_linear_kwargs": {
    "use_basis_gate": true,
    "use_output_gate": true,
    "use_context": true,
    "basis_gate_mode": "mlp",
    "sparse_gate_k": 0,
    "gate_temperature": 1.0,
    "basis_scale_factor": 4,
    "n_templates": 1,
    "template_routing_learned": false,
    "template_topk": 0,
    "tiny_expert": false,
    "tiny_expert_topk": 16,
    "lokr_expert": false,
    "lokr_n_experts": 64,
    "lokr_topk": 16,
    "lokr_rank": 4,
    "lokr_learned": false,
    "basis_gate_rank": 8,
    "disable_ln_basis": false,
    "chunk_route_impl": "compose",
    "top1_gate": "ones",
    "template_delta_rank": 0,
    "route_side": "output",
    "drop_basis_proj": false,
    "basis_side_templates": 0,
    "grad_equalize": false
  },
  "use_pos_embed": false,
  "moe_use_abs_pos_embed": false,
  "use_layer_context": true,
  "scale_basis_size": true,
  "remix_use_dual_gate": false,
  "remix_use_fused": false,
  "p26_output_gated_linear": 0,
  "p28_shared_basis": 0,
  "p28_chunk_routing_size": 0,
  "p28_global_template_bank": "none",
  "p28_attn_proj_templates": 0,
  "p28_attn_qk_templates": 0,
  "p29_template_block_diag": 0,
  "p29_template_lr_scale": 1.0,
  "p29_grad_equalize": 0,
  "p34_ffn_mult": 4.0,
  "p34_ffn_single": 0,
  "p34_dense_attn": 0,
  "legacy_init_fallback": 0,
  "p35_template_diversity_lambda": 0.0,
  "p22_route_affine": 0,
  "p34_ffn_schedule": "",
  "p34_ffn_no_ffn_replacement": "none",
  "p34_ffn_last_depth": 1,
  "p36_swiglu_ffn": 0,
  "p36_swiglu_mult": 2.6666666666666665,
  "cond_sites": "both",
  "cond_rank": 256,
  "cond_mult_steps": 0,
  "cond_gate_source": "router",
  "cond_coeff_act": "centered",
  "cond_router_rank": 0,
  "cond_live_init": 0.0,
  "cond_router_act": "none",
  "cond_chunk_size": 0,
  "cond_mult_scale": -1.0,
  "cond_mult_impl": "wy",
  "cond_attn_projs": "qkvo",
  "cond_layer_frac": 1.0,
  "perm_expert_mode": "low_rank",
  "perm_rank": 16,
  "router_context_window": -1,
  "router_causal": true,
  "router_num_heads": 4,
  "router_num_queries": 16,
  "router_n_layers": 2,
  "router_use_vocab_prior": false,
  "window_pattern": "SSSL",
  "cclblock_modulation": "weight",
  "cclblock_orth_lambda": 0.0,
  "cclblock_context_stream": "local",
  "cclblock_ema_factor": 0.99,
  "cclblock_stale_ctx_lag": 0,
  "cclblock_sparse_gate_k": 0,
  "cclblock_gate_temperature": 1.0,
  "cclblock_context_bank_size": 0,
  "cclblock_per_head_ctx": false,
  "cclblock_context_source": "norm_x",
  "cclblock_chunk_size": 0,
  "cclblock_aux_objective": "none",
  "cclblock_aux_lambda": 0.1,
  "cclblock_boundary_token_id": 198,
  "use_ral": false,
  "ral_rank": 32,
  "cclblock_film_gate": false,
  "cclblock_attn_shadow_dim": 0,
  "cclblock_dynamic_ratio": 0.25,
  "cclblock_gate_rank": 8,
  "cclblock_num_regimes": 8,
  "cclblock_regime_temperature": 1.0,
  "cclblock_poly_order": 2,
  "cclblock_lie_generators": 4,
  "cclblock_grassmann_bank_size": 4,
  "cclblock_tucker_rank": 32,
  "cclblock_tucker_modes": 8,
  "cclblock_svs_rank": 64,
  "cclblock_svs_eps": 0.1,
  "cclblock_vq_codes": 8,
  "cclblock_vq_temperature": 1.0,
  "cclblock_dcu_warmup_steps": 0,
  "cclblock_fsi_rotations": 8,
  "cclblock_fsi_selector_dim": 64,
  "cclblock_aesp_strata": 4,
  "cclblock_aesp_delta_rank": 4,
  "cclblock_ckr_branches": 4,
  "cclblock_ckr_kernel_size": 64,
  "cclblock_ckr_pos_channels": 1,
  "cclblock_ckr_dual_optim": 0,
  "cclblock_ckr_content_bias": 0.0,
  "cclblock_giad_rank": 32,
  "cclblock_psg_kernel_size": 64,
  "cclblock_ss_dynamic_ratio": 0.25,
  "cclblock_ss_branches": 2,
  "cclblock_ss_kernel_size": 64,
  "cclblock_lokr_branches": 8,
  "cclblock_lokr_rank": 16,
  "cclblock_ckr_temp_start": 2.0,
  "cclblock_ckr_temp_end": 0.3,
  "cclblock_com_kernel_size": 32,
  "cclblock_ckr_ortho_init": 0,
  "cclblock_ckr_branch_dropout": 0.0,
  "cclblock_ckr_diversity_lambda": 0.0,
  "cclblock_ckr_layer_selective": 0,
  "cclblock_pgr_kernel_size": 64,
  "cclblock_cil_kernel_size": 64,
  "cclblock_prb_kernel_size": 64,
  "p18_layer_drop": 0.0,
  "p18_dynamic_activation": 0,
  "p18_mixture_norm": 0,
  "p18_causal_attn_bias": 0,
  "p18_aux_sim_lambda": 0.0,
  "p18_gradient_penalty": 0.0,
  "p18_per_channel_scale": 0,
  "p19_residual_gate": 0,
  "p19_head_importance": 0,
  "p19_residual_mix_groups": 0,
  "p19_attn_logit_bias": 0,
  "p19_residual_decay": 0,
  "p19_grad_equilibrium": 0.0,
  "p19_spectral_reparam": 0,
  "p19_weight_anticollapse": 0.0,
  "p19_ve_bias": 0,
  "p19_weight_noise": 0.0,
  "p20_hrcs_scale": 0,
  "p20_lswr_scale": 0,
  "p20_lswr_planes": 8,
  "p20_lrcfb_branches": 0,
  "p20_lrcfb_narrow": 0,
  "p20_lrcfb_learned": 0,
  "p20_lrcfb_topk": 0,
  "p20_dgcr_branches": 0,
  "p20_dgcr_aux_weight": 0.01,
  "p20_mone_experts": 0,
  "p20_mone_topk": 0,
  "p20_mone_narrow": 1,
  "p20_mone_frozen": 0,
  "p20_ncea_branches": 0,
  "p20_ncea_eps": 0.1,
  "p20_adwi": 0,
  "p20_pwu_branches": 0,
  "p20_pwu_phase": 1,
  "p20_fsvd_gate": 0,
  "p20_wbfc_clusters": 0,
  "p20_wbfc_active": 0,
  "p21_per_experts": 0,
  "p21_per_topk": 0,
  "p21_per_learned": 0,
  "p21_per_attn": 0,
  "p22_attn_moe_route": "none",
  "p23_tiny_expert": 0,
  "p23_n_experts": 64,
  "p23_topk": 16,
  "p23_learned_route": 0,
  "p23_std_moe_experts": 0,
  "p23_std_moe_topk": -1,
  "p23_std_moe_aux_weight": 0.01,
  "p23_lokr": 0,
  "p23_lokr_rank": 4,
  "p23_use_shared_block_router": 0,
  "p23_linear_moe_experts": 0,
  "p23_linear_moe_topk": 0,
  "p23_quantile_route": 0,
  "remix_shared_context_gates": 0,
  "p24_use_sliced_weight": 0,
  "p24_sliced_weight_reduction_scale": 8,
  "p24_sliced_weight_min_select": 128,
  "p24_sliced_weight_scope": "per_token",
  "p24_sliced_weight_balance_coeff": 0.01,
  "p24_quantile_route": 0,
  "p24_use_folded_mod": 0,
  "p24_folded_mod_reduction_scale": 8,
  "p24_folded_mod_min_dim": 128,
  "p24_folded_mod_scope": "per_layer",
  "p24_folded_mod_gate_act": "tanh_centered",
  "p24_use_sequence_gated_linear": 0,
  "p24_sequence_gated_scope": "per_layer",
  "p24_sequence_gated_act": "tanh_centered",
  "remix_disable_ln_basis": 0,
  "dense_intermediate_ln": 0,
  "use_mst": true,
  "mst_n_subs": 4,
  "mst_sub_dim": 128,
  "mst_head_dim": 0,
  "mst_input_mode": "learned_proj",
  "mst_rotated_slice_learned": false,
  "mst_routing_mode": "soft_weighted",
  "mst_routing_topk": 0,
  "mst_routing_aux_weight": 0.01,
  "mst_diversity_weight": 0.0,
  "mst_ffn_mode": "standard",
  "mst_transition_mode": "aggregate_distribute",
  "mst_final_mode": "concat_proj",
  "mst_final_topk": 0,
  "mst_ffn_shared_up": 0,
  "mst_ffn_inner_dim": 0,
  "mst_sub_dropout": 0.0,
  "mst_transition_every": 1,
  "mst_ffa_temperature": 1.0,
  "mst_global_residual": 0,
  "mst_hybrid_dense": 0,
  "mst_cross_sub_kv": 0,
  "mst_sub_aux_weight": 0.0,
  "mst_progressive_merge": 0,
  "mst_multi_scale_windows": 1,
  "mst_delta_residual": 0,
  "mst_sub_layers": 1,
  "mst_grad_equalize": 1,
  "mst_block_diagonal_muon": 1,
  "mst_transition_width_mult": 4.0,
  "mst_sub_lr_scale": 2.0,
  "mst_shared_expert": 0,
  "mst_router_entropy_weight": 0.0,
  "mst_shared_kv_attn": 0,
  "mst_contrastive_diversity_weight": 0.0,
  "mst_transition_nonlinear": 0,
  "mst_transition_gated": 0,
  "mst_transition_mlp": 0,
  "mst_cross_sub_gate": 0,
  "mst_hyper_connect": 0,
  "mst_cross_kv_inject": 0,
  "mst_slice_transition": 0,
  "mst_lookback_layers": 0,
  "mst_bilinear_transition": 0,
  "mst_cross_sub_qmod": 0,
  "mst_feature_cycle": 0,
  "mst_mean_transition": 0,
  "mst_sub_head_dim": 64,
  "mst_final_norm": 0,
  "mst_per_stream_ve": 1,
  "mst_lm_head_dim": 0,
  "mst_compose_windows": 1,
  "mst_channel_mix": "none",
  "mst_channel_mix_site": "layer",
  "mst_distribute_block_muon": 0,
  "mst_trans_spectral_lr": 0,
  "mst_talking_heads": 0,
  "mst_wo_mode": "dense",
  "mst_stream_topk": 0,
  "mst_stream_router_aux": 0.01,
  "mst_stream_router_noise": 0.0,
  "mst_stream_dispatch": 0,
  "mst_stream_capacity_factor": 1.0,
  "mst_stream_gate_attn": 0,
  "mst_ffn_monarch": "roll",
  "mst_shampoo": 0,
  "mst_precond_every": 10,
  "mst_shampoo_beta": 0.95,
  "use_eet": false,
  "eet_frozen_kv": true,
  "eet_reenter_final": false,
  "eet_router_type": "mlp2",
  "eet_router_hidden": 0,
  "eet_freq_prior_alpha": 0.0,
  "eet_pos_prior_beta": 0.0,
  "eet_domain_prior": false,
  "eet_warmup_frac": 0.02,
  "eet_explore_frac": 0.15,
  "eet_reconstruct_lambda": 1.0,
  "eet_efficiency_lambda_start": 0.01,
  "eet_efficiency_lambda_end": 0.1,
  "eet_translator_rank": 0,
  "eet_max_frozen_kv_frac": 0.75,
  "eet_exit_threshold": 0.5,
  "eet_min_exit_layer": 1,
  "eet_loss_variant": "reconstruct",
  "eet_topk_vocab": 512,
  "eet_entropy_lambda": 0.3,
  "eet_surprise_lambda": 0.1,
  "eet_adv_lambda": 1.0,
  "eet_adv_entropy_lambda": 0.2,
  "eet_quality_lambda": 1.0,
  "eet_quality_entropy_bonus": 0.1,
  "eet_gumbel_temp_start": 0.0,
  "eet_gumbel_temp_end": 0.1,
  "eet_gumbel_hard": true,
  "eet_commitment_beta": 0.1,
  "eet_global_router": false,
  "eet_freq_efficiency_alpha": 0.0,
  "eet_diversity_lambda": 0.0,
  "eet_ce_guided_lambda": 1.0,
  "eet_router_lr_mult": 5.0,
  "eet_model_lr_mult": 1.0,
  "eet_depth_weight_type": "none",
  "eet_depth_weight_max": 2.5,
  "eet_use_override": 0,
  "eet_override_prob_start": 0.5,
  "eet_override_prob_end": 0.1,
  "eet_compute_skip": false,
  "eet_target_active_frac": 0.125,
  "eet_capacity_schedule": "bell",
  "eet_exit_fracs": null,
  "eet_capacity_alignment_lambda": 0.0,
  "eet_router_task_grad": true,
  "eet_reinforce_interval": 0,
  "eet_reinforce_lambda": 0.1,
  "eet_exit_adapter_rank": 0,
  "eet_router_after_block": 0,
  "eet_ffn_skip": false,
  "eet_ffn_target_frac": 0.5,
  "eet_ffn_full_attn": true,
  "eet_depth_affine": false,
  "eet_capacity_anneal_frac": 0.0,
  "eet_learned_schedule": false,
  "eet_departure_summary": false,
  "eet_route_consistency_lambda": 0.0,
  "eet_dense_distill_interval": 0,
  "eet_dense_distill_lambda": 0.5,
  "eet_depth_lr_scale": false,
  "eet_depth_grad_scale": false,
  "eet_detach_aux_from_backbone": false,
  "eet_detach_exit_from_backbone": false
}
Seeded weight init with --seed 1
Checkpoints directory: /__modal/volumes/vo-5lJiXYRRv6peac8JOAv0eu/out/p08_mst_parity/d8/MON_roll_s1/depth_8/ckpt_base/base
✓ Wrapping model with DistributedDataParallel (rank 0, find_unused_parameters=False)
Parameter counts:
wte                     : 16,777,216
wpe                     : 0
value_embeds            : 67,108,864
lm_head                 : 16,777,216
transformer_matrices    : 9,966,592
research                : 0
scalars                 : 16
total                   : 110,629,904
Estimated FLOPs per token (total):  1.749965e+08
Estimated FLOPs per token (active): 1.749965e+08
Estimated active params:            110,629,904
[MST] Multi-scale sub windows: [(32, 0), (127, 0), (511, 0), (-1, 0)]
[MST] Using compile-optimized BatchedMSTLayer (N=4, d=128)
[MST] 1A: Per-sub gradient equalization hooks registered
Scaling LRs by 0.7071 for batch size 262,144 (reference: 524,288)
Scaling weight decay from 0.200000 to 0.166387 for depth 8
Scaling AdamW LRs ∝1/√(512/768) = 1.224745
[MST] Per-sub Muon LR scaled by 2.00× → 0.028284
[MST] 1B: Block-diagonal Muon enabled (N=4 blocks)
Calculated number of iterations from target data:param ratio: 1,071
Total number of training tokens: 280,756,224
Tokens : Scaling params ratio: 10.50
Total training FLOPs estimate: 4.913135e+16
Total active training FLOPs estimate: 4.913135e+16
Using base scheduler: linear warmup/flat/linear warmdown
[MST] Diagnostics will be logged to: /__modal/volumes/vo-5lJiXYRRv6peac8JOAv0eu/out/p08_mst_parity/d8/MON_roll_s1/depth_8/ckpt_base/base/mst_diagnostics.jsonl
Tokens / micro-batch / rank: 128 x 2048 = 262,144
Tokens / micro-batch: 262,144
Total batch size 262,144 => gradient accumulation steps: 1
Running pre-compilation warmup (1 dummy forward+backward to init lazy allocations)...
[rank0]:W0809 12:25:29.439000 42302 site-packages/torch/_logging/_internal.py:1199] [0/0] Profiler function <class 'torch.autograd.profiler.record_function'> will be ignored
/usr/local/lib/python3.12/site-packages/torch/_inductor/lowering.py:7242: UserWarning: 
Online softmax is disabled on the fly since Inductor decides to
split the reduction. Cut an issue to PyTorch if this is an
important use case and you want to speed it up with online
softmax.

  warnings.warn(
Warmup complete. Steady-state VRAM: 1.1 GB allocated
/usr/local/lib/python3.12/site-packages/torch/_inductor/lowering.py:7242: UserWarning: 
Online softmax is disabled on the fly since Inductor decides to
split the reduction. Cut an issue to PyTorch if this is an
important use case and you want to speed it up with online
softmax.

  warnings.warn(
  [MST diag] ERROR: [Errno 2] No such file or directory: '/__modal/volumes/vo-5lJiXYRRv6peac8JOAv0eu/out/p08_mst_parity/d8/MON_roll_s1/depth_8/ckpt_base/base/mst_diagnostics.jsonl'
step 00000/01071 (0.00%) | loss: 10.477631 | lrm: 0.20 | lr(adamw:8.142e-02, muon:3.889e-03) | dt: 81202.75ms | tok/sec: 3,228 | bf16_mfu: 0.06 | epoch: 1 pq: 0 rg: 1 | total time: 0.00m
2026-08-09 12:29:10,930 - nanochat.checkpoint_manager - INFO - Saved model parameters to: /__modal/volumes/vo-5lJiXYRRv6peac8JOAv0eu/out/p08_mst_parity/d8/MON_roll_s1/depth_8/ckpt_base/base/model_000200.pt
2026-08-09 12:29:10,934 - nanochat.checkpoint_manager - INFO - Saved metadata to: /__modal/volumes/vo-5lJiXYRRv6peac8JOAv0eu/out/p08_mst_parity/d8/MON_roll_s1/depth_8/ckpt_base/base/meta_000200.json
2026-08-09 12:29:11,933 - nanochat.checkpoint_manager - INFO - Saved optimizer state to: /__modal/volumes/vo-5lJiXYRRv6peac8JOAv0eu/out/p08_mst_parity/d8/MON_roll_s1/depth_8/ckpt_base/base/optim_000200_rank0.pt
  [MST diag] sub_sim=[0.006, -0.038, -0.049, -0.061, -0.050, -0.046, -0.036, -0.025] | route_ent=[1.266, 1.219, 1.266, 1.227, 1.234, 1.250, 1.219, 1.305] | grad_norm=[0.052, 0.043, 0.041, 0.031]
step 00200/01071 (18.67%) | loss: 4.176474 | lrm: 1.00 | lr(adamw:4.071e-01, muon:1.945e-02) | dt: 270.16ms | tok/sec: 970,318 | bf16_mfu: 17.17 | epoch: 1 pq: 1 rg: 17 | total time: 0.72m | eta: 3.3m
2026-08-09 12:30:00,531 - nanochat.checkpoint_manager - INFO - Saved model parameters to: /__modal/volumes/vo-5lJiXYRRv6peac8JOAv0eu/out/p08_mst_parity/d8/MON_roll_s1/depth_8/ckpt_base/base/model_000400.pt
2026-08-09 12:30:00,534 - nanochat.checkpoint_manager - INFO - Saved metadata to: /__modal/volumes/vo-5lJiXYRRv6peac8JOAv0eu/out/p08_mst_parity/d8/MON_roll_s1/depth_8/ckpt_base/base/meta_000400.json
2026-08-09 12:30:01,620 - nanochat.checkpoint_manager - INFO - Saved optimizer state to: /__modal/volumes/vo-5lJiXYRRv6peac8JOAv0eu/out/p08_mst_parity/d8/MON_roll_s1/depth_8/ckpt_base/base/optim_000400_rank0.pt
Removed previous periodic checkpoint at step 000200
  [MST diag] sub_sim=[-0.046, -0.096, -0.090, -0.099, -0.079, -0.066, -0.053, -0.032] | route_ent=[1.242, 1.203, 1.281, 1.227, 1.188, 1.188, 1.109, 1.273] | grad_norm=[0.032, 0.027, 0.024, 0.023]
step 00400/01071 (37.35%) | loss: 3.847384 | lrm: 0.97 | lr(adamw:3.932e-01, muon:1.878e-02) | dt: 261.95ms | tok/sec: 1,000,740 | bf16_mfu: 17.71 | epoch: 1 pq: 2 rg: 30 | total time: 1.52m | eta: 2.6m
2026-08-09 12:30:48,549 - nanochat.checkpoint_manager - INFO - Saved model parameters to: /__modal/volumes/vo-5lJiXYRRv6peac8JOAv0eu/out/p08_mst_parity/d8/MON_roll_s1/depth_8/ckpt_base/base/model_000600.pt
2026-08-09 12:30:48,552 - nanochat.checkpoint_manager - INFO - Saved metadata to: /__modal/volumes/vo-5lJiXYRRv6peac8JOAv0eu/out/p08_mst_parity/d8/MON_roll_s1/depth_8/ckpt_base/base/meta_000600.json
2026-08-09 12:30:49,638 - nanochat.checkpoint_manager - INFO - Saved optimizer state to: /__modal/volumes/vo-5lJiXYRRv6peac8JOAv0eu/out/p08_mst_parity/d8/MON_roll_s1/depth_8/ckpt_base/base/optim_000600_rank0.pt
Removed previous periodic checkpoint at step 000400
  [MST diag] sub_sim=[-0.060, -0.114, -0.110, -0.119, -0.098, -0.083, -0.064, -0.037] | route_ent=[1.242, 1.219, 1.305, 1.266, 1.211, 1.195, 1.117, 1.289] | grad_norm=[0.026, 0.024, 0.019, 0.021]
step 00600/01071 (56.02%) | loss: 3.677053 | lrm: 0.69 | lr(adamw:2.821e-01, muon:1.347e-02) | dt: 261.74ms | tok/sec: 1,001,545 | bf16_mfu: 17.72 | epoch: 1 pq: 3 rg: 44 | total time: 2.29m | eta: 1.8m
2026-08-09 12:31:35,727 - nanochat.checkpoint_manager - INFO - Saved model parameters to: /__modal/volumes/vo-5lJiXYRRv6peac8JOAv0eu/out/p08_mst_parity/d8/MON_roll_s1/depth_8/ckpt_base/base/model_000800.pt
2026-08-09 12:31:35,730 - nanochat.checkpoint_manager - INFO - Saved metadata to: /__modal/volumes/vo-5lJiXYRRv6peac8JOAv0eu/out/p08_mst_parity/d8/MON_roll_s1/depth_8/ckpt_base/base/meta_000800.json
2026-08-09 12:31:36,794 - nanochat.checkpoint_manager - INFO - Saved optimizer state to: /__modal/volumes/vo-5lJiXYRRv6peac8JOAv0eu/out/p08_mst_parity/d8/MON_roll_s1/depth_8/ckpt_base/base/optim_000800_rank0.pt
Removed previous periodic checkpoint at step 000600
  [MST diag] sub_sim=[-0.072, -0.124, -0.114, -0.127, -0.104, -0.091, -0.071, -0.042] | route_ent=[1.242, 1.219, 1.312, 1.281, 1.227, 1.203, 1.141, 1.297] | grad_norm=[0.020, 0.020, 0.018, 0.017]
step 00800/01071 (74.70%) | loss: 3.557266 | lrm: 0.42 | lr(adamw:1.709e-01, muon:8.165e-03) | dt: 251.23ms | tok/sec: 1,043,449 | bf16_mfu: 18.46 | epoch: 1 pq: 4 rg: 58 | total time: 3.05m | eta: 1.0m
2026-08-09 12:32:22,898 - nanochat.checkpoint_manager - INFO - Saved model parameters to: /__modal/volumes/vo-5lJiXYRRv6peac8JOAv0eu/out/p08_mst_parity/d8/MON_roll_s1/depth_8/ckpt_base/base/model_001000.pt
2026-08-09 12:32:22,901 - nanochat.checkpoint_manager - INFO - Saved metadata to: /__modal/volumes/vo-5lJiXYRRv6peac8JOAv0eu/out/p08_mst_parity/d8/MON_roll_s1/depth_8/ckpt_base/base/meta_001000.json
2026-08-09 12:32:23,881 - nanochat.checkpoint_manager - INFO - Saved optimizer state to: /__modal/volumes/vo-5lJiXYRRv6peac8JOAv0eu/out/p08_mst_parity/d8/MON_roll_s1/depth_8/ckpt_base/base/optim_001000_rank0.pt
Removed previous periodic checkpoint at step 000800
  [MST diag] sub_sim=[-0.073, -0.123, -0.117, -0.132, -0.109, -0.095, -0.073, -0.045] | route_ent=[1.242, 1.227, 1.312, 1.289, 1.234, 1.211, 1.141, 1.297] | grad_norm=[0.016, 0.014, 0.013, 0.014]
step 01000/01071 (93.37%) | loss: 3.470991 | lrm: 0.15 | lr(adamw:5.980e-02, muon:2.857e-03) | dt: 257.67ms | tok/sec: 1,017,377 | bf16_mfu: 18.00 | epoch: 1 pq: 5 rg: 73 | total time: 3.81m | eta: 0.3m
  [MST diag] sub_sim=[-0.071, -0.121, -0.115, -0.132, -0.109, -0.096, -0.075, -0.047] | route_ent=[1.242, 1.227, 1.320, 1.297, 1.234, 1.211, 1.148, 1.305] | grad_norm=[0.015, 0.013, 0.012, 0.013]
step 01070/01071 (99.91%) | loss: 3.442268 | lrm: 0.05 | lr(adamw:2.091e-02, muon:9.988e-04) | dt: 246.69ms | tok/sec: 1,062,626 | bf16_mfu: 18.80 | epoch: 1 pq: 6 rg: 24 | total time: 4.07m | eta: 0.0m
/usr/local/lib/python3.12/site-packages/torch/_dynamo/variables/functions.py:1598: UserWarning: Dynamo does not know how to trace the builtin `torch._C._distributed_c10d.pybind11_detail_function_record_v1_system_libstdcpp_gxx_abi_1xxx_use_cxx11_abi_1._broadcast_coalesced.` This function is either a Python builtin (e.g. _warnings.warn) or a third-party C/C++ Python extension (perhaps created with pybind).
If it is a Python builtin, please file an issue on GitHub so the PyTorch team can add support for it and see the next case for a workaround.
If it is a third-party C/C++ Python extension, please either wrap it into a PyTorch-understood custom operator (see https://pytorch.org/tutorials/advanced/custom_ops_landing_page.html for more details) or, if it is traceable, use `torch.compiler.allow_in_graph`.
  torch._dynamo.utils.warn_once(explanation + "\n" + "\n".join(hints))
/usr/local/lib/python3.12/site-packages/torch/_inductor/lowering.py:7242: UserWarning: 
Online softmax is disabled on the fly since Inductor decides to
split the reduction. Cut an issue to PyTorch if this is an
important use case and you want to speed it up with online
softmax.

  warnings.warn(
Step 01071 | Validation bpb: 1.025810 | val_loss: 3.364843
<|bos|>The capital of France is the capital of the capital of the capital of the capital of the capital of the
<|bos|>The chemical symbol of gold is the symbol of gold. It is a symbol of purity and purity. It is
<|bos|>If yesterday was Friday, then tomorrow will be Friday. I'm sure you'll be able to see the next day. I
<|bos|>The opposite of hot is the cold. The cold is the most common cause of the cold. The cold
<|bos|>The planets of the solar system are: 1. The solar system is a solar system that is a solar system that
<|bos|>My favorite color is the red, green, and blue. I have a lot of color in my
<|bos|>If 5*x + 3 = 13, then x is the number of times the number of times the number of times the number of times
2026-08-09 12:34:16,324 - nanochat.checkpoint_manager - INFO - Saved model parameters to: /__modal/volumes/vo-5lJiXYRRv6peac8JOAv0eu/out/p08_mst_parity/d8/MON_roll_s1/depth_8/ckpt_base/base/model_001071.pt
2026-08-09 12:34:16,326 - nanochat.checkpoint_manager - INFO - Saved metadata to: /__modal/volumes/vo-5lJiXYRRv6peac8JOAv0eu/out/p08_mst_parity/d8/MON_roll_s1/depth_8/ckpt_base/base/meta_001071.json
2026-08-09 12:34:17,921 - nanochat.checkpoint_manager - INFO - Saved optimizer state to: /__modal/volumes/vo-5lJiXYRRv6peac8JOAv0eu/out/p08_mst_parity/d8/MON_roll_s1/depth_8/ckpt_base/base/optim_001071_rank0.pt
step 01071/01071 (final) | loss: 3.442268 | early_stop: 0
Peak memory usage: 68593.44MiB
Total training time: 4.07m
Minimum validation bpb: 1.025810
Minimum validation loss (nats/byte): 3.364843
[MST] Results appended → /__modal/volumes/vo-5lJiXYRRv6peac8JOAv0eu/out/p08_mst_parity/d8/MON_roll_s1/depth_8/ckpt_base/mst_results.csv
[MST] mst_results.csv has an older column set; writing to mst_results_v4.csv instead
[MST] Results appended → /__modal/volumes/vo-5lJiXYRRv6peac8JOAv0eu/mst_results_v4.csv
Final Validation BPB for base: 1.0258

--- Generating Report ---
Saved plot to out/p08_mst_parity/d8/MON_roll_s1/depth_8/comparison_depth_8.png
Saved TSV data to out/p08_mst_parity/d8/MON_roll_s1/depth_8/results_depth_8.tsv
Generating report to out/report/report.md
Copying report.md to current directory for convenience
================================================================
Sweep Complete! Results saved to out/p08_mst_parity/d8/MON_roll_s1
================================================================
✅  MON_roll_s1

━━━ MON_roll_s2  (depth 8) ━━━
Requested NPROC_PER_NODE=8, but only 1 GPU(s) visible. Capping.
Using NPROC_PER_NODE=1
NANOCHAT_SKIP_ENV_SETUP=0
===== GPU Info =====
Sun Aug  9 12:34:25 2026       
+-----------------------------------------------------------------------------------------+
| NVIDIA-SMI 580.95.05              Driver Version: 580.95.05      CUDA Version: 13.0     |
+-----------------------------------------+------------------------+----------------------+
| GPU  Name                 Persistence-M | Bus-Id          Disp.A | Volatile Uncorr. ECC |
| Fan  Temp   Perf          Pwr:Usage/Cap |           Memory-Usage | GPU-Util  Compute M. |
|                                         |                        |               MIG M. |
|=========================================+========================+======================|
|   0  NVIDIA H200                    On  |   00000000:C5:00.0 Off |                    0 |
| N/A   40C    P0             81W /  700W |       4MiB / 143771MiB |      0%      Default |
|                                         |                        |             Disabled |
+-----------------------------------------+------------------------+----------------------+

+-----------------------------------------------------------------------------------------+
| Processes:                                                                              |
|  GPU   GI   CI              PID   Type   Process name                        GPU Memory |
|        ID   ID                                                               Usage      |
|=========================================================================================|
|  No running processes found                                                             |
+-----------------------------------------------------------------------------------------+
Starting Research Sweep. Output directory: out/p08_mst_parity/d8/MON_roll_s2
UV_SYSTEM_PYTHON=1: using system Python, skipping venv creation.
Validating system environment dependencies via uv...
Using Python 3.12.10 environment at: /usr/local
Resolved 158 packages in 199ms
   Building nanochat @ file:///__modal/volumes/vo-5lJiXYRRv6peac8JOAv0eu
      Built nanochat @ file:///__modal/volumes/vo-5lJiXYRRv6peac8JOAv0eu
Prepared 1 package in 1.24s
Uninstalled 1 package in 0.94ms
Installed 1 package in 1ms
 ~ nanochat==0.1.0 (from file:///__modal/volumes/vo-5lJiXYRRv6peac8JOAv0eu)
Reset report and wrote header to out/report/header.md
Dataset (up to 300 shards) already exists in data, skipping download.
Tokenizer already exists in tokenizer, skipping training.
================================================================
Processing Depth: 8
================================================================
2026-08-09 12:34:36,834 - httpx - INFO - HTTP Request: HEAD https://huggingface.co/varunneal/flash-attention-3/resolve/main/kernel-status.toml "HTTP/1.1 404 Not Found"
2026-08-09 12:34:36,973 - httpx - INFO - HTTP Request: GET https://huggingface.co/api/models/varunneal/flash-attention-3/tree/main/build?recursive=false&expand=false "HTTP/1.1 200 OK"
2026-08-09 12:34:37,118 - httpx - INFO - HTTP Request: GET https://huggingface.co/api/models/varunneal/flash-attention-3/revision/main "HTTP/1.1 200 OK"
[sweep] Requested 8 DDP workers but only 1 GPU(s) available — using 1.
================================================================
Starting Sweep for Depth 8
Target Tokens: Auto (per-model param count)
================================================================
  Overriding default target_dim (128) with full model_dim 512

--- Training base ---

  ┌─────────────────────────────────────────────────────┐
  │  🆕  STARTING FRESH: [base]
  │     No checkpoints found — training from scratch.
  └─────────────────────────────────────────────────────┘

Running: /usr/local/bin/torchrun --standalone --nproc_per_node=1 -m scripts.base_train --depth 8 --aspect-ratio 64 --head-dim 128 --model-dim 512 --max-seq-len 2048 --device-batch-size 128 --total-batch-size 262144 --target-tokens -1 --target-param-data-ratio 10.5 --eval-every -1 --log-every 200 --core-metric-every 0 --save-every 200 --warmup-ratio 0.005 --warmdown-ratio 0.65 --final-lr-frac 0.05 --adam-beta2 0.99 --research-warmup-ratio 0.05 --use-onecycle 0 --router-context-window -1 --remix-use-basis-gate 1 --remix-use-output-gate 1 --remix-use-context 1 --remix-basis-gate-mode mlp --remix-gate-lr-scale 0.3 --p22-n-templates 1 --p22-template-routing-learned 0 --p22-template-topk 0 --p22-attn-moe-route none --p26-output-gated-linear 0 --p28-shared-basis 0 --p28-chunk-routing-size 0 --p28-global-template-bank none --p28-attn-proj-templates 0 --p28-attn-qk-templates 0 --p31-chunk-route-impl compose --p31-top1-gate ones --p31-template-delta-rank 0 --p31-route-side output --p31-drop-basis-proj 0 --p31-basis-side-templates 0 --remix-template-block-diag 0 --remix-template-lr-scale 1.0 --p29-grad-equalize 0 --target-active-params 0 --remix-basis-gate-rank 8 --cclblock-modulation weight --cclblock-orth-lambda 0.0 --p35-template-diversity-lambda 0.0 --cclblock-context-stream local --cclblock-ema-factor 0.99 --cclblock-stale-ctx-lag 0 --cclblock-sparse-gate-k 0 --cclblock-gate-temperature 1.0 --cclblock-context-bank-size 0 --cclblock-per-head-ctx 0 --cclblock-context-source norm_x --cclblock-chunk-size 0 --cclblock-aux-objective none --cclblock-aux-lambda 0.1 --cclblock-boundary-token-id 198 --use-ral 0 --ral-rank 32 --p34-ffn-schedule  --p34-ffn-no-ffn-replacement none --p34-ffn-last-depth 1 --p36-swiglu-ffn 0 --p36-swiglu-mult 2.6666666666666665 --cond-sites both --p22-route-affine 0 --cond-rank 256 --cond-mult-steps 0 --cond-gate-source router --cond-coeff-act centered --cond-router-rank 0 --cond-router-act none --cond-live-init 0.0 --cond-chunk-size 0 --cond-mult-scale -1.0 --cond-mult-impl wy --cond-attn-projs qkvo --cond-layer-frac 1.0 --cclblock-film-gate 0 --cclblock-attn-shadow-dim 0 --cclblock-dynamic-ratio 0.25 --cclblock-gate-rank 8 --cclblock-num-regimes 8 --cclblock-regime-temperature 1.0 --cclblock-poly-order 2 --cclblock-lie-generators 4 --cclblock-grassmann-bank-size 4 --cclblock-tucker-rank 32 --cclblock-tucker-modes 8 --cclblock-svs-rank 64 --cclblock-svs-eps 0.1 --cclblock-vq-codes 8 --cclblock-vq-temperature 1.0 --cclblock-dcu-warmup-steps 0 --cclblock-fsi-rotations 8 --cclblock-fsi-selector-dim 64 --cclblock-aesp-strata 4 --cclblock-aesp-delta-rank 4 --cclblock-ckr-branches 4 --cclblock-ckr-kernel-size 64 --cclblock-ckr-pos-channels 1 --cclblock-ckr-dual-optim 0 --cclblock-ckr-content-bias 0.0 --cclblock-giad-rank 32 --cclblock-psg-kernel-size 64 --cclblock-ss-dynamic-ratio 0.25 --cclblock-ss-branches 2 --cclblock-ss-kernel-size 64 --cclblock-lokr-branches 8 --cclblock-lokr-rank 16 --cclblock-ckr-temp-start 2.0 --cclblock-ckr-temp-end 0.3 --cclblock-com-kernel-size 32 --cclblock-ckr-ortho-init 0 --cclblock-ckr-branch-dropout 0.0 --cclblock-ckr-diversity-lambda 0.0 --cclblock-pgr-kernel-size 64 --cclblock-cil-kernel-size 64 --cclblock-prb-kernel-size 64 --p18-layer-drop 0.0 --p18-dynamic-activation 0 --p18-mixture-norm 0 --p18-aux-sim-lambda 0.0 --p18-gradient-penalty 0.0 --p18-per-channel-scale 0 --p19-residual-gate 0 --p19-head-importance 0 --p19-residual-mix-groups 0 --p19-attn-logit-bias 0 --p19-residual-decay 0 --p19-grad-equilibrium 0.0 --p19-spectral-reparam 0 --p19-weight-anticollapse 0.0 --p19-ve-bias 0 --p19-weight-noise 0.0 --p20-hrcs-scale 0 --p20-lswr-scale 0 --p20-lswr-planes 8 --p20-lrcfb-branches 0 --p20-lrcfb-narrow 0 --p20-lrcfb-learned 0 --p20-lrcfb-topk 0 --p20-dgcr-branches 0 --p20-dgcr-aux-weight 0.01 --p20-mone-experts 0 --p20-mone-topk 0 --p20-mone-narrow 1 --p20-mone-frozen 0 --p20-ncea-branches 0 --p20-ncea-eps 0.1 --p20-adwi 0 --p20-pwu-branches 0 --p20-pwu-phase 1 --p20-fsvd-gate 0 --p20-wbfc-clusters 0 --p20-wbfc-active 0 --p21-per-experts 0 --p21-per-topk 0 --p21-per-learned 0 --p21-per-attn 0 --p23-tiny-expert 0 --p23-n-experts 64 --p23-topk 16 --p23-learned-route 0 --p23-std-moe-experts 0 --p23-std-moe-topk -1 --p23-std-moe-aux-weight 0.01 --p23-lokr 0 --p23-lokr-rank 4 --p23-use-shared-block-router 0 --p23-linear-moe-experts 0 --p23-linear-moe-topk 0 --p23-quantile-route 0 --seed 2 --p34-ffn-mult 4.0 --p34-ffn-single 0 --p34-dense-attn 0 --p24-use-sliced-weight 0 --p24-sliced-weight-reduction-scale 8 --p24-sliced-weight-min-select 128 --p24-sliced-weight-scope per_token --p24-sliced-weight-balance-coeff 0.01 --p24-quantile-route 0 --p24-use-folded-mod 0 --p24-folded-mod-reduction-scale 8 --p24-folded-mod-scope per_layer --p24-folded-mod-gate-act tanh_centered --p24-use-sequence-gated-linear 0 --p24-sequence-gated-scope per_layer --p24-sequence-gated-act tanh_centered --p24-folded-mod-min-dim 128 --remix-shared-context-gates 0 --remix-use-dual-gate 0 --remix-basis-scale-factor 4 --remix-output-gate-rank 16 --p24-use-sliced-weight 0 --p24-sliced-weight-reduction-scale 8 --p24-sliced-weight-min-select 128 --p24-sliced-weight-scope per_token --p24-sliced-weight-balance-coeff 0.01 --p24-quantile-route 0 --p24-use-folded-mod 0 --p24-folded-mod-reduction-scale 8 --p24-folded-mod-scope per_layer --p24-folded-mod-gate-act tanh_centered --p24-use-sequence-gated-linear 0 --p24-sequence-gated-scope per_layer --p24-sequence-gated-act tanh_centered --remix-disable-ln-basis 0 --dense-intermediate-ln 0 --use-mst 1 --mst-n-subs 4 --mst-sub-dim 128 --mst-head-dim 0 --mst-input-mode learned_proj --mst-rotated-slice-learned 0 --mst-routing-mode soft_weighted --mst-routing-topk 0 --mst-routing-aux-weight 0.01 --mst-diversity-weight 0.0 --mst-ffn-mode standard --mst-transition-mode aggregate_distribute --mst-final-mode concat_proj --mst-final-topk 0 --mst-ffn-shared-up 0 --mst-ffn-inner-dim 0 --mst-sub-dropout 0.0 --mst-transition-every 1 --mst-ffa-temperature 1.0 --mst-global-residual 0 --mst-hybrid-dense 0 --mst-cross-sub-kv 0 --mst-sub-aux-weight 0.0 --mst-progressive-merge 0 --mst-multi-scale-windows 1 --mst-delta-residual 0 --mst-sub-layers 1 --mst-grad-equalize 1 --mst-block-diagonal-muon 1 --mst-transition-width-mult 4.0 --mst-sub-lr-scale 2.0 --mst-shared-expert 0 --mst-router-entropy-weight 0.0 --mst-shared-kv-attn 0 --mst-contrastive-diversity-weight 0.0 --mst-transition-nonlinear 0 --mst-transition-gated 0 --mst-transition-mlp 0 --mst-cross-sub-gate 0 --mst-hyper-connect 0 --mst-cross-kv-inject 0 --mst-slice-transition 0 --mst-lookback-layers 0 --mst-bilinear-transition 0 --mst-cross-sub-qmod 0 --mst-feature-cycle 0 --mst-mean-transition 0 --mst-sub-head-dim 64 --mst-final-norm 0 --mst-per-stream-ve 1 --mst-lm-head-dim 0 --mst-compose-windows 1 --mst-channel-mix none --mst-channel-mix-site layer --mst-distribute-block-muon 0 --mst-trans-spectral-lr 0 --mst-talking-heads 0 --mst-wo-mode dense --mst-stream-topk 0 --mst-stream-router-aux 0.01 --mst-stream-router-noise 0.0 --mst-stream-dispatch 0 --mst-stream-capacity-factor 1.0 --mst-stream-gate-attn 0 --mst-ffn-monarch roll --mst-shampoo 0 --mst-precond-every 10 --mst-shampoo-beta 0.95 --use-eet 0 --eet-frozen-kv 1 --eet-reenter-final 0 --eet-compute-skip 0 --eet-target-active-frac 0.125 --eet-capacity-schedule bell --eet-exit-fracs  --eet-router-type mlp2 --eet-router-hidden 0 --eet-freq-prior-alpha 0.0 --eet-pos-prior-beta 0.0 --eet-domain-prior 0 --eet-warmup-frac 0.02 --eet-explore-frac 0.15 --eet-reconstruct-lambda 1.0 --eet-efficiency-lambda-start 0.01 --eet-efficiency-lambda-end 0.1 --eet-translator-rank 0 --eet-max-frozen-kv-frac 0.75 --eet-exit-threshold 0.5 --eet-min-exit-layer 1 --eet-loss-variant reconstruct --eet-topk-vocab 512 --eet-entropy-lambda 0.3 --eet-surprise-lambda 0.1 --eet-adv-lambda 1.0 --eet-adv-entropy-lambda 0.2 --eet-quality-lambda 1.0 --eet-quality-entropy-bonus 0.1 --eet-gumbel-temp-start 0.0 --eet-gumbel-temp-end 0.1 --eet-gumbel-hard 1 --eet-commitment-beta 0.1 --eet-global-router 0 --eet-freq-efficiency-alpha 0.0 --eet-diversity-lambda 0.0 --eet-ce-guided-lambda 1.0 --eet-router-lr-mult 5.0 --eet-model-lr-mult 1.0 --eet-depth-weight-type none --eet-depth-weight-max 2.5 --eet-use-override 0 --eet-override-prob-start 0.5 --eet-override-prob-end 0.1 --eet-capacity-alignment-lambda 0.0 --eet-router-task-grad 1 --eet-reinforce-interval 0 --eet-reinforce-lambda 0.1 --eet-exit-adapter-rank 0 --eet-router-after-block 0 --eet-ffn-skip 0 --eet-ffn-target-frac 0.5 --eet-ffn-full-attn 1 --eet-depth-affine 0 --eet-capacity-anneal-frac 0.0 --eet-learned-schedule 0 --eet-departure-summary 0 --eet-route-consistency-lambda 0.0 --eet-dense-distill-interval 0 --eet-dense-distill-lambda 0.5 --eet-depth-lr-scale 0 --eet-depth-grad-scale 0 --eet-detach-aux-from-backbone 0 --eet-detach-exit-from-backbone 0 --compile --tokenizer-dir tokenizer --data-dir data --max-shards 300 --checkpoints-dir /__modal/volumes/vo-5lJiXYRRv6peac8JOAv0eu/out/p08_mst_parity/d8/MON_roll_s2/depth_8/ckpt_base --model-tag base
2026-08-09 12:34:45,424 - httpx - INFO - HTTP Request: HEAD https://huggingface.co/varunneal/flash-attention-3/resolve/main/kernel-status.toml "HTTP/1.1 404 Not Found"
2026-08-09 12:34:45,559 - httpx - INFO - HTTP Request: GET https://huggingface.co/api/models/varunneal/flash-attention-3/tree/main/build?recursive=false&expand=false "HTTP/1.1 200 OK"
2026-08-09 12:34:45,696 - httpx - INFO - HTTP Request: GET https://huggingface.co/api/models/varunneal/flash-attention-3/revision/main "HTTP/1.1 200 OK"

                                                       █████                █████
                                                      ░░███                ░░███
     ████████    ██████   ████████    ██████   ██████  ░███████    ██████  ███████
    ░░███░░███  ░░░░░███ ░░███░░███  ███░░███ ███░░███ ░███░░███  ░░░░░███░░░███░
     ░███ ░███   ███████  ░███ ░███ ░███ ░███░███ ░░░  ░███ ░███   ███████  ░███
     ░███ ░███  ███░░███  ░███ ░███ ░███ ░███░███  ███ ░███ ░███  ███░░███  ░███ ███
     ████ █████░░████████ ████ █████░░██████ ░░██████  ████ █████░░███████  ░░█████
    ░░░░ ░░░░░  ░░░░░░░░ ░░░░ ░░░░░  ░░░░░░   ░░░░░░  ░░░░ ░░░░░  ░░░░░░░░   ░░░░░
    
Autodetected device type: cuda
2026-08-09 12:34:46,683 - nanochat.common - INFO - Distributed world size: 1
GPU: NVIDIA H200 | Peak FLOPS (BF16): 9.89e+14
COMPUTE_DTYPE: torch.bfloat16 (auto-detected: CUDA SM 90 (bf16 supported))
✓ Using Flash Attention 3 (Hopper GPU detected) — efficient and fast.
Vocab size: 32,768
[MST] Multi-scale sub windows: [(32, 0), (127, 0), (511, 0), (-1, 0)]
[MST] Using compile-optimized BatchedMSTLayer (N=4, d=128)
[MST] 1A: Per-sub gradient equalization hooks registered
Model config:
{
  "sequence_len": 2048,
  "vocab_size": 32768,
  "n_layer": 8,
  "n_head": 4,
  "n_kv_head": 4,
  "n_embd": 512,
  "use_moe": false,
  "use_perm": false,
  "moe_num_experts": 8,
  "moe_router_dim": 64,
  "moe_embed_dim": 64,
  "dropout": 0.0,
  "use_remix_linear": false,
  "remix_context_dim": 64,
  "remix_context_dim_ratio": 6,
  "remix_basis_size": 64,
  "remix_output_gate_rank": 16,
  "remixed_linear_kwargs": {
    "use_basis_gate": true,
    "use_output_gate": true,
    "use_context": true,
    "basis_gate_mode": "mlp",
    "sparse_gate_k": 0,
    "gate_temperature": 1.0,
    "basis_scale_factor": 4,
    "n_templates": 1,
    "template_routing_learned": false,
    "template_topk": 0,
    "tiny_expert": false,
    "tiny_expert_topk": 16,
    "lokr_expert": false,
    "lokr_n_experts": 64,
    "lokr_topk": 16,
    "lokr_rank": 4,
    "lokr_learned": false,
    "basis_gate_rank": 8,
    "disable_ln_basis": false,
    "chunk_route_impl": "compose",
    "top1_gate": "ones",
    "template_delta_rank": 0,
    "route_side": "output",
    "drop_basis_proj": false,
    "basis_side_templates": 0,
    "grad_equalize": false
  },
  "use_pos_embed": false,
  "moe_use_abs_pos_embed": false,
  "use_layer_context": true,
  "scale_basis_size": true,
  "remix_use_dual_gate": false,
  "remix_use_fused": false,
  "p26_output_gated_linear": 0,
  "p28_shared_basis": 0,
  "p28_chunk_routing_size": 0,
  "p28_global_template_bank": "none",
  "p28_attn_proj_templates": 0,
  "p28_attn_qk_templates": 0,
  "p29_template_block_diag": 0,
  "p29_template_lr_scale": 1.0,
  "p29_grad_equalize": 0,
  "p34_ffn_mult": 4.0,
  "p34_ffn_single": 0,
  "p34_dense_attn": 0,
  "legacy_init_fallback": 0,
  "p35_template_diversity_lambda": 0.0,
  "p22_route_affine": 0,
  "p34_ffn_schedule": "",
  "p34_ffn_no_ffn_replacement": "none",
  "p34_ffn_last_depth": 1,
  "p36_swiglu_ffn": 0,
  "p36_swiglu_mult": 2.6666666666666665,
  "cond_sites": "both",
  "cond_rank": 256,
  "cond_mult_steps": 0,
  "cond_gate_source": "router",
  "cond_coeff_act": "centered",
  "cond_router_rank": 0,
  "cond_live_init": 0.0,
  "cond_router_act": "none",
  "cond_chunk_size": 0,
  "cond_mult_scale": -1.0,
  "cond_mult_impl": "wy",
  "cond_attn_projs": "qkvo",
  "cond_layer_frac": 1.0,
  "perm_expert_mode": "low_rank",
  "perm_rank": 16,
  "router_context_window": -1,
  "router_causal": true,
  "router_num_heads": 4,
  "router_num_queries": 16,
  "router_n_layers": 2,
  "router_use_vocab_prior": false,
  "window_pattern": "SSSL",
  "cclblock_modulation": "weight",
  "cclblock_orth_lambda": 0.0,
  "cclblock_context_stream": "local",
  "cclblock_ema_factor": 0.99,
  "cclblock_stale_ctx_lag": 0,
  "cclblock_sparse_gate_k": 0,
  "cclblock_gate_temperature": 1.0,
  "cclblock_context_bank_size": 0,
  "cclblock_per_head_ctx": false,
  "cclblock_context_source": "norm_x",
  "cclblock_chunk_size": 0,
  "cclblock_aux_objective": "none",
  "cclblock_aux_lambda": 0.1,
  "cclblock_boundary_token_id": 198,
  "use_ral": false,
  "ral_rank": 32,
  "cclblock_film_gate": false,
  "cclblock_attn_shadow_dim": 0,
  "cclblock_dynamic_ratio": 0.25,
  "cclblock_gate_rank": 8,
  "cclblock_num_regimes": 8,
  "cclblock_regime_temperature": 1.0,
  "cclblock_poly_order": 2,
  "cclblock_lie_generators": 4,
  "cclblock_grassmann_bank_size": 4,
  "cclblock_tucker_rank": 32,
  "cclblock_tucker_modes": 8,
  "cclblock_svs_rank": 64,
  "cclblock_svs_eps": 0.1,
  "cclblock_vq_codes": 8,
  "cclblock_vq_temperature": 1.0,
  "cclblock_dcu_warmup_steps": 0,
  "cclblock_fsi_rotations": 8,
  "cclblock_fsi_selector_dim": 64,
  "cclblock_aesp_strata": 4,
  "cclblock_aesp_delta_rank": 4,
  "cclblock_ckr_branches": 4,
  "cclblock_ckr_kernel_size": 64,
  "cclblock_ckr_pos_channels": 1,
  "cclblock_ckr_dual_optim": 0,
  "cclblock_ckr_content_bias": 0.0,
  "cclblock_giad_rank": 32,
  "cclblock_psg_kernel_size": 64,
  "cclblock_ss_dynamic_ratio": 0.25,
  "cclblock_ss_branches": 2,
  "cclblock_ss_kernel_size": 64,
  "cclblock_lokr_branches": 8,
  "cclblock_lokr_rank": 16,
  "cclblock_ckr_temp_start": 2.0,
  "cclblock_ckr_temp_end": 0.3,
  "cclblock_com_kernel_size": 32,
  "cclblock_ckr_ortho_init": 0,
  "cclblock_ckr_branch_dropout": 0.0,
  "cclblock_ckr_diversity_lambda": 0.0,
  "cclblock_ckr_layer_selective": 0,
  "cclblock_pgr_kernel_size": 64,
  "cclblock_cil_kernel_size": 64,
  "cclblock_prb_kernel_size": 64,
  "p18_layer_drop": 0.0,
  "p18_dynamic_activation": 0,
  "p18_mixture_norm": 0,
  "p18_causal_attn_bias": 0,
  "p18_aux_sim_lambda": 0.0,
  "p18_gradient_penalty": 0.0,
  "p18_per_channel_scale": 0,
  "p19_residual_gate": 0,
  "p19_head_importance": 0,
  "p19_residual_mix_groups": 0,
  "p19_attn_logit_bias": 0,
  "p19_residual_decay": 0,
  "p19_grad_equilibrium": 0.0,
  "p19_spectral_reparam": 0,
  "p19_weight_anticollapse": 0.0,
  "p19_ve_bias": 0,
  "p19_weight_noise": 0.0,
  "p20_hrcs_scale": 0,
  "p20_lswr_scale": 0,
  "p20_lswr_planes": 8,
  "p20_lrcfb_branches": 0,
  "p20_lrcfb_narrow": 0,
  "p20_lrcfb_learned": 0,
  "p20_lrcfb_topk": 0,
  "p20_dgcr_branches": 0,
  "p20_dgcr_aux_weight": 0.01,
  "p20_mone_experts": 0,
  "p20_mone_topk": 0,
  "p20_mone_narrow": 1,
  "p20_mone_frozen": 0,
  "p20_ncea_branches": 0,
  "p20_ncea_eps": 0.1,
  "p20_adwi": 0,
  "p20_pwu_branches": 0,
  "p20_pwu_phase": 1,
  "p20_fsvd_gate": 0,
  "p20_wbfc_clusters": 0,
  "p20_wbfc_active": 0,
  "p21_per_experts": 0,
  "p21_per_topk": 0,
  "p21_per_learned": 0,
  "p21_per_attn": 0,
  "p22_attn_moe_route": "none",
  "p23_tiny_expert": 0,
  "p23_n_experts": 64,
  "p23_topk": 16,
  "p23_learned_route": 0,
  "p23_std_moe_experts": 0,
  "p23_std_moe_topk": -1,
  "p23_std_moe_aux_weight": 0.01,
  "p23_lokr": 0,
  "p23_lokr_rank": 4,
  "p23_use_shared_block_router": 0,
  "p23_linear_moe_experts": 0,
  "p23_linear_moe_topk": 0,
  "p23_quantile_route": 0,
  "remix_shared_context_gates": 0,
  "p24_use_sliced_weight": 0,
  "p24_sliced_weight_reduction_scale": 8,
  "p24_sliced_weight_min_select": 128,
  "p24_sliced_weight_scope": "per_token",
  "p24_sliced_weight_balance_coeff": 0.01,
  "p24_quantile_route": 0,
  "p24_use_folded_mod": 0,
  "p24_folded_mod_reduction_scale": 8,
  "p24_folded_mod_min_dim": 128,
  "p24_folded_mod_scope": "per_layer",
  "p24_folded_mod_gate_act": "tanh_centered",
  "p24_use_sequence_gated_linear": 0,
  "p24_sequence_gated_scope": "per_layer",
  "p24_sequence_gated_act": "tanh_centered",
  "remix_disable_ln_basis": 0,
  "dense_intermediate_ln": 0,
  "use_mst": true,
  "mst_n_subs": 4,
  "mst_sub_dim": 128,
  "mst_head_dim": 0,
  "mst_input_mode": "learned_proj",
  "mst_rotated_slice_learned": false,
  "mst_routing_mode": "soft_weighted",
  "mst_routing_topk": 0,
  "mst_routing_aux_weight": 0.01,
  "mst_diversity_weight": 0.0,
  "mst_ffn_mode": "standard",
  "mst_transition_mode": "aggregate_distribute",
  "mst_final_mode": "concat_proj",
  "mst_final_topk": 0,
  "mst_ffn_shared_up": 0,
  "mst_ffn_inner_dim": 0,
  "mst_sub_dropout": 0.0,
  "mst_transition_every": 1,
  "mst_ffa_temperature": 1.0,
  "mst_global_residual": 0,
  "mst_hybrid_dense": 0,
  "mst_cross_sub_kv": 0,
  "mst_sub_aux_weight": 0.0,
  "mst_progressive_merge": 0,
  "mst_multi_scale_windows": 1,
  "mst_delta_residual": 0,
  "mst_sub_layers": 1,
  "mst_grad_equalize": 1,
  "mst_block_diagonal_muon": 1,
  "mst_transition_width_mult": 4.0,
  "mst_sub_lr_scale": 2.0,
  "mst_shared_expert": 0,
  "mst_router_entropy_weight": 0.0,
  "mst_shared_kv_attn": 0,
  "mst_contrastive_diversity_weight": 0.0,
  "mst_transition_nonlinear": 0,
  "mst_transition_gated": 0,
  "mst_transition_mlp": 0,
  "mst_cross_sub_gate": 0,
  "mst_hyper_connect": 0,
  "mst_cross_kv_inject": 0,
  "mst_slice_transition": 0,
  "mst_lookback_layers": 0,
  "mst_bilinear_transition": 0,
  "mst_cross_sub_qmod": 0,
  "mst_feature_cycle": 0,
  "mst_mean_transition": 0,
  "mst_sub_head_dim": 64,
  "mst_final_norm": 0,
  "mst_per_stream_ve": 1,
  "mst_lm_head_dim": 0,
  "mst_compose_windows": 1,
  "mst_channel_mix": "none",
  "mst_channel_mix_site": "layer",
  "mst_distribute_block_muon": 0,
  "mst_trans_spectral_lr": 0,
  "mst_talking_heads": 0,
  "mst_wo_mode": "dense",
  "mst_stream_topk": 0,
  "mst_stream_router_aux": 0.01,
  "mst_stream_router_noise": 0.0,
  "mst_stream_dispatch": 0,
  "mst_stream_capacity_factor": 1.0,
  "mst_stream_gate_attn": 0,
  "mst_ffn_monarch": "roll",
  "mst_shampoo": 0,
  "mst_precond_every": 10,
  "mst_shampoo_beta": 0.95,
  "use_eet": false,
  "eet_frozen_kv": true,
  "eet_reenter_final": false,
  "eet_router_type": "mlp2",
  "eet_router_hidden": 0,
  "eet_freq_prior_alpha": 0.0,
  "eet_pos_prior_beta": 0.0,
  "eet_domain_prior": false,
  "eet_warmup_frac": 0.02,
  "eet_explore_frac": 0.15,
  "eet_reconstruct_lambda": 1.0,
  "eet_efficiency_lambda_start": 0.01,
  "eet_efficiency_lambda_end": 0.1,
  "eet_translator_rank": 0,
  "eet_max_frozen_kv_frac": 0.75,
  "eet_exit_threshold": 0.5,
  "eet_min_exit_layer": 1,
  "eet_loss_variant": "reconstruct",
  "eet_topk_vocab": 512,
  "eet_entropy_lambda": 0.3,
  "eet_surprise_lambda": 0.1,
  "eet_adv_lambda": 1.0,
  "eet_adv_entropy_lambda": 0.2,
  "eet_quality_lambda": 1.0,
  "eet_quality_entropy_bonus": 0.1,
  "eet_gumbel_temp_start": 0.0,
  "eet_gumbel_temp_end": 0.1,
  "eet_gumbel_hard": true,
  "eet_commitment_beta": 0.1,
  "eet_global_router": false,
  "eet_freq_efficiency_alpha": 0.0,
  "eet_diversity_lambda": 0.0,
  "eet_ce_guided_lambda": 1.0,
  "eet_router_lr_mult": 5.0,
  "eet_model_lr_mult": 1.0,
  "eet_depth_weight_type": "none",
  "eet_depth_weight_max": 2.5,
  "eet_use_override": 0,
  "eet_override_prob_start": 0.5,
  "eet_override_prob_end": 0.1,
  "eet_compute_skip": false,
  "eet_target_active_frac": 0.125,
  "eet_capacity_schedule": "bell",
  "eet_exit_fracs": null,
  "eet_capacity_alignment_lambda": 0.0,
  "eet_router_task_grad": true,
  "eet_reinforce_interval": 0,
  "eet_reinforce_lambda": 0.1,
  "eet_exit_adapter_rank": 0,
  "eet_router_after_block": 0,
  "eet_ffn_skip": false,
  "eet_ffn_target_frac": 0.5,
  "eet_ffn_full_attn": true,
  "eet_depth_affine": false,
  "eet_capacity_anneal_frac": 0.0,
  "eet_learned_schedule": false,
  "eet_departure_summary": false,
  "eet_route_consistency_lambda": 0.0,
  "eet_dense_distill_interval": 0,
  "eet_dense_distill_lambda": 0.5,
  "eet_depth_lr_scale": false,
  "eet_depth_grad_scale": false,
  "eet_detach_aux_from_backbone": false,
  "eet_detach_exit_from_backbone": false
}
Seeded weight init with --seed 2
Checkpoints directory: /__modal/volumes/vo-5lJiXYRRv6peac8JOAv0eu/out/p08_mst_parity/d8/MON_roll_s2/depth_8/ckpt_base/base
✓ Wrapping model with DistributedDataParallel (rank 0, find_unused_parameters=False)
Parameter counts:
wte                     : 16,777,216
wpe                     : 0
value_embeds            : 67,108,864
lm_head                 : 16,777,216
transformer_matrices    : 9,966,592
research                : 0
scalars                 : 16
total                   : 110,629,904
Estimated FLOPs per token (total):  1.749965e+08
Estimated FLOPs per token (active): 1.749965e+08
Estimated active params:            110,629,904
[MST] Multi-scale sub windows: [(32, 0), (127, 0), (511, 0), (-1, 0)]
[MST] Using compile-optimized BatchedMSTLayer (N=4, d=128)
[MST] 1A: Per-sub gradient equalization hooks registered
Scaling LRs by 0.7071 for batch size 262,144 (reference: 524,288)
Scaling weight decay from 0.200000 to 0.166387 for depth 8
Scaling AdamW LRs ∝1/√(512/768) = 1.224745
[MST] Per-sub Muon LR scaled by 2.00× → 0.028284
[MST] 1B: Block-diagonal Muon enabled (N=4 blocks)
Calculated number of iterations from target data:param ratio: 1,071
Total number of training tokens: 280,756,224
Tokens : Scaling params ratio: 10.50
Total training FLOPs estimate: 4.913135e+16
Total active training FLOPs estimate: 4.913135e+16
Using base scheduler: linear warmup/flat/linear warmdown
[MST] Diagnostics will be logged to: /__modal/volumes/vo-5lJiXYRRv6peac8JOAv0eu/out/p08_mst_parity/d8/MON_roll_s2/depth_8/ckpt_base/base/mst_diagnostics.jsonl
Tokens / micro-batch / rank: 128 x 2048 = 262,144
Tokens / micro-batch: 262,144
Total batch size 262,144 => gradient accumulation steps: 1
Running pre-compilation warmup (1 dummy forward+backward to init lazy allocations)...
[rank0]:W0809 12:34:47.279000 63085 site-packages/torch/_logging/_internal.py:1199] [0/0] Profiler function <class 'torch.autograd.profiler.record_function'> will be ignored
Warmup complete. Steady-state VRAM: 1.1 GB allocated
  [MST diag] ERROR: [Errno 2] No such file or directory: '/__modal/volumes/vo-5lJiXYRRv6peac8JOAv0eu/out/p08_mst_parity/d8/MON_roll_s2/depth_8/ckpt_base/base/mst_diagnostics.jsonl'
step 00000/01071 (0.00%) | loss: 10.477697 | lrm: 0.20 | lr(adamw:8.142e-02, muon:3.889e-03) | dt: 25888.12ms | tok/sec: 10,126 | bf16_mfu: 0.18 | epoch: 1 pq: 0 rg: 1 | total time: 0.00m
2026-08-09 12:36:41,300 - nanochat.checkpoint_manager - INFO - Saved model parameters to: /__modal/volumes/vo-5lJiXYRRv6peac8JOAv0eu/out/p08_mst_parity/d8/MON_roll_s2/depth_8/ckpt_base/base/model_000200.pt
2026-08-09 12:36:41,303 - nanochat.checkpoint_manager - INFO - Saved metadata to: /__modal/volumes/vo-5lJiXYRRv6peac8JOAv0eu/out/p08_mst_parity/d8/MON_roll_s2/depth_8/ckpt_base/base/meta_000200.json
2026-08-09 12:36:42,777 - nanochat.checkpoint_manager - INFO - Saved optimizer state to: /__modal/volumes/vo-5lJiXYRRv6peac8JOAv0eu/out/p08_mst_parity/d8/MON_roll_s2/depth_8/ckpt_base/base/optim_000200_rank0.pt
  [MST diag] sub_sim=[-0.015, -0.004, 0.001, 0.004, 0.006, 0.009, 0.008, 0.007] | route_ent=[1.242, 1.164, 1.242, 1.258, 1.281, 1.281, 1.320, 1.344] | grad_norm=[0.053, 0.035, 0.034, 0.030]
step 00200/01071 (18.67%) | loss: 4.134361 | lrm: 1.00 | lr(adamw:4.071e-01, muon:1.945e-02) | dt: 273.88ms | tok/sec: 957,165 | bf16_mfu: 16.94 | epoch: 1 pq: 1 rg: 17 | total time: 0.78m | eta: 3.6m
2026-08-09 12:37:29,183 - nanochat.checkpoint_manager - INFO - Saved model parameters to: /__modal/volumes/vo-5lJiXYRRv6peac8JOAv0eu/out/p08_mst_parity/d8/MON_roll_s2/depth_8/ckpt_base/base/model_000400.pt
2026-08-09 12:37:29,186 - nanochat.checkpoint_manager - INFO - Saved metadata to: /__modal/volumes/vo-5lJiXYRRv6peac8JOAv0eu/out/p08_mst_parity/d8/MON_roll_s2/depth_8/ckpt_base/base/meta_000400.json
2026-08-09 12:37:30,334 - nanochat.checkpoint_manager - INFO - Saved optimizer state to: /__modal/volumes/vo-5lJiXYRRv6peac8JOAv0eu/out/p08_mst_parity/d8/MON_roll_s2/depth_8/ckpt_base/base/optim_000400_rank0.pt
Removed previous periodic checkpoint at step 000200
  [MST diag] sub_sim=[-0.056, -0.053, -0.040, -0.057, -0.051, -0.045, -0.038, -0.032] | route_ent=[1.180, 1.164, 1.266, 1.250, 1.266, 1.219, 1.258, 1.297] | grad_norm=[0.034, 0.026, 0.027, 0.026]
step 00400/01071 (37.35%) | loss: 3.843143 | lrm: 0.97 | lr(adamw:3.932e-01, muon:1.878e-02) | dt: 263.36ms | tok/sec: 995,397 | bf16_mfu: 17.61 | epoch: 1 pq: 2 rg: 30 | total time: 1.55m | eta: 2.7m
2026-08-09 12:38:17,794 - nanochat.checkpoint_manager - INFO - Saved model parameters to: /__modal/volumes/vo-5lJiXYRRv6peac8JOAv0eu/out/p08_mst_parity/d8/MON_roll_s2/depth_8/ckpt_base/base/model_000600.pt
2026-08-09 12:38:17,798 - nanochat.checkpoint_manager - INFO - Saved metadata to: /__modal/volumes/vo-5lJiXYRRv6peac8JOAv0eu/out/p08_mst_parity/d8/MON_roll_s2/depth_8/ckpt_base/base/meta_000600.json
2026-08-09 12:38:18,881 - nanochat.checkpoint_manager - INFO - Saved optimizer state to: /__modal/volumes/vo-5lJiXYRRv6peac8JOAv0eu/out/p08_mst_parity/d8/MON_roll_s2/depth_8/ckpt_base/base/optim_000600_rank0.pt
Removed previous periodic checkpoint at step 000400
  [MST diag] sub_sim=[-0.077, -0.075, -0.068, -0.084, -0.075, -0.065, -0.059, -0.044] | route_ent=[1.172, 1.172, 1.281, 1.273, 1.273, 1.227, 1.273, 1.305] | grad_norm=[0.027, 0.021, 0.023, 0.023]
step 00600/01071 (56.02%) | loss: 3.674695 | lrm: 0.69 | lr(adamw:2.821e-01, muon:1.347e-02) | dt: 270.42ms | tok/sec: 969,406 | bf16_mfu: 17.15 | epoch: 1 pq: 3 rg: 44 | total time: 2.33m | eta: 1.9m
2026-08-09 12:39:06,329 - nanochat.checkpoint_manager - INFO - Saved model parameters to: /__modal/volumes/vo-5lJiXYRRv6peac8JOAv0eu/out/p08_mst_parity/d8/MON_roll_s2/depth_8/ckpt_base/base/model_000800.pt
2026-08-09 12:39:06,332 - nanochat.checkpoint_manager - INFO - Saved metadata to: /__modal/volumes/vo-5lJiXYRRv6peac8JOAv0eu/out/p08_mst_parity/d8/MON_roll_s2/depth_8/ckpt_base/base/meta_000800.json
2026-08-09 12:39:07,464 - nanochat.checkpoint_manager - INFO - Saved optimizer state to: /__modal/volumes/vo-5lJiXYRRv6peac8JOAv0eu/out/p08_mst_parity/d8/MON_roll_s2/depth_8/ckpt_base/base/optim_000800_rank0.pt
Removed previous periodic checkpoint at step 000600
  [MST diag] sub_sim=[-0.087, -0.079, -0.080, -0.097, -0.084, -0.073, -0.067, -0.050] | route_ent=[1.172, 1.188, 1.289, 1.289, 1.297, 1.242, 1.281, 1.312] | grad_norm=[0.021, 0.015, 0.016, 0.016]
step 00800/01071 (74.70%) | loss: 3.556567 | lrm: 0.42 | lr(adamw:1.709e-01, muon:8.165e-03) | dt: 259.26ms | tok/sec: 1,011,113 | bf16_mfu: 17.89 | epoch: 1 pq: 4 rg: 58 | total time: 3.10m | eta: 1.1m
2026-08-09 12:39:54,105 - nanochat.checkpoint_manager - INFO - Saved model parameters to: /__modal/volumes/vo-5lJiXYRRv6peac8JOAv0eu/out/p08_mst_parity/d8/MON_roll_s2/depth_8/ckpt_base/base/model_001000.pt
2026-08-09 12:39:54,108 - nanochat.checkpoint_manager - INFO - Saved metadata to: /__modal/volumes/vo-5lJiXYRRv6peac8JOAv0eu/out/p08_mst_parity/d8/MON_roll_s2/depth_8/ckpt_base/base/meta_001000.json
2026-08-09 12:39:55,414 - nanochat.checkpoint_manager - INFO - Saved optimizer state to: /__modal/volumes/vo-5lJiXYRRv6peac8JOAv0eu/out/p08_mst_parity/d8/MON_roll_s2/depth_8/ckpt_base/base/optim_001000_rank0.pt
Removed previous periodic checkpoint at step 000800
  [MST diag] sub_sim=[-0.090, -0.082, -0.084, -0.099, -0.086, -0.075, -0.068, -0.049] | route_ent=[1.164, 1.195, 1.297, 1.297, 1.297, 1.250, 1.281, 1.312] | grad_norm=[0.016, 0.012, 0.013, 0.013]
step 01000/01071 (93.37%) | loss: 3.469687 | lrm: 0.15 | lr(adamw:5.980e-02, muon:2.857e-03) | dt: 260.51ms | tok/sec: 1,006,254 | bf16_mfu: 17.80 | epoch: 1 pq: 5 rg: 73 | total time: 3.87m | eta: 0.3m
  [MST diag] sub_sim=[-0.089, -0.080, -0.084, -0.099, -0.084, -0.074, -0.067, -0.048] | route_ent=[1.172, 1.195, 1.297, 1.297, 1.297, 1.250, 1.281, 1.312] | grad_norm=[0.016, 0.012, 0.013, 0.012]
step 01070/01071 (99.91%) | loss: 3.440284 | lrm: 0.05 | lr(adamw:2.091e-02, muon:9.988e-04) | dt: 247.00ms | tok/sec: 1,061,295 | bf16_mfu: 18.78 | epoch: 1 pq: 6 rg: 24 | total time: 4.14m | eta: 0.0m
/usr/local/lib/python3.12/site-packages/torch/_dynamo/variables/functions.py:1598: UserWarning: Dynamo does not know how to trace the builtin `torch._C._distributed_c10d.pybind11_detail_function_record_v1_system_libstdcpp_gxx_abi_1xxx_use_cxx11_abi_1._broadcast_coalesced.` This function is either a Python builtin (e.g. _warnings.warn) or a third-party C/C++ Python extension (perhaps created with pybind).
If it is a Python builtin, please file an issue on GitHub so the PyTorch team can add support for it and see the next case for a workaround.
If it is a third-party C/C++ Python extension, please either wrap it into a PyTorch-understood custom operator (see https://pytorch.org/tutorials/advanced/custom_ops_landing_page.html for more details) or, if it is traceable, use `torch.compiler.allow_in_graph`.
  torch._dynamo.utils.warn_once(explanation + "\n" + "\n".join(hints))
Step 01071 | Validation bpb: 1.025441 | val_loss: 3.363632
<|bos|>The capital of France is the capital of the capital of the capital of the capital of the capital of the
<|bos|>The chemical symbol of gold is a symbol of purity and innocence. It is a symbol of purity and innoc
<|bos|>If yesterday was Friday, then tomorrow will be Friday. I'm not sure if it's a good time to get a new
<|bos|>The opposite of hot is the case. The temperature of the water is 100 degrees Fahrenheit. The
<|bos|>The planets of the solar system are: 1. Solar system is a system of solar system that is made up of
<|bos|>My favorite color is the red, green, and blue. I have a lot of color in my
<|bos|>If 5*x + 3 = 13, then x is 5*x + 3 = 13, then x is 5
2026-08-09 12:40:53,389 - nanochat.checkpoint_manager - INFO - Saved model parameters to: /__modal/volumes/vo-5lJiXYRRv6peac8JOAv0eu/out/p08_mst_parity/d8/MON_roll_s2/depth_8/ckpt_base/base/model_001071.pt
2026-08-09 12:40:53,392 - nanochat.checkpoint_manager - INFO - Saved metadata to: /__modal/volumes/vo-5lJiXYRRv6peac8JOAv0eu/out/p08_mst_parity/d8/MON_roll_s2/depth_8/ckpt_base/base/meta_001071.json
2026-08-09 12:40:54,482 - nanochat.checkpoint_manager - INFO - Saved optimizer state to: /__modal/volumes/vo-5lJiXYRRv6peac8JOAv0eu/out/p08_mst_parity/d8/MON_roll_s2/depth_8/ckpt_base/base/optim_001071_rank0.pt
step 01071/01071 (final) | loss: 3.440284 | early_stop: 0
Peak memory usage: 68593.44MiB
Total training time: 4.14m
Minimum validation bpb: 1.025441
Minimum validation loss (nats/byte): 3.363632
[MST] Results appended → /__modal/volumes/vo-5lJiXYRRv6peac8JOAv0eu/out/p08_mst_parity/d8/MON_roll_s2/depth_8/ckpt_base/mst_results.csv
[MST] mst_results.csv has an older column set; writing to mst_results_v4.csv instead
[MST] Results appended → /__modal/volumes/vo-5lJiXYRRv6peac8JOAv0eu/mst_results_v4.csv
Final Validation BPB for base: 1.0254

--- Generating Report ---
Saved plot to out/p08_mst_parity/d8/MON_roll_s2/depth_8/comparison_depth_8.png
Saved TSV data to out/p08_mst_parity/d8/MON_roll_s2/depth_8/results_depth_8.tsv
Generating report to out/report/report.md
Copying report.md to current directory for convenience
================================================================
Sweep Complete! Results saved to out/p08_mst_parity/d8/MON_roll_s2
================================================================
✅  MON_roll_s2

━━━ MON_shuffle_k1_s1  (depth 8) ━━━
Requested NPROC_PER_NODE=8, but only 1 GPU(s) visible. Capping.
Using NPROC_PER_NODE=1
NANOCHAT_SKIP_ENV_SETUP=0
===== GPU Info =====
Sun Aug  9 12:41:01 2026       
+-----------------------------------------------------------------------------------------+
| NVIDIA-SMI 580.95.05              Driver Version: 580.95.05      CUDA Version: 13.0     |
+-----------------------------------------+------------------------+----------------------+
| GPU  Name                 Persistence-M | Bus-Id          Disp.A | Volatile Uncorr. ECC |
| Fan  Temp   Perf          Pwr:Usage/Cap |           Memory-Usage | GPU-Util  Compute M. |
|                                         |                        |               MIG M. |
|=========================================+========================+======================|
|   0  NVIDIA H200                    On  |   00000000:C5:00.0 Off |                    0 |
| N/A   43C    P0             81W /  700W |       4MiB / 143771MiB |      0%      Default |
|                                         |                        |             Disabled |
+-----------------------------------------+------------------------+----------------------+

+-----------------------------------------------------------------------------------------+
| Processes:                                                                              |
|  GPU   GI   CI              PID   Type   Process name                        GPU Memory |
|        ID   ID                                                               Usage      |
|=========================================================================================|
|  No running processes found                                                             |
+-----------------------------------------------------------------------------------------+
Starting Research Sweep. Output directory: out/p08_mst_parity/d8/MON_shuffle_k1_s1
UV_SYSTEM_PYTHON=1: using system Python, skipping venv creation.
Validating system environment dependencies via uv...
Using Python 3.12.10 environment at: /usr/local
Resolved 158 packages in 283ms
   Building nanochat @ file:///__modal/volumes/vo-5lJiXYRRv6peac8JOAv0eu
      Built nanochat @ file:///__modal/volumes/vo-5lJiXYRRv6peac8JOAv0eu
Prepared 1 package in 1.30s
Uninstalled 1 package in 0.78ms
Installed 1 package in 2ms
 ~ nanochat==0.1.0 (from file:///__modal/volumes/vo-5lJiXYRRv6peac8JOAv0eu)
Reset report and wrote header to out/report/header.md
Dataset (up to 300 shards) already exists in data, skipping download.
Tokenizer already exists in tokenizer, skipping training.
================================================================
Processing Depth: 8
================================================================
2026-08-09 12:41:13,884 - httpx - INFO - HTTP Request: HEAD https://huggingface.co/varunneal/flash-attention-3/resolve/main/kernel-status.toml "HTTP/1.1 404 Not Found"
2026-08-09 12:41:14,069 - httpx - INFO - HTTP Request: GET https://huggingface.co/api/models/varunneal/flash-attention-3/tree/main/build?recursive=false&expand=false "HTTP/1.1 200 OK"
2026-08-09 12:41:14,206 - httpx - INFO - HTTP Request: GET https://huggingface.co/api/models/varunneal/flash-attention-3/revision/main "HTTP/1.1 200 OK"
[sweep] Requested 8 DDP workers but only 1 GPU(s) available — using 1.
================================================================
Starting Sweep for Depth 8
Target Tokens: Auto (per-model param count)
================================================================
  Overriding default target_dim (128) with full model_dim 512

--- Training base ---

  ┌─────────────────────────────────────────────────────┐
  │  🆕  STARTING FRESH: [base]
  │     No checkpoints found — training from scratch.
  └─────────────────────────────────────────────────────┘

Running: /usr/local/bin/torchrun --standalone --nproc_per_node=1 -m scripts.base_train --depth 8 --aspect-ratio 64 --head-dim 128 --model-dim 512 --max-seq-len 2048 --device-batch-size 128 --total-batch-size 262144 --target-tokens -1 --target-param-data-ratio 10.5 --eval-every -1 --log-every 200 --core-metric-every 0 --save-every 200 --warmup-ratio 0.005 --warmdown-ratio 0.65 --final-lr-frac 0.05 --adam-beta2 0.99 --research-warmup-ratio 0.05 --use-onecycle 0 --router-context-window -1 --remix-use-basis-gate 1 --remix-use-output-gate 1 --remix-use-context 1 --remix-basis-gate-mode mlp --remix-gate-lr-scale 0.3 --p22-n-templates 1 --p22-template-routing-learned 0 --p22-template-topk 0 --p22-attn-moe-route none --p26-output-gated-linear 0 --p28-shared-basis 0 --p28-chunk-routing-size 0 --p28-global-template-bank none --p28-attn-proj-templates 0 --p28-attn-qk-templates 0 --p31-chunk-route-impl compose --p31-top1-gate ones --p31-template-delta-rank 0 --p31-route-side output --p31-drop-basis-proj 0 --p31-basis-side-templates 0 --remix-template-block-diag 0 --remix-template-lr-scale 1.0 --p29-grad-equalize 0 --target-active-params 0 --remix-basis-gate-rank 8 --cclblock-modulation weight --cclblock-orth-lambda 0.0 --p35-template-diversity-lambda 0.0 --cclblock-context-stream local --cclblock-ema-factor 0.99 --cclblock-stale-ctx-lag 0 --cclblock-sparse-gate-k 0 --cclblock-gate-temperature 1.0 --cclblock-context-bank-size 0 --cclblock-per-head-ctx 0 --cclblock-context-source norm_x --cclblock-chunk-size 0 --cclblock-aux-objective none --cclblock-aux-lambda 0.1 --cclblock-boundary-token-id 198 --use-ral 0 --ral-rank 32 --p34-ffn-schedule  --p34-ffn-no-ffn-replacement none --p34-ffn-last-depth 1 --p36-swiglu-ffn 0 --p36-swiglu-mult 2.6666666666666665 --cond-sites both --p22-route-affine 0 --cond-rank 256 --cond-mult-steps 0 --cond-gate-source router --cond-coeff-act centered --cond-router-rank 0 --cond-router-act none --cond-live-init 0.0 --cond-chunk-size 0 --cond-mult-scale -1.0 --cond-mult-impl wy --cond-attn-projs qkvo --cond-layer-frac 1.0 --cclblock-film-gate 0 --cclblock-attn-shadow-dim 0 --cclblock-dynamic-ratio 0.25 --cclblock-gate-rank 8 --cclblock-num-regimes 8 --cclblock-regime-temperature 1.0 --cclblock-poly-order 2 --cclblock-lie-generators 4 --cclblock-grassmann-bank-size 4 --cclblock-tucker-rank 32 --cclblock-tucker-modes 8 --cclblock-svs-rank 64 --cclblock-svs-eps 0.1 --cclblock-vq-codes 8 --cclblock-vq-temperature 1.0 --cclblock-dcu-warmup-steps 0 --cclblock-fsi-rotations 8 --cclblock-fsi-selector-dim 64 --cclblock-aesp-strata 4 --cclblock-aesp-delta-rank 4 --cclblock-ckr-branches 4 --cclblock-ckr-kernel-size 64 --cclblock-ckr-pos-channels 1 --cclblock-ckr-dual-optim 0 --cclblock-ckr-content-bias 0.0 --cclblock-giad-rank 32 --cclblock-psg-kernel-size 64 --cclblock-ss-dynamic-ratio 0.25 --cclblock-ss-branches 2 --cclblock-ss-kernel-size 64 --cclblock-lokr-branches 8 --cclblock-lokr-rank 16 --cclblock-ckr-temp-start 2.0 --cclblock-ckr-temp-end 0.3 --cclblock-com-kernel-size 32 --cclblock-ckr-ortho-init 0 --cclblock-ckr-branch-dropout 0.0 --cclblock-ckr-diversity-lambda 0.0 --cclblock-pgr-kernel-size 64 --cclblock-cil-kernel-size 64 --cclblock-prb-kernel-size 64 --p18-layer-drop 0.0 --p18-dynamic-activation 0 --p18-mixture-norm 0 --p18-aux-sim-lambda 0.0 --p18-gradient-penalty 0.0 --p18-per-channel-scale 0 --p19-residual-gate 0 --p19-head-importance 0 --p19-residual-mix-groups 0 --p19-attn-logit-bias 0 --p19-residual-decay 0 --p19-grad-equilibrium 0.0 --p19-spectral-reparam 0 --p19-weight-anticollapse 0.0 --p19-ve-bias 0 --p19-weight-noise 0.0 --p20-hrcs-scale 0 --p20-lswr-scale 0 --p20-lswr-planes 8 --p20-lrcfb-branches 0 --p20-lrcfb-narrow 0 --p20-lrcfb-learned 0 --p20-lrcfb-topk 0 --p20-dgcr-branches 0 --p20-dgcr-aux-weight 0.01 --p20-mone-experts 0 --p20-mone-topk 0 --p20-mone-narrow 1 --p20-mone-frozen 0 --p20-ncea-branches 0 --p20-ncea-eps 0.1 --p20-adwi 0 --p20-pwu-branches 0 --p20-pwu-phase 1 --p20-fsvd-gate 0 --p20-wbfc-clusters 0 --p20-wbfc-active 0 --p21-per-experts 0 --p21-per-topk 0 --p21-per-learned 0 --p21-per-attn 0 --p23-tiny-expert 0 --p23-n-experts 64 --p23-topk 16 --p23-learned-route 0 --p23-std-moe-experts 0 --p23-std-moe-topk -1 --p23-std-moe-aux-weight 0.01 --p23-lokr 0 --p23-lokr-rank 4 --p23-use-shared-block-router 0 --p23-linear-moe-experts 0 --p23-linear-moe-topk 0 --p23-quantile-route 0 --seed 1 --p34-ffn-mult 4.0 --p34-ffn-single 0 --p34-dense-attn 0 --p24-use-sliced-weight 0 --p24-sliced-weight-reduction-scale 8 --p24-sliced-weight-min-select 128 --p24-sliced-weight-scope per_token --p24-sliced-weight-balance-coeff 0.01 --p24-quantile-route 0 --p24-use-folded-mod 0 --p24-folded-mod-reduction-scale 8 --p24-folded-mod-scope per_layer --p24-folded-mod-gate-act tanh_centered --p24-use-sequence-gated-linear 0 --p24-sequence-gated-scope per_layer --p24-sequence-gated-act tanh_centered --p24-folded-mod-min-dim 128 --remix-shared-context-gates 0 --remix-use-dual-gate 0 --remix-basis-scale-factor 4 --remix-output-gate-rank 16 --p24-use-sliced-weight 0 --p24-sliced-weight-reduction-scale 8 --p24-sliced-weight-min-select 128 --p24-sliced-weight-scope per_token --p24-sliced-weight-balance-coeff 0.01 --p24-quantile-route 0 --p24-use-folded-mod 0 --p24-folded-mod-reduction-scale 8 --p24-folded-mod-scope per_layer --p24-folded-mod-gate-act tanh_centered --p24-use-sequence-gated-linear 0 --p24-sequence-gated-scope per_layer --p24-sequence-gated-act tanh_centered --remix-disable-ln-basis 0 --dense-intermediate-ln 0 --use-mst 1 --mst-n-subs 4 --mst-sub-dim 128 --mst-head-dim 0 --mst-input-mode learned_proj --mst-rotated-slice-learned 0 --mst-routing-mode soft_weighted --mst-routing-topk 0 --mst-routing-aux-weight 0.01 --mst-diversity-weight 0.0 --mst-ffn-mode standard --mst-transition-mode aggregate_distribute --mst-final-mode concat_proj --mst-final-topk 0 --mst-ffn-shared-up 0 --mst-ffn-inner-dim 0 --mst-sub-dropout 0.0 --mst-transition-every 1 --mst-ffa-temperature 1.0 --mst-global-residual 0 --mst-hybrid-dense 0 --mst-cross-sub-kv 0 --mst-sub-aux-weight 0.0 --mst-progressive-merge 0 --mst-multi-scale-windows 1 --mst-delta-residual 0 --mst-sub-layers 1 --mst-grad-equalize 1 --mst-block-diagonal-muon 1 --mst-transition-width-mult 4.0 --mst-sub-lr-scale 2.0 --mst-shared-expert 0 --mst-router-entropy-weight 0.0 --mst-shared-kv-attn 0 --mst-contrastive-diversity-weight 0.0 --mst-transition-nonlinear 0 --mst-transition-gated 0 --mst-transition-mlp 0 --mst-cross-sub-gate 0 --mst-hyper-connect 0 --mst-cross-kv-inject 0 --mst-slice-transition 0 --mst-lookback-layers 0 --mst-bilinear-transition 0 --mst-cross-sub-qmod 0 --mst-feature-cycle 0 --mst-mean-transition 0 --mst-sub-head-dim 64 --mst-final-norm 0 --mst-per-stream-ve 1 --mst-lm-head-dim 0 --mst-compose-windows 1 --mst-channel-mix none --mst-channel-mix-site layer --mst-distribute-block-muon 0 --mst-trans-spectral-lr 0 --mst-talking-heads 0 --mst-wo-mode dense --mst-stream-topk 1 --mst-stream-router-aux 0.01 --mst-stream-router-noise 1.0 --mst-stream-dispatch 0 --mst-stream-capacity-factor 1.0 --mst-stream-gate-attn 0 --mst-ffn-monarch shuffle --mst-shampoo 0 --mst-precond-every 10 --mst-shampoo-beta 0.95 --use-eet 0 --eet-frozen-kv 1 --eet-reenter-final 0 --eet-compute-skip 0 --eet-target-active-frac 0.125 --eet-capacity-schedule bell --eet-exit-fracs  --eet-router-type mlp2 --eet-router-hidden 0 --eet-freq-prior-alpha 0.0 --eet-pos-prior-beta 0.0 --eet-domain-prior 0 --eet-warmup-frac 0.02 --eet-explore-frac 0.15 --eet-reconstruct-lambda 1.0 --eet-efficiency-lambda-start 0.01 --eet-efficiency-lambda-end 0.1 --eet-translator-rank 0 --eet-max-frozen-kv-frac 0.75 --eet-exit-threshold 0.5 --eet-min-exit-layer 1 --eet-loss-variant reconstruct --eet-topk-vocab 512 --eet-entropy-lambda 0.3 --eet-surprise-lambda 0.1 --eet-adv-lambda 1.0 --eet-adv-entropy-lambda 0.2 --eet-quality-lambda 1.0 --eet-quality-entropy-bonus 0.1 --eet-gumbel-temp-start 0.0 --eet-gumbel-temp-end 0.1 --eet-gumbel-hard 1 --eet-commitment-beta 0.1 --eet-global-router 0 --eet-freq-efficiency-alpha 0.0 --eet-diversity-lambda 0.0 --eet-ce-guided-lambda 1.0 --eet-router-lr-mult 5.0 --eet-model-lr-mult 1.0 --eet-depth-weight-type none --eet-depth-weight-max 2.5 --eet-use-override 0 --eet-override-prob-start 0.5 --eet-override-prob-end 0.1 --eet-capacity-alignment-lambda 0.0 --eet-router-task-grad 1 --eet-reinforce-interval 0 --eet-reinforce-lambda 0.1 --eet-exit-adapter-rank 0 --eet-router-after-block 0 --eet-ffn-skip 0 --eet-ffn-target-frac 0.5 --eet-ffn-full-attn 1 --eet-depth-affine 0 --eet-capacity-anneal-frac 0.0 --eet-learned-schedule 0 --eet-departure-summary 0 --eet-route-consistency-lambda 0.0 --eet-dense-distill-interval 0 --eet-dense-distill-lambda 0.5 --eet-depth-lr-scale 0 --eet-depth-grad-scale 0 --eet-detach-aux-from-backbone 0 --eet-detach-exit-from-backbone 0 --compile --tokenizer-dir tokenizer --data-dir data --max-shards 300 --checkpoints-dir /__modal/volumes/vo-5lJiXYRRv6peac8JOAv0eu/out/p08_mst_parity/d8/MON_shuffle_k1_s1/depth_8/ckpt_base --model-tag base
2026-08-09 12:41:22,193 - httpx - INFO - HTTP Request: HEAD https://huggingface.co/varunneal/flash-attention-3/resolve/main/kernel-status.toml "HTTP/1.1 404 Not Found"
2026-08-09 12:41:22,387 - httpx - INFO - HTTP Request: GET https://huggingface.co/api/models/varunneal/flash-attention-3/tree/main/build?recursive=false&expand=false "HTTP/1.1 200 OK"
2026-08-09 12:41:22,526 - httpx - INFO - HTTP Request: GET https://huggingface.co/api/models/varunneal/flash-attention-3/revision/main "HTTP/1.1 200 OK"

                                                       █████                █████
                                                      ░░███                ░░███
     ████████    ██████   ████████    ██████   ██████  ░███████    ██████  ███████
    ░░███░░███  ░░░░░███ ░░███░░███  ███░░███ ███░░███ ░███░░███  ░░░░░███░░░███░
     ░███ ░███   ███████  ░███ ░███ ░███ ░███░███ ░░░  ░███ ░███   ███████  ░███
     ░███ ░███  ███░░███  ░███ ░███ ░███ ░███░███  ███ ░███ ░███  ███░░███  ░███ ███
     ████ █████░░████████ ████ █████░░██████ ░░██████  ████ █████░░███████  ░░█████
    ░░░░ ░░░░░  ░░░░░░░░ ░░░░ ░░░░░  ░░░░░░   ░░░░░░  ░░░░ ░░░░░  ░░░░░░░░   ░░░░░
    
Autodetected device type: cuda
2026-08-09 12:41:23,680 - nanochat.common - INFO - Distributed world size: 1
GPU: NVIDIA H200 | Peak FLOPS (BF16): 9.89e+14
COMPUTE_DTYPE: torch.bfloat16 (auto-detected: CUDA SM 90 (bf16 supported))
✓ Using Flash Attention 3 (Hopper GPU detected) — efficient and fast.
Vocab size: 32,768
[MST] Multi-scale sub windows: [(32, 0), (127, 0), (511, 0), (-1, 0)]
[MST] Using compile-optimized BatchedMSTLayer (N=4, d=128)
[MST] 1A: Per-sub gradient equalization hooks registered
Model config:
{
  "sequence_len": 2048,
  "vocab_size": 32768,
  "n_layer": 8,
  "n_head": 4,
  "n_kv_head": 4,
  "n_embd": 512,
  "use_moe": false,
  "use_perm": false,
  "moe_num_experts": 8,
  "moe_router_dim": 64,
  "moe_embed_dim": 64,
  "dropout": 0.0,
  "use_remix_linear": false,
  "remix_context_dim": 64,
  "remix_context_dim_ratio": 6,
  "remix_basis_size": 64,
  "remix_output_gate_rank": 16,
  "remixed_linear_kwargs": {
    "use_basis_gate": true,
    "use_output_gate": true,
    "use_context": true,
    "basis_gate_mode": "mlp",
    "sparse_gate_k": 0,
    "gate_temperature": 1.0,
    "basis_scale_factor": 4,
    "n_templates": 1,
    "template_routing_learned": false,
    "template_topk": 0,
    "tiny_expert": false,
    "tiny_expert_topk": 16,
    "lokr_expert": false,
    "lokr_n_experts": 64,
    "lokr_topk": 16,
    "lokr_rank": 4,
    "lokr_learned": false,
    "basis_gate_rank": 8,
    "disable_ln_basis": false,
    "chunk_route_impl": "compose",
    "top1_gate": "ones",
    "template_delta_rank": 0,
    "route_side": "output",
    "drop_basis_proj": false,
    "basis_side_templates": 0,
    "grad_equalize": false
  },
  "use_pos_embed": false,
  "moe_use_abs_pos_embed": false,
  "use_layer_context": true,
  "scale_basis_size": true,
  "remix_use_dual_gate": false,
  "remix_use_fused": false,
  "p26_output_gated_linear": 0,
  "p28_shared_basis": 0,
  "p28_chunk_routing_size": 0,
  "p28_global_template_bank": "none",
  "p28_attn_proj_templates": 0,
  "p28_attn_qk_templates": 0,
  "p29_template_block_diag": 0,
  "p29_template_lr_scale": 1.0,
  "p29_grad_equalize": 0,
  "p34_ffn_mult": 4.0,
  "p34_ffn_single": 0,
  "p34_dense_attn": 0,
  "legacy_init_fallback": 0,
  "p35_template_diversity_lambda": 0.0,
  "p22_route_affine": 0,
  "p34_ffn_schedule": "",
  "p34_ffn_no_ffn_replacement": "none",
  "p34_ffn_last_depth": 1,
  "p36_swiglu_ffn": 0,
  "p36_swiglu_mult": 2.6666666666666665,
  "cond_sites": "both",
  "cond_rank": 256,
  "cond_mult_steps": 0,
  "cond_gate_source": "router",
  "cond_coeff_act": "centered",
  "cond_router_rank": 0,
  "cond_live_init": 0.0,
  "cond_router_act": "none",
  "cond_chunk_size": 0,
  "cond_mult_scale": -1.0,
  "cond_mult_impl": "wy",
  "cond_attn_projs": "qkvo",
  "cond_layer_frac": 1.0,
  "perm_expert_mode": "low_rank",
  "perm_rank": 16,
  "router_context_window": -1,
  "router_causal": true,
  "router_num_heads": 4,
  "router_num_queries": 16,
  "router_n_layers": 2,
  "router_use_vocab_prior": false,
  "window_pattern": "SSSL",
  "cclblock_modulation": "weight",
  "cclblock_orth_lambda": 0.0,
  "cclblock_context_stream": "local",
  "cclblock_ema_factor": 0.99,
  "cclblock_stale_ctx_lag": 0,
  "cclblock_sparse_gate_k": 0,
  "cclblock_gate_temperature": 1.0,
  "cclblock_context_bank_size": 0,
  "cclblock_per_head_ctx": false,
  "cclblock_context_source": "norm_x",
  "cclblock_chunk_size": 0,
  "cclblock_aux_objective": "none",
  "cclblock_aux_lambda": 0.1,
  "cclblock_boundary_token_id": 198,
  "use_ral": false,
  "ral_rank": 32,
  "cclblock_film_gate": false,
  "cclblock_attn_shadow_dim": 0,
  "cclblock_dynamic_ratio": 0.25,
  "cclblock_gate_rank": 8,
  "cclblock_num_regimes": 8,
  "cclblock_regime_temperature": 1.0,
  "cclblock_poly_order": 2,
  "cclblock_lie_generators": 4,
  "cclblock_grassmann_bank_size": 4,
  "cclblock_tucker_rank": 32,
  "cclblock_tucker_modes": 8,
  "cclblock_svs_rank": 64,
  "cclblock_svs_eps": 0.1,
  "cclblock_vq_codes": 8,
  "cclblock_vq_temperature": 1.0,
  "cclblock_dcu_warmup_steps": 0,
  "cclblock_fsi_rotations": 8,
  "cclblock_fsi_selector_dim": 64,
  "cclblock_aesp_strata": 4,
  "cclblock_aesp_delta_rank": 4,
  "cclblock_ckr_branches": 4,
  "cclblock_ckr_kernel_size": 64,
  "cclblock_ckr_pos_channels": 1,
  "cclblock_ckr_dual_optim": 0,
  "cclblock_ckr_content_bias": 0.0,
  "cclblock_giad_rank": 32,
  "cclblock_psg_kernel_size": 64,
  "cclblock_ss_dynamic_ratio": 0.25,
  "cclblock_ss_branches": 2,
  "cclblock_ss_kernel_size": 64,
  "cclblock_lokr_branches": 8,
  "cclblock_lokr_rank": 16,
  "cclblock_ckr_temp_start": 2.0,
  "cclblock_ckr_temp_end": 0.3,
  "cclblock_com_kernel_size": 32,
  "cclblock_ckr_ortho_init": 0,
  "cclblock_ckr_branch_dropout": 0.0,
  "cclblock_ckr_diversity_lambda": 0.0,
  "cclblock_ckr_layer_selective": 0,
  "cclblock_pgr_kernel_size": 64,
  "cclblock_cil_kernel_size": 64,
  "cclblock_prb_kernel_size": 64,
  "p18_layer_drop": 0.0,
  "p18_dynamic_activation": 0,
  "p18_mixture_norm": 0,
  "p18_causal_attn_bias": 0,
  "p18_aux_sim_lambda": 0.0,
  "p18_gradient_penalty": 0.0,
  "p18_per_channel_scale": 0,
  "p19_residual_gate": 0,
  "p19_head_importance": 0,
  "p19_residual_mix_groups": 0,
  "p19_attn_logit_bias": 0,
  "p19_residual_decay": 0,
  "p19_grad_equilibrium": 0.0,
  "p19_spectral_reparam": 0,
  "p19_weight_anticollapse": 0.0,
  "p19_ve_bias": 0,
  "p19_weight_noise": 0.0,
  "p20_hrcs_scale": 0,
  "p20_lswr_scale": 0,
  "p20_lswr_planes": 8,
  "p20_lrcfb_branches": 0,
  "p20_lrcfb_narrow": 0,
  "p20_lrcfb_learned": 0,
  "p20_lrcfb_topk": 0,
  "p20_dgcr_branches": 0,
  "p20_dgcr_aux_weight": 0.01,
  "p20_mone_experts": 0,
  "p20_mone_topk": 0,
  "p20_mone_narrow": 1,
  "p20_mone_frozen": 0,
  "p20_ncea_branches": 0,
  "p20_ncea_eps": 0.1,
  "p20_adwi": 0,
  "p20_pwu_branches": 0,
  "p20_pwu_phase": 1,
  "p20_fsvd_gate": 0,
  "p20_wbfc_clusters": 0,
  "p20_wbfc_active": 0,
  "p21_per_experts": 0,
  "p21_per_topk": 0,
  "p21_per_learned": 0,
  "p21_per_attn": 0,
  "p22_attn_moe_route": "none",
  "p23_tiny_expert": 0,
  "p23_n_experts": 64,
  "p23_topk": 16,
  "p23_learned_route": 0,
  "p23_std_moe_experts": 0,
  "p23_std_moe_topk": -1,
  "p23_std_moe_aux_weight": 0.01,
  "p23_lokr": 0,
  "p23_lokr_rank": 4,
  "p23_use_shared_block_router": 0,
  "p23_linear_moe_experts": 0,
  "p23_linear_moe_topk": 0,
  "p23_quantile_route": 0,
  "remix_shared_context_gates": 0,
  "p24_use_sliced_weight": 0,
  "p24_sliced_weight_reduction_scale": 8,
  "p24_sliced_weight_min_select": 128,
  "p24_sliced_weight_scope": "per_token",
  "p24_sliced_weight_balance_coeff": 0.01,
  "p24_quantile_route": 0,
  "p24_use_folded_mod": 0,
  "p24_folded_mod_reduction_scale": 8,
  "p24_folded_mod_min_dim": 128,
  "p24_folded_mod_scope": "per_layer",
  "p24_folded_mod_gate_act": "tanh_centered",
  "p24_use_sequence_gated_linear": 0,
  "p24_sequence_gated_scope": "per_layer",
  "p24_sequence_gated_act": "tanh_centered",
  "remix_disable_ln_basis": 0,
  "dense_intermediate_ln": 0,
  "use_mst": true,
  "mst_n_subs": 4,
  "mst_sub_dim": 128,
  "mst_head_dim": 0,
  "mst_input_mode": "learned_proj",
  "mst_rotated_slice_learned": false,
  "mst_routing_mode": "soft_weighted",
  "mst_routing_topk": 0,
  "mst_routing_aux_weight": 0.01,
  "mst_diversity_weight": 0.0,
  "mst_ffn_mode": "standard",
  "mst_transition_mode": "aggregate_distribute",
  "mst_final_mode": "concat_proj",
  "mst_final_topk": 0,
  "mst_ffn_shared_up": 0,
  "mst_ffn_inner_dim": 0,
  "mst_sub_dropout": 0.0,
  "mst_transition_every": 1,
  "mst_ffa_temperature": 1.0,
  "mst_global_residual": 0,
  "mst_hybrid_dense": 0,
  "mst_cross_sub_kv": 0,
  "mst_sub_aux_weight": 0.0,
  "mst_progressive_merge": 0,
  "mst_multi_scale_windows": 1,
  "mst_delta_residual": 0,
  "mst_sub_layers": 1,
  "mst_grad_equalize": 1,
  "mst_block_diagonal_muon": 1,
  "mst_transition_width_mult": 4.0,
  "mst_sub_lr_scale": 2.0,
  "mst_shared_expert": 0,
  "mst_router_entropy_weight": 0.0,
  "mst_shared_kv_attn": 0,
  "mst_contrastive_diversity_weight": 0.0,
  "mst_transition_nonlinear": 0,
  "mst_transition_gated": 0,
  "mst_transition_mlp": 0,
  "mst_cross_sub_gate": 0,
  "mst_hyper_connect": 0,
  "mst_cross_kv_inject": 0,
  "mst_slice_transition": 0,
  "mst_lookback_layers": 0,
  "mst_bilinear_transition": 0,
  "mst_cross_sub_qmod": 0,
  "mst_feature_cycle": 0,
  "mst_mean_transition": 0,
  "mst_sub_head_dim": 64,
  "mst_final_norm": 0,
  "mst_per_stream_ve": 1,
  "mst_lm_head_dim": 0,
  "mst_compose_windows": 1,
  "mst_channel_mix": "none",
  "mst_channel_mix_site": "layer",
  "mst_distribute_block_muon": 0,
  "mst_trans_spectral_lr": 0,
  "mst_talking_heads": 0,
  "mst_wo_mode": "dense",
  "mst_stream_topk": 1,
  "mst_stream_router_aux": 0.01,
  "mst_stream_router_noise": 1.0,
  "mst_stream_dispatch": 0,
  "mst_stream_capacity_factor": 1.0,
  "mst_stream_gate_attn": 0,
  "mst_ffn_monarch": "shuffle",
  "mst_shampoo": 0,
  "mst_precond_every": 10,
  "mst_shampoo_beta": 0.95,
  "use_eet": false,
  "eet_frozen_kv": true,
  "eet_reenter_final": false,
  "eet_router_type": "mlp2",
  "eet_router_hidden": 0,
  "eet_freq_prior_alpha": 0.0,
  "eet_pos_prior_beta": 0.0,
  "eet_domain_prior": false,
  "eet_warmup_frac": 0.02,
  "eet_explore_frac": 0.15,
  "eet_reconstruct_lambda": 1.0,
  "eet_efficiency_lambda_start": 0.01,
  "eet_efficiency_lambda_end": 0.1,
  "eet_translator_rank": 0,
  "eet_max_frozen_kv_frac": 0.75,
  "eet_exit_threshold": 0.5,
  "eet_min_exit_layer": 1,
  "eet_loss_variant": "reconstruct",
  "eet_topk_vocab": 512,
  "eet_entropy_lambda": 0.3,
  "eet_surprise_lambda": 0.1,
  "eet_adv_lambda": 1.0,
  "eet_adv_entropy_lambda": 0.2,
  "eet_quality_lambda": 1.0,
  "eet_quality_entropy_bonus": 0.1,
  "eet_gumbel_temp_start": 0.0,
  "eet_gumbel_temp_end": 0.1,
  "eet_gumbel_hard": true,
  "eet_commitment_beta": 0.1,
  "eet_global_router": false,
  "eet_freq_efficiency_alpha": 0.0,
  "eet_diversity_lambda": 0.0,
  "eet_ce_guided_lambda": 1.0,
  "eet_router_lr_mult": 5.0,
  "eet_model_lr_mult": 1.0,
  "eet_depth_weight_type": "none",
  "eet_depth_weight_max": 2.5,
  "eet_use_override": 0,
  "eet_override_prob_start": 0.5,
  "eet_override_prob_end": 0.1,
  "eet_compute_skip": false,
  "eet_target_active_frac": 0.125,
  "eet_capacity_schedule": "bell",
  "eet_exit_fracs": null,
  "eet_capacity_alignment_lambda": 0.0,
  "eet_router_task_grad": true,
  "eet_reinforce_interval": 0,
  "eet_reinforce_lambda": 0.1,
  "eet_exit_adapter_rank": 0,
  "eet_router_after_block": 0,
  "eet_ffn_skip": false,
  "eet_ffn_target_frac": 0.5,
  "eet_ffn_full_attn": true,
  "eet_depth_affine": false,
  "eet_capacity_anneal_frac": 0.0,
  "eet_learned_schedule": false,
  "eet_departure_summary": false,
  "eet_route_consistency_lambda": 0.0,
  "eet_dense_distill_interval": 0,
  "eet_dense_distill_lambda": 0.5,
  "eet_depth_lr_scale": false,
  "eet_depth_grad_scale": false,
  "eet_detach_aux_from_backbone": false,
  "eet_detach_exit_from_backbone": false
}
Seeded weight init with --seed 1
Checkpoints directory: /__modal/volumes/vo-5lJiXYRRv6peac8JOAv0eu/out/p08_mst_parity/d8/MON_shuffle_k1_s1/depth_8/ckpt_base/base
✓ Wrapping model with DistributedDataParallel (rank 0, find_unused_parameters=False)
Parameter counts:
wte                     : 16,777,216
wpe                     : 0
value_embeds            : 67,108,864
lm_head                 : 16,777,216
transformer_matrices    : 9,982,976
research                : 0
scalars                 : 16
total                   : 110,646,288
Estimated FLOPs per token (total):  1.750948e+08
Estimated FLOPs per token (active): 1.562204e+08
Estimated active params:            107,500,560
[MST] Multi-scale sub windows: [(32, 0), (127, 0), (511, 0), (-1, 0)]
[MST] Using compile-optimized BatchedMSTLayer (N=4, d=128)
[MST] 1A: Per-sub gradient equalization hooks registered
Scaling LRs by 0.7071 for batch size 262,144 (reference: 524,288)
Scaling weight decay from 0.200000 to 0.166415 for depth 8
Scaling AdamW LRs ∝1/√(512/768) = 1.224745
[MST] Per-sub Muon LR scaled by 2.00× → 0.028284
[MST] 1B: Block-diagonal Muon enabled (N=4 blocks)
Calculated number of iterations from target data:param ratio: 1,071
Total number of training tokens: 280,756,224
Tokens : Scaling params ratio: 10.49
Total training FLOPs estimate: 4.915895e+16
Total active training FLOPs estimate: 4.385985e+16
Using base scheduler: linear warmup/flat/linear warmdown
[MST] Diagnostics will be logged to: /__modal/volumes/vo-5lJiXYRRv6peac8JOAv0eu/out/p08_mst_parity/d8/MON_shuffle_k1_s1/depth_8/ckpt_base/base/mst_diagnostics.jsonl
Tokens / micro-batch / rank: 128 x 2048 = 262,144
Tokens / micro-batch: 262,144
Total batch size 262,144 => gradient accumulation steps: 1
Running pre-compilation warmup (1 dummy forward+backward to init lazy allocations)...
[rank0]:W0809 12:41:24.288000 17271 site-packages/torch/_logging/_internal.py:1199] [0/0] Profiler function <class 'torch.autograd.profiler.record_function'> will be ignored
/usr/local/lib/python3.12/site-packages/torch/_inductor/lowering.py:7242: UserWarning: 
Online softmax is disabled on the fly since Inductor decides to
split the reduction. Cut an issue to PyTorch if this is an
important use case and you want to speed it up with online
softmax.

  warnings.warn(
Warmup complete. Steady-state VRAM: 1.1 GB allocated
/usr/local/lib/python3.12/site-packages/torch/_inductor/lowering.py:7242: UserWarning: 
Online softmax is disabled on the fly since Inductor decides to
split the reduction. Cut an issue to PyTorch if this is an
important use case and you want to speed it up with online
softmax.

  warnings.warn(
  [MST diag] ERROR: [Errno 2] No such file or directory: '/__modal/volumes/vo-5lJiXYRRv6peac8JOAv0eu/out/p08_mst_parity/d8/MON_shuffle_k1_s1/depth_8/ckpt_base/base/mst_diagnostics.jsonl'
step 00000/01071 (0.00%) | loss: 10.557720 | lrm: 0.20 | lr(adamw:8.142e-02, muon:3.771e-03) | dt: 92528.29ms | tok/sec: 2,833 | bf16_mfu: 0.05 | epoch: 1 pq: 0 rg: 1 | total time: 0.00m
2026-08-09 12:45:46,962 - nanochat.checkpoint_manager - INFO - Saved model parameters to: /__modal/volumes/vo-5lJiXYRRv6peac8JOAv0eu/out/p08_mst_parity/d8/MON_shuffle_k1_s1/depth_8/ckpt_base/base/model_000200.pt
2026-08-09 12:45:46,965 - nanochat.checkpoint_manager - INFO - Saved metadata to: /__modal/volumes/vo-5lJiXYRRv6peac8JOAv0eu/out/p08_mst_parity/d8/MON_shuffle_k1_s1/depth_8/ckpt_base/base/meta_000200.json
2026-08-09 12:45:48,041 - nanochat.checkpoint_manager - INFO - Saved optimizer state to: /__modal/volumes/vo-5lJiXYRRv6peac8JOAv0eu/out/p08_mst_parity/d8/MON_shuffle_k1_s1/depth_8/ckpt_base/base/optim_000200_rank0.pt
  [MST diag] sub_sim=[-0.116, -0.099, -0.083, -0.065, -0.066, -0.064, -0.062, -0.057] | route_ent=[1.227, 1.234, 1.266, 1.211, 1.234, 1.258, 1.234, 1.312] | grad_norm=[0.054, 0.031, 0.037, 0.025] | stream_load_min=[0.98, 0.91, 0.95, 0.90, 0.93, 0.94, 0.89, 0.86]
step 00200/01071 (18.67%) | loss: 4.239326 | lrm: 1.00 | lr(adamw:4.071e-01, muon:1.886e-02) | dt: 261.12ms | tok/sec: 1,003,924 | bf16_mfu: 17.77 | epoch: 1 pq: 1 rg: 17 | total time: 0.74m | eta: 3.4m
2026-08-09 12:46:35,659 - nanochat.checkpoint_manager - INFO - Saved model parameters to: /__modal/volumes/vo-5lJiXYRRv6peac8JOAv0eu/out/p08_mst_parity/d8/MON_shuffle_k1_s1/depth_8/ckpt_base/base/model_000400.pt
2026-08-09 12:46:35,662 - nanochat.checkpoint_manager - INFO - Saved metadata to: /__modal/volumes/vo-5lJiXYRRv6peac8JOAv0eu/out/p08_mst_parity/d8/MON_shuffle_k1_s1/depth_8/ckpt_base/base/meta_000400.json
2026-08-09 12:46:36,864 - nanochat.checkpoint_manager - INFO - Saved optimizer state to: /__modal/volumes/vo-5lJiXYRRv6peac8JOAv0eu/out/p08_mst_parity/d8/MON_shuffle_k1_s1/depth_8/ckpt_base/base/optim_000400_rank0.pt
Removed previous periodic checkpoint at step 000200
  [MST diag] sub_sim=[-0.147, -0.139, -0.124, -0.107, -0.109, -0.109, -0.106, -0.093] | route_ent=[1.203, 1.188, 1.273, 1.250, 1.234, 1.266, 1.211, 1.312] | grad_norm=[0.029, 0.018, 0.025, 0.017] | stream_load_min=[0.97, 0.95, 0.91, 0.91, 0.97, 0.96, 0.94, 0.91]
step 00400/01071 (37.35%) | loss: 3.946540 | lrm: 0.97 | lr(adamw:3.932e-01, muon:1.821e-02) | dt: 265.63ms | tok/sec: 986,868 | bf16_mfu: 17.47 | epoch: 1 pq: 2 rg: 30 | total time: 1.53m | eta: 2.6m
2026-08-09 12:47:24,519 - nanochat.checkpoint_manager - INFO - Saved model parameters to: /__modal/volumes/vo-5lJiXYRRv6peac8JOAv0eu/out/p08_mst_parity/d8/MON_shuffle_k1_s1/depth_8/ckpt_base/base/model_000600.pt
2026-08-09 12:47:24,522 - nanochat.checkpoint_manager - INFO - Saved metadata to: /__modal/volumes/vo-5lJiXYRRv6peac8JOAv0eu/out/p08_mst_parity/d8/MON_shuffle_k1_s1/depth_8/ckpt_base/base/meta_000600.json
2026-08-09 12:47:25,587 - nanochat.checkpoint_manager - INFO - Saved optimizer state to: /__modal/volumes/vo-5lJiXYRRv6peac8JOAv0eu/out/p08_mst_parity/d8/MON_shuffle_k1_s1/depth_8/ckpt_base/base/optim_000600_rank0.pt
Removed previous periodic checkpoint at step 000400
  [MST diag] sub_sim=[-0.163, -0.159, -0.138, -0.129, -0.130, -0.131, -0.127, -0.110] | route_ent=[1.203, 1.180, 1.289, 1.273, 1.266, 1.297, 1.234, 1.336] | grad_norm=[0.020, 0.015, 0.019, 0.015] | stream_load_min=[0.98, 0.98, 0.89, 0.93, 0.96, 0.93, 0.95, 0.95]
step 00600/01071 (56.02%) | loss: 3.779859 | lrm: 0.69 | lr(adamw:2.821e-01, muon:1.307e-02) | dt: 258.68ms | tok/sec: 1,013,402 | bf16_mfu: 17.94 | epoch: 1 pq: 3 rg: 44 | total time: 2.31m | eta: 1.8m
2026-08-09 12:48:13,337 - nanochat.checkpoint_manager - INFO - Saved model parameters to: /__modal/volumes/vo-5lJiXYRRv6peac8JOAv0eu/out/p08_mst_parity/d8/MON_shuffle_k1_s1/depth_8/ckpt_base/base/model_000800.pt
2026-08-09 12:48:13,341 - nanochat.checkpoint_manager - INFO - Saved metadata to: /__modal/volumes/vo-5lJiXYRRv6peac8JOAv0eu/out/p08_mst_parity/d8/MON_shuffle_k1_s1/depth_8/ckpt_base/base/meta_000800.json
2026-08-09 12:48:14,434 - nanochat.checkpoint_manager - INFO - Saved optimizer state to: /__modal/volumes/vo-5lJiXYRRv6peac8JOAv0eu/out/p08_mst_parity/d8/MON_shuffle_k1_s1/depth_8/ckpt_base/base/optim_000800_rank0.pt
Removed previous periodic checkpoint at step 000600
  [MST diag] sub_sim=[-0.163, -0.162, -0.144, -0.137, -0.137, -0.137, -0.132, -0.114] | route_ent=[1.211, 1.180, 1.297, 1.289, 1.289, 1.312, 1.258, 1.352] | grad_norm=[0.019, 0.014, 0.016, 0.015] | stream_load_min=[0.98, 0.98, 0.93, 0.93, 0.93, 0.95, 0.99, 0.95]
step 00800/01071 (74.70%) | loss: 3.663031 | lrm: 0.42 | lr(adamw:1.709e-01, muon:7.918e-03) | dt: 263.38ms | tok/sec: 995,309 | bf16_mfu: 17.62 | epoch: 1 pq: 4 rg: 58 | total time: 3.10m | eta: 1.1m
2026-08-09 12:49:02,579 - nanochat.checkpoint_manager - INFO - Saved model parameters to: /__modal/volumes/vo-5lJiXYRRv6peac8JOAv0eu/out/p08_mst_parity/d8/MON_shuffle_k1_s1/depth_8/ckpt_base/base/model_001000.pt
2026-08-09 12:49:02,582 - nanochat.checkpoint_manager - INFO - Saved metadata to: /__modal/volumes/vo-5lJiXYRRv6peac8JOAv0eu/out/p08_mst_parity/d8/MON_shuffle_k1_s1/depth_8/ckpt_base/base/meta_001000.json
2026-08-09 12:49:03,727 - nanochat.checkpoint_manager - INFO - Saved optimizer state to: /__modal/volumes/vo-5lJiXYRRv6peac8JOAv0eu/out/p08_mst_parity/d8/MON_shuffle_k1_s1/depth_8/ckpt_base/base/optim_001000_rank0.pt
Removed previous periodic checkpoint at step 000800
  [MST diag] sub_sim=[-0.164, -0.161, -0.145, -0.140, -0.141, -0.142, -0.136, -0.117] | route_ent=[1.211, 1.180, 1.305, 1.297, 1.297, 1.320, 1.266, 1.359] | grad_norm=[0.013, 0.010, 0.012, 0.010] | stream_load_min=[0.97, 0.98, 0.92, 0.91, 0.95, 0.96, 0.94, 0.94]
step 01000/01071 (93.37%) | loss: 3.578084 | lrm: 0.15 | lr(adamw:5.980e-02, muon:2.770e-03) | dt: 269.79ms | tok/sec: 971,659 | bf16_mfu: 17.20 | epoch: 1 pq: 5 rg: 73 | total time: 3.89m | eta: 0.3m
  [MST diag] sub_sim=[-0.165, -0.160, -0.145, -0.139, -0.141, -0.140, -0.134, -0.115] | route_ent=[1.211, 1.180, 1.305, 1.297, 1.297, 1.320, 1.266, 1.359] | grad_norm=[0.012, 0.009, 0.011, 0.010] | stream_load_min=[0.97, 0.98, 0.93, 0.93, 0.95, 0.97, 0.98, 0.94]
step 01070/01071 (99.91%) | loss: 3.549449 | lrm: 0.05 | lr(adamw:2.091e-02, muon:9.685e-04) | dt: 265.04ms | tok/sec: 989,082 | bf16_mfu: 17.51 | epoch: 1 pq: 6 rg: 24 | total time: 4.17m | eta: 0.0m
/usr/local/lib/python3.12/site-packages/torch/_dynamo/variables/functions.py:1598: UserWarning: Dynamo does not know how to trace the builtin `torch._C._distributed_c10d.pybind11_detail_function_record_v1_system_libstdcpp_gxx_abi_1xxx_use_cxx11_abi_1._broadcast_coalesced.` This function is either a Python builtin (e.g. _warnings.warn) or a third-party C/C++ Python extension (perhaps created with pybind).
If it is a Python builtin, please file an issue on GitHub so the PyTorch team can add support for it and see the next case for a workaround.
If it is a third-party C/C++ Python extension, please either wrap it into a PyTorch-understood custom operator (see https://pytorch.org/tutorials/advanced/custom_ops_landing_page.html for more details) or, if it is traceable, use `torch.compiler.allow_in_graph`.
  torch._dynamo.utils.warn_once(explanation + "\n" + "\n".join(hints))
/usr/local/lib/python3.12/site-packages/torch/_inductor/lowering.py:7242: UserWarning: 
Online softmax is disabled on the fly since Inductor decides to
split the reduction. Cut an issue to PyTorch if this is an
important use case and you want to speed it up with online
softmax.

  warnings.warn(
Step 01071 | Validation bpb: 1.032934 | val_loss: 3.388209
<|bos|>The capital of France is the capital of the capital of the capital of the capital of the capital of the
<|bos|>The chemical symbol of gold is a symbol of gold. It is a symbol of gold and is used in the
<|bos|>If yesterday was Friday, then tomorrow will be Friday, then tomorrow will be Friday. The next day will be Friday, then
<|bos|>The opposite of hot is the hot. The hot is the cold. The hot is the cold. The
<|bos|>The planets of the solar system are: 1. The solar system is a system of planets that are made up of
<|bos|>My favorite color is the red, green, and blue. I have a lot of red, but
<|bos|>If 5*x + 3 = 13, then x is the same as 5*x + 3 = 13, then x
2026-08-09 12:51:01,943 - nanochat.checkpoint_manager - INFO - Saved model parameters to: /__modal/volumes/vo-5lJiXYRRv6peac8JOAv0eu/out/p08_mst_parity/d8/MON_shuffle_k1_s1/depth_8/ckpt_base/base/model_001071.pt
2026-08-09 12:51:01,947 - nanochat.checkpoint_manager - INFO - Saved metadata to: /__modal/volumes/vo-5lJiXYRRv6peac8JOAv0eu/out/p08_mst_parity/d8/MON_shuffle_k1_s1/depth_8/ckpt_base/base/meta_001071.json
2026-08-09 12:51:03,856 - nanochat.checkpoint_manager - INFO - Saved optimizer state to: /__modal/volumes/vo-5lJiXYRRv6peac8JOAv0eu/out/p08_mst_parity/d8/MON_shuffle_k1_s1/depth_8/ckpt_base/base/optim_001071_rank0.pt
step 01071/01071 (final) | loss: 3.549449 | early_stop: 0
Peak memory usage: 70673.15MiB
Total training time: 4.17m
Minimum validation bpb: 1.032934
Minimum validation loss (nats/byte): 3.388209
[MST] Results appended → /__modal/volumes/vo-5lJiXYRRv6peac8JOAv0eu/out/p08_mst_parity/d8/MON_shuffle_k1_s1/depth_8/ckpt_base/mst_results.csv
[MST] mst_results.csv has an older column set; writing to mst_results_v4.csv instead
[MST] Results appended → /__modal/volumes/vo-5lJiXYRRv6peac8JOAv0eu/mst_results_v4.csv
Final Validation BPB for base: 1.0329

--- Generating Report ---
Saved plot to out/p08_mst_parity/d8/MON_shuffle_k1_s1/depth_8/comparison_depth_8.png
Saved TSV data to out/p08_mst_parity/d8/MON_shuffle_k1_s1/depth_8/results_depth_8.tsv
Generating report to out/report/report.md
Copying report.md to current directory for convenience
================================================================
Sweep Complete! Results saved to out/p08_mst_parity/d8/MON_shuffle_k1_s1
================================================================
✅  MON_shuffle_k1_s1

━━━ MON_shuffle_k1_s2  (depth 8) ━━━
Requested NPROC_PER_NODE=8, but only 1 GPU(s) visible. Capping.
Using NPROC_PER_NODE=1
NANOCHAT_SKIP_ENV_SETUP=0
===== GPU Info =====
Sun Aug  9 12:51:11 2026       
+-----------------------------------------------------------------------------------------+
| NVIDIA-SMI 580.95.05              Driver Version: 580.95.05      CUDA Version: 13.0     |
+-----------------------------------------+------------------------+----------------------+
| GPU  Name                 Persistence-M | Bus-Id          Disp.A | Volatile Uncorr. ECC |
| Fan  Temp   Perf          Pwr:Usage/Cap |           Memory-Usage | GPU-Util  Compute M. |
|                                         |                        |               MIG M. |
|=========================================+========================+======================|
|   0  NVIDIA H200                    On  |   00000000:C5:00.0 Off |                    0 |
| N/A   46C    P0             82W /  700W |       4MiB / 143771MiB |      0%      Default |
|                                         |                        |             Disabled |
+-----------------------------------------+------------------------+----------------------+

+-----------------------------------------------------------------------------------------+
| Processes:                                                                              |
|  GPU   GI   CI              PID   Type   Process name                        GPU Memory |
|        ID   ID                                                               Usage      |
|=========================================================================================|
|  No running processes found                                                             |
+-----------------------------------------------------------------------------------------+
Starting Research Sweep. Output directory: out/p08_mst_parity/d8/MON_shuffle_k1_s2
UV_SYSTEM_PYTHON=1: using system Python, skipping venv creation.
Validating system environment dependencies via uv...
Using Python 3.12.10 environment at: /usr/local
Resolved 158 packages in 312ms
   Building nanochat @ file:///__modal/volumes/vo-5lJiXYRRv6peac8JOAv0eu
      Built nanochat @ file:///__modal/volumes/vo-5lJiXYRRv6peac8JOAv0eu
Prepared 1 package in 1.36s
Uninstalled 1 package in 1ms
Installed 1 package in 1ms
 ~ nanochat==0.1.0 (from file:///__modal/volumes/vo-5lJiXYRRv6peac8JOAv0eu)
Reset report and wrote header to out/report/header.md
Dataset (up to 300 shards) already exists in data, skipping download.
Tokenizer already exists in tokenizer, skipping training.
================================================================
Processing Depth: 8
================================================================
2026-08-09 12:51:23,912 - httpx - INFO - HTTP Request: HEAD https://huggingface.co/varunneal/flash-attention-3/resolve/main/kernel-status.toml "HTTP/1.1 404 Not Found"
2026-08-09 12:51:24,039 - httpx - INFO - HTTP Request: GET https://huggingface.co/api/models/varunneal/flash-attention-3/tree/main/build?recursive=false&expand=false "HTTP/1.1 200 OK"
2026-08-09 12:51:24,173 - httpx - INFO - HTTP Request: GET https://huggingface.co/api/models/varunneal/flash-attention-3/revision/main "HTTP/1.1 200 OK"
[sweep] Requested 8 DDP workers but only 1 GPU(s) available — using 1.
================================================================
Starting Sweep for Depth 8
Target Tokens: Auto (per-model param count)
================================================================
  Overriding default target_dim (128) with full model_dim 512

--- Training base ---

  ┌─────────────────────────────────────────────────────┐
  │  🆕  STARTING FRESH: [base]
  │     No checkpoints found — training from scratch.
  └─────────────────────────────────────────────────────┘

Running: /usr/local/bin/torchrun --standalone --nproc_per_node=1 -m scripts.base_train --depth 8 --aspect-ratio 64 --head-dim 128 --model-dim 512 --max-seq-len 2048 --device-batch-size 128 --total-batch-size 262144 --target-tokens -1 --target-param-data-ratio 10.5 --eval-every -1 --log-every 200 --core-metric-every 0 --save-every 200 --warmup-ratio 0.005 --warmdown-ratio 0.65 --final-lr-frac 0.05 --adam-beta2 0.99 --research-warmup-ratio 0.05 --use-onecycle 0 --router-context-window -1 --remix-use-basis-gate 1 --remix-use-output-gate 1 --remix-use-context 1 --remix-basis-gate-mode mlp --remix-gate-lr-scale 0.3 --p22-n-templates 1 --p22-template-routing-learned 0 --p22-template-topk 0 --p22-attn-moe-route none --p26-output-gated-linear 0 --p28-shared-basis 0 --p28-chunk-routing-size 0 --p28-global-template-bank none --p28-attn-proj-templates 0 --p28-attn-qk-templates 0 --p31-chunk-route-impl compose --p31-top1-gate ones --p31-template-delta-rank 0 --p31-route-side output --p31-drop-basis-proj 0 --p31-basis-side-templates 0 --remix-template-block-diag 0 --remix-template-lr-scale 1.0 --p29-grad-equalize 0 --target-active-params 0 --remix-basis-gate-rank 8 --cclblock-modulation weight --cclblock-orth-lambda 0.0 --p35-template-diversity-lambda 0.0 --cclblock-context-stream local --cclblock-ema-factor 0.99 --cclblock-stale-ctx-lag 0 --cclblock-sparse-gate-k 0 --cclblock-gate-temperature 1.0 --cclblock-context-bank-size 0 --cclblock-per-head-ctx 0 --cclblock-context-source norm_x --cclblock-chunk-size 0 --cclblock-aux-objective none --cclblock-aux-lambda 0.1 --cclblock-boundary-token-id 198 --use-ral 0 --ral-rank 32 --p34-ffn-schedule  --p34-ffn-no-ffn-replacement none --p34-ffn-last-depth 1 --p36-swiglu-ffn 0 --p36-swiglu-mult 2.6666666666666665 --cond-sites both --p22-route-affine 0 --cond-rank 256 --cond-mult-steps 0 --cond-gate-source router --cond-coeff-act centered --cond-router-rank 0 --cond-router-act none --cond-live-init 0.0 --cond-chunk-size 0 --cond-mult-scale -1.0 --cond-mult-impl wy --cond-attn-projs qkvo --cond-layer-frac 1.0 --cclblock-film-gate 0 --cclblock-attn-shadow-dim 0 --cclblock-dynamic-ratio 0.25 --cclblock-gate-rank 8 --cclblock-num-regimes 8 --cclblock-regime-temperature 1.0 --cclblock-poly-order 2 --cclblock-lie-generators 4 --cclblock-grassmann-bank-size 4 --cclblock-tucker-rank 32 --cclblock-tucker-modes 8 --cclblock-svs-rank 64 --cclblock-svs-eps 0.1 --cclblock-vq-codes 8 --cclblock-vq-temperature 1.0 --cclblock-dcu-warmup-steps 0 --cclblock-fsi-rotations 8 --cclblock-fsi-selector-dim 64 --cclblock-aesp-strata 4 --cclblock-aesp-delta-rank 4 --cclblock-ckr-branches 4 --cclblock-ckr-kernel-size 64 --cclblock-ckr-pos-channels 1 --cclblock-ckr-dual-optim 0 --cclblock-ckr-content-bias 0.0 --cclblock-giad-rank 32 --cclblock-psg-kernel-size 64 --cclblock-ss-dynamic-ratio 0.25 --cclblock-ss-branches 2 --cclblock-ss-kernel-size 64 --cclblock-lokr-branches 8 --cclblock-lokr-rank 16 --cclblock-ckr-temp-start 2.0 --cclblock-ckr-temp-end 0.3 --cclblock-com-kernel-size 32 --cclblock-ckr-ortho-init 0 --cclblock-ckr-branch-dropout 0.0 --cclblock-ckr-diversity-lambda 0.0 --cclblock-pgr-kernel-size 64 --cclblock-cil-kernel-size 64 --cclblock-prb-kernel-size 64 --p18-layer-drop 0.0 --p18-dynamic-activation 0 --p18-mixture-norm 0 --p18-aux-sim-lambda 0.0 --p18-gradient-penalty 0.0 --p18-per-channel-scale 0 --p19-residual-gate 0 --p19-head-importance 0 --p19-residual-mix-groups 0 --p19-attn-logit-bias 0 --p19-residual-decay 0 --p19-grad-equilibrium 0.0 --p19-spectral-reparam 0 --p19-weight-anticollapse 0.0 --p19-ve-bias 0 --p19-weight-noise 0.0 --p20-hrcs-scale 0 --p20-lswr-scale 0 --p20-lswr-planes 8 --p20-lrcfb-branches 0 --p20-lrcfb-narrow 0 --p20-lrcfb-learned 0 --p20-lrcfb-topk 0 --p20-dgcr-branches 0 --p20-dgcr-aux-weight 0.01 --p20-mone-experts 0 --p20-mone-topk 0 --p20-mone-narrow 1 --p20-mone-frozen 0 --p20-ncea-branches 0 --p20-ncea-eps 0.1 --p20-adwi 0 --p20-pwu-branches 0 --p20-pwu-phase 1 --p20-fsvd-gate 0 --p20-wbfc-clusters 0 --p20-wbfc-active 0 --p21-per-experts 0 --p21-per-topk 0 --p21-per-learned 0 --p21-per-attn 0 --p23-tiny-expert 0 --p23-n-experts 64 --p23-topk 16 --p23-learned-route 0 --p23-std-moe-experts 0 --p23-std-moe-topk -1 --p23-std-moe-aux-weight 0.01 --p23-lokr 0 --p23-lokr-rank 4 --p23-use-shared-block-router 0 --p23-linear-moe-experts 0 --p23-linear-moe-topk 0 --p23-quantile-route 0 --seed 2 --p34-ffn-mult 4.0 --p34-ffn-single 0 --p34-dense-attn 0 --p24-use-sliced-weight 0 --p24-sliced-weight-reduction-scale 8 --p24-sliced-weight-min-select 128 --p24-sliced-weight-scope per_token --p24-sliced-weight-balance-coeff 0.01 --p24-quantile-route 0 --p24-use-folded-mod 0 --p24-folded-mod-reduction-scale 8 --p24-folded-mod-scope per_layer --p24-folded-mod-gate-act tanh_centered --p24-use-sequence-gated-linear 0 --p24-sequence-gated-scope per_layer --p24-sequence-gated-act tanh_centered --p24-folded-mod-min-dim 128 --remix-shared-context-gates 0 --remix-use-dual-gate 0 --remix-basis-scale-factor 4 --remix-output-gate-rank 16 --p24-use-sliced-weight 0 --p24-sliced-weight-reduction-scale 8 --p24-sliced-weight-min-select 128 --p24-sliced-weight-scope per_token --p24-sliced-weight-balance-coeff 0.01 --p24-quantile-route 0 --p24-use-folded-mod 0 --p24-folded-mod-reduction-scale 8 --p24-folded-mod-scope per_layer --p24-folded-mod-gate-act tanh_centered --p24-use-sequence-gated-linear 0 --p24-sequence-gated-scope per_layer --p24-sequence-gated-act tanh_centered --remix-disable-ln-basis 0 --dense-intermediate-ln 0 --use-mst 1 --mst-n-subs 4 --mst-sub-dim 128 --mst-head-dim 0 --mst-input-mode learned_proj --mst-rotated-slice-learned 0 --mst-routing-mode soft_weighted --mst-routing-topk 0 --mst-routing-aux-weight 0.01 --mst-diversity-weight 0.0 --mst-ffn-mode standard --mst-transition-mode aggregate_distribute --mst-final-mode concat_proj --mst-final-topk 0 --mst-ffn-shared-up 0 --mst-ffn-inner-dim 0 --mst-sub-dropout 0.0 --mst-transition-every 1 --mst-ffa-temperature 1.0 --mst-global-residual 0 --mst-hybrid-dense 0 --mst-cross-sub-kv 0 --mst-sub-aux-weight 0.0 --mst-progressive-merge 0 --mst-multi-scale-windows 1 --mst-delta-residual 0 --mst-sub-layers 1 --mst-grad-equalize 1 --mst-block-diagonal-muon 1 --mst-transition-width-mult 4.0 --mst-sub-lr-scale 2.0 --mst-shared-expert 0 --mst-router-entropy-weight 0.0 --mst-shared-kv-attn 0 --mst-contrastive-diversity-weight 0.0 --mst-transition-nonlinear 0 --mst-transition-gated 0 --mst-transition-mlp 0 --mst-cross-sub-gate 0 --mst-hyper-connect 0 --mst-cross-kv-inject 0 --mst-slice-transition 0 --mst-lookback-layers 0 --mst-bilinear-transition 0 --mst-cross-sub-qmod 0 --mst-feature-cycle 0 --mst-mean-transition 0 --mst-sub-head-dim 64 --mst-final-norm 0 --mst-per-stream-ve 1 --mst-lm-head-dim 0 --mst-compose-windows 1 --mst-channel-mix none --mst-channel-mix-site layer --mst-distribute-block-muon 0 --mst-trans-spectral-lr 0 --mst-talking-heads 0 --mst-wo-mode dense --mst-stream-topk 1 --mst-stream-router-aux 0.01 --mst-stream-router-noise 1.0 --mst-stream-dispatch 0 --mst-stream-capacity-factor 1.0 --mst-stream-gate-attn 0 --mst-ffn-monarch shuffle --mst-shampoo 0 --mst-precond-every 10 --mst-shampoo-beta 0.95 --use-eet 0 --eet-frozen-kv 1 --eet-reenter-final 0 --eet-compute-skip 0 --eet-target-active-frac 0.125 --eet-capacity-schedule bell --eet-exit-fracs  --eet-router-type mlp2 --eet-router-hidden 0 --eet-freq-prior-alpha 0.0 --eet-pos-prior-beta 0.0 --eet-domain-prior 0 --eet-warmup-frac 0.02 --eet-explore-frac 0.15 --eet-reconstruct-lambda 1.0 --eet-efficiency-lambda-start 0.01 --eet-efficiency-lambda-end 0.1 --eet-translator-rank 0 --eet-max-frozen-kv-frac 0.75 --eet-exit-threshold 0.5 --eet-min-exit-layer 1 --eet-loss-variant reconstruct --eet-topk-vocab 512 --eet-entropy-lambda 0.3 --eet-surprise-lambda 0.1 --eet-adv-lambda 1.0 --eet-adv-entropy-lambda 0.2 --eet-quality-lambda 1.0 --eet-quality-entropy-bonus 0.1 --eet-gumbel-temp-start 0.0 --eet-gumbel-temp-end 0.1 --eet-gumbel-hard 1 --eet-commitment-beta 0.1 --eet-global-router 0 --eet-freq-efficiency-alpha 0.0 --eet-diversity-lambda 0.0 --eet-ce-guided-lambda 1.0 --eet-router-lr-mult 5.0 --eet-model-lr-mult 1.0 --eet-depth-weight-type none --eet-depth-weight-max 2.5 --eet-use-override 0 --eet-override-prob-start 0.5 --eet-override-prob-end 0.1 --eet-capacity-alignment-lambda 0.0 --eet-router-task-grad 1 --eet-reinforce-interval 0 --eet-reinforce-lambda 0.1 --eet-exit-adapter-rank 0 --eet-router-after-block 0 --eet-ffn-skip 0 --eet-ffn-target-frac 0.5 --eet-ffn-full-attn 1 --eet-depth-affine 0 --eet-capacity-anneal-frac 0.0 --eet-learned-schedule 0 --eet-departure-summary 0 --eet-route-consistency-lambda 0.0 --eet-dense-distill-interval 0 --eet-dense-distill-lambda 0.5 --eet-depth-lr-scale 0 --eet-depth-grad-scale 0 --eet-detach-aux-from-backbone 0 --eet-detach-exit-from-backbone 0 --compile --tokenizer-dir tokenizer --data-dir data --max-shards 300 --checkpoints-dir /__modal/volumes/vo-5lJiXYRRv6peac8JOAv0eu/out/p08_mst_parity/d8/MON_shuffle_k1_s2/depth_8/ckpt_base --model-tag base
2026-08-09 12:51:32,652 - httpx - INFO - HTTP Request: HEAD https://huggingface.co/varunneal/flash-attention-3/resolve/main/kernel-status.toml "HTTP/1.1 404 Not Found"
2026-08-09 12:51:32,781 - httpx - INFO - HTTP Request: GET https://huggingface.co/api/models/varunneal/flash-attention-3/tree/main/build?recursive=false&expand=false "HTTP/1.1 200 OK"
2026-08-09 12:51:32,950 - httpx - INFO - HTTP Request: GET https://huggingface.co/api/models/varunneal/flash-attention-3/revision/main "HTTP/1.1 200 OK"

                                                       █████                █████
                                                      ░░███                ░░███
     ████████    ██████   ████████    ██████   ██████  ░███████    ██████  ███████
    ░░███░░███  ░░░░░███ ░░███░░███  ███░░███ ███░░███ ░███░░███  ░░░░░███░░░███░
     ░███ ░███   ███████  ░███ ░███ ░███ ░███░███ ░░░  ░███ ░███   ███████  ░███
     ░███ ░███  ███░░███  ░███ ░███ ░███ ░███░███  ███ ░███ ░███  ███░░███  ░███ ███
     ████ █████░░████████ ████ █████░░██████ ░░██████  ████ █████░░███████  ░░█████
    ░░░░ ░░░░░  ░░░░░░░░ ░░░░ ░░░░░  ░░░░░░   ░░░░░░  ░░░░ ░░░░░  ░░░░░░░░   ░░░░░
    
Autodetected device type: cuda
2026-08-09 12:51:34,309 - nanochat.common - INFO - Distributed world size: 1
GPU: NVIDIA H200 | Peak FLOPS (BF16): 9.89e+14
COMPUTE_DTYPE: torch.bfloat16 (auto-detected: CUDA SM 90 (bf16 supported))
✓ Using Flash Attention 3 (Hopper GPU detected) — efficient and fast.
Vocab size: 32,768
[MST] Multi-scale sub windows: [(32, 0), (127, 0), (511, 0), (-1, 0)]
[MST] Using compile-optimized BatchedMSTLayer (N=4, d=128)
[MST] 1A: Per-sub gradient equalization hooks registered
Model config:
{
  "sequence_len": 2048,
  "vocab_size": 32768,
  "n_layer": 8,
  "n_head": 4,
  "n_kv_head": 4,
  "n_embd": 512,
  "use_moe": false,
  "use_perm": false,
  "moe_num_experts": 8,
  "moe_router_dim": 64,
  "moe_embed_dim": 64,
  "dropout": 0.0,
  "use_remix_linear": false,
  "remix_context_dim": 64,
  "remix_context_dim_ratio": 6,
  "remix_basis_size": 64,
  "remix_output_gate_rank": 16,
  "remixed_linear_kwargs": {
    "use_basis_gate": true,
    "use_output_gate": true,
    "use_context": true,
    "basis_gate_mode": "mlp",
    "sparse_gate_k": 0,
    "gate_temperature": 1.0,
    "basis_scale_factor": 4,
    "n_templates": 1,
    "template_routing_learned": false,
    "template_topk": 0,
    "tiny_expert": false,
    "tiny_expert_topk": 16,
    "lokr_expert": false,
    "lokr_n_experts": 64,
    "lokr_topk": 16,
    "lokr_rank": 4,
    "lokr_learned": false,
    "basis_gate_rank": 8,
    "disable_ln_basis": false,
    "chunk_route_impl": "compose",
    "top1_gate": "ones",
    "template_delta_rank": 0,
    "route_side": "output",
    "drop_basis_proj": false,
    "basis_side_templates": 0,
    "grad_equalize": false
  },
  "use_pos_embed": false,
  "moe_use_abs_pos_embed": false,
  "use_layer_context": true,
  "scale_basis_size": true,
  "remix_use_dual_gate": false,
  "remix_use_fused": false,
  "p26_output_gated_linear": 0,
  "p28_shared_basis": 0,
  "p28_chunk_routing_size": 0,
  "p28_global_template_bank": "none",
  "p28_attn_proj_templates": 0,
  "p28_attn_qk_templates": 0,
  "p29_template_block_diag": 0,
  "p29_template_lr_scale": 1.0,
  "p29_grad_equalize": 0,
  "p34_ffn_mult": 4.0,
  "p34_ffn_single": 0,
  "p34_dense_attn": 0,
  "legacy_init_fallback": 0,
  "p35_template_diversity_lambda": 0.0,
  "p22_route_affine": 0,
  "p34_ffn_schedule": "",
  "p34_ffn_no_ffn_replacement": "none",
  "p34_ffn_last_depth": 1,
  "p36_swiglu_ffn": 0,
  "p36_swiglu_mult": 2.6666666666666665,
  "cond_sites": "both",
  "cond_rank": 256,
  "cond_mult_steps": 0,
  "cond_gate_source": "router",
  "cond_coeff_act": "centered",
  "cond_router_rank": 0,
  "cond_live_init": 0.0,
  "cond_router_act": "none",
  "cond_chunk_size": 0,
  "cond_mult_scale": -1.0,
  "cond_mult_impl": "wy",
  "cond_attn_projs": "qkvo",
  "cond_layer_frac": 1.0,
  "perm_expert_mode": "low_rank",
  "perm_rank": 16,
  "router_context_window": -1,
  "router_causal": true,
  "router_num_heads": 4,
  "router_num_queries": 16,
  "router_n_layers": 2,
  "router_use_vocab_prior": false,
  "window_pattern": "SSSL",
  "cclblock_modulation": "weight",
  "cclblock_orth_lambda": 0.0,
  "cclblock_context_stream": "local",
  "cclblock_ema_factor": 0.99,
  "cclblock_stale_ctx_lag": 0,
  "cclblock_sparse_gate_k": 0,
  "cclblock_gate_temperature": 1.0,
  "cclblock_context_bank_size": 0,
  "cclblock_per_head_ctx": false,
  "cclblock_context_source": "norm_x",
  "cclblock_chunk_size": 0,
  "cclblock_aux_objective": "none",
  "cclblock_aux_lambda": 0.1,
  "cclblock_boundary_token_id": 198,
  "use_ral": false,
  "ral_rank": 32,
  "cclblock_film_gate": false,
  "cclblock_attn_shadow_dim": 0,
  "cclblock_dynamic_ratio": 0.25,
  "cclblock_gate_rank": 8,
  "cclblock_num_regimes": 8,
  "cclblock_regime_temperature": 1.0,
  "cclblock_poly_order": 2,
  "cclblock_lie_generators": 4,
  "cclblock_grassmann_bank_size": 4,
  "cclblock_tucker_rank": 32,
  "cclblock_tucker_modes": 8,
  "cclblock_svs_rank": 64,
  "cclblock_svs_eps": 0.1,
  "cclblock_vq_codes": 8,
  "cclblock_vq_temperature": 1.0,
  "cclblock_dcu_warmup_steps": 0,
  "cclblock_fsi_rotations": 8,
  "cclblock_fsi_selector_dim": 64,
  "cclblock_aesp_strata": 4,
  "cclblock_aesp_delta_rank": 4,
  "cclblock_ckr_branches": 4,
  "cclblock_ckr_kernel_size": 64,
  "cclblock_ckr_pos_channels": 1,
  "cclblock_ckr_dual_optim": 0,
  "cclblock_ckr_content_bias": 0.0,
  "cclblock_giad_rank": 32,
  "cclblock_psg_kernel_size": 64,
  "cclblock_ss_dynamic_ratio": 0.25,
  "cclblock_ss_branches": 2,
  "cclblock_ss_kernel_size": 64,
  "cclblock_lokr_branches": 8,
  "cclblock_lokr_rank": 16,
  "cclblock_ckr_temp_start": 2.0,
  "cclblock_ckr_temp_end": 0.3,
  "cclblock_com_kernel_size": 32,
  "cclblock_ckr_ortho_init": 0,
  "cclblock_ckr_branch_dropout": 0.0,
  "cclblock_ckr_diversity_lambda": 0.0,
  "cclblock_ckr_layer_selective": 0,
  "cclblock_pgr_kernel_size": 64,
  "cclblock_cil_kernel_size": 64,
  "cclblock_prb_kernel_size": 64,
  "p18_layer_drop": 0.0,
  "p18_dynamic_activation": 0,
  "p18_mixture_norm": 0,
  "p18_causal_attn_bias": 0,
  "p18_aux_sim_lambda": 0.0,
  "p18_gradient_penalty": 0.0,
  "p18_per_channel_scale": 0,
  "p19_residual_gate": 0,
  "p19_head_importance": 0,
  "p19_residual_mix_groups": 0,
  "p19_attn_logit_bias": 0,
  "p19_residual_decay": 0,
  "p19_grad_equilibrium": 0.0,
  "p19_spectral_reparam": 0,
  "p19_weight_anticollapse": 0.0,
  "p19_ve_bias": 0,
  "p19_weight_noise": 0.0,
  "p20_hrcs_scale": 0,
  "p20_lswr_scale": 0,
  "p20_lswr_planes": 8,
  "p20_lrcfb_branches": 0,
  "p20_lrcfb_narrow": 0,
  "p20_lrcfb_learned": 0,
  "p20_lrcfb_topk": 0,
  "p20_dgcr_branches": 0,
  "p20_dgcr_aux_weight": 0.01,
  "p20_mone_experts": 0,
  "p20_mone_topk": 0,
  "p20_mone_narrow": 1,
  "p20_mone_frozen": 0,
  "p20_ncea_branches": 0,
  "p20_ncea_eps": 0.1,
  "p20_adwi": 0,
  "p20_pwu_branches": 0,
  "p20_pwu_phase": 1,
  "p20_fsvd_gate": 0,
  "p20_wbfc_clusters": 0,
  "p20_wbfc_active": 0,
  "p21_per_experts": 0,
  "p21_per_topk": 0,
  "p21_per_learned": 0,
  "p21_per_attn": 0,
  "p22_attn_moe_route": "none",
  "p23_tiny_expert": 0,
  "p23_n_experts": 64,
  "p23_topk": 16,
  "p23_learned_route": 0,
  "p23_std_moe_experts": 0,
  "p23_std_moe_topk": -1,
  "p23_std_moe_aux_weight": 0.01,
  "p23_lokr": 0,
  "p23_lokr_rank": 4,
  "p23_use_shared_block_router": 0,
  "p23_linear_moe_experts": 0,
  "p23_linear_moe_topk": 0,
  "p23_quantile_route": 0,
  "remix_shared_context_gates": 0,
  "p24_use_sliced_weight": 0,
  "p24_sliced_weight_reduction_scale": 8,
  "p24_sliced_weight_min_select": 128,
  "p24_sliced_weight_scope": "per_token",
  "p24_sliced_weight_balance_coeff": 0.01,
  "p24_quantile_route": 0,
  "p24_use_folded_mod": 0,
  "p24_folded_mod_reduction_scale": 8,
  "p24_folded_mod_min_dim": 128,
  "p24_folded_mod_scope": "per_layer",
  "p24_folded_mod_gate_act": "tanh_centered",
  "p24_use_sequence_gated_linear": 0,
  "p24_sequence_gated_scope": "per_layer",
  "p24_sequence_gated_act": "tanh_centered",
  "remix_disable_ln_basis": 0,
  "dense_intermediate_ln": 0,
  "use_mst": true,
  "mst_n_subs": 4,
  "mst_sub_dim": 128,
  "mst_head_dim": 0,
  "mst_input_mode": "learned_proj",
  "mst_rotated_slice_learned": false,
  "mst_routing_mode": "soft_weighted",
  "mst_routing_topk": 0,
  "mst_routing_aux_weight": 0.01,
  "mst_diversity_weight": 0.0,
  "mst_ffn_mode": "standard",
  "mst_transition_mode": "aggregate_distribute",
  "mst_final_mode": "concat_proj",
  "mst_final_topk": 0,
  "mst_ffn_shared_up": 0,
  "mst_ffn_inner_dim": 0,
  "mst_sub_dropout": 0.0,
  "mst_transition_every": 1,
  "mst_ffa_temperature": 1.0,
  "mst_global_residual": 0,
  "mst_hybrid_dense": 0,
  "mst_cross_sub_kv": 0,
  "mst_sub_aux_weight": 0.0,
  "mst_progressive_merge": 0,
  "mst_multi_scale_windows": 1,
  "mst_delta_residual": 0,
  "mst_sub_layers": 1,
  "mst_grad_equalize": 1,
  "mst_block_diagonal_muon": 1,
  "mst_transition_width_mult": 4.0,
  "mst_sub_lr_scale": 2.0,
  "mst_shared_expert": 0,
  "mst_router_entropy_weight": 0.0,
  "mst_shared_kv_attn": 0,
  "mst_contrastive_diversity_weight": 0.0,
  "mst_transition_nonlinear": 0,
  "mst_transition_gated": 0,
  "mst_transition_mlp": 0,
  "mst_cross_sub_gate": 0,
  "mst_hyper_connect": 0,
  "mst_cross_kv_inject": 0,
  "mst_slice_transition": 0,
  "mst_lookback_layers": 0,
  "mst_bilinear_transition": 0,
  "mst_cross_sub_qmod": 0,
  "mst_feature_cycle": 0,
  "mst_mean_transition": 0,
  "mst_sub_head_dim": 64,
  "mst_final_norm": 0,
  "mst_per_stream_ve": 1,
  "mst_lm_head_dim": 0,
  "mst_compose_windows": 1,
  "mst_channel_mix": "none",
  "mst_channel_mix_site": "layer",
  "mst_distribute_block_muon": 0,
  "mst_trans_spectral_lr": 0,
  "mst_talking_heads": 0,
  "mst_wo_mode": "dense",
  "mst_stream_topk": 1,
  "mst_stream_router_aux": 0.01,
  "mst_stream_router_noise": 1.0,
  "mst_stream_dispatch": 0,
  "mst_stream_capacity_factor": 1.0,
  "mst_stream_gate_attn": 0,
  "mst_ffn_monarch": "shuffle",
  "mst_shampoo": 0,
  "mst_precond_every": 10,
  "mst_shampoo_beta": 0.95,
  "use_eet": false,
  "eet_frozen_kv": true,
  "eet_reenter_final": false,
  "eet_router_type": "mlp2",
  "eet_router_hidden": 0,
  "eet_freq_prior_alpha": 0.0,
  "eet_pos_prior_beta": 0.0,
  "eet_domain_prior": false,
  "eet_warmup_frac": 0.02,
  "eet_explore_frac": 0.15,
  "eet_reconstruct_lambda": 1.0,
  "eet_efficiency_lambda_start": 0.01,
  "eet_efficiency_lambda_end": 0.1,
  "eet_translator_rank": 0,
  "eet_max_frozen_kv_frac": 0.75,
  "eet_exit_threshold": 0.5,
  "eet_min_exit_layer": 1,
  "eet_loss_variant": "reconstruct",
  "eet_topk_vocab": 512,
  "eet_entropy_lambda": 0.3,
  "eet_surprise_lambda": 0.1,
  "eet_adv_lambda": 1.0,
  "eet_adv_entropy_lambda": 0.2,
  "eet_quality_lambda": 1.0,
  "eet_quality_entropy_bonus": 0.1,
  "eet_gumbel_temp_start": 0.0,
  "eet_gumbel_temp_end": 0.1,
  "eet_gumbel_hard": true,
  "eet_commitment_beta": 0.1,
  "eet_global_router": false,
  "eet_freq_efficiency_alpha": 0.0,
  "eet_diversity_lambda": 0.0,
  "eet_ce_guided_lambda": 1.0,
  "eet_router_lr_mult": 5.0,
  "eet_model_lr_mult": 1.0,
  "eet_depth_weight_type": "none",
  "eet_depth_weight_max": 2.5,
  "eet_use_override": 0,
  "eet_override_prob_start": 0.5,
  "eet_override_prob_end": 0.1,
  "eet_compute_skip": false,
  "eet_target_active_frac": 0.125,
  "eet_capacity_schedule": "bell",
  "eet_exit_fracs": null,
  "eet_capacity_alignment_lambda": 0.0,
  "eet_router_task_grad": true,
  "eet_reinforce_interval": 0,
  "eet_reinforce_lambda": 0.1,
  "eet_exit_adapter_rank": 0,
  "eet_router_after_block": 0,
  "eet_ffn_skip": false,
  "eet_ffn_target_frac": 0.5,
  "eet_ffn_full_attn": true,
  "eet_depth_affine": false,
  "eet_capacity_anneal_frac": 0.0,
  "eet_learned_schedule": false,
  "eet_departure_summary": false,
  "eet_route_consistency_lambda": 0.0,
  "eet_dense_distill_interval": 0,
  "eet_dense_distill_lambda": 0.5,
  "eet_depth_lr_scale": false,
  "eet_depth_grad_scale": false,
  "eet_detach_aux_from_backbone": false,
  "eet_detach_exit_from_backbone": false
}
Seeded weight init with --seed 2
Checkpoints directory: /__modal/volumes/vo-5lJiXYRRv6peac8JOAv0eu/out/p08_mst_parity/d8/MON_shuffle_k1_s2/depth_8/ckpt_base/base
✓ Wrapping model with DistributedDataParallel (rank 0, find_unused_parameters=False)
Parameter counts:
wte                     : 16,777,216
wpe                     : 0
value_embeds            : 67,108,864
lm_head                 : 16,777,216
transformer_matrices    : 9,982,976
research                : 0
scalars                 : 16
total                   : 110,646,288
Estimated FLOPs per token (total):  1.750948e+08
Estimated FLOPs per token (active): 1.562204e+08
Estimated active params:            107,500,560
[MST] Multi-scale sub windows: [(32, 0), (127, 0), (511, 0), (-1, 0)]
[MST] Using compile-optimized BatchedMSTLayer (N=4, d=128)
[MST] 1A: Per-sub gradient equalization hooks registered
Scaling LRs by 0.7071 for batch size 262,144 (reference: 524,288)
Scaling weight decay from 0.200000 to 0.166415 for depth 8
Scaling AdamW LRs ∝1/√(512/768) = 1.224745
[MST] Per-sub Muon LR scaled by 2.00× → 0.028284
[MST] 1B: Block-diagonal Muon enabled (N=4 blocks)
Calculated number of iterations from target data:param ratio: 1,071
Total number of training tokens: 280,756,224
Tokens : Scaling params ratio: 10.49
Total training FLOPs estimate: 4.915895e+16
Total active training FLOPs estimate: 4.385985e+16
Using base scheduler: linear warmup/flat/linear warmdown
[MST] Diagnostics will be logged to: /__modal/volumes/vo-5lJiXYRRv6peac8JOAv0eu/out/p08_mst_parity/d8/MON_shuffle_k1_s2/depth_8/ckpt_base/base/mst_diagnostics.jsonl
Tokens / micro-batch / rank: 128 x 2048 = 262,144
Tokens / micro-batch: 262,144
Total batch size 262,144 => gradient accumulation steps: 1
Running pre-compilation warmup (1 dummy forward+backward to init lazy allocations)...
[rank0]:W0809 12:51:34.988000 39355 site-packages/torch/_logging/_internal.py:1199] [0/0] Profiler function <class 'torch.autograd.profiler.record_function'> will be ignored
Warmup complete. Steady-state VRAM: 1.1 GB allocated
  [MST diag] ERROR: [Errno 2] No such file or directory: '/__modal/volumes/vo-5lJiXYRRv6peac8JOAv0eu/out/p08_mst_parity/d8/MON_shuffle_k1_s2/depth_8/ckpt_base/base/mst_diagnostics.jsonl'
step 00000/01071 (0.00%) | loss: 10.557394 | lrm: 0.20 | lr(adamw:8.142e-02, muon:3.771e-03) | dt: 28745.40ms | tok/sec: 9,119 | bf16_mfu: 0.16 | epoch: 1 pq: 0 rg: 1 | total time: 0.00m
2026-08-09 12:53:34,882 - nanochat.checkpoint_manager - INFO - Saved model parameters to: /__modal/volumes/vo-5lJiXYRRv6peac8JOAv0eu/out/p08_mst_parity/d8/MON_shuffle_k1_s2/depth_8/ckpt_base/base/model_000200.pt
2026-08-09 12:53:34,885 - nanochat.checkpoint_manager - INFO - Saved metadata to: /__modal/volumes/vo-5lJiXYRRv6peac8JOAv0eu/out/p08_mst_parity/d8/MON_shuffle_k1_s2/depth_8/ckpt_base/base/meta_000200.json
2026-08-09 12:53:36,126 - nanochat.checkpoint_manager - INFO - Saved optimizer state to: /__modal/volumes/vo-5lJiXYRRv6peac8JOAv0eu/out/p08_mst_parity/d8/MON_shuffle_k1_s2/depth_8/ckpt_base/base/optim_000200_rank0.pt
  [MST diag] sub_sim=[-0.093, -0.057, -0.040, -0.017, -0.009, -0.007, -0.010, -0.013] | route_ent=[1.250, 1.219, 1.250, 1.219, 1.188, 1.273, 1.273, 1.289] | grad_norm=[0.059, 0.039, 0.041, 0.038] | stream_load_min=[0.97, 0.95, 0.91, 0.89, 0.88, 0.90, 0.96, 0.87]
step 00200/01071 (18.67%) | loss: 4.235528 | lrm: 1.00 | lr(adamw:4.071e-01, muon:1.886e-02) | dt: 260.11ms | tok/sec: 1,007,829 | bf16_mfu: 17.84 | epoch: 1 pq: 1 rg: 17 | total time: 0.75m | eta: 3.5m
2026-08-09 12:54:24,053 - nanochat.checkpoint_manager - INFO - Saved model parameters to: /__modal/volumes/vo-5lJiXYRRv6peac8JOAv0eu/out/p08_mst_parity/d8/MON_shuffle_k1_s2/depth_8/ckpt_base/base/model_000400.pt
2026-08-09 12:54:24,055 - nanochat.checkpoint_manager - INFO - Saved metadata to: /__modal/volumes/vo-5lJiXYRRv6peac8JOAv0eu/out/p08_mst_parity/d8/MON_shuffle_k1_s2/depth_8/ckpt_base/base/meta_000400.json
2026-08-09 12:54:25,127 - nanochat.checkpoint_manager - INFO - Saved optimizer state to: /__modal/volumes/vo-5lJiXYRRv6peac8JOAv0eu/out/p08_mst_parity/d8/MON_shuffle_k1_s2/depth_8/ckpt_base/base/optim_000400_rank0.pt
Removed previous periodic checkpoint at step 000200
  [MST diag] sub_sim=[-0.110, -0.090, -0.064, -0.046, -0.041, -0.041, -0.045, -0.044] | route_ent=[1.234, 1.195, 1.266, 1.242, 1.141, 1.289, 1.281, 1.289] | grad_norm=[0.028, 0.022, 0.021, 0.019] | stream_load_min=[0.97, 0.95, 0.92, 0.91, 0.96, 0.89, 0.96, 0.91]
step 00400/01071 (37.35%) | loss: 3.946849 | lrm: 0.97 | lr(adamw:3.932e-01, muon:1.821e-02) | dt: 260.98ms | tok/sec: 1,004,476 | bf16_mfu: 17.78 | epoch: 1 pq: 2 rg: 30 | total time: 1.54m | eta: 2.7m
2026-08-09 12:55:13,237 - nanochat.checkpoint_manager - INFO - Saved model parameters to: /__modal/volumes/vo-5lJiXYRRv6peac8JOAv0eu/out/p08_mst_parity/d8/MON_shuffle_k1_s2/depth_8/ckpt_base/base/model_000600.pt
2026-08-09 12:55:13,241 - nanochat.checkpoint_manager - INFO - Saved metadata to: /__modal/volumes/vo-5lJiXYRRv6peac8JOAv0eu/out/p08_mst_parity/d8/MON_shuffle_k1_s2/depth_8/ckpt_base/base/meta_000600.json
2026-08-09 12:55:14,401 - nanochat.checkpoint_manager - INFO - Saved optimizer state to: /__modal/volumes/vo-5lJiXYRRv6peac8JOAv0eu/out/p08_mst_parity/d8/MON_shuffle_k1_s2/depth_8/ckpt_base/base/optim_000600_rank0.pt
Removed previous periodic checkpoint at step 000400
  [MST diag] sub_sim=[-0.115, -0.090, -0.076, -0.061, -0.060, -0.065, -0.064, -0.056] | route_ent=[1.234, 1.203, 1.281, 1.266, 1.172, 1.312, 1.305, 1.305] | grad_norm=[0.023, 0.016, 0.020, 0.019] | stream_load_min=[0.99, 0.93, 0.96, 0.97, 0.96, 0.94, 0.97, 0.95]
step 00600/01071 (56.02%) | loss: 3.777692 | lrm: 0.69 | lr(adamw:2.821e-01, muon:1.307e-02) | dt: 281.54ms | tok/sec: 931,118 | bf16_mfu: 16.48 | epoch: 1 pq: 3 rg: 44 | total time: 2.33m | eta: 1.9m
2026-08-09 12:56:02,500 - nanochat.checkpoint_manager - INFO - Saved model parameters to: /__modal/volumes/vo-5lJiXYRRv6peac8JOAv0eu/out/p08_mst_parity/d8/MON_shuffle_k1_s2/depth_8/ckpt_base/base/model_000800.pt
2026-08-09 12:56:02,503 - nanochat.checkpoint_manager - INFO - Saved metadata to: /__modal/volumes/vo-5lJiXYRRv6peac8JOAv0eu/out/p08_mst_parity/d8/MON_shuffle_k1_s2/depth_8/ckpt_base/base/meta_000800.json
2026-08-09 12:56:03,648 - nanochat.checkpoint_manager - INFO - Saved optimizer state to: /__modal/volumes/vo-5lJiXYRRv6peac8JOAv0eu/out/p08_mst_parity/d8/MON_shuffle_k1_s2/depth_8/ckpt_base/base/optim_000800_rank0.pt
Removed previous periodic checkpoint at step 000600
  [MST diag] sub_sim=[-0.110, -0.090, -0.078, -0.064, -0.063, -0.066, -0.064, -0.056] | route_ent=[1.227, 1.195, 1.297, 1.289, 1.195, 1.336, 1.320, 1.320] | grad_norm=[0.016, 0.013, 0.014, 0.013] | stream_load_min=[0.97, 0.95, 0.91, 0.94, 0.98, 0.95, 0.96, 0.93]
step 00800/01071 (74.70%) | loss: 3.661253 | lrm: 0.42 | lr(adamw:1.709e-01, muon:7.918e-03) | dt: 263.22ms | tok/sec: 995,897 | bf16_mfu: 17.63 | epoch: 1 pq: 4 rg: 58 | total time: 3.12m | eta: 1.1m
2026-08-09 12:56:51,942 - nanochat.checkpoint_manager - INFO - Saved model parameters to: /__modal/volumes/vo-5lJiXYRRv6peac8JOAv0eu/out/p08_mst_parity/d8/MON_shuffle_k1_s2/depth_8/ckpt_base/base/model_001000.pt
2026-08-09 12:56:51,945 - nanochat.checkpoint_manager - INFO - Saved metadata to: /__modal/volumes/vo-5lJiXYRRv6peac8JOAv0eu/out/p08_mst_parity/d8/MON_shuffle_k1_s2/depth_8/ckpt_base/base/meta_001000.json
2026-08-09 12:56:53,000 - nanochat.checkpoint_manager - INFO - Saved optimizer state to: /__modal/volumes/vo-5lJiXYRRv6peac8JOAv0eu/out/p08_mst_parity/d8/MON_shuffle_k1_s2/depth_8/ckpt_base/base/optim_001000_rank0.pt
Removed previous periodic checkpoint at step 000800
  [MST diag] sub_sim=[-0.110, -0.088, -0.079, -0.066, -0.067, -0.068, -0.063, -0.053] | route_ent=[1.227, 1.195, 1.305, 1.289, 1.211, 1.336, 1.328, 1.336] | grad_norm=[0.013, 0.010, 0.012, 0.011] | stream_load_min=[0.98, 0.92, 0.94, 0.98, 0.96, 0.97, 0.96, 0.95]
step 01000/01071 (93.37%) | loss: 3.576815 | lrm: 0.15 | lr(adamw:5.980e-02, muon:2.770e-03) | dt: 262.42ms | tok/sec: 998,946 | bf16_mfu: 17.69 | epoch: 1 pq: 5 rg: 73 | total time: 3.92m | eta: 0.3m
  [MST diag] sub_sim=[-0.110, -0.089, -0.079, -0.066, -0.067, -0.068, -0.062, -0.053] | route_ent=[1.227, 1.195, 1.305, 1.297, 1.219, 1.344, 1.336, 1.336] | grad_norm=[0.012, 0.010, 0.011, 0.010] | stream_load_min=[0.98, 0.95, 0.95, 0.96, 0.98, 0.96, 0.96, 0.97]
step 01070/01071 (99.91%) | loss: 3.548289 | lrm: 0.05 | lr(adamw:2.091e-02, muon:9.685e-04) | dt: 266.44ms | tok/sec: 983,879 | bf16_mfu: 17.42 | epoch: 1 pq: 6 rg: 24 | total time: 4.20m | eta: 0.0m
/usr/local/lib/python3.12/site-packages/torch/_dynamo/variables/functions.py:1598: UserWarning: Dynamo does not know how to trace the builtin `torch._C._distributed_c10d.pybind11_detail_function_record_v1_system_libstdcpp_gxx_abi_1xxx_use_cxx11_abi_1._broadcast_coalesced.` This function is either a Python builtin (e.g. _warnings.warn) or a third-party C/C++ Python extension (perhaps created with pybind).
If it is a Python builtin, please file an issue on GitHub so the PyTorch team can add support for it and see the next case for a workaround.
If it is a third-party C/C++ Python extension, please either wrap it into a PyTorch-understood custom operator (see https://pytorch.org/tutorials/advanced/custom_ops_landing_page.html for more details) or, if it is traceable, use `torch.compiler.allow_in_graph`.
  torch._dynamo.utils.warn_once(explanation + "\n" + "\n".join(hints))
Step 01071 | Validation bpb: 1.032672 | val_loss: 3.387351
<|bos|>The capital of France is the capital of the world. The capital of the world is the capital of the
<|bos|>The chemical symbol of gold is a symbol of purity and innocence. It is a symbol of purity and innoc
<|bos|>If yesterday was Friday, then tomorrow will be Friday. The next day will be Friday. The next day will be Friday.
<|bos|>The opposite of hot is the hot is the hot is the hot is the hot is the hot is the
<|bos|>The planets of the solar system are: the solar system, the solar system, the wind system, the solar system,
<|bos|>My favorite color is the color of the rainbow. I have a rainbow color that is not a color
<|bos|>If 5*x + 3 = 13, then x is the number of times the 5*x + 3 = 13,
2026-08-09 12:57:53,520 - nanochat.checkpoint_manager - INFO - Saved model parameters to: /__modal/volumes/vo-5lJiXYRRv6peac8JOAv0eu/out/p08_mst_parity/d8/MON_shuffle_k1_s2/depth_8/ckpt_base/base/model_001071.pt
2026-08-09 12:57:53,524 - nanochat.checkpoint_manager - INFO - Saved metadata to: /__modal/volumes/vo-5lJiXYRRv6peac8JOAv0eu/out/p08_mst_parity/d8/MON_shuffle_k1_s2/depth_8/ckpt_base/base/meta_001071.json
2026-08-09 12:57:54,638 - nanochat.checkpoint_manager - INFO - Saved optimizer state to: /__modal/volumes/vo-5lJiXYRRv6peac8JOAv0eu/out/p08_mst_parity/d8/MON_shuffle_k1_s2/depth_8/ckpt_base/base/optim_001071_rank0.pt
step 01071/01071 (final) | loss: 3.548289 | early_stop: 0
Peak memory usage: 70673.15MiB
Total training time: 4.20m
Minimum validation bpb: 1.032672
Minimum validation loss (nats/byte): 3.387351
[MST] Results appended → /__modal/volumes/vo-5lJiXYRRv6peac8JOAv0eu/out/p08_mst_parity/d8/MON_shuffle_k1_s2/depth_8/ckpt_base/mst_results.csv
[MST] mst_results.csv has an older column set; writing to mst_results_v4.csv instead
[MST] Results appended → /__modal/volumes/vo-5lJiXYRRv6peac8JOAv0eu/mst_results_v4.csv
Final Validation BPB for base: 1.0327

--- Generating Report ---
Saved plot to out/p08_mst_parity/d8/MON_shuffle_k1_s2/depth_8/comparison_depth_8.png
Saved TSV data to out/p08_mst_parity/d8/MON_shuffle_k1_s2/depth_8/results_depth_8.tsv
Generating report to out/report/report.md
Copying report.md to current directory for convenience
================================================================
Sweep Complete! Results saved to out/p08_mst_parity/d8/MON_shuffle_k1_s2
================================================================
✅  MON_shuffle_k1_s2
