=== ISO_mst_ve_s1 (depth 8, 600000000 tokens) ===
Requested NPROC_PER_NODE=8, but only 1 GPU(s) visible. Capping.
Using NPROC_PER_NODE=1
NANOCHAT_SKIP_ENV_SETUP=0
===== GPU Info =====
Tue Sep  1 23:08:53 2026       
+-----------------------------------------------------------------------------------------+
| NVIDIA-SMI 580.95.05              Driver Version: 580.95.05      CUDA Version: 13.0     |
+-----------------------------------------+------------------------+----------------------+
| GPU  Name                 Persistence-M | Bus-Id          Disp.A | Volatile Uncorr. ECC |
| Fan  Temp   Perf          Pwr:Usage/Cap |           Memory-Usage | GPU-Util  Compute M. |
|                                         |                        |               MIG M. |
|=========================================+========================+======================|
|   0  NVIDIA H200                    On  |   00000000:87:00.0 Off |                    0 |
| N/A   49C    P0             81W /  700W |       4MiB / 143771MiB |      0%      Default |
|                                         |                        |             Disabled |
+-----------------------------------------+------------------------+----------------------+

+-----------------------------------------------------------------------------------------+
| Processes:                                                                              |
|  GPU   GI   CI              PID   Type   Process name                        GPU Memory |
|        ID   ID                                                               Usage      |
|=========================================================================================|
|  No running processes found                                                             |
+-----------------------------------------------------------------------------------------+
Starting Research Sweep. Output directory: out/p10_isotoken/d8/ISO_mst_ve_s1
UV_SYSTEM_PYTHON=1: using system Python, skipping venv creation.
Validating system environment dependencies via uv...
Using Python 3.12.10 environment at: /usr/local
Resolved 158 packages in 514ms
   Building nanochat @ file:///__modal/volumes/vo-ZMP2IPHkorwhjItlHkd9SH
      Built nanochat @ file:///__modal/volumes/vo-ZMP2IPHkorwhjItlHkd9SH
Prepared 1 package in 1.20s
Uninstalled 1 package in 1ms
Installed 1 package in 1ms
 - nanochat==0.1.0 (from file:///root)
 + nanochat==0.1.0 (from file:///__modal/volumes/vo-ZMP2IPHkorwhjItlHkd9SH)
Reset report and wrote header to out/report/header.md
Dataset (up to 300 shards) already exists in data, skipping download.
Tokenizer already exists in tokenizer, skipping training.
================================================================
Processing Depth: 8
================================================================
2026-09-01 23:09:08,667 - httpx - INFO - HTTP Request: GET https://huggingface.co/api/agent-harnesses "HTTP/1.1 200 OK"
2026-09-01 23:09:08,805 - httpx - INFO - HTTP Request: HEAD https://huggingface.co/varunneal/flash-attention-3/resolve/main/kernel-status.toml "HTTP/1.1 404 Not Found"
2026-09-01 23:09:08,947 - httpx - INFO - HTTP Request: GET https://huggingface.co/api/models/varunneal/flash-attention-3/tree/main/build?recursive=false&expand=false "HTTP/1.1 200 OK"
2026-09-01 23:09:09,074 - httpx - INFO - HTTP Request: GET https://huggingface.co/api/models/varunneal/flash-attention-3/revision/main "HTTP/1.1 200 OK"
2026-09-01 23:09:09,224 - httpx - INFO - HTTP Request: GET https://huggingface.co/api/models/varunneal/flash-attention-3/tree/de87b9b5af06dd9984df595bef90b2eba44b181a?recursive=true&expand=false "HTTP/1.1 200 OK"
2026-09-01 23:09:09,356 - httpx - INFO - HTTP Request: HEAD https://huggingface.co/varunneal/flash-attention-3/resolve/de87b9b5af06dd9984df595bef90b2eba44b181a/build/torch29-cxx11-cu128-x86_64-linux/flash_attention_3/__init__.py "HTTP/1.1 307 Temporary Redirect"
2026-09-01 23:09:09,378 - httpx - INFO - HTTP Request: HEAD https://huggingface.co/api/resolve-cache/models/varunneal/flash-attention-3/de87b9b5af06dd9984df595bef90b2eba44b181a/build%2Ftorch29-cxx11-cu128-x86_64-linux%2Fflash_attention_3%2F__init__.py "HTTP/1.1 200 OK"
2026-09-01 23:09:09,381 - httpx - INFO - HTTP Request: HEAD https://huggingface.co/varunneal/flash-attention-3/resolve/de87b9b5af06dd9984df595bef90b2eba44b181a/build/torch29-cxx11-cu128-x86_64-linux/flash_attention_3/flash_attn_config.py "HTTP/1.1 307 Temporary Redirect"
2026-09-01 23:09:09,391 - httpx - INFO - HTTP Request: HEAD https://huggingface.co/varunneal/flash-attention-3/resolve/de87b9b5af06dd9984df595bef90b2eba44b181a/build/torch29-cxx11-cu128-x86_64-linux/flash_attention_3/flash_attn_interface.py "HTTP/1.1 307 Temporary Redirect"
2026-09-01 23:09:09,402 - httpx - INFO - HTTP Request: GET https://huggingface.co/api/resolve-cache/models/varunneal/flash-attention-3/de87b9b5af06dd9984df595bef90b2eba44b181a/build%2Ftorch29-cxx11-cu128-x86_64-linux%2Fflash_attention_3%2F__init__.py "HTTP/1.1 200 OK"
2026-09-01 23:09:09,405 - httpx - INFO - HTTP Request: HEAD https://huggingface.co/api/resolve-cache/models/varunneal/flash-attention-3/de87b9b5af06dd9984df595bef90b2eba44b181a/build%2Ftorch29-cxx11-cu128-x86_64-linux%2Fflash_attention_3%2Fflash_attn_config.py "HTTP/1.1 200 OK"
2026-09-01 23:09:09,414 - httpx - INFO - HTTP Request: HEAD https://huggingface.co/api/resolve-cache/models/varunneal/flash-attention-3/de87b9b5af06dd9984df595bef90b2eba44b181a/build%2Ftorch29-cxx11-cu128-x86_64-linux%2Fflash_attention_3%2Fflash_attn_interface.py "HTTP/1.1 200 OK"
2026-09-01 23:09:09,428 - httpx - INFO - HTTP Request: GET https://huggingface.co/api/resolve-cache/models/varunneal/flash-attention-3/de87b9b5af06dd9984df595bef90b2eba44b181a/build%2Ftorch29-cxx11-cu128-x86_64-linux%2Fflash_attention_3%2Fflash_attn_config.py "HTTP/1.1 200 OK"
2026-09-01 23:09:09,441 - httpx - INFO - HTTP Request: GET https://huggingface.co/api/resolve-cache/models/varunneal/flash-attention-3/de87b9b5af06dd9984df595bef90b2eba44b181a/build%2Ftorch29-cxx11-cu128-x86_64-linux%2Fflash_attention_3%2Fflash_attn_interface.py "HTTP/1.1 200 OK"
[sweep] Requested 8 DDP workers but only 1 GPU(s) available — using 1.
================================================================
Starting Sweep for Depth 8
Target Tokens: Auto (per-model param count)
================================================================
  Overriding default target_dim (128) with full model_dim 512

--- Training base ---

  ┌─────────────────────────────────────────────────────┐
  │  🆕  STARTING FRESH: [base]
  │     No checkpoints found — training from scratch.
  └─────────────────────────────────────────────────────┘

Running: /usr/local/bin/torchrun --standalone --nproc_per_node=1 -m scripts.base_train --depth 8 --aspect-ratio 64 --head-dim 128 --model-dim 512 --max-seq-len 2048 --device-batch-size 128 --total-batch-size 262144 --target-tokens -1 --target-param-data-ratio 10.5 --eval-every -1 --log-every 200 --core-metric-every 0 --save-every 200 --warmup-ratio 0.005 --warmdown-ratio 0.65 --final-lr-frac 0.05 --adam-beta2 0.99 --research-warmup-ratio 0.05 --use-onecycle 0 --router-context-window -1 --remix-use-basis-gate 1 --remix-use-output-gate 1 --remix-use-context 1 --remix-basis-gate-mode mlp --remix-gate-lr-scale 0.3 --p22-n-templates 1 --p22-template-routing-learned 0 --p22-template-topk 0 --p22-attn-moe-route none --p26-output-gated-linear 0 --p28-shared-basis 0 --p28-chunk-routing-size 0 --p28-global-template-bank none --p28-attn-proj-templates 0 --p28-attn-qk-templates 0 --p31-chunk-route-impl compose --p31-top1-gate ones --p31-template-delta-rank 0 --p31-route-side output --p31-drop-basis-proj 0 --p31-basis-side-templates 0 --remix-template-block-diag 0 --remix-template-lr-scale 1.0 --p29-grad-equalize 0 --target-active-params 1 --remix-basis-gate-rank 8 --cclblock-modulation weight --cclblock-orth-lambda 0.0 --p35-template-diversity-lambda 0.0 --cclblock-context-stream local --cclblock-ema-factor 0.99 --cclblock-stale-ctx-lag 0 --cclblock-sparse-gate-k 0 --cclblock-gate-temperature 1.0 --cclblock-context-bank-size 0 --cclblock-per-head-ctx 0 --cclblock-context-source norm_x --cclblock-chunk-size 0 --cclblock-aux-objective none --cclblock-aux-lambda 0.1 --cclblock-boundary-token-id 198 --use-ral 0 --ral-rank 32 --p34-ffn-schedule  --p34-ffn-no-ffn-replacement none --p34-ffn-last-depth 1 --p36-swiglu-ffn 0 --p36-swiglu-mult 2.6666666666666665 --cond-sites both --p22-route-affine 0 --cond-rank 256 --cond-mult-steps 0 --cond-gate-source router --cond-coeff-act centered --cond-router-rank 0 --cond-router-act none --cond-live-init 0.0 --cond-chunk-size 0 --cond-mult-scale -1.0 --cond-mult-impl wy --cond-attn-projs qkvo --cond-layer-frac 1.0 --cclblock-film-gate 0 --cclblock-attn-shadow-dim 0 --cclblock-dynamic-ratio 0.25 --cclblock-gate-rank 8 --cclblock-num-regimes 8 --cclblock-regime-temperature 1.0 --cclblock-poly-order 2 --cclblock-lie-generators 4 --cclblock-grassmann-bank-size 4 --cclblock-tucker-rank 32 --cclblock-tucker-modes 8 --cclblock-svs-rank 64 --cclblock-svs-eps 0.1 --cclblock-vq-codes 8 --cclblock-vq-temperature 1.0 --cclblock-dcu-warmup-steps 0 --cclblock-fsi-rotations 8 --cclblock-fsi-selector-dim 64 --cclblock-aesp-strata 4 --cclblock-aesp-delta-rank 4 --cclblock-ckr-branches 4 --cclblock-ckr-kernel-size 64 --cclblock-ckr-pos-channels 1 --cclblock-ckr-dual-optim 0 --cclblock-ckr-content-bias 0.0 --cclblock-giad-rank 32 --cclblock-psg-kernel-size 64 --cclblock-ss-dynamic-ratio 0.25 --cclblock-ss-branches 2 --cclblock-ss-kernel-size 64 --cclblock-lokr-branches 8 --cclblock-lokr-rank 16 --cclblock-ckr-temp-start 2.0 --cclblock-ckr-temp-end 0.3 --cclblock-com-kernel-size 32 --cclblock-ckr-ortho-init 0 --cclblock-ckr-branch-dropout 0.0 --cclblock-ckr-diversity-lambda 0.0 --cclblock-pgr-kernel-size 64 --cclblock-cil-kernel-size 64 --cclblock-prb-kernel-size 64 --p18-layer-drop 0.0 --p18-dynamic-activation 0 --p18-mixture-norm 0 --p18-aux-sim-lambda 0.0 --p18-gradient-penalty 0.0 --p18-per-channel-scale 0 --p19-residual-gate 0 --p19-head-importance 0 --p19-residual-mix-groups 0 --p19-attn-logit-bias 0 --p19-residual-decay 0 --p19-grad-equilibrium 0.0 --p19-spectral-reparam 0 --p19-weight-anticollapse 0.0 --p19-ve-bias 0 --p19-weight-noise 0.0 --p20-hrcs-scale 0 --p20-lswr-scale 0 --p20-lswr-planes 8 --p20-lrcfb-branches 0 --p20-lrcfb-narrow 0 --p20-lrcfb-learned 0 --p20-lrcfb-topk 0 --p20-dgcr-branches 0 --p20-dgcr-aux-weight 0.01 --p20-mone-experts 0 --p20-mone-topk 0 --p20-mone-narrow 1 --p20-mone-frozen 0 --p20-ncea-branches 0 --p20-ncea-eps 0.1 --p20-adwi 0 --p20-pwu-branches 0 --p20-pwu-phase 1 --p20-fsvd-gate 0 --p20-wbfc-clusters 0 --p20-wbfc-active 0 --p21-per-experts 0 --p21-per-topk 0 --p21-per-learned 0 --p21-per-attn 0 --p23-tiny-expert 0 --p23-n-experts 64 --p23-topk 16 --p23-learned-route 0 --p23-std-moe-experts 0 --p23-std-moe-topk -1 --p23-std-moe-aux-weight 0.01 --p23-lokr 0 --p23-lokr-rank 4 --p23-use-shared-block-router 0 --p23-linear-moe-experts 0 --p23-linear-moe-topk 0 --p23-quantile-route 0 --seed 1 --p34-ffn-mult 4.0 --p34-ffn-single 0 --p34-dense-attn 0 --p24-use-sliced-weight 0 --p24-sliced-weight-reduction-scale 8 --p24-sliced-weight-min-select 128 --p24-sliced-weight-scope per_token --p24-sliced-weight-balance-coeff 0.01 --p24-quantile-route 0 --p24-use-folded-mod 0 --p24-folded-mod-reduction-scale 8 --p24-folded-mod-scope per_layer --p24-folded-mod-gate-act tanh_centered --p24-use-sequence-gated-linear 0 --p24-sequence-gated-scope per_layer --p24-sequence-gated-act tanh_centered --p24-folded-mod-min-dim 128 --remix-shared-context-gates 0 --remix-use-dual-gate 0 --remix-basis-scale-factor 4 --remix-output-gate-rank 16 --p24-use-sliced-weight 0 --p24-sliced-weight-reduction-scale 8 --p24-sliced-weight-min-select 128 --p24-sliced-weight-scope per_token --p24-sliced-weight-balance-coeff 0.01 --p24-quantile-route 0 --p24-use-folded-mod 0 --p24-folded-mod-reduction-scale 8 --p24-folded-mod-scope per_layer --p24-folded-mod-gate-act tanh_centered --p24-use-sequence-gated-linear 0 --p24-sequence-gated-scope per_layer --p24-sequence-gated-act tanh_centered --remix-disable-ln-basis 0 --dense-intermediate-ln 0 --use-mol 0 --mol-n-blocks 5 --mol-n-shared 1 --mol-topk 3 --mol-thin-dim 256 --mol-head-dim 64 --mol-ffn-mult 4.0 --mol-router-aux 0.05 --mol-routed-attn softmax --mol-dispatch 1 --mol-capacity-factor 1.0 --mol-block-lr-scale 1.0 --mol-per-block-ve 0 --use-mst 1 --mst-n-subs 4 --mst-sub-dim 128 --mst-head-dim 0 --mst-input-mode learned_proj --mst-rotated-slice-learned 0 --mst-routing-mode soft_weighted --mst-routing-topk 0 --mst-routing-aux-weight 0.01 --mst-diversity-weight 0.0 --mst-ffn-mode standard --mst-transition-mode aggregate_distribute --mst-final-mode concat_proj --mst-final-topk 0 --mst-ffn-shared-up 0 --mst-ffn-inner-dim 0 --mst-sub-dropout 0.0 --mst-transition-every 1 --mst-ffa-temperature 1.0 --mst-global-residual 0 --mst-hybrid-dense 0 --mst-cross-sub-kv 0 --mst-sub-aux-weight 0.0 --mst-progressive-merge 0 --mst-multi-scale-windows 1 --mst-delta-residual 0 --mst-sub-layers 1 --mst-grad-equalize 1 --mst-block-diagonal-muon 1 --mst-transition-width-mult 4.0 --mst-sub-lr-scale 2.0 --mst-shared-expert 0 --mst-router-entropy-weight 0.0 --mst-shared-kv-attn 0 --mst-contrastive-diversity-weight 0.0 --mst-transition-nonlinear 0 --mst-transition-gated 0 --mst-transition-mlp 0 --mst-cross-sub-gate 0 --mst-hyper-connect 0 --mst-cross-kv-inject 0 --mst-slice-transition 0 --mst-lookback-layers 0 --mst-bilinear-transition 0 --mst-cross-sub-qmod 0 --mst-feature-cycle 0 --mst-mean-transition 0 --mst-sub-head-dim 64 --mst-final-norm 0 --mst-per-stream-ve 1 --mst-ve-map 0 --mst-ve-map-rank 0 --mst-lm-head-dim 0 --mst-compose-windows 1 --mst-channel-mix none --mst-channel-mix-site layer --mst-distribute-block-muon 0 --mst-trans-spectral-lr 0 --mst-talking-heads 0 --mst-wo-mode dense --mst-stream-topk 1 --mst-stream-shared 0 --mst-stream-router-aux 0.01 --mst-stream-router-noise 1.0 --mst-stream-dispatch 0 --mst-stream-capacity-factor 1.0 --mst-stream-gate-attn 0 --mst-ffn-monarch none --mst-shampoo 0 --mst-precond-every 10 --mst-shampoo-beta 0.95 --use-eet 0 --eet-frozen-kv 1 --eet-reenter-final 0 --eet-compute-skip 0 --eet-target-active-frac 0.125 --eet-capacity-schedule bell --eet-exit-fracs  --eet-router-type mlp2 --eet-router-hidden 0 --eet-freq-prior-alpha 0.0 --eet-pos-prior-beta 0.0 --eet-domain-prior 0 --eet-warmup-frac 0.02 --eet-explore-frac 0.15 --eet-reconstruct-lambda 1.0 --eet-efficiency-lambda-start 0.01 --eet-efficiency-lambda-end 0.1 --eet-translator-rank 0 --eet-max-frozen-kv-frac 0.75 --eet-exit-threshold 0.5 --eet-min-exit-layer 1 --eet-loss-variant reconstruct --eet-topk-vocab 512 --eet-entropy-lambda 0.3 --eet-surprise-lambda 0.1 --eet-adv-lambda 1.0 --eet-adv-entropy-lambda 0.2 --eet-quality-lambda 1.0 --eet-quality-entropy-bonus 0.1 --eet-gumbel-temp-start 0.0 --eet-gumbel-temp-end 0.1 --eet-gumbel-hard 1 --eet-commitment-beta 0.1 --eet-global-router 0 --eet-freq-efficiency-alpha 0.0 --eet-diversity-lambda 0.0 --eet-ce-guided-lambda 1.0 --eet-router-lr-mult 5.0 --eet-model-lr-mult 1.0 --eet-depth-weight-type none --eet-depth-weight-max 2.5 --eet-use-override 0 --eet-override-prob-start 0.5 --eet-override-prob-end 0.1 --eet-capacity-alignment-lambda 0.0 --eet-router-task-grad 1 --eet-reinforce-interval 0 --eet-reinforce-lambda 0.1 --eet-exit-adapter-rank 0 --eet-router-after-block 0 --eet-ffn-skip 0 --eet-ffn-target-frac 0.5 --eet-ffn-full-attn 1 --eet-depth-affine 0 --eet-capacity-anneal-frac 0.0 --eet-learned-schedule 0 --eet-departure-summary 0 --eet-route-consistency-lambda 0.0 --eet-dense-distill-interval 0 --eet-dense-distill-lambda 0.5 --eet-depth-lr-scale 0 --eet-depth-grad-scale 0 --eet-detach-aux-from-backbone 0 --eet-detach-exit-from-backbone 0 --use-code-head 0 --sch-head-type code --sch-bits 0 --sch-order 2 --sch-max-m 0 --sch-phi-mode monomial --sch-code-mode binary --sch-code-path  --sch-code-ecc-bits 0 --sch-code-seed 1234 --sch-phi-density 0.0 --sch-phi-dtype bf16 --sch-phi-normalize 1 --sch-phi-center 0 --sch-g-type linear --sch-g-hidden 0 --sch-g-layers 2 --sch-g-out-std 0.001 --sch-mixture 1 --sch-residual-rank 0 --sch-logit-act none --sch-bias 0 --sch-input-mode table --sch-input-hidden 0 --sch-holdout-tokens 0 --sch-holdout-seed 7 --sch-holdout-min-id 256 --sch-holdout-mode target --sch-decile-metrics 1 --sch-rank-probe 0 --sch-eval-steps 100 --compile --tokenizer-dir tokenizer --data-dir data --max-shards 300 --checkpoints-dir /__modal/volumes/vo-ZMP2IPHkorwhjItlHkd9SH/out/p10_isotoken/d8/ISO_mst_ve_s1/depth_8/ckpt_base --model-tag base
2026-09-01 23:09:22,156 - httpx - INFO - HTTP Request: HEAD https://huggingface.co/varunneal/flash-attention-3/resolve/main/kernel-status.toml "HTTP/1.1 404 Not Found"
2026-09-01 23:09:22,306 - httpx - INFO - HTTP Request: GET https://huggingface.co/api/models/varunneal/flash-attention-3/tree/main/build?recursive=false&expand=false "HTTP/1.1 200 OK"
2026-09-01 23:09:22,424 - httpx - INFO - HTTP Request: GET https://huggingface.co/api/models/varunneal/flash-attention-3/revision/main "HTTP/1.1 200 OK"

                                                       █████                █████
                                                      ░░███                ░░███
     ████████    ██████   ████████    ██████   ██████  ░███████    ██████  ███████
    ░░███░░███  ░░░░░███ ░░███░░███  ███░░███ ███░░███ ░███░░███  ░░░░░███░░░███░
     ░███ ░███   ███████  ░███ ░███ ░███ ░███░███ ░░░  ░███ ░███   ███████  ░███
     ░███ ░███  ███░░███  ░███ ░███ ░███ ░███░███  ███ ░███ ░███  ███░░███  ░███ ███
     ████ █████░░████████ ████ █████░░██████ ░░██████  ████ █████░░███████  ░░█████
    ░░░░ ░░░░░  ░░░░░░░░ ░░░░ ░░░░░  ░░░░░░   ░░░░░░  ░░░░ ░░░░░  ░░░░░░░░   ░░░░░
    
Autodetected device type: cuda
2026-09-01 23:09:24,499 - nanochat.common - INFO - Distributed world size: 1
GPU: NVIDIA H200 | Peak FLOPS (BF16): 9.89e+14
COMPUTE_DTYPE: torch.bfloat16 (auto-detected: CUDA SM 90 (bf16 supported))
✓ Using Flash Attention 3 (Hopper GPU detected) — efficient and fast.
Vocab size: 32,768
[MST] Multi-scale sub windows: [(32, 0), (127, 0), (511, 0), (-1, 0)]
[MST] Using compile-optimized BatchedMSTLayer (N=4, d=128)
[MST] 1A: Per-sub gradient equalization hooks registered
Model config:
{
  "sequence_len": 2048,
  "vocab_size": 32768,
  "n_layer": 8,
  "n_head": 4,
  "n_kv_head": 4,
  "n_embd": 512,
  "use_moe": false,
  "use_perm": false,
  "moe_num_experts": 8,
  "moe_router_dim": 64,
  "moe_embed_dim": 64,
  "dropout": 0.0,
  "use_remix_linear": false,
  "remix_context_dim": 64,
  "remix_context_dim_ratio": 6,
  "remix_basis_size": 64,
  "remix_output_gate_rank": 16,
  "remixed_linear_kwargs": {
    "use_basis_gate": true,
    "use_output_gate": true,
    "use_context": true,
    "basis_gate_mode": "mlp",
    "sparse_gate_k": 0,
    "gate_temperature": 1.0,
    "basis_scale_factor": 4,
    "n_templates": 1,
    "template_routing_learned": false,
    "template_topk": 0,
    "tiny_expert": false,
    "tiny_expert_topk": 16,
    "lokr_expert": false,
    "lokr_n_experts": 64,
    "lokr_topk": 16,
    "lokr_rank": 4,
    "lokr_learned": false,
    "basis_gate_rank": 8,
    "disable_ln_basis": false,
    "chunk_route_impl": "compose",
    "top1_gate": "ones",
    "template_delta_rank": 0,
    "route_side": "output",
    "drop_basis_proj": false,
    "basis_side_templates": 0,
    "grad_equalize": false
  },
  "use_pos_embed": false,
  "moe_use_abs_pos_embed": false,
  "use_layer_context": true,
  "scale_basis_size": true,
  "remix_use_dual_gate": false,
  "remix_use_fused": false,
  "p26_output_gated_linear": 0,
  "p28_shared_basis": 0,
  "p28_chunk_routing_size": 0,
  "p28_global_template_bank": "none",
  "p28_attn_proj_templates": 0,
  "p28_attn_qk_templates": 0,
  "p29_template_block_diag": 0,
  "p29_template_lr_scale": 1.0,
  "p29_grad_equalize": 0,
  "p34_ffn_mult": 4.0,
  "p34_ffn_single": 0,
  "p34_dense_attn": 0,
  "legacy_init_fallback": 0,
  "p35_template_diversity_lambda": 0.0,
  "p22_route_affine": 0,
  "p34_ffn_schedule": "",
  "p34_ffn_no_ffn_replacement": "none",
  "p34_ffn_last_depth": 1,
  "p36_swiglu_ffn": 0,
  "p36_swiglu_mult": 2.6666666666666665,
  "cond_sites": "both",
  "cond_rank": 256,
  "cond_mult_steps": 0,
  "cond_gate_source": "router",
  "cond_coeff_act": "centered",
  "cond_router_rank": 0,
  "cond_live_init": 0.0,
  "cond_router_act": "none",
  "cond_chunk_size": 0,
  "cond_mult_scale": -1.0,
  "cond_mult_impl": "wy",
  "cond_attn_projs": "qkvo",
  "cond_layer_frac": 1.0,
  "perm_expert_mode": "low_rank",
  "perm_rank": 16,
  "router_context_window": -1,
  "router_causal": true,
  "router_num_heads": 4,
  "router_num_queries": 16,
  "router_n_layers": 2,
  "router_use_vocab_prior": false,
  "window_pattern": "SSSL",
  "cclblock_modulation": "weight",
  "cclblock_orth_lambda": 0.0,
  "cclblock_context_stream": "local",
  "cclblock_ema_factor": 0.99,
  "cclblock_stale_ctx_lag": 0,
  "cclblock_sparse_gate_k": 0,
  "cclblock_gate_temperature": 1.0,
  "cclblock_context_bank_size": 0,
  "cclblock_per_head_ctx": false,
  "cclblock_context_source": "norm_x",
  "cclblock_chunk_size": 0,
  "cclblock_aux_objective": "none",
  "cclblock_aux_lambda": 0.1,
  "cclblock_boundary_token_id": 198,
  "use_ral": false,
  "ral_rank": 32,
  "cclblock_film_gate": false,
  "cclblock_attn_shadow_dim": 0,
  "cclblock_dynamic_ratio": 0.25,
  "cclblock_gate_rank": 8,
  "cclblock_num_regimes": 8,
  "cclblock_regime_temperature": 1.0,
  "cclblock_poly_order": 2,
  "cclblock_lie_generators": 4,
  "cclblock_grassmann_bank_size": 4,
  "cclblock_tucker_rank": 32,
  "cclblock_tucker_modes": 8,
  "cclblock_svs_rank": 64,
  "cclblock_svs_eps": 0.1,
  "cclblock_vq_codes": 8,
  "cclblock_vq_temperature": 1.0,
  "cclblock_dcu_warmup_steps": 0,
  "cclblock_fsi_rotations": 8,
  "cclblock_fsi_selector_dim": 64,
  "cclblock_aesp_strata": 4,
  "cclblock_aesp_delta_rank": 4,
  "cclblock_ckr_branches": 4,
  "cclblock_ckr_kernel_size": 64,
  "cclblock_ckr_pos_channels": 1,
  "cclblock_ckr_dual_optim": 0,
  "cclblock_ckr_content_bias": 0.0,
  "cclblock_giad_rank": 32,
  "cclblock_psg_kernel_size": 64,
  "cclblock_ss_dynamic_ratio": 0.25,
  "cclblock_ss_branches": 2,
  "cclblock_ss_kernel_size": 64,
  "cclblock_lokr_branches": 8,
  "cclblock_lokr_rank": 16,
  "cclblock_ckr_temp_start": 2.0,
  "cclblock_ckr_temp_end": 0.3,
  "cclblock_com_kernel_size": 32,
  "cclblock_ckr_ortho_init": 0,
  "cclblock_ckr_branch_dropout": 0.0,
  "cclblock_ckr_diversity_lambda": 0.0,
  "cclblock_ckr_layer_selective": 0,
  "cclblock_pgr_kernel_size": 64,
  "cclblock_cil_kernel_size": 64,
  "cclblock_prb_kernel_size": 64,
  "p18_layer_drop": 0.0,
  "p18_dynamic_activation": 0,
  "p18_mixture_norm": 0,
  "p18_causal_attn_bias": 0,
  "p18_aux_sim_lambda": 0.0,
  "p18_gradient_penalty": 0.0,
  "p18_per_channel_scale": 0,
  "p19_residual_gate": 0,
  "p19_head_importance": 0,
  "p19_residual_mix_groups": 0,
  "p19_attn_logit_bias": 0,
  "p19_residual_decay": 0,
  "p19_grad_equilibrium": 0.0,
  "p19_spectral_reparam": 0,
  "p19_weight_anticollapse": 0.0,
  "p19_ve_bias": 0,
  "p19_weight_noise": 0.0,
  "p20_hrcs_scale": 0,
  "p20_lswr_scale": 0,
  "p20_lswr_planes": 8,
  "p20_lrcfb_branches": 0,
  "p20_lrcfb_narrow": 0,
  "p20_lrcfb_learned": 0,
  "p20_lrcfb_topk": 0,
  "p20_dgcr_branches": 0,
  "p20_dgcr_aux_weight": 0.01,
  "p20_mone_experts": 0,
  "p20_mone_topk": 0,
  "p20_mone_narrow": 1,
  "p20_mone_frozen": 0,
  "p20_ncea_branches": 0,
  "p20_ncea_eps": 0.1,
  "p20_adwi": 0,
  "p20_pwu_branches": 0,
  "p20_pwu_phase": 1,
  "p20_fsvd_gate": 0,
  "p20_wbfc_clusters": 0,
  "p20_wbfc_active": 0,
  "p21_per_experts": 0,
  "p21_per_topk": 0,
  "p21_per_learned": 0,
  "p21_per_attn": 0,
  "p22_attn_moe_route": "none",
  "p23_tiny_expert": 0,
  "p23_n_experts": 64,
  "p23_topk": 16,
  "p23_learned_route": 0,
  "p23_std_moe_experts": 0,
  "p23_std_moe_topk": -1,
  "p23_std_moe_aux_weight": 0.01,
  "p23_lokr": 0,
  "p23_lokr_rank": 4,
  "p23_use_shared_block_router": 0,
  "p23_linear_moe_experts": 0,
  "p23_linear_moe_topk": 0,
  "p23_quantile_route": 0,
  "remix_shared_context_gates": 0,
  "p24_use_sliced_weight": 0,
  "p24_sliced_weight_reduction_scale": 8,
  "p24_sliced_weight_min_select": 128,
  "p24_sliced_weight_scope": "per_token",
  "p24_sliced_weight_balance_coeff": 0.01,
  "p24_quantile_route": 0,
  "p24_use_folded_mod": 0,
  "p24_folded_mod_reduction_scale": 8,
  "p24_folded_mod_min_dim": 128,
  "p24_folded_mod_scope": "per_layer",
  "p24_folded_mod_gate_act": "tanh_centered",
  "p24_use_sequence_gated_linear": 0,
  "p24_sequence_gated_scope": "per_layer",
  "p24_sequence_gated_act": "tanh_centered",
  "remix_disable_ln_basis": 0,
  "dense_intermediate_ln": 0,
  "use_mol": false,
  "mol_n_blocks": 5,
  "mol_n_shared": 1,
  "mol_topk": 3,
  "mol_thin_dim": 256,
  "mol_head_dim": 64,
  "mol_ffn_mult": 4.0,
  "mol_router_aux": 0.05,
  "mol_routed_attn": "softmax",
  "mol_dispatch": 1,
  "mol_capacity_factor": 1.0,
  "mol_block_lr_scale": 1.0,
  "mol_per_block_ve": 0,
  "use_mst": true,
  "mst_n_subs": 4,
  "mst_sub_dim": 128,
  "mst_head_dim": 0,
  "mst_input_mode": "learned_proj",
  "mst_rotated_slice_learned": false,
  "mst_routing_mode": "soft_weighted",
  "mst_routing_topk": 0,
  "mst_routing_aux_weight": 0.01,
  "mst_diversity_weight": 0.0,
  "mst_ffn_mode": "standard",
  "mst_transition_mode": "aggregate_distribute",
  "mst_final_mode": "concat_proj",
  "mst_final_topk": 0,
  "mst_ffn_shared_up": 0,
  "mst_ffn_inner_dim": 0,
  "mst_sub_dropout": 0.0,
  "mst_transition_every": 1,
  "mst_ffa_temperature": 1.0,
  "mst_global_residual": 0,
  "mst_hybrid_dense": 0,
  "mst_cross_sub_kv": 0,
  "mst_sub_aux_weight": 0.0,
  "mst_progressive_merge": 0,
  "mst_multi_scale_windows": 1,
  "mst_delta_residual": 0,
  "mst_sub_layers": 1,
  "mst_grad_equalize": 1,
  "mst_block_diagonal_muon": 1,
  "mst_transition_width_mult": 4.0,
  "mst_sub_lr_scale": 2.0,
  "mst_shared_expert": 0,
  "mst_router_entropy_weight": 0.0,
  "mst_shared_kv_attn": 0,
  "mst_contrastive_diversity_weight": 0.0,
  "mst_transition_nonlinear": 0,
  "mst_transition_gated": 0,
  "mst_transition_mlp": 0,
  "mst_cross_sub_gate": 0,
  "mst_hyper_connect": 0,
  "mst_cross_kv_inject": 0,
  "mst_slice_transition": 0,
  "mst_lookback_layers": 0,
  "mst_bilinear_transition": 0,
  "mst_cross_sub_qmod": 0,
  "mst_feature_cycle": 0,
  "mst_mean_transition": 0,
  "mst_sub_head_dim": 64,
  "mst_final_norm": 0,
  "mst_per_stream_ve": 1,
  "mst_ve_map": 0,
  "mst_ve_map_rank": 0,
  "mst_lm_head_dim": 0,
  "mst_compose_windows": 1,
  "mst_channel_mix": "none",
  "mst_channel_mix_site": "layer",
  "mst_distribute_block_muon": 0,
  "mst_trans_spectral_lr": 0,
  "mst_talking_heads": 0,
  "mst_wo_mode": "dense",
  "mst_stream_topk": 1,
  "mst_stream_shared": 0,
  "mst_stream_router_aux": 0.01,
  "mst_stream_router_noise": 1.0,
  "mst_stream_dispatch": 0,
  "mst_stream_capacity_factor": 1.0,
  "mst_stream_gate_attn": 0,
  "mst_ffn_monarch": "none",
  "mst_shampoo": 0,
  "mst_precond_every": 10,
  "mst_shampoo_beta": 0.95,
  "use_eet": false,
  "eet_frozen_kv": true,
  "eet_reenter_final": false,
  "eet_router_type": "mlp2",
  "eet_router_hidden": 0,
  "eet_freq_prior_alpha": 0.0,
  "eet_pos_prior_beta": 0.0,
  "eet_domain_prior": false,
  "eet_warmup_frac": 0.02,
  "eet_explore_frac": 0.15,
  "eet_reconstruct_lambda": 1.0,
  "eet_efficiency_lambda_start": 0.01,
  "eet_efficiency_lambda_end": 0.1,
  "eet_translator_rank": 0,
  "eet_max_frozen_kv_frac": 0.75,
  "eet_exit_threshold": 0.5,
  "eet_min_exit_layer": 1,
  "eet_loss_variant": "reconstruct",
  "eet_topk_vocab": 512,
  "eet_entropy_lambda": 0.3,
  "eet_surprise_lambda": 0.1,
  "eet_adv_lambda": 1.0,
  "eet_adv_entropy_lambda": 0.2,
  "eet_quality_lambda": 1.0,
  "eet_quality_entropy_bonus": 0.1,
  "eet_gumbel_temp_start": 0.0,
  "eet_gumbel_temp_end": 0.1,
  "eet_gumbel_hard": true,
  "eet_commitment_beta": 0.1,
  "eet_global_router": false,
  "eet_freq_efficiency_alpha": 0.0,
  "eet_diversity_lambda": 0.0,
  "eet_ce_guided_lambda": 1.0,
  "eet_router_lr_mult": 5.0,
  "eet_model_lr_mult": 1.0,
  "eet_depth_weight_type": "none",
  "eet_depth_weight_max": 2.5,
  "eet_use_override": 0,
  "eet_override_prob_start": 0.5,
  "eet_override_prob_end": 0.1,
  "eet_compute_skip": false,
  "eet_target_active_frac": 0.125,
  "eet_capacity_schedule": "bell",
  "eet_exit_fracs": null,
  "eet_capacity_alignment_lambda": 0.0,
  "eet_router_task_grad": true,
  "eet_reinforce_interval": 0,
  "eet_reinforce_lambda": 0.1,
  "eet_exit_adapter_rank": 0,
  "eet_router_after_block": 0,
  "eet_ffn_skip": false,
  "eet_ffn_target_frac": 0.5,
  "eet_ffn_full_attn": true,
  "eet_depth_affine": false,
  "eet_capacity_anneal_frac": 0.0,
  "eet_learned_schedule": false,
  "eet_departure_summary": false,
  "eet_route_consistency_lambda": 0.0,
  "eet_dense_distill_interval": 0,
  "eet_dense_distill_lambda": 0.5,
  "eet_depth_lr_scale": false,
  "eet_depth_grad_scale": false,
  "eet_detach_aux_from_backbone": false,
  "eet_detach_exit_from_backbone": false,
  "use_code_head": false,
  "sch_head_type": "code",
  "sch_bits": 0,
  "sch_order": 2,
  "sch_max_m": 0,
  "sch_phi_mode": "monomial",
  "sch_code_mode": "binary",
  "sch_code_path": "",
  "sch_code_ecc_bits": 0,
  "sch_code_seed": 1234,
  "sch_phi_density": 0.0,
  "sch_phi_dtype": "bf16",
  "sch_phi_normalize": 1,
  "sch_phi_center": 0,
  "sch_g_type": "linear",
  "sch_g_hidden": 0,
  "sch_g_layers": 2,
  "sch_g_out_std": 0.001,
  "sch_mixture": 1,
  "sch_residual_rank": 0,
  "sch_logit_act": "none",
  "sch_bias": 0,
  "sch_input_mode": "table",
  "sch_input_hidden": 0
}
Seeded weight init with --seed 1
Checkpoints directory: /__modal/volumes/vo-ZMP2IPHkorwhjItlHkd9SH/out/p10_isotoken/d8/ISO_mst_ve_s1/depth_8/ckpt_base/base
✓ Wrapping model with DistributedDataParallel (rank 0, find_unused_parameters=False, broadcast_buffers=True)
Parameter counts:
wte                     : 16,777,216
wpe                     : 0
value_embeds            : 67,108,864
lm_head                 : 16,777,216
transformer_matrices    : 9,982,976
research                : 0
scalars                 : 16
total                   : 110,646,288
Estimated FLOPs per token (total):  1.750948e+08
Estimated FLOPs per token (active): 1.562204e+08
Estimated active params:            107,500,560
Active scaling params: 23,614,464  (total: 26,760,192, inactive: 3,145,728)
[MST] Multi-scale sub windows: [(32, 0), (127, 0), (511, 0), (-1, 0)]
[MST] Using compile-optimized BatchedMSTLayer (N=4, d=128)
[MST] 1A: Per-sub gradient equalization hooks registered
Scaling LRs by 0.7071 for batch size 262,144 (reference: 524,288)
Scaling weight decay from 0.200000 to 0.188583 for depth 8
Scaling AdamW LRs ∝1/√(512/768) = 1.224745
[MST] Per-sub Muon LR scaled by 2.00× → 0.028284
[MST] 1B: Block-diagonal Muon enabled (N=4 blocks)
Calculated number of iterations from target data:param ratio: 945
Total number of training tokens: 247,726,080
Tokens : Scaling params ratio: 9.26
Total training FLOPs estimate: 4.337554e+16
Total active training FLOPs estimate: 3.869987e+16
Using base scheduler: linear warmup/flat/linear warmdown
[MST] Diagnostics will be logged to: /__modal/volumes/vo-ZMP2IPHkorwhjItlHkd9SH/out/p10_isotoken/d8/ISO_mst_ve_s1/depth_8/ckpt_base/base/mst_diagnostics.jsonl
Tokens / micro-batch / rank: 128 x 2048 = 262,144
Tokens / micro-batch: 262,144
Total batch size 262,144 => gradient accumulation steps: 1
Running pre-compilation warmup (1 dummy forward+backward to init lazy allocations)...
[rank0]:W0901 23:09:25.518000 491 site-packages/torch/_logging/_internal.py:1199] [0/0] Profiler function <class 'torch.autograd.profiler.record_function'> will be ignored
/usr/local/lib/python3.12/site-packages/torch/_inductor/lowering.py:7242: UserWarning: 
Online softmax is disabled on the fly since Inductor decides to
split the reduction. Cut an issue to PyTorch if this is an
important use case and you want to speed it up with online
softmax.

  warnings.warn(
Warmup complete. Steady-state VRAM: 1.1 GB allocated
/usr/local/lib/python3.12/site-packages/torch/_inductor/lowering.py:7242: UserWarning: 
Online softmax is disabled on the fly since Inductor decides to
split the reduction. Cut an issue to PyTorch if this is an
important use case and you want to speed it up with online
softmax.

  warnings.warn(
  [MST diag] ERROR: [Errno 2] No such file or directory: '/__modal/volumes/vo-ZMP2IPHkorwhjItlHkd9SH/out/p10_isotoken/d8/ISO_mst_ve_s1/depth_8/ckpt_base/base/mst_diagnostics.jsonl'
step 00000/00945 (0.00%) | loss: 10.557723 | lrm: 0.20 | lr(adamw:8.142e-02, muon:3.771e-03) | dt: 85080.81ms | tok/sec: 3,081 | bf16_mfu: 0.05 | epoch: 1 pq: 0 rg: 1 | total time: 0.00m
2026-09-01 23:13:24,852 - nanochat.checkpoint_manager - INFO - Saved model parameters to: /__modal/volumes/vo-ZMP2IPHkorwhjItlHkd9SH/out/p10_isotoken/d8/ISO_mst_ve_s1/depth_8/ckpt_base/base/model_000200.pt
2026-09-01 23:13:24,856 - nanochat.checkpoint_manager - INFO - Saved metadata to: /__modal/volumes/vo-ZMP2IPHkorwhjItlHkd9SH/out/p10_isotoken/d8/ISO_mst_ve_s1/depth_8/ckpt_base/base/meta_000200.json
2026-09-01 23:13:25,987 - nanochat.checkpoint_manager - INFO - Saved optimizer state to: /__modal/volumes/vo-ZMP2IPHkorwhjItlHkd9SH/out/p10_isotoken/d8/ISO_mst_ve_s1/depth_8/ckpt_base/base/optim_000200_rank0.pt
  [MST diag] sub_sim=[-0.117, -0.104, -0.093, -0.069, -0.066, -0.054, -0.053, -0.054] | route_ent=[1.234, 1.227, 1.266, 1.203, 1.242, 1.266, 1.242, 1.312] | grad_norm=[0.057, 0.035, 0.048, 0.028] | stream_load_min=[0.99, 0.96, 0.91, 0.92, 0.95, 0.94, 0.90, 0.95]
step 00200/00945 (21.16%) | loss: 4.237403 | lrm: 1.00 | lr(adamw:4.071e-01, muon:1.886e-02) | dt: 249.35ms | tok/sec: 1,051,321 | bf16_mfu: 18.61 | epoch: 1 pq: 1 rg: 17 | total time: 0.71m | eta: 2.8m
2026-09-01 23:14:11,735 - nanochat.checkpoint_manager - INFO - Saved model parameters to: /__modal/volumes/vo-ZMP2IPHkorwhjItlHkd9SH/out/p10_isotoken/d8/ISO_mst_ve_s1/depth_8/ckpt_base/base/model_000400.pt
2026-09-01 23:14:11,738 - nanochat.checkpoint_manager - INFO - Saved metadata to: /__modal/volumes/vo-ZMP2IPHkorwhjItlHkd9SH/out/p10_isotoken/d8/ISO_mst_ve_s1/depth_8/ckpt_base/base/meta_000400.json
2026-09-01 23:14:12,878 - nanochat.checkpoint_manager - INFO - Saved optimizer state to: /__modal/volumes/vo-ZMP2IPHkorwhjItlHkd9SH/out/p10_isotoken/d8/ISO_mst_ve_s1/depth_8/ckpt_base/base/optim_000400_rank0.pt
Removed previous periodic checkpoint at step 000200
  [MST diag] sub_sim=[-0.176, -0.168, -0.138, -0.123, -0.115, -0.104, -0.101, -0.089] | route_ent=[1.219, 1.203, 1.266, 1.234, 1.258, 1.281, 1.227, 1.320] | grad_norm=[0.027, 0.017, 0.021, 0.015] | stream_load_min=[0.98, 0.92, 0.93, 0.95, 0.96, 0.93, 0.93, 0.86]
step 00400/00945 (42.33%) | loss: 3.934428 | lrm: 0.89 | lr(adamw:3.636e-01, muon:1.684e-02) | dt: 252.41ms | tok/sec: 1,038,568 | bf16_mfu: 18.39 | epoch: 1 pq: 2 rg: 30 | total time: 1.46m | eta: 2.0m
2026-09-01 23:14:58,525 - nanochat.checkpoint_manager - INFO - Saved model parameters to: /__modal/volumes/vo-ZMP2IPHkorwhjItlHkd9SH/out/p10_isotoken/d8/ISO_mst_ve_s1/depth_8/ckpt_base/base/model_000600.pt
2026-09-01 23:14:58,528 - nanochat.checkpoint_manager - INFO - Saved metadata to: /__modal/volumes/vo-ZMP2IPHkorwhjItlHkd9SH/out/p10_isotoken/d8/ISO_mst_ve_s1/depth_8/ckpt_base/base/meta_000600.json
2026-09-01 23:14:59,667 - nanochat.checkpoint_manager - INFO - Saved optimizer state to: /__modal/volumes/vo-ZMP2IPHkorwhjItlHkd9SH/out/p10_isotoken/d8/ISO_mst_ve_s1/depth_8/ckpt_base/base/optim_000600_rank0.pt
Removed previous periodic checkpoint at step 000400
  [MST diag] sub_sim=[-0.188, -0.184, -0.154, -0.141, -0.129, -0.119, -0.112, -0.098] | route_ent=[1.219, 1.211, 1.289, 1.266, 1.289, 1.297, 1.266, 1.344] | grad_norm=[0.021, 0.015, 0.019, 0.015] | stream_load_min=[0.99, 0.93, 0.93, 0.93, 0.95, 0.96, 0.95, 0.91]
step 00600/00945 (63.49%) | loss: 3.763734 | lrm: 0.58 | lr(adamw:2.377e-01, muon:1.101e-02) | dt: 252.58ms | tok/sec: 1,037,846 | bf16_mfu: 18.37 | epoch: 1 pq: 3 rg: 44 | total time: 2.21m | eta: 1.3m
2026-09-01 23:15:45,453 - nanochat.checkpoint_manager - INFO - Saved model parameters to: /__modal/volumes/vo-ZMP2IPHkorwhjItlHkd9SH/out/p10_isotoken/d8/ISO_mst_ve_s1/depth_8/ckpt_base/base/model_000800.pt
2026-09-01 23:15:45,456 - nanochat.checkpoint_manager - INFO - Saved metadata to: /__modal/volumes/vo-ZMP2IPHkorwhjItlHkd9SH/out/p10_isotoken/d8/ISO_mst_ve_s1/depth_8/ckpt_base/base/meta_000800.json
2026-09-01 23:15:46,596 - nanochat.checkpoint_manager - INFO - Saved optimizer state to: /__modal/volumes/vo-ZMP2IPHkorwhjItlHkd9SH/out/p10_isotoken/d8/ISO_mst_ve_s1/depth_8/ckpt_base/base/optim_000800_rank0.pt
Removed previous periodic checkpoint at step 000600
  [MST diag] sub_sim=[-0.193, -0.183, -0.151, -0.135, -0.127, -0.117, -0.112, -0.100] | route_ent=[1.219, 1.211, 1.289, 1.273, 1.305, 1.312, 1.273, 1.352] | grad_norm=[0.016, 0.012, 0.014, 0.013] | stream_load_min=[0.98, 0.95, 0.97, 0.95, 0.95, 0.94, 0.95, 0.90]
step 00800/00945 (84.66%) | loss: 3.644560 | lrm: 0.27 | lr(adamw:1.117e-01, muon:5.173e-03) | dt: 249.83ms | tok/sec: 1,049,281 | bf16_mfu: 18.58 | epoch: 1 pq: 4 rg: 58 | total time: 2.97m | eta: 0.5m
  [MST diag] sub_sim=[-0.193, -0.182, -0.152, -0.135, -0.127, -0.117, -0.111, -0.098] | route_ent=[1.219, 1.203, 1.297, 1.281, 1.305, 1.320, 1.281, 1.359] | grad_norm=[0.014, 0.010, 0.011, 0.010] | stream_load_min=[0.99, 0.93, 0.95, 0.95, 0.95, 0.98, 0.97, 0.93]
step 00944/00945 (99.89%) | loss: 3.588388 | lrm: 0.05 | lr(adamw:2.098e-02, muon:9.720e-04) | dt: 252.16ms | tok/sec: 1,039,610 | bf16_mfu: 18.41 | epoch: 1 pq: 5 rg: 46 | total time: 3.51m | eta: 0.0m
/usr/local/lib/python3.12/site-packages/torch/_dynamo/variables/functions.py:1598: UserWarning: Dynamo does not know how to trace the builtin `torch._C._distributed_c10d.pybind11_detail_function_record_v1_system_libstdcpp_gxx_abi_1xxx_use_cxx11_abi_1._broadcast_coalesced.` This function is either a Python builtin (e.g. _warnings.warn) or a third-party C/C++ Python extension (perhaps created with pybind).
If it is a Python builtin, please file an issue on GitHub so the PyTorch team can add support for it and see the next case for a workaround.
If it is a third-party C/C++ Python extension, please either wrap it into a PyTorch-understood custom operator (see https://pytorch.org/tutorials/advanced/custom_ops_landing_page.html for more details) or, if it is traceable, use `torch.compiler.allow_in_graph`.
  torch._dynamo.utils.warn_once(explanation + "\n" + "\n".join(hints))
/usr/local/lib/python3.12/site-packages/torch/_inductor/lowering.py:7242: UserWarning: 
Online softmax is disabled on the fly since Inductor decides to
split the reduction. Cut an issue to PyTorch if this is an
important use case and you want to speed it up with online
softmax.

  warnings.warn(
Step 00945 | Validation bpb: 1.041450 | val_loss: 3.416144
<|bos|>The capital of France is the capital of the world. The capital of the world is the capital of the
<|bos|>The chemical symbol of gold is the symbol of gold. It is the symbol of gold, and it is the
<|bos|>If yesterday was Friday, then tomorrow will be the day of the week, then the next day will be the day of the
<|bos|>The opposite of hot is the hot, and the hot is the hot. The hot is the hot,
<|bos|>The planets of the solar system are: the solar system, the solar system, the solar system, the solar system,
<|bos|>My favorite color is the red, orange, and yellow. I love the color of the red,
<|bos|>If 5*x + 3 = 13, then x is the same as 5*x + 3 = 13, then x
2026-09-01 23:17:42,983 - nanochat.checkpoint_manager - INFO - Saved model parameters to: /__modal/volumes/vo-ZMP2IPHkorwhjItlHkd9SH/out/p10_isotoken/d8/ISO_mst_ve_s1/depth_8/ckpt_base/base/model_000945.pt
2026-09-01 23:17:42,986 - nanochat.checkpoint_manager - INFO - Saved metadata to: /__modal/volumes/vo-ZMP2IPHkorwhjItlHkd9SH/out/p10_isotoken/d8/ISO_mst_ve_s1/depth_8/ckpt_base/base/meta_000945.json
2026-09-01 23:17:44,075 - nanochat.checkpoint_manager - INFO - Saved optimizer state to: /__modal/volumes/vo-ZMP2IPHkorwhjItlHkd9SH/out/p10_isotoken/d8/ISO_mst_ve_s1/depth_8/ckpt_base/base/optim_000945_rank0.pt
step 00945/00945 (final) | loss: 3.588388 | early_stop: 0
Peak memory usage: 70673.15MiB
Total training time: 3.51m
Minimum validation bpb: 1.041450
Minimum validation loss (nats/byte): 3.416144
[MST] Results appended → /__modal/volumes/vo-ZMP2IPHkorwhjItlHkd9SH/out/p10_isotoken/d8/ISO_mst_ve_s1/depth_8/ckpt_base/mst_results.csv
[MST] mst_results.csv has an older column set; writing to mst_results_v2.csv instead
[MST] Results appended → /__modal/volumes/vo-ZMP2IPHkorwhjItlHkd9SH/mst_results_v2.csv
[SCH] no tokenizer/freq_table.pt: skipping frequency deciles. Build it with `python -m scripts.code_assign --build-freq-table`.
[SCH] run_tag=base  rank_ceiling=513  val_bpb=1.0415
Final Validation BPB for base: 1.0415

--- Generating Report ---
Saved plot to out/p10_isotoken/d8/ISO_mst_ve_s1/depth_8/comparison_depth_8.png
Saved TSV data to out/p10_isotoken/d8/ISO_mst_ve_s1/depth_8/results_depth_8.tsv
Generating report to out/report/report.md
Copying report.md to current directory for convenience
================================================================
Sweep Complete! Results saved to out/p10_isotoken/d8/ISO_mst_ve_s1
================================================================
OK ISO_mst_ve_s1

=== ISO_mst_ve_gattn_s1 (depth 8, 600000000 tokens) ===
Requested NPROC_PER_NODE=8, but only 1 GPU(s) visible. Capping.
Using NPROC_PER_NODE=1
NANOCHAT_SKIP_ENV_SETUP=0
===== GPU Info =====
Tue Sep  1 23:17:51 2026       
+-----------------------------------------------------------------------------------------+
| NVIDIA-SMI 580.95.05              Driver Version: 580.95.05      CUDA Version: 13.0     |
+-----------------------------------------+------------------------+----------------------+
| GPU  Name                 Persistence-M | Bus-Id          Disp.A | Volatile Uncorr. ECC |
| Fan  Temp   Perf          Pwr:Usage/Cap |           Memory-Usage | GPU-Util  Compute M. |
|                                         |                        |               MIG M. |
|=========================================+========================+======================|
|   0  NVIDIA H200                    On  |   00000000:87:00.0 Off |                    0 |
| N/A   55C    P0             83W /  700W |       4MiB / 143771MiB |      0%      Default |
|                                         |                        |             Disabled |
+-----------------------------------------+------------------------+----------------------+

+-----------------------------------------------------------------------------------------+
| Processes:                                                                              |
|  GPU   GI   CI              PID   Type   Process name                        GPU Memory |
|        ID   ID                                                               Usage      |
|=========================================================================================|
|  No running processes found                                                             |
+-----------------------------------------------------------------------------------------+
Starting Research Sweep. Output directory: out/p10_isotoken/d8/ISO_mst_ve_gattn_s1
UV_SYSTEM_PYTHON=1: using system Python, skipping venv creation.
Validating system environment dependencies via uv...
Using Python 3.12.10 environment at: /usr/local
Resolved 158 packages in 185ms
   Building nanochat @ file:///__modal/volumes/vo-ZMP2IPHkorwhjItlHkd9SH
      Built nanochat @ file:///__modal/volumes/vo-ZMP2IPHkorwhjItlHkd9SH
Prepared 1 package in 1.02s
Uninstalled 1 package in 0.69ms
Installed 1 package in 1ms
 ~ nanochat==0.1.0 (from file:///__modal/volumes/vo-ZMP2IPHkorwhjItlHkd9SH)
Reset report and wrote header to out/report/header.md
Dataset (up to 300 shards) already exists in data, skipping download.
Tokenizer already exists in tokenizer, skipping training.
================================================================
Processing Depth: 8
================================================================
2026-09-01 23:18:01,952 - httpx - INFO - HTTP Request: HEAD https://huggingface.co/varunneal/flash-attention-3/resolve/main/kernel-status.toml "HTTP/1.1 404 Not Found"
2026-09-01 23:18:02,076 - httpx - INFO - HTTP Request: GET https://huggingface.co/api/models/varunneal/flash-attention-3/tree/main/build?recursive=false&expand=false "HTTP/1.1 200 OK"
2026-09-01 23:18:02,208 - httpx - INFO - HTTP Request: GET https://huggingface.co/api/models/varunneal/flash-attention-3/revision/main "HTTP/1.1 200 OK"
[sweep] Requested 8 DDP workers but only 1 GPU(s) available — using 1.
================================================================
Starting Sweep for Depth 8
Target Tokens: Auto (per-model param count)
================================================================
  Overriding default target_dim (128) with full model_dim 512

--- Training base ---

  ┌─────────────────────────────────────────────────────┐
  │  🆕  STARTING FRESH: [base]
  │     No checkpoints found — training from scratch.
  └─────────────────────────────────────────────────────┘

Running: /usr/local/bin/torchrun --standalone --nproc_per_node=1 -m scripts.base_train --depth 8 --aspect-ratio 64 --head-dim 128 --model-dim 512 --max-seq-len 2048 --device-batch-size 128 --total-batch-size 262144 --target-tokens -1 --target-param-data-ratio 10.5 --eval-every -1 --log-every 200 --core-metric-every 0 --save-every 200 --warmup-ratio 0.005 --warmdown-ratio 0.65 --final-lr-frac 0.05 --adam-beta2 0.99 --research-warmup-ratio 0.05 --use-onecycle 0 --router-context-window -1 --remix-use-basis-gate 1 --remix-use-output-gate 1 --remix-use-context 1 --remix-basis-gate-mode mlp --remix-gate-lr-scale 0.3 --p22-n-templates 1 --p22-template-routing-learned 0 --p22-template-topk 0 --p22-attn-moe-route none --p26-output-gated-linear 0 --p28-shared-basis 0 --p28-chunk-routing-size 0 --p28-global-template-bank none --p28-attn-proj-templates 0 --p28-attn-qk-templates 0 --p31-chunk-route-impl compose --p31-top1-gate ones --p31-template-delta-rank 0 --p31-route-side output --p31-drop-basis-proj 0 --p31-basis-side-templates 0 --remix-template-block-diag 0 --remix-template-lr-scale 1.0 --p29-grad-equalize 0 --target-active-params 0 --remix-basis-gate-rank 8 --cclblock-modulation weight --cclblock-orth-lambda 0.0 --p35-template-diversity-lambda 0.0 --cclblock-context-stream local --cclblock-ema-factor 0.99 --cclblock-stale-ctx-lag 0 --cclblock-sparse-gate-k 0 --cclblock-gate-temperature 1.0 --cclblock-context-bank-size 0 --cclblock-per-head-ctx 0 --cclblock-context-source norm_x --cclblock-chunk-size 0 --cclblock-aux-objective none --cclblock-aux-lambda 0.1 --cclblock-boundary-token-id 198 --use-ral 0 --ral-rank 32 --p34-ffn-schedule  --p34-ffn-no-ffn-replacement none --p34-ffn-last-depth 1 --p36-swiglu-ffn 0 --p36-swiglu-mult 2.6666666666666665 --cond-sites both --p22-route-affine 0 --cond-rank 256 --cond-mult-steps 0 --cond-gate-source router --cond-coeff-act centered --cond-router-rank 0 --cond-router-act none --cond-live-init 0.0 --cond-chunk-size 0 --cond-mult-scale -1.0 --cond-mult-impl wy --cond-attn-projs qkvo --cond-layer-frac 1.0 --cclblock-film-gate 0 --cclblock-attn-shadow-dim 0 --cclblock-dynamic-ratio 0.25 --cclblock-gate-rank 8 --cclblock-num-regimes 8 --cclblock-regime-temperature 1.0 --cclblock-poly-order 2 --cclblock-lie-generators 4 --cclblock-grassmann-bank-size 4 --cclblock-tucker-rank 32 --cclblock-tucker-modes 8 --cclblock-svs-rank 64 --cclblock-svs-eps 0.1 --cclblock-vq-codes 8 --cclblock-vq-temperature 1.0 --cclblock-dcu-warmup-steps 0 --cclblock-fsi-rotations 8 --cclblock-fsi-selector-dim 64 --cclblock-aesp-strata 4 --cclblock-aesp-delta-rank 4 --cclblock-ckr-branches 4 --cclblock-ckr-kernel-size 64 --cclblock-ckr-pos-channels 1 --cclblock-ckr-dual-optim 0 --cclblock-ckr-content-bias 0.0 --cclblock-giad-rank 32 --cclblock-psg-kernel-size 64 --cclblock-ss-dynamic-ratio 0.25 --cclblock-ss-branches 2 --cclblock-ss-kernel-size 64 --cclblock-lokr-branches 8 --cclblock-lokr-rank 16 --cclblock-ckr-temp-start 2.0 --cclblock-ckr-temp-end 0.3 --cclblock-com-kernel-size 32 --cclblock-ckr-ortho-init 0 --cclblock-ckr-branch-dropout 0.0 --cclblock-ckr-diversity-lambda 0.0 --cclblock-pgr-kernel-size 64 --cclblock-cil-kernel-size 64 --cclblock-prb-kernel-size 64 --p18-layer-drop 0.0 --p18-dynamic-activation 0 --p18-mixture-norm 0 --p18-aux-sim-lambda 0.0 --p18-gradient-penalty 0.0 --p18-per-channel-scale 0 --p19-residual-gate 0 --p19-head-importance 0 --p19-residual-mix-groups 0 --p19-attn-logit-bias 0 --p19-residual-decay 0 --p19-grad-equilibrium 0.0 --p19-spectral-reparam 0 --p19-weight-anticollapse 0.0 --p19-ve-bias 0 --p19-weight-noise 0.0 --p20-hrcs-scale 0 --p20-lswr-scale 0 --p20-lswr-planes 8 --p20-lrcfb-branches 0 --p20-lrcfb-narrow 0 --p20-lrcfb-learned 0 --p20-lrcfb-topk 0 --p20-dgcr-branches 0 --p20-dgcr-aux-weight 0.01 --p20-mone-experts 0 --p20-mone-topk 0 --p20-mone-narrow 1 --p20-mone-frozen 0 --p20-ncea-branches 0 --p20-ncea-eps 0.1 --p20-adwi 0 --p20-pwu-branches 0 --p20-pwu-phase 1 --p20-fsvd-gate 0 --p20-wbfc-clusters 0 --p20-wbfc-active 0 --p21-per-experts 0 --p21-per-topk 0 --p21-per-learned 0 --p21-per-attn 0 --p23-tiny-expert 0 --p23-n-experts 64 --p23-topk 16 --p23-learned-route 0 --p23-std-moe-experts 0 --p23-std-moe-topk -1 --p23-std-moe-aux-weight 0.01 --p23-lokr 0 --p23-lokr-rank 4 --p23-use-shared-block-router 0 --p23-linear-moe-experts 0 --p23-linear-moe-topk 0 --p23-quantile-route 0 --seed 1 --p34-ffn-mult 4.0 --p34-ffn-single 0 --p34-dense-attn 0 --p24-use-sliced-weight 0 --p24-sliced-weight-reduction-scale 8 --p24-sliced-weight-min-select 128 --p24-sliced-weight-scope per_token --p24-sliced-weight-balance-coeff 0.01 --p24-quantile-route 0 --p24-use-folded-mod 0 --p24-folded-mod-reduction-scale 8 --p24-folded-mod-scope per_layer --p24-folded-mod-gate-act tanh_centered --p24-use-sequence-gated-linear 0 --p24-sequence-gated-scope per_layer --p24-sequence-gated-act tanh_centered --p24-folded-mod-min-dim 128 --remix-shared-context-gates 0 --remix-use-dual-gate 0 --remix-basis-scale-factor 4 --remix-output-gate-rank 16 --p24-use-sliced-weight 0 --p24-sliced-weight-reduction-scale 8 --p24-sliced-weight-min-select 128 --p24-sliced-weight-scope per_token --p24-sliced-weight-balance-coeff 0.01 --p24-quantile-route 0 --p24-use-folded-mod 0 --p24-folded-mod-reduction-scale 8 --p24-folded-mod-scope per_layer --p24-folded-mod-gate-act tanh_centered --p24-use-sequence-gated-linear 0 --p24-sequence-gated-scope per_layer --p24-sequence-gated-act tanh_centered --remix-disable-ln-basis 0 --dense-intermediate-ln 0 --use-mol 0 --mol-n-blocks 5 --mol-n-shared 1 --mol-topk 3 --mol-thin-dim 256 --mol-head-dim 64 --mol-ffn-mult 4.0 --mol-router-aux 0.05 --mol-routed-attn softmax --mol-dispatch 1 --mol-capacity-factor 1.0 --mol-block-lr-scale 1.0 --mol-per-block-ve 0 --use-mst 1 --mst-n-subs 4 --mst-sub-dim 128 --mst-head-dim 0 --mst-input-mode learned_proj --mst-rotated-slice-learned 0 --mst-routing-mode soft_weighted --mst-routing-topk 0 --mst-routing-aux-weight 0.01 --mst-diversity-weight 0.0 --mst-ffn-mode standard --mst-transition-mode aggregate_distribute --mst-final-mode concat_proj --mst-final-topk 0 --mst-ffn-shared-up 0 --mst-ffn-inner-dim 0 --mst-sub-dropout 0.0 --mst-transition-every 1 --mst-ffa-temperature 1.0 --mst-global-residual 0 --mst-hybrid-dense 0 --mst-cross-sub-kv 0 --mst-sub-aux-weight 0.0 --mst-progressive-merge 0 --mst-multi-scale-windows 1 --mst-delta-residual 0 --mst-sub-layers 1 --mst-grad-equalize 1 --mst-block-diagonal-muon 1 --mst-transition-width-mult 4.0 --mst-sub-lr-scale 2.0 --mst-shared-expert 0 --mst-router-entropy-weight 0.0 --mst-shared-kv-attn 0 --mst-contrastive-diversity-weight 0.0 --mst-transition-nonlinear 0 --mst-transition-gated 0 --mst-transition-mlp 0 --mst-cross-sub-gate 0 --mst-hyper-connect 0 --mst-cross-kv-inject 0 --mst-slice-transition 0 --mst-lookback-layers 0 --mst-bilinear-transition 0 --mst-cross-sub-qmod 0 --mst-feature-cycle 0 --mst-mean-transition 0 --mst-sub-head-dim 64 --mst-final-norm 0 --mst-per-stream-ve 1 --mst-ve-map 0 --mst-ve-map-rank 0 --mst-lm-head-dim 0 --mst-compose-windows 1 --mst-channel-mix none --mst-channel-mix-site layer --mst-distribute-block-muon 0 --mst-trans-spectral-lr 0 --mst-talking-heads 0 --mst-wo-mode dense --mst-stream-topk 1 --mst-stream-shared 0 --mst-stream-router-aux 0.01 --mst-stream-router-noise 1.0 --mst-stream-dispatch 0 --mst-stream-capacity-factor 1.0 --mst-stream-gate-attn 1 --mst-ffn-monarch none --mst-shampoo 0 --mst-precond-every 10 --mst-shampoo-beta 0.95 --use-eet 0 --eet-frozen-kv 1 --eet-reenter-final 0 --eet-compute-skip 0 --eet-target-active-frac 0.125 --eet-capacity-schedule bell --eet-exit-fracs  --eet-router-type mlp2 --eet-router-hidden 0 --eet-freq-prior-alpha 0.0 --eet-pos-prior-beta 0.0 --eet-domain-prior 0 --eet-warmup-frac 0.02 --eet-explore-frac 0.15 --eet-reconstruct-lambda 1.0 --eet-efficiency-lambda-start 0.01 --eet-efficiency-lambda-end 0.1 --eet-translator-rank 0 --eet-max-frozen-kv-frac 0.75 --eet-exit-threshold 0.5 --eet-min-exit-layer 1 --eet-loss-variant reconstruct --eet-topk-vocab 512 --eet-entropy-lambda 0.3 --eet-surprise-lambda 0.1 --eet-adv-lambda 1.0 --eet-adv-entropy-lambda 0.2 --eet-quality-lambda 1.0 --eet-quality-entropy-bonus 0.1 --eet-gumbel-temp-start 0.0 --eet-gumbel-temp-end 0.1 --eet-gumbel-hard 1 --eet-commitment-beta 0.1 --eet-global-router 0 --eet-freq-efficiency-alpha 0.0 --eet-diversity-lambda 0.0 --eet-ce-guided-lambda 1.0 --eet-router-lr-mult 5.0 --eet-model-lr-mult 1.0 --eet-depth-weight-type none --eet-depth-weight-max 2.5 --eet-use-override 0 --eet-override-prob-start 0.5 --eet-override-prob-end 0.1 --eet-capacity-alignment-lambda 0.0 --eet-router-task-grad 1 --eet-reinforce-interval 0 --eet-reinforce-lambda 0.1 --eet-exit-adapter-rank 0 --eet-router-after-block 0 --eet-ffn-skip 0 --eet-ffn-target-frac 0.5 --eet-ffn-full-attn 1 --eet-depth-affine 0 --eet-capacity-anneal-frac 0.0 --eet-learned-schedule 0 --eet-departure-summary 0 --eet-route-consistency-lambda 0.0 --eet-dense-distill-interval 0 --eet-dense-distill-lambda 0.5 --eet-depth-lr-scale 0 --eet-depth-grad-scale 0 --eet-detach-aux-from-backbone 0 --eet-detach-exit-from-backbone 0 --use-code-head 0 --sch-head-type code --sch-bits 0 --sch-order 2 --sch-max-m 0 --sch-phi-mode monomial --sch-code-mode binary --sch-code-path  --sch-code-ecc-bits 0 --sch-code-seed 1234 --sch-phi-density 0.0 --sch-phi-dtype bf16 --sch-phi-normalize 1 --sch-phi-center 0 --sch-g-type linear --sch-g-hidden 0 --sch-g-layers 2 --sch-g-out-std 0.001 --sch-mixture 1 --sch-residual-rank 0 --sch-logit-act none --sch-bias 0 --sch-input-mode table --sch-input-hidden 0 --sch-holdout-tokens 0 --sch-holdout-seed 7 --sch-holdout-min-id 256 --sch-holdout-mode target --sch-decile-metrics 1 --sch-rank-probe 0 --sch-eval-steps 100 --compile --tokenizer-dir tokenizer --data-dir data --max-shards 300 --checkpoints-dir /__modal/volumes/vo-ZMP2IPHkorwhjItlHkd9SH/out/p10_isotoken/d8/ISO_mst_ve_gattn_s1/depth_8/ckpt_base --model-tag base
2026-09-01 23:18:09,199 - httpx - INFO - HTTP Request: HEAD https://huggingface.co/varunneal/flash-attention-3/resolve/main/kernel-status.toml "HTTP/1.1 404 Not Found"
2026-09-01 23:18:09,323 - httpx - INFO - HTTP Request: GET https://huggingface.co/api/models/varunneal/flash-attention-3/tree/main/build?recursive=false&expand=false "HTTP/1.1 200 OK"
2026-09-01 23:18:09,449 - httpx - INFO - HTTP Request: GET https://huggingface.co/api/models/varunneal/flash-attention-3/revision/main "HTTP/1.1 200 OK"

                                                       █████                █████
                                                      ░░███                ░░███
     ████████    ██████   ████████    ██████   ██████  ░███████    ██████  ███████
    ░░███░░███  ░░░░░███ ░░███░░███  ███░░███ ███░░███ ░███░░███  ░░░░░███░░░███░
     ░███ ░███   ███████  ░███ ░███ ░███ ░███░███ ░░░  ░███ ░███   ███████  ░███
     ░███ ░███  ███░░███  ░███ ░███ ░███ ░███░███  ███ ░███ ░███  ███░░███  ░███ ███
     ████ █████░░████████ ████ █████░░██████ ░░██████  ████ █████░░███████  ░░█████
    ░░░░ ░░░░░  ░░░░░░░░ ░░░░ ░░░░░  ░░░░░░   ░░░░░░  ░░░░ ░░░░░  ░░░░░░░░   ░░░░░
    
Autodetected device type: cuda
2026-09-01 23:18:10,453 - nanochat.common - INFO - Distributed world size: 1
GPU: NVIDIA H200 | Peak FLOPS (BF16): 9.89e+14
COMPUTE_DTYPE: torch.bfloat16 (auto-detected: CUDA SM 90 (bf16 supported))
✓ Using Flash Attention 3 (Hopper GPU detected) — efficient and fast.
Vocab size: 32,768
[MST] Multi-scale sub windows: [(32, 0), (127, 0), (511, 0), (-1, 0)]
[MST] Using compile-optimized BatchedMSTLayer (N=4, d=128)
[MST] 1A: Per-sub gradient equalization hooks registered
Model config:
{
  "sequence_len": 2048,
  "vocab_size": 32768,
  "n_layer": 8,
  "n_head": 4,
  "n_kv_head": 4,
  "n_embd": 512,
  "use_moe": false,
  "use_perm": false,
  "moe_num_experts": 8,
  "moe_router_dim": 64,
  "moe_embed_dim": 64,
  "dropout": 0.0,
  "use_remix_linear": false,
  "remix_context_dim": 64,
  "remix_context_dim_ratio": 6,
  "remix_basis_size": 64,
  "remix_output_gate_rank": 16,
  "remixed_linear_kwargs": {
    "use_basis_gate": true,
    "use_output_gate": true,
    "use_context": true,
    "basis_gate_mode": "mlp",
    "sparse_gate_k": 0,
    "gate_temperature": 1.0,
    "basis_scale_factor": 4,
    "n_templates": 1,
    "template_routing_learned": false,
    "template_topk": 0,
    "tiny_expert": false,
    "tiny_expert_topk": 16,
    "lokr_expert": false,
    "lokr_n_experts": 64,
    "lokr_topk": 16,
    "lokr_rank": 4,
    "lokr_learned": false,
    "basis_gate_rank": 8,
    "disable_ln_basis": false,
    "chunk_route_impl": "compose",
    "top1_gate": "ones",
    "template_delta_rank": 0,
    "route_side": "output",
    "drop_basis_proj": false,
    "basis_side_templates": 0,
    "grad_equalize": false
  },
  "use_pos_embed": false,
  "moe_use_abs_pos_embed": false,
  "use_layer_context": true,
  "scale_basis_size": true,
  "remix_use_dual_gate": false,
  "remix_use_fused": false,
  "p26_output_gated_linear": 0,
  "p28_shared_basis": 0,
  "p28_chunk_routing_size": 0,
  "p28_global_template_bank": "none",
  "p28_attn_proj_templates": 0,
  "p28_attn_qk_templates": 0,
  "p29_template_block_diag": 0,
  "p29_template_lr_scale": 1.0,
  "p29_grad_equalize": 0,
  "p34_ffn_mult": 4.0,
  "p34_ffn_single": 0,
  "p34_dense_attn": 0,
  "legacy_init_fallback": 0,
  "p35_template_diversity_lambda": 0.0,
  "p22_route_affine": 0,
  "p34_ffn_schedule": "",
  "p34_ffn_no_ffn_replacement": "none",
  "p34_ffn_last_depth": 1,
  "p36_swiglu_ffn": 0,
  "p36_swiglu_mult": 2.6666666666666665,
  "cond_sites": "both",
  "cond_rank": 256,
  "cond_mult_steps": 0,
  "cond_gate_source": "router",
  "cond_coeff_act": "centered",
  "cond_router_rank": 0,
  "cond_live_init": 0.0,
  "cond_router_act": "none",
  "cond_chunk_size": 0,
  "cond_mult_scale": -1.0,
  "cond_mult_impl": "wy",
  "cond_attn_projs": "qkvo",
  "cond_layer_frac": 1.0,
  "perm_expert_mode": "low_rank",
  "perm_rank": 16,
  "router_context_window": -1,
  "router_causal": true,
  "router_num_heads": 4,
  "router_num_queries": 16,
  "router_n_layers": 2,
  "router_use_vocab_prior": false,
  "window_pattern": "SSSL",
  "cclblock_modulation": "weight",
  "cclblock_orth_lambda": 0.0,
  "cclblock_context_stream": "local",
  "cclblock_ema_factor": 0.99,
  "cclblock_stale_ctx_lag": 0,
  "cclblock_sparse_gate_k": 0,
  "cclblock_gate_temperature": 1.0,
  "cclblock_context_bank_size": 0,
  "cclblock_per_head_ctx": false,
  "cclblock_context_source": "norm_x",
  "cclblock_chunk_size": 0,
  "cclblock_aux_objective": "none",
  "cclblock_aux_lambda": 0.1,
  "cclblock_boundary_token_id": 198,
  "use_ral": false,
  "ral_rank": 32,
  "cclblock_film_gate": false,
  "cclblock_attn_shadow_dim": 0,
  "cclblock_dynamic_ratio": 0.25,
  "cclblock_gate_rank": 8,
  "cclblock_num_regimes": 8,
  "cclblock_regime_temperature": 1.0,
  "cclblock_poly_order": 2,
  "cclblock_lie_generators": 4,
  "cclblock_grassmann_bank_size": 4,
  "cclblock_tucker_rank": 32,
  "cclblock_tucker_modes": 8,
  "cclblock_svs_rank": 64,
  "cclblock_svs_eps": 0.1,
  "cclblock_vq_codes": 8,
  "cclblock_vq_temperature": 1.0,
  "cclblock_dcu_warmup_steps": 0,
  "cclblock_fsi_rotations": 8,
  "cclblock_fsi_selector_dim": 64,
  "cclblock_aesp_strata": 4,
  "cclblock_aesp_delta_rank": 4,
  "cclblock_ckr_branches": 4,
  "cclblock_ckr_kernel_size": 64,
  "cclblock_ckr_pos_channels": 1,
  "cclblock_ckr_dual_optim": 0,
  "cclblock_ckr_content_bias": 0.0,
  "cclblock_giad_rank": 32,
  "cclblock_psg_kernel_size": 64,
  "cclblock_ss_dynamic_ratio": 0.25,
  "cclblock_ss_branches": 2,
  "cclblock_ss_kernel_size": 64,
  "cclblock_lokr_branches": 8,
  "cclblock_lokr_rank": 16,
  "cclblock_ckr_temp_start": 2.0,
  "cclblock_ckr_temp_end": 0.3,
  "cclblock_com_kernel_size": 32,
  "cclblock_ckr_ortho_init": 0,
  "cclblock_ckr_branch_dropout": 0.0,
  "cclblock_ckr_diversity_lambda": 0.0,
  "cclblock_ckr_layer_selective": 0,
  "cclblock_pgr_kernel_size": 64,
  "cclblock_cil_kernel_size": 64,
  "cclblock_prb_kernel_size": 64,
  "p18_layer_drop": 0.0,
  "p18_dynamic_activation": 0,
  "p18_mixture_norm": 0,
  "p18_causal_attn_bias": 0,
  "p18_aux_sim_lambda": 0.0,
  "p18_gradient_penalty": 0.0,
  "p18_per_channel_scale": 0,
  "p19_residual_gate": 0,
  "p19_head_importance": 0,
  "p19_residual_mix_groups": 0,
  "p19_attn_logit_bias": 0,
  "p19_residual_decay": 0,
  "p19_grad_equilibrium": 0.0,
  "p19_spectral_reparam": 0,
  "p19_weight_anticollapse": 0.0,
  "p19_ve_bias": 0,
  "p19_weight_noise": 0.0,
  "p20_hrcs_scale": 0,
  "p20_lswr_scale": 0,
  "p20_lswr_planes": 8,
  "p20_lrcfb_branches": 0,
  "p20_lrcfb_narrow": 0,
  "p20_lrcfb_learned": 0,
  "p20_lrcfb_topk": 0,
  "p20_dgcr_branches": 0,
  "p20_dgcr_aux_weight": 0.01,
  "p20_mone_experts": 0,
  "p20_mone_topk": 0,
  "p20_mone_narrow": 1,
  "p20_mone_frozen": 0,
  "p20_ncea_branches": 0,
  "p20_ncea_eps": 0.1,
  "p20_adwi": 0,
  "p20_pwu_branches": 0,
  "p20_pwu_phase": 1,
  "p20_fsvd_gate": 0,
  "p20_wbfc_clusters": 0,
  "p20_wbfc_active": 0,
  "p21_per_experts": 0,
  "p21_per_topk": 0,
  "p21_per_learned": 0,
  "p21_per_attn": 0,
  "p22_attn_moe_route": "none",
  "p23_tiny_expert": 0,
  "p23_n_experts": 64,
  "p23_topk": 16,
  "p23_learned_route": 0,
  "p23_std_moe_experts": 0,
  "p23_std_moe_topk": -1,
  "p23_std_moe_aux_weight": 0.01,
  "p23_lokr": 0,
  "p23_lokr_rank": 4,
  "p23_use_shared_block_router": 0,
  "p23_linear_moe_experts": 0,
  "p23_linear_moe_topk": 0,
  "p23_quantile_route": 0,
  "remix_shared_context_gates": 0,
  "p24_use_sliced_weight": 0,
  "p24_sliced_weight_reduction_scale": 8,
  "p24_sliced_weight_min_select": 128,
  "p24_sliced_weight_scope": "per_token",
  "p24_sliced_weight_balance_coeff": 0.01,
  "p24_quantile_route": 0,
  "p24_use_folded_mod": 0,
  "p24_folded_mod_reduction_scale": 8,
  "p24_folded_mod_min_dim": 128,
  "p24_folded_mod_scope": "per_layer",
  "p24_folded_mod_gate_act": "tanh_centered",
  "p24_use_sequence_gated_linear": 0,
  "p24_sequence_gated_scope": "per_layer",
  "p24_sequence_gated_act": "tanh_centered",
  "remix_disable_ln_basis": 0,
  "dense_intermediate_ln": 0,
  "use_mol": false,
  "mol_n_blocks": 5,
  "mol_n_shared": 1,
  "mol_topk": 3,
  "mol_thin_dim": 256,
  "mol_head_dim": 64,
  "mol_ffn_mult": 4.0,
  "mol_router_aux": 0.05,
  "mol_routed_attn": "softmax",
  "mol_dispatch": 1,
  "mol_capacity_factor": 1.0,
  "mol_block_lr_scale": 1.0,
  "mol_per_block_ve": 0,
  "use_mst": true,
  "mst_n_subs": 4,
  "mst_sub_dim": 128,
  "mst_head_dim": 0,
  "mst_input_mode": "learned_proj",
  "mst_rotated_slice_learned": false,
  "mst_routing_mode": "soft_weighted",
  "mst_routing_topk": 0,
  "mst_routing_aux_weight": 0.01,
  "mst_diversity_weight": 0.0,
  "mst_ffn_mode": "standard",
  "mst_transition_mode": "aggregate_distribute",
  "mst_final_mode": "concat_proj",
  "mst_final_topk": 0,
  "mst_ffn_shared_up": 0,
  "mst_ffn_inner_dim": 0,
  "mst_sub_dropout": 0.0,
  "mst_transition_every": 1,
  "mst_ffa_temperature": 1.0,
  "mst_global_residual": 0,
  "mst_hybrid_dense": 0,
  "mst_cross_sub_kv": 0,
  "mst_sub_aux_weight": 0.0,
  "mst_progressive_merge": 0,
  "mst_multi_scale_windows": 1,
  "mst_delta_residual": 0,
  "mst_sub_layers": 1,
  "mst_grad_equalize": 1,
  "mst_block_diagonal_muon": 1,
  "mst_transition_width_mult": 4.0,
  "mst_sub_lr_scale": 2.0,
  "mst_shared_expert": 0,
  "mst_router_entropy_weight": 0.0,
  "mst_shared_kv_attn": 0,
  "mst_contrastive_diversity_weight": 0.0,
  "mst_transition_nonlinear": 0,
  "mst_transition_gated": 0,
  "mst_transition_mlp": 0,
  "mst_cross_sub_gate": 0,
  "mst_hyper_connect": 0,
  "mst_cross_kv_inject": 0,
  "mst_slice_transition": 0,
  "mst_lookback_layers": 0,
  "mst_bilinear_transition": 0,
  "mst_cross_sub_qmod": 0,
  "mst_feature_cycle": 0,
  "mst_mean_transition": 0,
  "mst_sub_head_dim": 64,
  "mst_final_norm": 0,
  "mst_per_stream_ve": 1,
  "mst_ve_map": 0,
  "mst_ve_map_rank": 0,
  "mst_lm_head_dim": 0,
  "mst_compose_windows": 1,
  "mst_channel_mix": "none",
  "mst_channel_mix_site": "layer",
  "mst_distribute_block_muon": 0,
  "mst_trans_spectral_lr": 0,
  "mst_talking_heads": 0,
  "mst_wo_mode": "dense",
  "mst_stream_topk": 1,
  "mst_stream_shared": 0,
  "mst_stream_router_aux": 0.01,
  "mst_stream_router_noise": 1.0,
  "mst_stream_dispatch": 0,
  "mst_stream_capacity_factor": 1.0,
  "mst_stream_gate_attn": 1,
  "mst_ffn_monarch": "none",
  "mst_shampoo": 0,
  "mst_precond_every": 10,
  "mst_shampoo_beta": 0.95,
  "use_eet": false,
  "eet_frozen_kv": true,
  "eet_reenter_final": false,
  "eet_router_type": "mlp2",
  "eet_router_hidden": 0,
  "eet_freq_prior_alpha": 0.0,
  "eet_pos_prior_beta": 0.0,
  "eet_domain_prior": false,
  "eet_warmup_frac": 0.02,
  "eet_explore_frac": 0.15,
  "eet_reconstruct_lambda": 1.0,
  "eet_efficiency_lambda_start": 0.01,
  "eet_efficiency_lambda_end": 0.1,
  "eet_translator_rank": 0,
  "eet_max_frozen_kv_frac": 0.75,
  "eet_exit_threshold": 0.5,
  "eet_min_exit_layer": 1,
  "eet_loss_variant": "reconstruct",
  "eet_topk_vocab": 512,
  "eet_entropy_lambda": 0.3,
  "eet_surprise_lambda": 0.1,
  "eet_adv_lambda": 1.0,
  "eet_adv_entropy_lambda": 0.2,
  "eet_quality_lambda": 1.0,
  "eet_quality_entropy_bonus": 0.1,
  "eet_gumbel_temp_start": 0.0,
  "eet_gumbel_temp_end": 0.1,
  "eet_gumbel_hard": true,
  "eet_commitment_beta": 0.1,
  "eet_global_router": false,
  "eet_freq_efficiency_alpha": 0.0,
  "eet_diversity_lambda": 0.0,
  "eet_ce_guided_lambda": 1.0,
  "eet_router_lr_mult": 5.0,
  "eet_model_lr_mult": 1.0,
  "eet_depth_weight_type": "none",
  "eet_depth_weight_max": 2.5,
  "eet_use_override": 0,
  "eet_override_prob_start": 0.5,
  "eet_override_prob_end": 0.1,
  "eet_compute_skip": false,
  "eet_target_active_frac": 0.125,
  "eet_capacity_schedule": "bell",
  "eet_exit_fracs": null,
  "eet_capacity_alignment_lambda": 0.0,
  "eet_router_task_grad": true,
  "eet_reinforce_interval": 0,
  "eet_reinforce_lambda": 0.1,
  "eet_exit_adapter_rank": 0,
  "eet_router_after_block": 0,
  "eet_ffn_skip": false,
  "eet_ffn_target_frac": 0.5,
  "eet_ffn_full_attn": true,
  "eet_depth_affine": false,
  "eet_capacity_anneal_frac": 0.0,
  "eet_learned_schedule": false,
  "eet_departure_summary": false,
  "eet_route_consistency_lambda": 0.0,
  "eet_dense_distill_interval": 0,
  "eet_dense_distill_lambda": 0.5,
  "eet_depth_lr_scale": false,
  "eet_depth_grad_scale": false,
  "eet_detach_aux_from_backbone": false,
  "eet_detach_exit_from_backbone": false,
  "use_code_head": false,
  "sch_head_type": "code",
  "sch_bits": 0,
  "sch_order": 2,
  "sch_max_m": 0,
  "sch_phi_mode": "monomial",
  "sch_code_mode": "binary",
  "sch_code_path": "",
  "sch_code_ecc_bits": 0,
  "sch_code_seed": 1234,
  "sch_phi_density": 0.0,
  "sch_phi_dtype": "bf16",
  "sch_phi_normalize": 1,
  "sch_phi_center": 0,
  "sch_g_type": "linear",
  "sch_g_hidden": 0,
  "sch_g_layers": 2,
  "sch_g_out_std": 0.001,
  "sch_mixture": 1,
  "sch_residual_rank": 0,
  "sch_logit_act": "none",
  "sch_bias": 0,
  "sch_input_mode": "table",
  "sch_input_hidden": 0
}
Seeded weight init with --seed 1
Checkpoints directory: /__modal/volumes/vo-ZMP2IPHkorwhjItlHkd9SH/out/p10_isotoken/d8/ISO_mst_ve_gattn_s1/depth_8/ckpt_base/base
✓ Wrapping model with DistributedDataParallel (rank 0, find_unused_parameters=False, broadcast_buffers=True)
Parameter counts:
wte                     : 16,777,216
wpe                     : 0
value_embeds            : 67,108,864
lm_head                 : 16,777,216
transformer_matrices    : 9,982,976
research                : 0
scalars                 : 16
total                   : 110,646,288
Estimated FLOPs per token (total):  1.750948e+08
Estimated FLOPs per token (active): 1.382423e+08
Estimated active params:            106,320,912
[MST] Multi-scale sub windows: [(32, 0), (127, 0), (511, 0), (-1, 0)]
[MST] Using compile-optimized BatchedMSTLayer (N=4, d=128)
[MST] 1A: Per-sub gradient equalization hooks registered
Scaling LRs by 0.7071 for batch size 262,144 (reference: 524,288)
Scaling weight decay from 0.200000 to 0.166415 for depth 8
Scaling AdamW LRs ∝1/√(512/768) = 1.224745
[MST] Per-sub Muon LR scaled by 2.00× → 0.028284
[MST] 1B: Block-diagonal Muon enabled (N=4 blocks)
Calculated number of iterations from target data:param ratio: 1,071
Total number of training tokens: 280,756,224
Tokens : Scaling params ratio: 10.49
Total training FLOPs estimate: 4.915895e+16
Total active training FLOPs estimate: 3.881239e+16
Using base scheduler: linear warmup/flat/linear warmdown
[MST] Diagnostics will be logged to: /__modal/volumes/vo-ZMP2IPHkorwhjItlHkd9SH/out/p10_isotoken/d8/ISO_mst_ve_gattn_s1/depth_8/ckpt_base/base/mst_diagnostics.jsonl
Tokens / micro-batch / rank: 128 x 2048 = 262,144
Tokens / micro-batch: 262,144
Total batch size 262,144 => gradient accumulation steps: 1
Running pre-compilation warmup (1 dummy forward+backward to init lazy allocations)...
[rank0]:W0901 23:18:10.990000 21076 site-packages/torch/_logging/_internal.py:1199] [0/0] Profiler function <class 'torch.autograd.profiler.record_function'> will be ignored
/usr/local/lib/python3.12/site-packages/torch/_inductor/lowering.py:7242: UserWarning: 
Online softmax is disabled on the fly since Inductor decides to
split the reduction. Cut an issue to PyTorch if this is an
important use case and you want to speed it up with online
softmax.

  warnings.warn(
Warmup complete. Steady-state VRAM: 1.1 GB allocated
/usr/local/lib/python3.12/site-packages/torch/_inductor/lowering.py:7242: UserWarning: 
Online softmax is disabled on the fly since Inductor decides to
split the reduction. Cut an issue to PyTorch if this is an
important use case and you want to speed it up with online
softmax.

  warnings.warn(
  [MST diag] ERROR: [Errno 2] No such file or directory: '/__modal/volumes/vo-ZMP2IPHkorwhjItlHkd9SH/out/p10_isotoken/d8/ISO_mst_ve_gattn_s1/depth_8/ckpt_base/base/mst_diagnostics.jsonl'
step 00000/01071 (0.00%) | loss: 10.557710 | lrm: 0.20 | lr(adamw:8.142e-02, muon:3.771e-03) | dt: 95550.97ms | tok/sec: 2,743 | bf16_mfu: 0.05 | epoch: 1 pq: 0 rg: 1 | total time: 0.00m
2026-09-01 23:22:12,579 - nanochat.checkpoint_manager - INFO - Saved model parameters to: /__modal/volumes/vo-ZMP2IPHkorwhjItlHkd9SH/out/p10_isotoken/d8/ISO_mst_ve_gattn_s1/depth_8/ckpt_base/base/model_000200.pt
2026-09-01 23:22:12,582 - nanochat.checkpoint_manager - INFO - Saved metadata to: /__modal/volumes/vo-ZMP2IPHkorwhjItlHkd9SH/out/p10_isotoken/d8/ISO_mst_ve_gattn_s1/depth_8/ckpt_base/base/meta_000200.json
2026-09-01 23:22:13,771 - nanochat.checkpoint_manager - INFO - Saved optimizer state to: /__modal/volumes/vo-ZMP2IPHkorwhjItlHkd9SH/out/p10_isotoken/d8/ISO_mst_ve_gattn_s1/depth_8/ckpt_base/base/optim_000200_rank0.pt
  [MST diag] sub_sim=[-0.080, -0.076, -0.063, -0.062, -0.060, -0.050, -0.049, -0.048] | route_ent=[1.219, 1.094, 1.211, 1.172, 1.273, 1.234, 1.289, 1.312] | grad_norm=[0.047, 0.037, 0.041, 0.044] | stream_load_min=[0.91, 0.89, 0.82, 0.93, 0.89, 0.66, 0.89, 0.58]
step 00200/01071 (18.67%) | loss: 4.409641 | lrm: 1.00 | lr(adamw:4.071e-01, muon:1.886e-02) | dt: 246.76ms | tok/sec: 1,062,340 | bf16_mfu: 18.81 | epoch: 1 pq: 1 rg: 17 | total time: 0.71m | eta: 3.3m
2026-09-01 23:22:59,237 - nanochat.checkpoint_manager - INFO - Saved model parameters to: /__modal/volumes/vo-ZMP2IPHkorwhjItlHkd9SH/out/p10_isotoken/d8/ISO_mst_ve_gattn_s1/depth_8/ckpt_base/base/model_000400.pt
2026-09-01 23:22:59,240 - nanochat.checkpoint_manager - INFO - Saved metadata to: /__modal/volumes/vo-ZMP2IPHkorwhjItlHkd9SH/out/p10_isotoken/d8/ISO_mst_ve_gattn_s1/depth_8/ckpt_base/base/meta_000400.json
2026-09-01 23:23:00,372 - nanochat.checkpoint_manager - INFO - Saved optimizer state to: /__modal/volumes/vo-ZMP2IPHkorwhjItlHkd9SH/out/p10_isotoken/d8/ISO_mst_ve_gattn_s1/depth_8/ckpt_base/base/optim_000400_rank0.pt
Removed previous periodic checkpoint at step 000200
  [MST diag] sub_sim=[-0.130, -0.128, -0.113, -0.103, -0.092, -0.077, -0.058, -0.057] | route_ent=[1.164, 1.016, 1.203, 1.125, 1.258, 1.258, 1.312, 1.344] | grad_norm=[0.026, 0.023, 0.029, 0.033] | stream_load_min=[0.96, 0.85, 0.71, 0.83, 0.73, 0.52, 0.76, 0.44]
step 00400/01071 (37.35%) | loss: 4.065893 | lrm: 0.97 | lr(adamw:3.932e-01, muon:1.821e-02) | dt: 246.82ms | tok/sec: 1,062,094 | bf16_mfu: 18.80 | epoch: 1 pq: 2 rg: 30 | total time: 1.46m | eta: 2.5m
2026-09-01 23:23:45,874 - nanochat.checkpoint_manager - INFO - Saved model parameters to: /__modal/volumes/vo-ZMP2IPHkorwhjItlHkd9SH/out/p10_isotoken/d8/ISO_mst_ve_gattn_s1/depth_8/ckpt_base/base/model_000600.pt
2026-09-01 23:23:45,877 - nanochat.checkpoint_manager - INFO - Saved metadata to: /__modal/volumes/vo-ZMP2IPHkorwhjItlHkd9SH/out/p10_isotoken/d8/ISO_mst_ve_gattn_s1/depth_8/ckpt_base/base/meta_000600.json
2026-09-01 23:23:46,994 - nanochat.checkpoint_manager - INFO - Saved optimizer state to: /__modal/volumes/vo-ZMP2IPHkorwhjItlHkd9SH/out/p10_isotoken/d8/ISO_mst_ve_gattn_s1/depth_8/ckpt_base/base/optim_000600_rank0.pt
Removed previous periodic checkpoint at step 000400
  [MST diag] sub_sim=[-0.133, -0.131, -0.126, -0.114, -0.102, -0.089, -0.067, -0.063] | route_ent=[1.148, 1.008, 1.227, 1.133, 1.250, 1.266, 1.320, 1.352] | grad_norm=[0.019, 0.017, 0.027, 0.026] | stream_load_min=[0.96, 0.85, 0.63, 0.88, 0.83, 0.57, 0.75, 0.49]
step 00600/01071 (56.02%) | loss: 3.890778 | lrm: 0.69 | lr(adamw:2.821e-01, muon:1.307e-02) | dt: 244.93ms | tok/sec: 1,070,262 | bf16_mfu: 18.95 | epoch: 1 pq: 3 rg: 44 | total time: 2.20m | eta: 1.8m
2026-09-01 23:24:32,575 - nanochat.checkpoint_manager - INFO - Saved model parameters to: /__modal/volumes/vo-ZMP2IPHkorwhjItlHkd9SH/out/p10_isotoken/d8/ISO_mst_ve_gattn_s1/depth_8/ckpt_base/base/model_000800.pt
2026-09-01 23:24:32,578 - nanochat.checkpoint_manager - INFO - Saved metadata to: /__modal/volumes/vo-ZMP2IPHkorwhjItlHkd9SH/out/p10_isotoken/d8/ISO_mst_ve_gattn_s1/depth_8/ckpt_base/base/meta_000800.json
2026-09-01 23:24:33,704 - nanochat.checkpoint_manager - INFO - Saved optimizer state to: /__modal/volumes/vo-ZMP2IPHkorwhjItlHkd9SH/out/p10_isotoken/d8/ISO_mst_ve_gattn_s1/depth_8/ckpt_base/base/optim_000800_rank0.pt
Removed previous periodic checkpoint at step 000600
  [MST diag] sub_sim=[-0.122, -0.124, -0.124, -0.110, -0.102, -0.088, -0.066, -0.064] | route_ent=[1.141, 1.008, 1.234, 1.141, 1.258, 1.273, 1.328, 1.359] | grad_norm=[0.015, 0.014, 0.019, 0.021] | stream_load_min=[0.93, 0.94, 0.69, 0.86, 0.77, 0.61, 0.74, 0.51]
step 00800/01071 (74.70%) | loss: 3.767316 | lrm: 0.42 | lr(adamw:1.709e-01, muon:7.918e-03) | dt: 246.89ms | tok/sec: 1,061,805 | bf16_mfu: 18.80 | epoch: 1 pq: 4 rg: 58 | total time: 2.95m | eta: 1.0m
2026-09-01 23:25:19,477 - nanochat.checkpoint_manager - INFO - Saved model parameters to: /__modal/volumes/vo-ZMP2IPHkorwhjItlHkd9SH/out/p10_isotoken/d8/ISO_mst_ve_gattn_s1/depth_8/ckpt_base/base/model_001000.pt
2026-09-01 23:25:19,479 - nanochat.checkpoint_manager - INFO - Saved metadata to: /__modal/volumes/vo-ZMP2IPHkorwhjItlHkd9SH/out/p10_isotoken/d8/ISO_mst_ve_gattn_s1/depth_8/ckpt_base/base/meta_001000.json
2026-09-01 23:25:20,568 - nanochat.checkpoint_manager - INFO - Saved optimizer state to: /__modal/volumes/vo-ZMP2IPHkorwhjItlHkd9SH/out/p10_isotoken/d8/ISO_mst_ve_gattn_s1/depth_8/ckpt_base/base/optim_001000_rank0.pt
Removed previous periodic checkpoint at step 000800
  [MST diag] sub_sim=[-0.111, -0.109, -0.116, -0.103, -0.098, -0.089, -0.070, -0.067] | route_ent=[1.148, 1.000, 1.234, 1.148, 1.258, 1.273, 1.320, 1.367] | grad_norm=[0.012, 0.012, 0.013, 0.013] | stream_load_min=[0.96, 0.89, 0.70, 0.84, 0.82, 0.60, 0.74, 0.51]
step 01000/01071 (93.37%) | loss: 3.675977 | lrm: 0.15 | lr(adamw:5.980e-02, muon:2.770e-03) | dt: 249.50ms | tok/sec: 1,050,685 | bf16_mfu: 18.60 | epoch: 1 pq: 5 rg: 73 | total time: 3.71m | eta: 0.3m
  [MST diag] sub_sim=[-0.108, -0.105, -0.114, -0.102, -0.098, -0.089, -0.071, -0.067] | route_ent=[1.141, 1.008, 1.234, 1.148, 1.258, 1.273, 1.328, 1.367] | grad_norm=[0.012, 0.011, 0.012, 0.013] | stream_load_min=[0.92, 0.93, 0.70, 0.86, 0.83, 0.61, 0.75, 0.52]
step 01070/01071 (99.91%) | loss: 3.645774 | lrm: 0.05 | lr(adamw:2.091e-02, muon:9.685e-04) | dt: 251.14ms | tok/sec: 1,043,805 | bf16_mfu: 18.48 | epoch: 1 pq: 6 rg: 24 | total time: 3.97m | eta: 0.0m
/usr/local/lib/python3.12/site-packages/torch/_dynamo/variables/functions.py:1598: UserWarning: Dynamo does not know how to trace the builtin `torch._C._distributed_c10d.pybind11_detail_function_record_v1_system_libstdcpp_gxx_abi_1xxx_use_cxx11_abi_1._broadcast_coalesced.` This function is either a Python builtin (e.g. _warnings.warn) or a third-party C/C++ Python extension (perhaps created with pybind).
If it is a Python builtin, please file an issue on GitHub so the PyTorch team can add support for it and see the next case for a workaround.
If it is a third-party C/C++ Python extension, please either wrap it into a PyTorch-understood custom operator (see https://pytorch.org/tutorials/advanced/custom_ops_landing_page.html for more details) or, if it is traceable, use `torch.compiler.allow_in_graph`.
  torch._dynamo.utils.warn_once(explanation + "\n" + "\n".join(hints))
/usr/local/lib/python3.12/site-packages/torch/_inductor/lowering.py:7242: UserWarning: 
Online softmax is disabled on the fly since Inductor decides to
split the reduction. Cut an issue to PyTorch if this is an
important use case and you want to speed it up with online
softmax.

  warnings.warn(
Step 01071 | Validation bpb: 1.056366 | val_loss: 3.465070
<|bos|>The capital of France is the capital of the capital of the capital of the capital of the capital of the
<|bos|>The chemical symbol of gold is the symbol of purity. It is the symbol of purity. It is the symbol
<|bos|>If yesterday was Friday, then tomorrow will be the first day of the week. The day will be the first day of the
<|bos|>The opposite of hot is the hot. The hot is the hot. The hot is the hot. The
<|bos|>The planets of the solar system are: 1) the solar system is a solar system, 2) the solar
<|bos|>My favorite color is red, and I'm not sure if it's red, but I'm sure
<|bos|>If 5*x + 3 = 13, then x is the same as y, and y is the same as y, and y is
2026-09-01 23:27:00,415 - nanochat.checkpoint_manager - INFO - Saved model parameters to: /__modal/volumes/vo-ZMP2IPHkorwhjItlHkd9SH/out/p10_isotoken/d8/ISO_mst_ve_gattn_s1/depth_8/ckpt_base/base/model_001071.pt
2026-09-01 23:27:00,417 - nanochat.checkpoint_manager - INFO - Saved metadata to: /__modal/volumes/vo-ZMP2IPHkorwhjItlHkd9SH/out/p10_isotoken/d8/ISO_mst_ve_gattn_s1/depth_8/ckpt_base/base/meta_001071.json
2026-09-01 23:27:01,590 - nanochat.checkpoint_manager - INFO - Saved optimizer state to: /__modal/volumes/vo-ZMP2IPHkorwhjItlHkd9SH/out/p10_isotoken/d8/ISO_mst_ve_gattn_s1/depth_8/ckpt_base/base/optim_001071_rank0.pt
step 01071/01071 (final) | loss: 3.645774 | early_stop: 0
Peak memory usage: 72721.15MiB
Total training time: 3.97m
Minimum validation bpb: 1.056366
Minimum validation loss (nats/byte): 3.465070
[MST] Results appended → /__modal/volumes/vo-ZMP2IPHkorwhjItlHkd9SH/out/p10_isotoken/d8/ISO_mst_ve_gattn_s1/depth_8/ckpt_base/mst_results.csv
[MST] mst_results.csv has an older column set; writing to mst_results_v2.csv instead
[MST] Results appended → /__modal/volumes/vo-ZMP2IPHkorwhjItlHkd9SH/mst_results_v2.csv
[SCH] no tokenizer/freq_table.pt: skipping frequency deciles. Build it with `python -m scripts.code_assign --build-freq-table`.
[SCH] run_tag=base  rank_ceiling=513  val_bpb=1.0564
Final Validation BPB for base: 1.0564

--- Generating Report ---
Saved plot to out/p10_isotoken/d8/ISO_mst_ve_gattn_s1/depth_8/comparison_depth_8.png
Saved TSV data to out/p10_isotoken/d8/ISO_mst_ve_gattn_s1/depth_8/results_depth_8.tsv
Generating report to out/report/report.md
Copying report.md to current directory for convenience
================================================================
Sweep Complete! Results saved to out/p10_isotoken/d8/ISO_mst_ve_gattn_s1
================================================================
OK ISO_mst_ve_gattn_s1

=== ISO_mst_ve_gattn_s1_s1 (depth 8, 600000000 tokens) ===
Requested NPROC_PER_NODE=8, but only 1 GPU(s) visible. Capping.
Using NPROC_PER_NODE=1
NANOCHAT_SKIP_ENV_SETUP=0
===== GPU Info =====
Tue Sep  1 23:27:09 2026       
+-----------------------------------------------------------------------------------------+
| NVIDIA-SMI 580.95.05              Driver Version: 580.95.05      CUDA Version: 13.0     |
+-----------------------------------------+------------------------+----------------------+
| GPU  Name                 Persistence-M | Bus-Id          Disp.A | Volatile Uncorr. ECC |
| Fan  Temp   Perf          Pwr:Usage/Cap |           Memory-Usage | GPU-Util  Compute M. |
|                                         |                        |               MIG M. |
|=========================================+========================+======================|
|   0  NVIDIA H200                    On  |   00000000:87:00.0 Off |                    0 |
| N/A   57C    P0             85W /  700W |       4MiB / 143771MiB |      0%      Default |
|                                         |                        |             Disabled |
+-----------------------------------------+------------------------+----------------------+

+-----------------------------------------------------------------------------------------+
| Processes:                                                                              |
|  GPU   GI   CI              PID   Type   Process name                        GPU Memory |
|        ID   ID                                                               Usage      |
|=========================================================================================|
|  No running processes found                                                             |
+-----------------------------------------------------------------------------------------+
Starting Research Sweep. Output directory: out/p10_isotoken/d8/ISO_mst_ve_gattn_s1_s1
UV_SYSTEM_PYTHON=1: using system Python, skipping venv creation.
Validating system environment dependencies via uv...
Using Python 3.12.10 environment at: /usr/local
Resolved 158 packages in 221ms
   Building nanochat @ file:///__modal/volumes/vo-ZMP2IPHkorwhjItlHkd9SH
      Built nanochat @ file:///__modal/volumes/vo-ZMP2IPHkorwhjItlHkd9SH
Prepared 1 package in 1.02s
Uninstalled 1 package in 0.66ms
Installed 1 package in 1ms
 ~ nanochat==0.1.0 (from file:///__modal/volumes/vo-ZMP2IPHkorwhjItlHkd9SH)
Reset report and wrote header to out/report/header.md
Dataset (up to 300 shards) already exists in data, skipping download.
Tokenizer already exists in tokenizer, skipping training.
================================================================
Processing Depth: 8
================================================================
2026-09-01 23:27:19,775 - httpx - INFO - HTTP Request: HEAD https://huggingface.co/varunneal/flash-attention-3/resolve/main/kernel-status.toml "HTTP/1.1 404 Not Found"
2026-09-01 23:27:19,896 - httpx - INFO - HTTP Request: GET https://huggingface.co/api/models/varunneal/flash-attention-3/tree/main/build?recursive=false&expand=false "HTTP/1.1 200 OK"
2026-09-01 23:27:20,020 - httpx - INFO - HTTP Request: GET https://huggingface.co/api/models/varunneal/flash-attention-3/revision/main "HTTP/1.1 200 OK"
[sweep] Requested 8 DDP workers but only 1 GPU(s) available — using 1.
================================================================
Starting Sweep for Depth 8
Target Tokens: Auto (per-model param count)
================================================================
  Overriding default target_dim (128) with full model_dim 512

--- Training base ---

  ┌─────────────────────────────────────────────────────┐
  │  🆕  STARTING FRESH: [base]
  │     No checkpoints found — training from scratch.
  └─────────────────────────────────────────────────────┘

Running: /usr/local/bin/torchrun --standalone --nproc_per_node=1 -m scripts.base_train --depth 8 --aspect-ratio 64 --head-dim 128 --model-dim 512 --max-seq-len 2048 --device-batch-size 128 --total-batch-size 262144 --target-tokens -1 --target-param-data-ratio 10.5 --eval-every -1 --log-every 200 --core-metric-every 0 --save-every 200 --warmup-ratio 0.005 --warmdown-ratio 0.65 --final-lr-frac 0.05 --adam-beta2 0.99 --research-warmup-ratio 0.05 --use-onecycle 0 --router-context-window -1 --remix-use-basis-gate 1 --remix-use-output-gate 1 --remix-use-context 1 --remix-basis-gate-mode mlp --remix-gate-lr-scale 0.3 --p22-n-templates 1 --p22-template-routing-learned 0 --p22-template-topk 0 --p22-attn-moe-route none --p26-output-gated-linear 0 --p28-shared-basis 0 --p28-chunk-routing-size 0 --p28-global-template-bank none --p28-attn-proj-templates 0 --p28-attn-qk-templates 0 --p31-chunk-route-impl compose --p31-top1-gate ones --p31-template-delta-rank 0 --p31-route-side output --p31-drop-basis-proj 0 --p31-basis-side-templates 0 --remix-template-block-diag 0 --remix-template-lr-scale 1.0 --p29-grad-equalize 0 --target-active-params 0 --remix-basis-gate-rank 8 --cclblock-modulation weight --cclblock-orth-lambda 0.0 --p35-template-diversity-lambda 0.0 --cclblock-context-stream local --cclblock-ema-factor 0.99 --cclblock-stale-ctx-lag 0 --cclblock-sparse-gate-k 0 --cclblock-gate-temperature 1.0 --cclblock-context-bank-size 0 --cclblock-per-head-ctx 0 --cclblock-context-source norm_x --cclblock-chunk-size 0 --cclblock-aux-objective none --cclblock-aux-lambda 0.1 --cclblock-boundary-token-id 198 --use-ral 0 --ral-rank 32 --p34-ffn-schedule  --p34-ffn-no-ffn-replacement none --p34-ffn-last-depth 1 --p36-swiglu-ffn 0 --p36-swiglu-mult 2.6666666666666665 --cond-sites both --p22-route-affine 0 --cond-rank 256 --cond-mult-steps 0 --cond-gate-source router --cond-coeff-act centered --cond-router-rank 0 --cond-router-act none --cond-live-init 0.0 --cond-chunk-size 0 --cond-mult-scale -1.0 --cond-mult-impl wy --cond-attn-projs qkvo --cond-layer-frac 1.0 --cclblock-film-gate 0 --cclblock-attn-shadow-dim 0 --cclblock-dynamic-ratio 0.25 --cclblock-gate-rank 8 --cclblock-num-regimes 8 --cclblock-regime-temperature 1.0 --cclblock-poly-order 2 --cclblock-lie-generators 4 --cclblock-grassmann-bank-size 4 --cclblock-tucker-rank 32 --cclblock-tucker-modes 8 --cclblock-svs-rank 64 --cclblock-svs-eps 0.1 --cclblock-vq-codes 8 --cclblock-vq-temperature 1.0 --cclblock-dcu-warmup-steps 0 --cclblock-fsi-rotations 8 --cclblock-fsi-selector-dim 64 --cclblock-aesp-strata 4 --cclblock-aesp-delta-rank 4 --cclblock-ckr-branches 4 --cclblock-ckr-kernel-size 64 --cclblock-ckr-pos-channels 1 --cclblock-ckr-dual-optim 0 --cclblock-ckr-content-bias 0.0 --cclblock-giad-rank 32 --cclblock-psg-kernel-size 64 --cclblock-ss-dynamic-ratio 0.25 --cclblock-ss-branches 2 --cclblock-ss-kernel-size 64 --cclblock-lokr-branches 8 --cclblock-lokr-rank 16 --cclblock-ckr-temp-start 2.0 --cclblock-ckr-temp-end 0.3 --cclblock-com-kernel-size 32 --cclblock-ckr-ortho-init 0 --cclblock-ckr-branch-dropout 0.0 --cclblock-ckr-diversity-lambda 0.0 --cclblock-pgr-kernel-size 64 --cclblock-cil-kernel-size 64 --cclblock-prb-kernel-size 64 --p18-layer-drop 0.0 --p18-dynamic-activation 0 --p18-mixture-norm 0 --p18-aux-sim-lambda 0.0 --p18-gradient-penalty 0.0 --p18-per-channel-scale 0 --p19-residual-gate 0 --p19-head-importance 0 --p19-residual-mix-groups 0 --p19-attn-logit-bias 0 --p19-residual-decay 0 --p19-grad-equilibrium 0.0 --p19-spectral-reparam 0 --p19-weight-anticollapse 0.0 --p19-ve-bias 0 --p19-weight-noise 0.0 --p20-hrcs-scale 0 --p20-lswr-scale 0 --p20-lswr-planes 8 --p20-lrcfb-branches 0 --p20-lrcfb-narrow 0 --p20-lrcfb-learned 0 --p20-lrcfb-topk 0 --p20-dgcr-branches 0 --p20-dgcr-aux-weight 0.01 --p20-mone-experts 0 --p20-mone-topk 0 --p20-mone-narrow 1 --p20-mone-frozen 0 --p20-ncea-branches 0 --p20-ncea-eps 0.1 --p20-adwi 0 --p20-pwu-branches 0 --p20-pwu-phase 1 --p20-fsvd-gate 0 --p20-wbfc-clusters 0 --p20-wbfc-active 0 --p21-per-experts 0 --p21-per-topk 0 --p21-per-learned 0 --p21-per-attn 0 --p23-tiny-expert 0 --p23-n-experts 64 --p23-topk 16 --p23-learned-route 0 --p23-std-moe-experts 0 --p23-std-moe-topk -1 --p23-std-moe-aux-weight 0.01 --p23-lokr 0 --p23-lokr-rank 4 --p23-use-shared-block-router 0 --p23-linear-moe-experts 0 --p23-linear-moe-topk 0 --p23-quantile-route 0 --seed 1 --p34-ffn-mult 4.0 --p34-ffn-single 0 --p34-dense-attn 0 --p24-use-sliced-weight 0 --p24-sliced-weight-reduction-scale 8 --p24-sliced-weight-min-select 128 --p24-sliced-weight-scope per_token --p24-sliced-weight-balance-coeff 0.01 --p24-quantile-route 0 --p24-use-folded-mod 0 --p24-folded-mod-reduction-scale 8 --p24-folded-mod-scope per_layer --p24-folded-mod-gate-act tanh_centered --p24-use-sequence-gated-linear 0 --p24-sequence-gated-scope per_layer --p24-sequence-gated-act tanh_centered --p24-folded-mod-min-dim 128 --remix-shared-context-gates 0 --remix-use-dual-gate 0 --remix-basis-scale-factor 4 --remix-output-gate-rank 16 --p24-use-sliced-weight 0 --p24-sliced-weight-reduction-scale 8 --p24-sliced-weight-min-select 128 --p24-sliced-weight-scope per_token --p24-sliced-weight-balance-coeff 0.01 --p24-quantile-route 0 --p24-use-folded-mod 0 --p24-folded-mod-reduction-scale 8 --p24-folded-mod-scope per_layer --p24-folded-mod-gate-act tanh_centered --p24-use-sequence-gated-linear 0 --p24-sequence-gated-scope per_layer --p24-sequence-gated-act tanh_centered --remix-disable-ln-basis 0 --dense-intermediate-ln 0 --use-mol 0 --mol-n-blocks 5 --mol-n-shared 1 --mol-topk 3 --mol-thin-dim 256 --mol-head-dim 64 --mol-ffn-mult 4.0 --mol-router-aux 0.05 --mol-routed-attn softmax --mol-dispatch 1 --mol-capacity-factor 1.0 --mol-block-lr-scale 1.0 --mol-per-block-ve 0 --use-mst 1 --mst-n-subs 4 --mst-sub-dim 128 --mst-head-dim 0 --mst-input-mode learned_proj --mst-rotated-slice-learned 0 --mst-routing-mode soft_weighted --mst-routing-topk 0 --mst-routing-aux-weight 0.01 --mst-diversity-weight 0.0 --mst-ffn-mode standard --mst-transition-mode aggregate_distribute --mst-final-mode concat_proj --mst-final-topk 0 --mst-ffn-shared-up 0 --mst-ffn-inner-dim 0 --mst-sub-dropout 0.0 --mst-transition-every 1 --mst-ffa-temperature 1.0 --mst-global-residual 0 --mst-hybrid-dense 0 --mst-cross-sub-kv 0 --mst-sub-aux-weight 0.0 --mst-progressive-merge 0 --mst-multi-scale-windows 1 --mst-delta-residual 0 --mst-sub-layers 1 --mst-grad-equalize 1 --mst-block-diagonal-muon 1 --mst-transition-width-mult 4.0 --mst-sub-lr-scale 2.0 --mst-shared-expert 0 --mst-router-entropy-weight 0.0 --mst-shared-kv-attn 0 --mst-contrastive-diversity-weight 0.0 --mst-transition-nonlinear 0 --mst-transition-gated 0 --mst-transition-mlp 0 --mst-cross-sub-gate 0 --mst-hyper-connect 0 --mst-cross-kv-inject 0 --mst-slice-transition 0 --mst-lookback-layers 0 --mst-bilinear-transition 0 --mst-cross-sub-qmod 0 --mst-feature-cycle 0 --mst-mean-transition 0 --mst-sub-head-dim 64 --mst-final-norm 0 --mst-per-stream-ve 1 --mst-ve-map 0 --mst-ve-map-rank 0 --mst-lm-head-dim 0 --mst-compose-windows 1 --mst-channel-mix none --mst-channel-mix-site layer --mst-distribute-block-muon 0 --mst-trans-spectral-lr 0 --mst-talking-heads 0 --mst-wo-mode dense --mst-stream-topk 1 --mst-stream-shared 1 --mst-stream-router-aux 0.01 --mst-stream-router-noise 1.0 --mst-stream-dispatch 0 --mst-stream-capacity-factor 1.0 --mst-stream-gate-attn 1 --mst-ffn-monarch none --mst-shampoo 0 --mst-precond-every 10 --mst-shampoo-beta 0.95 --use-eet 0 --eet-frozen-kv 1 --eet-reenter-final 0 --eet-compute-skip 0 --eet-target-active-frac 0.125 --eet-capacity-schedule bell --eet-exit-fracs  --eet-router-type mlp2 --eet-router-hidden 0 --eet-freq-prior-alpha 0.0 --eet-pos-prior-beta 0.0 --eet-domain-prior 0 --eet-warmup-frac 0.02 --eet-explore-frac 0.15 --eet-reconstruct-lambda 1.0 --eet-efficiency-lambda-start 0.01 --eet-efficiency-lambda-end 0.1 --eet-translator-rank 0 --eet-max-frozen-kv-frac 0.75 --eet-exit-threshold 0.5 --eet-min-exit-layer 1 --eet-loss-variant reconstruct --eet-topk-vocab 512 --eet-entropy-lambda 0.3 --eet-surprise-lambda 0.1 --eet-adv-lambda 1.0 --eet-adv-entropy-lambda 0.2 --eet-quality-lambda 1.0 --eet-quality-entropy-bonus 0.1 --eet-gumbel-temp-start 0.0 --eet-gumbel-temp-end 0.1 --eet-gumbel-hard 1 --eet-commitment-beta 0.1 --eet-global-router 0 --eet-freq-efficiency-alpha 0.0 --eet-diversity-lambda 0.0 --eet-ce-guided-lambda 1.0 --eet-router-lr-mult 5.0 --eet-model-lr-mult 1.0 --eet-depth-weight-type none --eet-depth-weight-max 2.5 --eet-use-override 0 --eet-override-prob-start 0.5 --eet-override-prob-end 0.1 --eet-capacity-alignment-lambda 0.0 --eet-router-task-grad 1 --eet-reinforce-interval 0 --eet-reinforce-lambda 0.1 --eet-exit-adapter-rank 0 --eet-router-after-block 0 --eet-ffn-skip 0 --eet-ffn-target-frac 0.5 --eet-ffn-full-attn 1 --eet-depth-affine 0 --eet-capacity-anneal-frac 0.0 --eet-learned-schedule 0 --eet-departure-summary 0 --eet-route-consistency-lambda 0.0 --eet-dense-distill-interval 0 --eet-dense-distill-lambda 0.5 --eet-depth-lr-scale 0 --eet-depth-grad-scale 0 --eet-detach-aux-from-backbone 0 --eet-detach-exit-from-backbone 0 --use-code-head 0 --sch-head-type code --sch-bits 0 --sch-order 2 --sch-max-m 0 --sch-phi-mode monomial --sch-code-mode binary --sch-code-path  --sch-code-ecc-bits 0 --sch-code-seed 1234 --sch-phi-density 0.0 --sch-phi-dtype bf16 --sch-phi-normalize 1 --sch-phi-center 0 --sch-g-type linear --sch-g-hidden 0 --sch-g-layers 2 --sch-g-out-std 0.001 --sch-mixture 1 --sch-residual-rank 0 --sch-logit-act none --sch-bias 0 --sch-input-mode table --sch-input-hidden 0 --sch-holdout-tokens 0 --sch-holdout-seed 7 --sch-holdout-min-id 256 --sch-holdout-mode target --sch-decile-metrics 1 --sch-rank-probe 0 --sch-eval-steps 100 --compile --tokenizer-dir tokenizer --data-dir data --max-shards 300 --checkpoints-dir /__modal/volumes/vo-ZMP2IPHkorwhjItlHkd9SH/out/p10_isotoken/d8/ISO_mst_ve_gattn_s1_s1/depth_8/ckpt_base --model-tag base
2026-09-01 23:27:26,918 - httpx - INFO - HTTP Request: HEAD https://huggingface.co/varunneal/flash-attention-3/resolve/main/kernel-status.toml "HTTP/1.1 404 Not Found"
2026-09-01 23:27:27,032 - httpx - INFO - HTTP Request: GET https://huggingface.co/api/models/varunneal/flash-attention-3/tree/main/build?recursive=false&expand=false "HTTP/1.1 200 OK"
2026-09-01 23:27:27,149 - httpx - INFO - HTTP Request: GET https://huggingface.co/api/models/varunneal/flash-attention-3/revision/main "HTTP/1.1 200 OK"

                                                       █████                █████
                                                      ░░███                ░░███
     ████████    ██████   ████████    ██████   ██████  ░███████    ██████  ███████
    ░░███░░███  ░░░░░███ ░░███░░███  ███░░███ ███░░███ ░███░░███  ░░░░░███░░░███░
     ░███ ░███   ███████  ░███ ░███ ░███ ░███░███ ░░░  ░███ ░███   ███████  ░███
     ░███ ░███  ███░░███  ░███ ░███ ░███ ░███░███  ███ ░███ ░███  ███░░███  ░███ ███
     ████ █████░░████████ ████ █████░░██████ ░░██████  ████ █████░░███████  ░░█████
    ░░░░ ░░░░░  ░░░░░░░░ ░░░░ ░░░░░  ░░░░░░   ░░░░░░  ░░░░ ░░░░░  ░░░░░░░░   ░░░░░
    
Autodetected device type: cuda
2026-09-01 23:27:28,110 - nanochat.common - INFO - Distributed world size: 1
GPU: NVIDIA H200 | Peak FLOPS (BF16): 9.89e+14
COMPUTE_DTYPE: torch.bfloat16 (auto-detected: CUDA SM 90 (bf16 supported))
✓ Using Flash Attention 3 (Hopper GPU detected) — efficient and fast.
Vocab size: 32,768
[MST] Multi-scale sub windows: [(32, 0), (127, 0), (511, 0), (-1, 0)]
[MST] Using compile-optimized BatchedMSTLayer (N=4, d=128)
[MST] 1A: Per-sub gradient equalization hooks registered
Model config:
{
  "sequence_len": 2048,
  "vocab_size": 32768,
  "n_layer": 8,
  "n_head": 4,
  "n_kv_head": 4,
  "n_embd": 512,
  "use_moe": false,
  "use_perm": false,
  "moe_num_experts": 8,
  "moe_router_dim": 64,
  "moe_embed_dim": 64,
  "dropout": 0.0,
  "use_remix_linear": false,
  "remix_context_dim": 64,
  "remix_context_dim_ratio": 6,
  "remix_basis_size": 64,
  "remix_output_gate_rank": 16,
  "remixed_linear_kwargs": {
    "use_basis_gate": true,
    "use_output_gate": true,
    "use_context": true,
    "basis_gate_mode": "mlp",
    "sparse_gate_k": 0,
    "gate_temperature": 1.0,
    "basis_scale_factor": 4,
    "n_templates": 1,
    "template_routing_learned": false,
    "template_topk": 0,
    "tiny_expert": false,
    "tiny_expert_topk": 16,
    "lokr_expert": false,
    "lokr_n_experts": 64,
    "lokr_topk": 16,
    "lokr_rank": 4,
    "lokr_learned": false,
    "basis_gate_rank": 8,
    "disable_ln_basis": false,
    "chunk_route_impl": "compose",
    "top1_gate": "ones",
    "template_delta_rank": 0,
    "route_side": "output",
    "drop_basis_proj": false,
    "basis_side_templates": 0,
    "grad_equalize": false
  },
  "use_pos_embed": false,
  "moe_use_abs_pos_embed": false,
  "use_layer_context": true,
  "scale_basis_size": true,
  "remix_use_dual_gate": false,
  "remix_use_fused": false,
  "p26_output_gated_linear": 0,
  "p28_shared_basis": 0,
  "p28_chunk_routing_size": 0,
  "p28_global_template_bank": "none",
  "p28_attn_proj_templates": 0,
  "p28_attn_qk_templates": 0,
  "p29_template_block_diag": 0,
  "p29_template_lr_scale": 1.0,
  "p29_grad_equalize": 0,
  "p34_ffn_mult": 4.0,
  "p34_ffn_single": 0,
  "p34_dense_attn": 0,
  "legacy_init_fallback": 0,
  "p35_template_diversity_lambda": 0.0,
  "p22_route_affine": 0,
  "p34_ffn_schedule": "",
  "p34_ffn_no_ffn_replacement": "none",
  "p34_ffn_last_depth": 1,
  "p36_swiglu_ffn": 0,
  "p36_swiglu_mult": 2.6666666666666665,
  "cond_sites": "both",
  "cond_rank": 256,
  "cond_mult_steps": 0,
  "cond_gate_source": "router",
  "cond_coeff_act": "centered",
  "cond_router_rank": 0,
  "cond_live_init": 0.0,
  "cond_router_act": "none",
  "cond_chunk_size": 0,
  "cond_mult_scale": -1.0,
  "cond_mult_impl": "wy",
  "cond_attn_projs": "qkvo",
  "cond_layer_frac": 1.0,
  "perm_expert_mode": "low_rank",
  "perm_rank": 16,
  "router_context_window": -1,
  "router_causal": true,
  "router_num_heads": 4,
  "router_num_queries": 16,
  "router_n_layers": 2,
  "router_use_vocab_prior": false,
  "window_pattern": "SSSL",
  "cclblock_modulation": "weight",
  "cclblock_orth_lambda": 0.0,
  "cclblock_context_stream": "local",
  "cclblock_ema_factor": 0.99,
  "cclblock_stale_ctx_lag": 0,
  "cclblock_sparse_gate_k": 0,
  "cclblock_gate_temperature": 1.0,
  "cclblock_context_bank_size": 0,
  "cclblock_per_head_ctx": false,
  "cclblock_context_source": "norm_x",
  "cclblock_chunk_size": 0,
  "cclblock_aux_objective": "none",
  "cclblock_aux_lambda": 0.1,
  "cclblock_boundary_token_id": 198,
  "use_ral": false,
  "ral_rank": 32,
  "cclblock_film_gate": false,
  "cclblock_attn_shadow_dim": 0,
  "cclblock_dynamic_ratio": 0.25,
  "cclblock_gate_rank": 8,
  "cclblock_num_regimes": 8,
  "cclblock_regime_temperature": 1.0,
  "cclblock_poly_order": 2,
  "cclblock_lie_generators": 4,
  "cclblock_grassmann_bank_size": 4,
  "cclblock_tucker_rank": 32,
  "cclblock_tucker_modes": 8,
  "cclblock_svs_rank": 64,
  "cclblock_svs_eps": 0.1,
  "cclblock_vq_codes": 8,
  "cclblock_vq_temperature": 1.0,
  "cclblock_dcu_warmup_steps": 0,
  "cclblock_fsi_rotations": 8,
  "cclblock_fsi_selector_dim": 64,
  "cclblock_aesp_strata": 4,
  "cclblock_aesp_delta_rank": 4,
  "cclblock_ckr_branches": 4,
  "cclblock_ckr_kernel_size": 64,
  "cclblock_ckr_pos_channels": 1,
  "cclblock_ckr_dual_optim": 0,
  "cclblock_ckr_content_bias": 0.0,
  "cclblock_giad_rank": 32,
  "cclblock_psg_kernel_size": 64,
  "cclblock_ss_dynamic_ratio": 0.25,
  "cclblock_ss_branches": 2,
  "cclblock_ss_kernel_size": 64,
  "cclblock_lokr_branches": 8,
  "cclblock_lokr_rank": 16,
  "cclblock_ckr_temp_start": 2.0,
  "cclblock_ckr_temp_end": 0.3,
  "cclblock_com_kernel_size": 32,
  "cclblock_ckr_ortho_init": 0,
  "cclblock_ckr_branch_dropout": 0.0,
  "cclblock_ckr_diversity_lambda": 0.0,
  "cclblock_ckr_layer_selective": 0,
  "cclblock_pgr_kernel_size": 64,
  "cclblock_cil_kernel_size": 64,
  "cclblock_prb_kernel_size": 64,
  "p18_layer_drop": 0.0,
  "p18_dynamic_activation": 0,
  "p18_mixture_norm": 0,
  "p18_causal_attn_bias": 0,
  "p18_aux_sim_lambda": 0.0,
  "p18_gradient_penalty": 0.0,
  "p18_per_channel_scale": 0,
  "p19_residual_gate": 0,
  "p19_head_importance": 0,
  "p19_residual_mix_groups": 0,
  "p19_attn_logit_bias": 0,
  "p19_residual_decay": 0,
  "p19_grad_equilibrium": 0.0,
  "p19_spectral_reparam": 0,
  "p19_weight_anticollapse": 0.0,
  "p19_ve_bias": 0,
  "p19_weight_noise": 0.0,
  "p20_hrcs_scale": 0,
  "p20_lswr_scale": 0,
  "p20_lswr_planes": 8,
  "p20_lrcfb_branches": 0,
  "p20_lrcfb_narrow": 0,
  "p20_lrcfb_learned": 0,
  "p20_lrcfb_topk": 0,
  "p20_dgcr_branches": 0,
  "p20_dgcr_aux_weight": 0.01,
  "p20_mone_experts": 0,
  "p20_mone_topk": 0,
  "p20_mone_narrow": 1,
  "p20_mone_frozen": 0,
  "p20_ncea_branches": 0,
  "p20_ncea_eps": 0.1,
  "p20_adwi": 0,
  "p20_pwu_branches": 0,
  "p20_pwu_phase": 1,
  "p20_fsvd_gate": 0,
  "p20_wbfc_clusters": 0,
  "p20_wbfc_active": 0,
  "p21_per_experts": 0,
  "p21_per_topk": 0,
  "p21_per_learned": 0,
  "p21_per_attn": 0,
  "p22_attn_moe_route": "none",
  "p23_tiny_expert": 0,
  "p23_n_experts": 64,
  "p23_topk": 16,
  "p23_learned_route": 0,
  "p23_std_moe_experts": 0,
  "p23_std_moe_topk": -1,
  "p23_std_moe_aux_weight": 0.01,
  "p23_lokr": 0,
  "p23_lokr_rank": 4,
  "p23_use_shared_block_router": 0,
  "p23_linear_moe_experts": 0,
  "p23_linear_moe_topk": 0,
  "p23_quantile_route": 0,
  "remix_shared_context_gates": 0,
  "p24_use_sliced_weight": 0,
  "p24_sliced_weight_reduction_scale": 8,
  "p24_sliced_weight_min_select": 128,
  "p24_sliced_weight_scope": "per_token",
  "p24_sliced_weight_balance_coeff": 0.01,
  "p24_quantile_route": 0,
  "p24_use_folded_mod": 0,
  "p24_folded_mod_reduction_scale": 8,
  "p24_folded_mod_min_dim": 128,
  "p24_folded_mod_scope": "per_layer",
  "p24_folded_mod_gate_act": "tanh_centered",
  "p24_use_sequence_gated_linear": 0,
  "p24_sequence_gated_scope": "per_layer",
  "p24_sequence_gated_act": "tanh_centered",
  "remix_disable_ln_basis": 0,
  "dense_intermediate_ln": 0,
  "use_mol": false,
  "mol_n_blocks": 5,
  "mol_n_shared": 1,
  "mol_topk": 3,
  "mol_thin_dim": 256,
  "mol_head_dim": 64,
  "mol_ffn_mult": 4.0,
  "mol_router_aux": 0.05,
  "mol_routed_attn": "softmax",
  "mol_dispatch": 1,
  "mol_capacity_factor": 1.0,
  "mol_block_lr_scale": 1.0,
  "mol_per_block_ve": 0,
  "use_mst": true,
  "mst_n_subs": 4,
  "mst_sub_dim": 128,
  "mst_head_dim": 0,
  "mst_input_mode": "learned_proj",
  "mst_rotated_slice_learned": false,
  "mst_routing_mode": "soft_weighted",
  "mst_routing_topk": 0,
  "mst_routing_aux_weight": 0.01,
  "mst_diversity_weight": 0.0,
  "mst_ffn_mode": "standard",
  "mst_transition_mode": "aggregate_distribute",
  "mst_final_mode": "concat_proj",
  "mst_final_topk": 0,
  "mst_ffn_shared_up": 0,
  "mst_ffn_inner_dim": 0,
  "mst_sub_dropout": 0.0,
  "mst_transition_every": 1,
  "mst_ffa_temperature": 1.0,
  "mst_global_residual": 0,
  "mst_hybrid_dense": 0,
  "mst_cross_sub_kv": 0,
  "mst_sub_aux_weight": 0.0,
  "mst_progressive_merge": 0,
  "mst_multi_scale_windows": 1,
  "mst_delta_residual": 0,
  "mst_sub_layers": 1,
  "mst_grad_equalize": 1,
  "mst_block_diagonal_muon": 1,
  "mst_transition_width_mult": 4.0,
  "mst_sub_lr_scale": 2.0,
  "mst_shared_expert": 0,
  "mst_router_entropy_weight": 0.0,
  "mst_shared_kv_attn": 0,
  "mst_contrastive_diversity_weight": 0.0,
  "mst_transition_nonlinear": 0,
  "mst_transition_gated": 0,
  "mst_transition_mlp": 0,
  "mst_cross_sub_gate": 0,
  "mst_hyper_connect": 0,
  "mst_cross_kv_inject": 0,
  "mst_slice_transition": 0,
  "mst_lookback_layers": 0,
  "mst_bilinear_transition": 0,
  "mst_cross_sub_qmod": 0,
  "mst_feature_cycle": 0,
  "mst_mean_transition": 0,
  "mst_sub_head_dim": 64,
  "mst_final_norm": 0,
  "mst_per_stream_ve": 1,
  "mst_ve_map": 0,
  "mst_ve_map_rank": 0,
  "mst_lm_head_dim": 0,
  "mst_compose_windows": 1,
  "mst_channel_mix": "none",
  "mst_channel_mix_site": "layer",
  "mst_distribute_block_muon": 0,
  "mst_trans_spectral_lr": 0,
  "mst_talking_heads": 0,
  "mst_wo_mode": "dense",
  "mst_stream_topk": 1,
  "mst_stream_shared": 1,
  "mst_stream_router_aux": 0.01,
  "mst_stream_router_noise": 1.0,
  "mst_stream_dispatch": 0,
  "mst_stream_capacity_factor": 1.0,
  "mst_stream_gate_attn": 1,
  "mst_ffn_monarch": "none",
  "mst_shampoo": 0,
  "mst_precond_every": 10,
  "mst_shampoo_beta": 0.95,
  "use_eet": false,
  "eet_frozen_kv": true,
  "eet_reenter_final": false,
  "eet_router_type": "mlp2",
  "eet_router_hidden": 0,
  "eet_freq_prior_alpha": 0.0,
  "eet_pos_prior_beta": 0.0,
  "eet_domain_prior": false,
  "eet_warmup_frac": 0.02,
  "eet_explore_frac": 0.15,
  "eet_reconstruct_lambda": 1.0,
  "eet_efficiency_lambda_start": 0.01,
  "eet_efficiency_lambda_end": 0.1,
  "eet_translator_rank": 0,
  "eet_max_frozen_kv_frac": 0.75,
  "eet_exit_threshold": 0.5,
  "eet_min_exit_layer": 1,
  "eet_loss_variant": "reconstruct",
  "eet_topk_vocab": 512,
  "eet_entropy_lambda": 0.3,
  "eet_surprise_lambda": 0.1,
  "eet_adv_lambda": 1.0,
  "eet_adv_entropy_lambda": 0.2,
  "eet_quality_lambda": 1.0,
  "eet_quality_entropy_bonus": 0.1,
  "eet_gumbel_temp_start": 0.0,
  "eet_gumbel_temp_end": 0.1,
  "eet_gumbel_hard": true,
  "eet_commitment_beta": 0.1,
  "eet_global_router": false,
  "eet_freq_efficiency_alpha": 0.0,
  "eet_diversity_lambda": 0.0,
  "eet_ce_guided_lambda": 1.0,
  "eet_router_lr_mult": 5.0,
  "eet_model_lr_mult": 1.0,
  "eet_depth_weight_type": "none",
  "eet_depth_weight_max": 2.5,
  "eet_use_override": 0,
  "eet_override_prob_start": 0.5,
  "eet_override_prob_end": 0.1,
  "eet_compute_skip": false,
  "eet_target_active_frac": 0.125,
  "eet_capacity_schedule": "bell",
  "eet_exit_fracs": null,
  "eet_capacity_alignment_lambda": 0.0,
  "eet_router_task_grad": true,
  "eet_reinforce_interval": 0,
  "eet_reinforce_lambda": 0.1,
  "eet_exit_adapter_rank": 0,
  "eet_router_after_block": 0,
  "eet_ffn_skip": false,
  "eet_ffn_target_frac": 0.5,
  "eet_ffn_full_attn": true,
  "eet_depth_affine": false,
  "eet_capacity_anneal_frac": 0.0,
  "eet_learned_schedule": false,
  "eet_departure_summary": false,
  "eet_route_consistency_lambda": 0.0,
  "eet_dense_distill_interval": 0,
  "eet_dense_distill_lambda": 0.5,
  "eet_depth_lr_scale": false,
  "eet_depth_grad_scale": false,
  "eet_detach_aux_from_backbone": false,
  "eet_detach_exit_from_backbone": false,
  "use_code_head": false,
  "sch_head_type": "code",
  "sch_bits": 0,
  "sch_order": 2,
  "sch_max_m": 0,
  "sch_phi_mode": "monomial",
  "sch_code_mode": "binary",
  "sch_code_path": "",
  "sch_code_ecc_bits": 0,
  "sch_code_seed": 1234,
  "sch_phi_density": 0.0,
  "sch_phi_dtype": "bf16",
  "sch_phi_normalize": 1,
  "sch_phi_center": 0,
  "sch_g_type": "linear",
  "sch_g_hidden": 0,
  "sch_g_layers": 2,
  "sch_g_out_std": 0.001,
  "sch_mixture": 1,
  "sch_residual_rank": 0,
  "sch_logit_act": "none",
  "sch_bias": 0,
  "sch_input_mode": "table",
  "sch_input_hidden": 0
}
Seeded weight init with --seed 1
Checkpoints directory: /__modal/volumes/vo-ZMP2IPHkorwhjItlHkd9SH/out/p10_isotoken/d8/ISO_mst_ve_gattn_s1_s1/depth_8/ckpt_base/base
✓ Wrapping model with DistributedDataParallel (rank 0, find_unused_parameters=False, broadcast_buffers=True)
Parameter counts:
wte                     : 16,777,216
wpe                     : 0
value_embeds            : 67,108,864
lm_head                 : 16,777,216
transformer_matrices    : 9,982,976
research                : 0
scalars                 : 16
total                   : 110,646,288
Estimated FLOPs per token (total):  1.750948e+08
Estimated FLOPs per token (active): 1.505265e+08
Estimated active params:            107,762,704
[MST] Multi-scale sub windows: [(32, 0), (127, 0), (511, 0), (-1, 0)]
[MST] Using compile-optimized BatchedMSTLayer (N=4, d=128)
[MST] 1A: Per-sub gradient equalization hooks registered
Scaling LRs by 0.7071 for batch size 262,144 (reference: 524,288)
Scaling weight decay from 0.200000 to 0.166415 for depth 8
Scaling AdamW LRs ∝1/√(512/768) = 1.224745
[MST] Per-sub Muon LR scaled by 2.00× → 0.028284
[MST] 1B: Block-diagonal Muon enabled (N=4 blocks)
Calculated number of iterations from target data:param ratio: 1,071
Total number of training tokens: 280,756,224
Tokens : Scaling params ratio: 10.49
Total training FLOPs estimate: 4.915895e+16
Total active training FLOPs estimate: 4.226124e+16
Using base scheduler: linear warmup/flat/linear warmdown
[MST] Diagnostics will be logged to: /__modal/volumes/vo-ZMP2IPHkorwhjItlHkd9SH/out/p10_isotoken/d8/ISO_mst_ve_gattn_s1_s1/depth_8/ckpt_base/base/mst_diagnostics.jsonl
Tokens / micro-batch / rank: 128 x 2048 = 262,144
Tokens / micro-batch: 262,144
Total batch size 262,144 => gradient accumulation steps: 1
Running pre-compilation warmup (1 dummy forward+backward to init lazy allocations)...
[rank0]:W0901 23:27:28.669000 42189 site-packages/torch/_logging/_internal.py:1199] [0/0] Profiler function <class 'torch.autograd.profiler.record_function'> will be ignored
/usr/local/lib/python3.12/site-packages/torch/_inductor/lowering.py:7242: UserWarning: 
Online softmax is disabled on the fly since Inductor decides to
split the reduction. Cut an issue to PyTorch if this is an
important use case and you want to speed it up with online
softmax.

  warnings.warn(
Warmup complete. Steady-state VRAM: 1.1 GB allocated
/usr/local/lib/python3.12/site-packages/torch/_inductor/lowering.py:7242: UserWarning: 
Online softmax is disabled on the fly since Inductor decides to
split the reduction. Cut an issue to PyTorch if this is an
important use case and you want to speed it up with online
softmax.

  warnings.warn(
  [MST diag] ERROR: [Errno 2] No such file or directory: '/__modal/volumes/vo-ZMP2IPHkorwhjItlHkd9SH/out/p10_isotoken/d8/ISO_mst_ve_gattn_s1_s1/depth_8/ckpt_base/base/mst_diagnostics.jsonl'
step 00000/01071 (0.00%) | loss: 10.637249 | lrm: 0.20 | lr(adamw:8.142e-02, muon:3.771e-03) | dt: 82742.48ms | tok/sec: 3,168 | bf16_mfu: 0.06 | epoch: 1 pq: 0 rg: 1 | total time: 0.00m
2026-09-01 23:31:10,244 - nanochat.checkpoint_manager - INFO - Saved model parameters to: /__modal/volumes/vo-ZMP2IPHkorwhjItlHkd9SH/out/p10_isotoken/d8/ISO_mst_ve_gattn_s1_s1/depth_8/ckpt_base/base/model_000200.pt
2026-09-01 23:31:10,247 - nanochat.checkpoint_manager - INFO - Saved metadata to: /__modal/volumes/vo-ZMP2IPHkorwhjItlHkd9SH/out/p10_isotoken/d8/ISO_mst_ve_gattn_s1_s1/depth_8/ckpt_base/base/meta_000200.json
2026-09-01 23:31:11,451 - nanochat.checkpoint_manager - INFO - Saved optimizer state to: /__modal/volumes/vo-ZMP2IPHkorwhjItlHkd9SH/out/p10_isotoken/d8/ISO_mst_ve_gattn_s1_s1/depth_8/ckpt_base/base/optim_000200_rank0.pt
  [MST diag] sub_sim=[-0.032, -0.031, -0.022, -0.021, -0.018, -0.016, -0.006, 0.001] | route_ent=[1.273, 1.117, 1.281, 1.195, 1.227, 1.305, 1.273, 1.266] | grad_norm=[0.087, 0.035, 0.037, 0.043] | stream_load_min=[1.23, 1.26, 1.05, 1.29, 1.12, 1.23, 1.21, 1.23]
step 00200/01071 (18.67%) | loss: 4.336397 | lrm: 1.00 | lr(adamw:4.071e-01, muon:1.886e-02) | dt: 248.05ms | tok/sec: 1,056,802 | bf16_mfu: 18.71 | epoch: 1 pq: 1 rg: 17 | total time: 0.71m | eta: 3.3m
2026-09-01 23:31:57,871 - nanochat.checkpoint_manager - INFO - Saved model parameters to: /__modal/volumes/vo-ZMP2IPHkorwhjItlHkd9SH/out/p10_isotoken/d8/ISO_mst_ve_gattn_s1_s1/depth_8/ckpt_base/base/model_000400.pt
2026-09-01 23:31:57,876 - nanochat.checkpoint_manager - INFO - Saved metadata to: /__modal/volumes/vo-ZMP2IPHkorwhjItlHkd9SH/out/p10_isotoken/d8/ISO_mst_ve_gattn_s1_s1/depth_8/ckpt_base/base/meta_000400.json
2026-09-01 23:31:59,233 - nanochat.checkpoint_manager - INFO - Saved optimizer state to: /__modal/volumes/vo-ZMP2IPHkorwhjItlHkd9SH/out/p10_isotoken/d8/ISO_mst_ve_gattn_s1_s1/depth_8/ckpt_base/base/optim_000400_rank0.pt
Removed previous periodic checkpoint at step 000200
  [MST diag] sub_sim=[-0.059, -0.056, -0.061, -0.066, -0.056, -0.036, -0.013, -0.008] | route_ent=[1.250, 1.039, 1.312, 1.195, 1.266, 1.297, 1.266, 1.266] | grad_norm=[0.048, 0.022, 0.023, 0.034] | stream_load_min=[1.29, 1.31, 1.11, 1.29, 1.09, 1.23, 1.28, 1.16]
step 00400/01071 (37.35%) | loss: 4.007418 | lrm: 0.97 | lr(adamw:3.932e-01, muon:1.821e-02) | dt: 252.57ms | tok/sec: 1,037,910 | bf16_mfu: 18.38 | epoch: 1 pq: 2 rg: 30 | total time: 1.47m | eta: 2.5m
2026-09-01 23:32:47,349 - nanochat.checkpoint_manager - INFO - Saved model parameters to: /__modal/volumes/vo-ZMP2IPHkorwhjItlHkd9SH/out/p10_isotoken/d8/ISO_mst_ve_gattn_s1_s1/depth_8/ckpt_base/base/model_000600.pt
2026-09-01 23:32:47,352 - nanochat.checkpoint_manager - INFO - Saved metadata to: /__modal/volumes/vo-ZMP2IPHkorwhjItlHkd9SH/out/p10_isotoken/d8/ISO_mst_ve_gattn_s1_s1/depth_8/ckpt_base/base/meta_000600.json
2026-09-01 23:32:49,300 - nanochat.checkpoint_manager - INFO - Saved optimizer state to: /__modal/volumes/vo-ZMP2IPHkorwhjItlHkd9SH/out/p10_isotoken/d8/ISO_mst_ve_gattn_s1_s1/depth_8/ckpt_base/base/optim_000600_rank0.pt
Removed previous periodic checkpoint at step 000400
  [MST diag] sub_sim=[-0.073, -0.062, -0.078, -0.085, -0.080, -0.065, -0.035, -0.026] | route_ent=[1.250, 1.016, 1.328, 1.203, 1.297, 1.305, 1.281, 1.289] | grad_norm=[0.033, 0.017, 0.019, 0.025] | stream_load_min=[1.29, 1.30, 1.14, 1.29, 1.13, 1.24, 1.26, 1.20]
step 00600/01071 (56.02%) | loss: 3.831264 | lrm: 0.69 | lr(adamw:2.821e-01, muon:1.307e-02) | dt: 259.86ms | tok/sec: 1,008,801 | bf16_mfu: 17.86 | epoch: 1 pq: 3 rg: 44 | total time: 2.26m | eta: 1.8m
2026-09-01 23:33:35,490 - nanochat.checkpoint_manager - INFO - Saved model parameters to: /__modal/volumes/vo-ZMP2IPHkorwhjItlHkd9SH/out/p10_isotoken/d8/ISO_mst_ve_gattn_s1_s1/depth_8/ckpt_base/base/model_000800.pt
2026-09-01 23:33:35,493 - nanochat.checkpoint_manager - INFO - Saved metadata to: /__modal/volumes/vo-ZMP2IPHkorwhjItlHkd9SH/out/p10_isotoken/d8/ISO_mst_ve_gattn_s1_s1/depth_8/ckpt_base/base/meta_000800.json
2026-09-01 23:33:36,719 - nanochat.checkpoint_manager - INFO - Saved optimizer state to: /__modal/volumes/vo-ZMP2IPHkorwhjItlHkd9SH/out/p10_isotoken/d8/ISO_mst_ve_gattn_s1_s1/depth_8/ckpt_base/base/optim_000800_rank0.pt
Removed previous periodic checkpoint at step 000600
  [MST diag] sub_sim=[-0.073, -0.056, -0.079, -0.087, -0.085, -0.073, -0.045, -0.033] | route_ent=[1.250, 1.023, 1.336, 1.219, 1.320, 1.320, 1.289, 1.305] | grad_norm=[0.030, 0.015, 0.016, 0.022] | stream_load_min=[1.31, 1.30, 1.16, 1.22, 1.08, 1.27, 1.20, 1.26]
step 00800/01071 (74.70%) | loss: 3.708607 | lrm: 0.42 | lr(adamw:1.709e-01, muon:7.918e-03) | dt: 249.28ms | tok/sec: 1,051,590 | bf16_mfu: 18.62 | epoch: 1 pq: 4 rg: 58 | total time: 3.02m | eta: 1.0m
2026-09-01 23:34:23,113 - nanochat.checkpoint_manager - INFO - Saved model parameters to: /__modal/volumes/vo-ZMP2IPHkorwhjItlHkd9SH/out/p10_isotoken/d8/ISO_mst_ve_gattn_s1_s1/depth_8/ckpt_base/base/model_001000.pt
2026-09-01 23:34:23,117 - nanochat.checkpoint_manager - INFO - Saved metadata to: /__modal/volumes/vo-ZMP2IPHkorwhjItlHkd9SH/out/p10_isotoken/d8/ISO_mst_ve_gattn_s1_s1/depth_8/ckpt_base/base/meta_001000.json
2026-09-01 23:34:24,285 - nanochat.checkpoint_manager - INFO - Saved optimizer state to: /__modal/volumes/vo-ZMP2IPHkorwhjItlHkd9SH/out/p10_isotoken/d8/ISO_mst_ve_gattn_s1_s1/depth_8/ckpt_base/base/optim_001000_rank0.pt
Removed previous periodic checkpoint at step 000800
  [MST diag] sub_sim=[-0.066, -0.046, -0.072, -0.083, -0.083, -0.076, -0.048, -0.036] | route_ent=[1.242, 1.023, 1.336, 1.219, 1.328, 1.320, 1.297, 1.305] | grad_norm=[0.021, 0.011, 0.011, 0.015] | stream_load_min=[1.31, 1.32, 1.20, 1.27, 1.23, 1.30, 1.23, 1.24]
step 01000/01071 (93.37%) | loss: 3.619941 | lrm: 0.15 | lr(adamw:5.980e-02, muon:2.770e-03) | dt: 250.66ms | tok/sec: 1,045,835 | bf16_mfu: 18.52 | epoch: 1 pq: 5 rg: 73 | total time: 3.78m | eta: 0.3m
  [MST diag] sub_sim=[-0.065, -0.042, -0.069, -0.081, -0.082, -0.076, -0.049, -0.038] | route_ent=[1.242, 1.023, 1.344, 1.219, 1.328, 1.320, 1.297, 1.305] | grad_norm=[0.020, 0.011, 0.010, 0.013] | stream_load_min=[1.32, 1.29, 1.19, 1.27, 1.22, 1.31, 1.23, 1.23]
step 01070/01071 (99.91%) | loss: 3.589920 | lrm: 0.05 | lr(adamw:2.091e-02, muon:9.685e-04) | dt: 247.36ms | tok/sec: 1,059,785 | bf16_mfu: 18.76 | epoch: 1 pq: 6 rg: 24 | total time: 4.04m | eta: 0.0m
/usr/local/lib/python3.12/site-packages/torch/_dynamo/variables/functions.py:1598: UserWarning: Dynamo does not know how to trace the builtin `torch._C._distributed_c10d.pybind11_detail_function_record_v1_system_libstdcpp_gxx_abi_1xxx_use_cxx11_abi_1._broadcast_coalesced.` This function is either a Python builtin (e.g. _warnings.warn) or a third-party C/C++ Python extension (perhaps created with pybind).
If it is a Python builtin, please file an issue on GitHub so the PyTorch team can add support for it and see the next case for a workaround.
If it is a third-party C/C++ Python extension, please either wrap it into a PyTorch-understood custom operator (see https://pytorch.org/tutorials/advanced/custom_ops_landing_page.html for more details) or, if it is traceable, use `torch.compiler.allow_in_graph`.
  torch._dynamo.utils.warn_once(explanation + "\n" + "\n".join(hints))
/usr/local/lib/python3.12/site-packages/torch/_inductor/lowering.py:7242: UserWarning: 
Online softmax is disabled on the fly since Inductor decides to
split the reduction. Cut an issue to PyTorch if this is an
important use case and you want to speed it up with online
softmax.

  warnings.warn(
Step 01071 | Validation bpb: 1.035898 | val_loss: 3.397932
<|bos|>The capital of France is the capital of the United States. The capital of the United States is the capital
<|bos|>The chemical symbol of gold is the symbol of the gold symbol of the gold symbol of the gold symbol of the
<|bos|>If yesterday was Friday, then tomorrow will be Friday, then tomorrow will be Friday, then tomorrow will be Friday, then tomorrow
<|bos|>The opposite of hot is the hot. The hot is the hot. The hot is the hot. The
<|bos|>The planets of the solar system are: 1. The solar system is a system of planets that is made up of
<|bos|>My favorite color is the red, blue, and green. I have a lot of red, blue
<|bos|>If 5*x + 3 = 13, then x is the number of times the number of times the number of times the number of times
2026-09-01 23:36:03,068 - nanochat.checkpoint_manager - INFO - Saved model parameters to: /__modal/volumes/vo-ZMP2IPHkorwhjItlHkd9SH/out/p10_isotoken/d8/ISO_mst_ve_gattn_s1_s1/depth_8/ckpt_base/base/model_001071.pt
2026-09-01 23:36:03,071 - nanochat.checkpoint_manager - INFO - Saved metadata to: /__modal/volumes/vo-ZMP2IPHkorwhjItlHkd9SH/out/p10_isotoken/d8/ISO_mst_ve_gattn_s1_s1/depth_8/ckpt_base/base/meta_001071.json
2026-09-01 23:36:04,187 - nanochat.checkpoint_manager - INFO - Saved optimizer state to: /__modal/volumes/vo-ZMP2IPHkorwhjItlHkd9SH/out/p10_isotoken/d8/ISO_mst_ve_gattn_s1_s1/depth_8/ckpt_base/base/optim_001071_rank0.pt
step 01071/01071 (final) | loss: 3.589920 | early_stop: 0
Peak memory usage: 72721.15MiB
Total training time: 4.04m
Minimum validation bpb: 1.035898
Minimum validation loss (nats/byte): 3.397932
[MST] Results appended → /__modal/volumes/vo-ZMP2IPHkorwhjItlHkd9SH/out/p10_isotoken/d8/ISO_mst_ve_gattn_s1_s1/depth_8/ckpt_base/mst_results.csv
[MST] mst_results.csv has an older column set; writing to mst_results_v2.csv instead
[MST] Results appended → /__modal/volumes/vo-ZMP2IPHkorwhjItlHkd9SH/mst_results_v2.csv
[SCH] no tokenizer/freq_table.pt: skipping frequency deciles. Build it with `python -m scripts.code_assign --build-freq-table`.
[SCH] run_tag=base  rank_ceiling=513  val_bpb=1.0359
Final Validation BPB for base: 1.0359

--- Generating Report ---
Saved plot to out/p10_isotoken/d8/ISO_mst_ve_gattn_s1_s1/depth_8/comparison_depth_8.png
Saved TSV data to out/p10_isotoken/d8/ISO_mst_ve_gattn_s1_s1/depth_8/results_depth_8.tsv
Generating report to out/report/report.md
Copying report.md to current directory for convenience
================================================================
Sweep Complete! Results saved to out/p10_isotoken/d8/ISO_mst_ve_gattn_s1_s1
================================================================
OK ISO_mst_ve_gattn_s1_s1

=== ISO_mst_ve_s1_s1 (depth 8, 600000000 tokens) ===
Requested NPROC_PER_NODE=8, but only 1 GPU(s) visible. Capping.
Using NPROC_PER_NODE=1
NANOCHAT_SKIP_ENV_SETUP=0
===== GPU Info =====
Tue Sep  1 23:36:11 2026       
+-----------------------------------------------------------------------------------------+
| NVIDIA-SMI 580.95.05              Driver Version: 580.95.05      CUDA Version: 13.0     |
+-----------------------------------------+------------------------+----------------------+
| GPU  Name                 Persistence-M | Bus-Id          Disp.A | Volatile Uncorr. ECC |
| Fan  Temp   Perf          Pwr:Usage/Cap |           Memory-Usage | GPU-Util  Compute M. |
|                                         |                        |               MIG M. |
|=========================================+========================+======================|
|   0  NVIDIA H200                    On  |   00000000:87:00.0 Off |                    0 |
| N/A   57C    P0             85W /  700W |       4MiB / 143771MiB |      0%      Default |
|                                         |                        |             Disabled |
+-----------------------------------------+------------------------+----------------------+

+-----------------------------------------------------------------------------------------+
| Processes:                                                                              |
|  GPU   GI   CI              PID   Type   Process name                        GPU Memory |
|        ID   ID                                                               Usage      |
|=========================================================================================|
|  No running processes found                                                             |
+-----------------------------------------------------------------------------------------+
Starting Research Sweep. Output directory: out/p10_isotoken/d8/ISO_mst_ve_s1_s1
UV_SYSTEM_PYTHON=1: using system Python, skipping venv creation.
Validating system environment dependencies via uv...
Using Python 3.12.10 environment at: /usr/local
Resolved 158 packages in 196ms
   Building nanochat @ file:///__modal/volumes/vo-ZMP2IPHkorwhjItlHkd9SH
      Built nanochat @ file:///__modal/volumes/vo-ZMP2IPHkorwhjItlHkd9SH
Prepared 1 package in 1.05s
Uninstalled 1 package in 0.82ms
Installed 1 package in 1ms
 ~ nanochat==0.1.0 (from file:///__modal/volumes/vo-ZMP2IPHkorwhjItlHkd9SH)
Reset report and wrote header to out/report/header.md
Dataset (up to 300 shards) already exists in data, skipping download.
Tokenizer already exists in tokenizer, skipping training.
================================================================
Processing Depth: 8
================================================================
2026-09-01 23:36:22,103 - httpx - INFO - HTTP Request: HEAD https://huggingface.co/varunneal/flash-attention-3/resolve/main/kernel-status.toml "HTTP/1.1 404 Not Found"
2026-09-01 23:36:22,224 - httpx - INFO - HTTP Request: GET https://huggingface.co/api/models/varunneal/flash-attention-3/tree/main/build?recursive=false&expand=false "HTTP/1.1 200 OK"
2026-09-01 23:36:22,362 - httpx - INFO - HTTP Request: GET https://huggingface.co/api/models/varunneal/flash-attention-3/revision/main "HTTP/1.1 200 OK"
[sweep] Requested 8 DDP workers but only 1 GPU(s) available — using 1.
================================================================
Starting Sweep for Depth 8
Target Tokens: Auto (per-model param count)
================================================================
  Overriding default target_dim (128) with full model_dim 512

--- Training base ---

  ┌─────────────────────────────────────────────────────┐
  │  🆕  STARTING FRESH: [base]
  │     No checkpoints found — training from scratch.
  └─────────────────────────────────────────────────────┘

Running: /usr/local/bin/torchrun --standalone --nproc_per_node=1 -m scripts.base_train --depth 8 --aspect-ratio 64 --head-dim 128 --model-dim 512 --max-seq-len 2048 --device-batch-size 128 --total-batch-size 262144 --target-tokens -1 --target-param-data-ratio 10.5 --eval-every -1 --log-every 200 --core-metric-every 0 --save-every 200 --warmup-ratio 0.005 --warmdown-ratio 0.65 --final-lr-frac 0.05 --adam-beta2 0.99 --research-warmup-ratio 0.05 --use-onecycle 0 --router-context-window -1 --remix-use-basis-gate 1 --remix-use-output-gate 1 --remix-use-context 1 --remix-basis-gate-mode mlp --remix-gate-lr-scale 0.3 --p22-n-templates 1 --p22-template-routing-learned 0 --p22-template-topk 0 --p22-attn-moe-route none --p26-output-gated-linear 0 --p28-shared-basis 0 --p28-chunk-routing-size 0 --p28-global-template-bank none --p28-attn-proj-templates 0 --p28-attn-qk-templates 0 --p31-chunk-route-impl compose --p31-top1-gate ones --p31-template-delta-rank 0 --p31-route-side output --p31-drop-basis-proj 0 --p31-basis-side-templates 0 --remix-template-block-diag 0 --remix-template-lr-scale 1.0 --p29-grad-equalize 0 --target-active-params 0 --remix-basis-gate-rank 8 --cclblock-modulation weight --cclblock-orth-lambda 0.0 --p35-template-diversity-lambda 0.0 --cclblock-context-stream local --cclblock-ema-factor 0.99 --cclblock-stale-ctx-lag 0 --cclblock-sparse-gate-k 0 --cclblock-gate-temperature 1.0 --cclblock-context-bank-size 0 --cclblock-per-head-ctx 0 --cclblock-context-source norm_x --cclblock-chunk-size 0 --cclblock-aux-objective none --cclblock-aux-lambda 0.1 --cclblock-boundary-token-id 198 --use-ral 0 --ral-rank 32 --p34-ffn-schedule  --p34-ffn-no-ffn-replacement none --p34-ffn-last-depth 1 --p36-swiglu-ffn 0 --p36-swiglu-mult 2.6666666666666665 --cond-sites both --p22-route-affine 0 --cond-rank 256 --cond-mult-steps 0 --cond-gate-source router --cond-coeff-act centered --cond-router-rank 0 --cond-router-act none --cond-live-init 0.0 --cond-chunk-size 0 --cond-mult-scale -1.0 --cond-mult-impl wy --cond-attn-projs qkvo --cond-layer-frac 1.0 --cclblock-film-gate 0 --cclblock-attn-shadow-dim 0 --cclblock-dynamic-ratio 0.25 --cclblock-gate-rank 8 --cclblock-num-regimes 8 --cclblock-regime-temperature 1.0 --cclblock-poly-order 2 --cclblock-lie-generators 4 --cclblock-grassmann-bank-size 4 --cclblock-tucker-rank 32 --cclblock-tucker-modes 8 --cclblock-svs-rank 64 --cclblock-svs-eps 0.1 --cclblock-vq-codes 8 --cclblock-vq-temperature 1.0 --cclblock-dcu-warmup-steps 0 --cclblock-fsi-rotations 8 --cclblock-fsi-selector-dim 64 --cclblock-aesp-strata 4 --cclblock-aesp-delta-rank 4 --cclblock-ckr-branches 4 --cclblock-ckr-kernel-size 64 --cclblock-ckr-pos-channels 1 --cclblock-ckr-dual-optim 0 --cclblock-ckr-content-bias 0.0 --cclblock-giad-rank 32 --cclblock-psg-kernel-size 64 --cclblock-ss-dynamic-ratio 0.25 --cclblock-ss-branches 2 --cclblock-ss-kernel-size 64 --cclblock-lokr-branches 8 --cclblock-lokr-rank 16 --cclblock-ckr-temp-start 2.0 --cclblock-ckr-temp-end 0.3 --cclblock-com-kernel-size 32 --cclblock-ckr-ortho-init 0 --cclblock-ckr-branch-dropout 0.0 --cclblock-ckr-diversity-lambda 0.0 --cclblock-pgr-kernel-size 64 --cclblock-cil-kernel-size 64 --cclblock-prb-kernel-size 64 --p18-layer-drop 0.0 --p18-dynamic-activation 0 --p18-mixture-norm 0 --p18-aux-sim-lambda 0.0 --p18-gradient-penalty 0.0 --p18-per-channel-scale 0 --p19-residual-gate 0 --p19-head-importance 0 --p19-residual-mix-groups 0 --p19-attn-logit-bias 0 --p19-residual-decay 0 --p19-grad-equilibrium 0.0 --p19-spectral-reparam 0 --p19-weight-anticollapse 0.0 --p19-ve-bias 0 --p19-weight-noise 0.0 --p20-hrcs-scale 0 --p20-lswr-scale 0 --p20-lswr-planes 8 --p20-lrcfb-branches 0 --p20-lrcfb-narrow 0 --p20-lrcfb-learned 0 --p20-lrcfb-topk 0 --p20-dgcr-branches 0 --p20-dgcr-aux-weight 0.01 --p20-mone-experts 0 --p20-mone-topk 0 --p20-mone-narrow 1 --p20-mone-frozen 0 --p20-ncea-branches 0 --p20-ncea-eps 0.1 --p20-adwi 0 --p20-pwu-branches 0 --p20-pwu-phase 1 --p20-fsvd-gate 0 --p20-wbfc-clusters 0 --p20-wbfc-active 0 --p21-per-experts 0 --p21-per-topk 0 --p21-per-learned 0 --p21-per-attn 0 --p23-tiny-expert 0 --p23-n-experts 64 --p23-topk 16 --p23-learned-route 0 --p23-std-moe-experts 0 --p23-std-moe-topk -1 --p23-std-moe-aux-weight 0.01 --p23-lokr 0 --p23-lokr-rank 4 --p23-use-shared-block-router 0 --p23-linear-moe-experts 0 --p23-linear-moe-topk 0 --p23-quantile-route 0 --seed 1 --p34-ffn-mult 4.0 --p34-ffn-single 0 --p34-dense-attn 0 --p24-use-sliced-weight 0 --p24-sliced-weight-reduction-scale 8 --p24-sliced-weight-min-select 128 --p24-sliced-weight-scope per_token --p24-sliced-weight-balance-coeff 0.01 --p24-quantile-route 0 --p24-use-folded-mod 0 --p24-folded-mod-reduction-scale 8 --p24-folded-mod-scope per_layer --p24-folded-mod-gate-act tanh_centered --p24-use-sequence-gated-linear 0 --p24-sequence-gated-scope per_layer --p24-sequence-gated-act tanh_centered --p24-folded-mod-min-dim 128 --remix-shared-context-gates 0 --remix-use-dual-gate 0 --remix-basis-scale-factor 4 --remix-output-gate-rank 16 --p24-use-sliced-weight 0 --p24-sliced-weight-reduction-scale 8 --p24-sliced-weight-min-select 128 --p24-sliced-weight-scope per_token --p24-sliced-weight-balance-coeff 0.01 --p24-quantile-route 0 --p24-use-folded-mod 0 --p24-folded-mod-reduction-scale 8 --p24-folded-mod-scope per_layer --p24-folded-mod-gate-act tanh_centered --p24-use-sequence-gated-linear 0 --p24-sequence-gated-scope per_layer --p24-sequence-gated-act tanh_centered --remix-disable-ln-basis 0 --dense-intermediate-ln 0 --use-mol 0 --mol-n-blocks 5 --mol-n-shared 1 --mol-topk 3 --mol-thin-dim 256 --mol-head-dim 64 --mol-ffn-mult 4.0 --mol-router-aux 0.05 --mol-routed-attn softmax --mol-dispatch 1 --mol-capacity-factor 1.0 --mol-block-lr-scale 1.0 --mol-per-block-ve 0 --use-mst 1 --mst-n-subs 4 --mst-sub-dim 128 --mst-head-dim 0 --mst-input-mode learned_proj --mst-rotated-slice-learned 0 --mst-routing-mode soft_weighted --mst-routing-topk 0 --mst-routing-aux-weight 0.01 --mst-diversity-weight 0.0 --mst-ffn-mode standard --mst-transition-mode aggregate_distribute --mst-final-mode concat_proj --mst-final-topk 0 --mst-ffn-shared-up 0 --mst-ffn-inner-dim 0 --mst-sub-dropout 0.0 --mst-transition-every 1 --mst-ffa-temperature 1.0 --mst-global-residual 0 --mst-hybrid-dense 0 --mst-cross-sub-kv 0 --mst-sub-aux-weight 0.0 --mst-progressive-merge 0 --mst-multi-scale-windows 1 --mst-delta-residual 0 --mst-sub-layers 1 --mst-grad-equalize 1 --mst-block-diagonal-muon 1 --mst-transition-width-mult 4.0 --mst-sub-lr-scale 2.0 --mst-shared-expert 0 --mst-router-entropy-weight 0.0 --mst-shared-kv-attn 0 --mst-contrastive-diversity-weight 0.0 --mst-transition-nonlinear 0 --mst-transition-gated 0 --mst-transition-mlp 0 --mst-cross-sub-gate 0 --mst-hyper-connect 0 --mst-cross-kv-inject 0 --mst-slice-transition 0 --mst-lookback-layers 0 --mst-bilinear-transition 0 --mst-cross-sub-qmod 0 --mst-feature-cycle 0 --mst-mean-transition 0 --mst-sub-head-dim 64 --mst-final-norm 0 --mst-per-stream-ve 1 --mst-ve-map 0 --mst-ve-map-rank 0 --mst-lm-head-dim 0 --mst-compose-windows 1 --mst-channel-mix none --mst-channel-mix-site layer --mst-distribute-block-muon 0 --mst-trans-spectral-lr 0 --mst-talking-heads 0 --mst-wo-mode dense --mst-stream-topk 1 --mst-stream-shared 1 --mst-stream-router-aux 0.01 --mst-stream-router-noise 1.0 --mst-stream-dispatch 0 --mst-stream-capacity-factor 1.0 --mst-stream-gate-attn 0 --mst-ffn-monarch none --mst-shampoo 0 --mst-precond-every 10 --mst-shampoo-beta 0.95 --use-eet 0 --eet-frozen-kv 1 --eet-reenter-final 0 --eet-compute-skip 0 --eet-target-active-frac 0.125 --eet-capacity-schedule bell --eet-exit-fracs  --eet-router-type mlp2 --eet-router-hidden 0 --eet-freq-prior-alpha 0.0 --eet-pos-prior-beta 0.0 --eet-domain-prior 0 --eet-warmup-frac 0.02 --eet-explore-frac 0.15 --eet-reconstruct-lambda 1.0 --eet-efficiency-lambda-start 0.01 --eet-efficiency-lambda-end 0.1 --eet-translator-rank 0 --eet-max-frozen-kv-frac 0.75 --eet-exit-threshold 0.5 --eet-min-exit-layer 1 --eet-loss-variant reconstruct --eet-topk-vocab 512 --eet-entropy-lambda 0.3 --eet-surprise-lambda 0.1 --eet-adv-lambda 1.0 --eet-adv-entropy-lambda 0.2 --eet-quality-lambda 1.0 --eet-quality-entropy-bonus 0.1 --eet-gumbel-temp-start 0.0 --eet-gumbel-temp-end 0.1 --eet-gumbel-hard 1 --eet-commitment-beta 0.1 --eet-global-router 0 --eet-freq-efficiency-alpha 0.0 --eet-diversity-lambda 0.0 --eet-ce-guided-lambda 1.0 --eet-router-lr-mult 5.0 --eet-model-lr-mult 1.0 --eet-depth-weight-type none --eet-depth-weight-max 2.5 --eet-use-override 0 --eet-override-prob-start 0.5 --eet-override-prob-end 0.1 --eet-capacity-alignment-lambda 0.0 --eet-router-task-grad 1 --eet-reinforce-interval 0 --eet-reinforce-lambda 0.1 --eet-exit-adapter-rank 0 --eet-router-after-block 0 --eet-ffn-skip 0 --eet-ffn-target-frac 0.5 --eet-ffn-full-attn 1 --eet-depth-affine 0 --eet-capacity-anneal-frac 0.0 --eet-learned-schedule 0 --eet-departure-summary 0 --eet-route-consistency-lambda 0.0 --eet-dense-distill-interval 0 --eet-dense-distill-lambda 0.5 --eet-depth-lr-scale 0 --eet-depth-grad-scale 0 --eet-detach-aux-from-backbone 0 --eet-detach-exit-from-backbone 0 --use-code-head 0 --sch-head-type code --sch-bits 0 --sch-order 2 --sch-max-m 0 --sch-phi-mode monomial --sch-code-mode binary --sch-code-path  --sch-code-ecc-bits 0 --sch-code-seed 1234 --sch-phi-density 0.0 --sch-phi-dtype bf16 --sch-phi-normalize 1 --sch-phi-center 0 --sch-g-type linear --sch-g-hidden 0 --sch-g-layers 2 --sch-g-out-std 0.001 --sch-mixture 1 --sch-residual-rank 0 --sch-logit-act none --sch-bias 0 --sch-input-mode table --sch-input-hidden 0 --sch-holdout-tokens 0 --sch-holdout-seed 7 --sch-holdout-min-id 256 --sch-holdout-mode target --sch-decile-metrics 1 --sch-rank-probe 0 --sch-eval-steps 100 --compile --tokenizer-dir tokenizer --data-dir data --max-shards 300 --checkpoints-dir /__modal/volumes/vo-ZMP2IPHkorwhjItlHkd9SH/out/p10_isotoken/d8/ISO_mst_ve_s1_s1/depth_8/ckpt_base --model-tag base
2026-09-01 23:36:29,554 - httpx - INFO - HTTP Request: HEAD https://huggingface.co/varunneal/flash-attention-3/resolve/main/kernel-status.toml "HTTP/1.1 404 Not Found"
2026-09-01 23:36:29,669 - httpx - INFO - HTTP Request: GET https://huggingface.co/api/models/varunneal/flash-attention-3/tree/main/build?recursive=false&expand=false "HTTP/1.1 200 OK"
2026-09-01 23:36:29,788 - httpx - INFO - HTTP Request: GET https://huggingface.co/api/models/varunneal/flash-attention-3/revision/main "HTTP/1.1 200 OK"

                                                       █████                █████
                                                      ░░███                ░░███
     ████████    ██████   ████████    ██████   ██████  ░███████    ██████  ███████
    ░░███░░███  ░░░░░███ ░░███░░███  ███░░███ ███░░███ ░███░░███  ░░░░░███░░░███░
     ░███ ░███   ███████  ░███ ░███ ░███ ░███░███ ░░░  ░███ ░███   ███████  ░███
     ░███ ░███  ███░░███  ░███ ░███ ░███ ░███░███  ███ ░███ ░███  ███░░███  ░███ ███
     ████ █████░░████████ ████ █████░░██████ ░░██████  ████ █████░░███████  ░░█████
    ░░░░ ░░░░░  ░░░░░░░░ ░░░░ ░░░░░  ░░░░░░   ░░░░░░  ░░░░ ░░░░░  ░░░░░░░░   ░░░░░
    
Autodetected device type: cuda
2026-09-01 23:36:31,006 - nanochat.common - INFO - Distributed world size: 1
GPU: NVIDIA H200 | Peak FLOPS (BF16): 9.89e+14
COMPUTE_DTYPE: torch.bfloat16 (auto-detected: CUDA SM 90 (bf16 supported))
✓ Using Flash Attention 3 (Hopper GPU detected) — efficient and fast.
Vocab size: 32,768
[MST] Multi-scale sub windows: [(32, 0), (127, 0), (511, 0), (-1, 0)]
[MST] Using compile-optimized BatchedMSTLayer (N=4, d=128)
[MST] 1A: Per-sub gradient equalization hooks registered
Model config:
{
  "sequence_len": 2048,
  "vocab_size": 32768,
  "n_layer": 8,
  "n_head": 4,
  "n_kv_head": 4,
  "n_embd": 512,
  "use_moe": false,
  "use_perm": false,
  "moe_num_experts": 8,
  "moe_router_dim": 64,
  "moe_embed_dim": 64,
  "dropout": 0.0,
  "use_remix_linear": false,
  "remix_context_dim": 64,
  "remix_context_dim_ratio": 6,
  "remix_basis_size": 64,
  "remix_output_gate_rank": 16,
  "remixed_linear_kwargs": {
    "use_basis_gate": true,
    "use_output_gate": true,
    "use_context": true,
    "basis_gate_mode": "mlp",
    "sparse_gate_k": 0,
    "gate_temperature": 1.0,
    "basis_scale_factor": 4,
    "n_templates": 1,
    "template_routing_learned": false,
    "template_topk": 0,
    "tiny_expert": false,
    "tiny_expert_topk": 16,
    "lokr_expert": false,
    "lokr_n_experts": 64,
    "lokr_topk": 16,
    "lokr_rank": 4,
    "lokr_learned": false,
    "basis_gate_rank": 8,
    "disable_ln_basis": false,
    "chunk_route_impl": "compose",
    "top1_gate": "ones",
    "template_delta_rank": 0,
    "route_side": "output",
    "drop_basis_proj": false,
    "basis_side_templates": 0,
    "grad_equalize": false
  },
  "use_pos_embed": false,
  "moe_use_abs_pos_embed": false,
  "use_layer_context": true,
  "scale_basis_size": true,
  "remix_use_dual_gate": false,
  "remix_use_fused": false,
  "p26_output_gated_linear": 0,
  "p28_shared_basis": 0,
  "p28_chunk_routing_size": 0,
  "p28_global_template_bank": "none",
  "p28_attn_proj_templates": 0,
  "p28_attn_qk_templates": 0,
  "p29_template_block_diag": 0,
  "p29_template_lr_scale": 1.0,
  "p29_grad_equalize": 0,
  "p34_ffn_mult": 4.0,
  "p34_ffn_single": 0,
  "p34_dense_attn": 0,
  "legacy_init_fallback": 0,
  "p35_template_diversity_lambda": 0.0,
  "p22_route_affine": 0,
  "p34_ffn_schedule": "",
  "p34_ffn_no_ffn_replacement": "none",
  "p34_ffn_last_depth": 1,
  "p36_swiglu_ffn": 0,
  "p36_swiglu_mult": 2.6666666666666665,
  "cond_sites": "both",
  "cond_rank": 256,
  "cond_mult_steps": 0,
  "cond_gate_source": "router",
  "cond_coeff_act": "centered",
  "cond_router_rank": 0,
  "cond_live_init": 0.0,
  "cond_router_act": "none",
  "cond_chunk_size": 0,
  "cond_mult_scale": -1.0,
  "cond_mult_impl": "wy",
  "cond_attn_projs": "qkvo",
  "cond_layer_frac": 1.0,
  "perm_expert_mode": "low_rank",
  "perm_rank": 16,
  "router_context_window": -1,
  "router_causal": true,
  "router_num_heads": 4,
  "router_num_queries": 16,
  "router_n_layers": 2,
  "router_use_vocab_prior": false,
  "window_pattern": "SSSL",
  "cclblock_modulation": "weight",
  "cclblock_orth_lambda": 0.0,
  "cclblock_context_stream": "local",
  "cclblock_ema_factor": 0.99,
  "cclblock_stale_ctx_lag": 0,
  "cclblock_sparse_gate_k": 0,
  "cclblock_gate_temperature": 1.0,
  "cclblock_context_bank_size": 0,
  "cclblock_per_head_ctx": false,
  "cclblock_context_source": "norm_x",
  "cclblock_chunk_size": 0,
  "cclblock_aux_objective": "none",
  "cclblock_aux_lambda": 0.1,
  "cclblock_boundary_token_id": 198,
  "use_ral": false,
  "ral_rank": 32,
  "cclblock_film_gate": false,
  "cclblock_attn_shadow_dim": 0,
  "cclblock_dynamic_ratio": 0.25,
  "cclblock_gate_rank": 8,
  "cclblock_num_regimes": 8,
  "cclblock_regime_temperature": 1.0,
  "cclblock_poly_order": 2,
  "cclblock_lie_generators": 4,
  "cclblock_grassmann_bank_size": 4,
  "cclblock_tucker_rank": 32,
  "cclblock_tucker_modes": 8,
  "cclblock_svs_rank": 64,
  "cclblock_svs_eps": 0.1,
  "cclblock_vq_codes": 8,
  "cclblock_vq_temperature": 1.0,
  "cclblock_dcu_warmup_steps": 0,
  "cclblock_fsi_rotations": 8,
  "cclblock_fsi_selector_dim": 64,
  "cclblock_aesp_strata": 4,
  "cclblock_aesp_delta_rank": 4,
  "cclblock_ckr_branches": 4,
  "cclblock_ckr_kernel_size": 64,
  "cclblock_ckr_pos_channels": 1,
  "cclblock_ckr_dual_optim": 0,
  "cclblock_ckr_content_bias": 0.0,
  "cclblock_giad_rank": 32,
  "cclblock_psg_kernel_size": 64,
  "cclblock_ss_dynamic_ratio": 0.25,
  "cclblock_ss_branches": 2,
  "cclblock_ss_kernel_size": 64,
  "cclblock_lokr_branches": 8,
  "cclblock_lokr_rank": 16,
  "cclblock_ckr_temp_start": 2.0,
  "cclblock_ckr_temp_end": 0.3,
  "cclblock_com_kernel_size": 32,
  "cclblock_ckr_ortho_init": 0,
  "cclblock_ckr_branch_dropout": 0.0,
  "cclblock_ckr_diversity_lambda": 0.0,
  "cclblock_ckr_layer_selective": 0,
  "cclblock_pgr_kernel_size": 64,
  "cclblock_cil_kernel_size": 64,
  "cclblock_prb_kernel_size": 64,
  "p18_layer_drop": 0.0,
  "p18_dynamic_activation": 0,
  "p18_mixture_norm": 0,
  "p18_causal_attn_bias": 0,
  "p18_aux_sim_lambda": 0.0,
  "p18_gradient_penalty": 0.0,
  "p18_per_channel_scale": 0,
  "p19_residual_gate": 0,
  "p19_head_importance": 0,
  "p19_residual_mix_groups": 0,
  "p19_attn_logit_bias": 0,
  "p19_residual_decay": 0,
  "p19_grad_equilibrium": 0.0,
  "p19_spectral_reparam": 0,
  "p19_weight_anticollapse": 0.0,
  "p19_ve_bias": 0,
  "p19_weight_noise": 0.0,
  "p20_hrcs_scale": 0,
  "p20_lswr_scale": 0,
  "p20_lswr_planes": 8,
  "p20_lrcfb_branches": 0,
  "p20_lrcfb_narrow": 0,
  "p20_lrcfb_learned": 0,
  "p20_lrcfb_topk": 0,
  "p20_dgcr_branches": 0,
  "p20_dgcr_aux_weight": 0.01,
  "p20_mone_experts": 0,
  "p20_mone_topk": 0,
  "p20_mone_narrow": 1,
  "p20_mone_frozen": 0,
  "p20_ncea_branches": 0,
  "p20_ncea_eps": 0.1,
  "p20_adwi": 0,
  "p20_pwu_branches": 0,
  "p20_pwu_phase": 1,
  "p20_fsvd_gate": 0,
  "p20_wbfc_clusters": 0,
  "p20_wbfc_active": 0,
  "p21_per_experts": 0,
  "p21_per_topk": 0,
  "p21_per_learned": 0,
  "p21_per_attn": 0,
  "p22_attn_moe_route": "none",
  "p23_tiny_expert": 0,
  "p23_n_experts": 64,
  "p23_topk": 16,
  "p23_learned_route": 0,
  "p23_std_moe_experts": 0,
  "p23_std_moe_topk": -1,
  "p23_std_moe_aux_weight": 0.01,
  "p23_lokr": 0,
  "p23_lokr_rank": 4,
  "p23_use_shared_block_router": 0,
  "p23_linear_moe_experts": 0,
  "p23_linear_moe_topk": 0,
  "p23_quantile_route": 0,
  "remix_shared_context_gates": 0,
  "p24_use_sliced_weight": 0,
  "p24_sliced_weight_reduction_scale": 8,
  "p24_sliced_weight_min_select": 128,
  "p24_sliced_weight_scope": "per_token",
  "p24_sliced_weight_balance_coeff": 0.01,
  "p24_quantile_route": 0,
  "p24_use_folded_mod": 0,
  "p24_folded_mod_reduction_scale": 8,
  "p24_folded_mod_min_dim": 128,
  "p24_folded_mod_scope": "per_layer",
  "p24_folded_mod_gate_act": "tanh_centered",
  "p24_use_sequence_gated_linear": 0,
  "p24_sequence_gated_scope": "per_layer",
  "p24_sequence_gated_act": "tanh_centered",
  "remix_disable_ln_basis": 0,
  "dense_intermediate_ln": 0,
  "use_mol": false,
  "mol_n_blocks": 5,
  "mol_n_shared": 1,
  "mol_topk": 3,
  "mol_thin_dim": 256,
  "mol_head_dim": 64,
  "mol_ffn_mult": 4.0,
  "mol_router_aux": 0.05,
  "mol_routed_attn": "softmax",
  "mol_dispatch": 1,
  "mol_capacity_factor": 1.0,
  "mol_block_lr_scale": 1.0,
  "mol_per_block_ve": 0,
  "use_mst": true,
  "mst_n_subs": 4,
  "mst_sub_dim": 128,
  "mst_head_dim": 0,
  "mst_input_mode": "learned_proj",
  "mst_rotated_slice_learned": false,
  "mst_routing_mode": "soft_weighted",
  "mst_routing_topk": 0,
  "mst_routing_aux_weight": 0.01,
  "mst_diversity_weight": 0.0,
  "mst_ffn_mode": "standard",
  "mst_transition_mode": "aggregate_distribute",
  "mst_final_mode": "concat_proj",
  "mst_final_topk": 0,
  "mst_ffn_shared_up": 0,
  "mst_ffn_inner_dim": 0,
  "mst_sub_dropout": 0.0,
  "mst_transition_every": 1,
  "mst_ffa_temperature": 1.0,
  "mst_global_residual": 0,
  "mst_hybrid_dense": 0,
  "mst_cross_sub_kv": 0,
  "mst_sub_aux_weight": 0.0,
  "mst_progressive_merge": 0,
  "mst_multi_scale_windows": 1,
  "mst_delta_residual": 0,
  "mst_sub_layers": 1,
  "mst_grad_equalize": 1,
  "mst_block_diagonal_muon": 1,
  "mst_transition_width_mult": 4.0,
  "mst_sub_lr_scale": 2.0,
  "mst_shared_expert": 0,
  "mst_router_entropy_weight": 0.0,
  "mst_shared_kv_attn": 0,
  "mst_contrastive_diversity_weight": 0.0,
  "mst_transition_nonlinear": 0,
  "mst_transition_gated": 0,
  "mst_transition_mlp": 0,
  "mst_cross_sub_gate": 0,
  "mst_hyper_connect": 0,
  "mst_cross_kv_inject": 0,
  "mst_slice_transition": 0,
  "mst_lookback_layers": 0,
  "mst_bilinear_transition": 0,
  "mst_cross_sub_qmod": 0,
  "mst_feature_cycle": 0,
  "mst_mean_transition": 0,
  "mst_sub_head_dim": 64,
  "mst_final_norm": 0,
  "mst_per_stream_ve": 1,
  "mst_ve_map": 0,
  "mst_ve_map_rank": 0,
  "mst_lm_head_dim": 0,
  "mst_compose_windows": 1,
  "mst_channel_mix": "none",
  "mst_channel_mix_site": "layer",
  "mst_distribute_block_muon": 0,
  "mst_trans_spectral_lr": 0,
  "mst_talking_heads": 0,
  "mst_wo_mode": "dense",
  "mst_stream_topk": 1,
  "mst_stream_shared": 1,
  "mst_stream_router_aux": 0.01,
  "mst_stream_router_noise": 1.0,
  "mst_stream_dispatch": 0,
  "mst_stream_capacity_factor": 1.0,
  "mst_stream_gate_attn": 0,
  "mst_ffn_monarch": "none",
  "mst_shampoo": 0,
  "mst_precond_every": 10,
  "mst_shampoo_beta": 0.95,
  "use_eet": false,
  "eet_frozen_kv": true,
  "eet_reenter_final": false,
  "eet_router_type": "mlp2",
  "eet_router_hidden": 0,
  "eet_freq_prior_alpha": 0.0,
  "eet_pos_prior_beta": 0.0,
  "eet_domain_prior": false,
  "eet_warmup_frac": 0.02,
  "eet_explore_frac": 0.15,
  "eet_reconstruct_lambda": 1.0,
  "eet_efficiency_lambda_start": 0.01,
  "eet_efficiency_lambda_end": 0.1,
  "eet_translator_rank": 0,
  "eet_max_frozen_kv_frac": 0.75,
  "eet_exit_threshold": 0.5,
  "eet_min_exit_layer": 1,
  "eet_loss_variant": "reconstruct",
  "eet_topk_vocab": 512,
  "eet_entropy_lambda": 0.3,
  "eet_surprise_lambda": 0.1,
  "eet_adv_lambda": 1.0,
  "eet_adv_entropy_lambda": 0.2,
  "eet_quality_lambda": 1.0,
  "eet_quality_entropy_bonus": 0.1,
  "eet_gumbel_temp_start": 0.0,
  "eet_gumbel_temp_end": 0.1,
  "eet_gumbel_hard": true,
  "eet_commitment_beta": 0.1,
  "eet_global_router": false,
  "eet_freq_efficiency_alpha": 0.0,
  "eet_diversity_lambda": 0.0,
  "eet_ce_guided_lambda": 1.0,
  "eet_router_lr_mult": 5.0,
  "eet_model_lr_mult": 1.0,
  "eet_depth_weight_type": "none",
  "eet_depth_weight_max": 2.5,
  "eet_use_override": 0,
  "eet_override_prob_start": 0.5,
  "eet_override_prob_end": 0.1,
  "eet_compute_skip": false,
  "eet_target_active_frac": 0.125,
  "eet_capacity_schedule": "bell",
  "eet_exit_fracs": null,
  "eet_capacity_alignment_lambda": 0.0,
  "eet_router_task_grad": true,
  "eet_reinforce_interval": 0,
  "eet_reinforce_lambda": 0.1,
  "eet_exit_adapter_rank": 0,
  "eet_router_after_block": 0,
  "eet_ffn_skip": false,
  "eet_ffn_target_frac": 0.5,
  "eet_ffn_full_attn": true,
  "eet_depth_affine": false,
  "eet_capacity_anneal_frac": 0.0,
  "eet_learned_schedule": false,
  "eet_departure_summary": false,
  "eet_route_consistency_lambda": 0.0,
  "eet_dense_distill_interval": 0,
  "eet_dense_distill_lambda": 0.5,
  "eet_depth_lr_scale": false,
  "eet_depth_grad_scale": false,
  "eet_detach_aux_from_backbone": false,
  "eet_detach_exit_from_backbone": false,
  "use_code_head": false,
  "sch_head_type": "code",
  "sch_bits": 0,
  "sch_order": 2,
  "sch_max_m": 0,
  "sch_phi_mode": "monomial",
  "sch_code_mode": "binary",
  "sch_code_path": "",
  "sch_code_ecc_bits": 0,
  "sch_code_seed": 1234,
  "sch_phi_density": 0.0,
  "sch_phi_dtype": "bf16",
  "sch_phi_normalize": 1,
  "sch_phi_center": 0,
  "sch_g_type": "linear",
  "sch_g_hidden": 0,
  "sch_g_layers": 2,
  "sch_g_out_std": 0.001,
  "sch_mixture": 1,
  "sch_residual_rank": 0,
  "sch_logit_act": "none",
  "sch_bias": 0,
  "sch_input_mode": "table",
  "sch_input_hidden": 0
}
Seeded weight init with --seed 1
Checkpoints directory: /__modal/volumes/vo-ZMP2IPHkorwhjItlHkd9SH/out/p10_isotoken/d8/ISO_mst_ve_s1_s1/depth_8/ckpt_base/base
✓ Wrapping model with DistributedDataParallel (rank 0, find_unused_parameters=False, broadcast_buffers=True)
Parameter counts:
wte                     : 16,777,216
wpe                     : 0
value_embeds            : 67,108,864
lm_head                 : 16,777,216
transformer_matrices    : 9,982,976
research                : 0
scalars                 : 16
total                   : 110,646,288
Estimated FLOPs per token (total):  1.750948e+08
Estimated FLOPs per token (active): 1.625119e+08
Estimated active params:            108,549,136
[MST] Multi-scale sub windows: [(32, 0), (127, 0), (511, 0), (-1, 0)]
[MST] Using compile-optimized BatchedMSTLayer (N=4, d=128)
[MST] 1A: Per-sub gradient equalization hooks registered
Scaling LRs by 0.7071 for batch size 262,144 (reference: 524,288)
Scaling weight decay from 0.200000 to 0.166415 for depth 8
Scaling AdamW LRs ∝1/√(512/768) = 1.224745
[MST] Per-sub Muon LR scaled by 2.00× → 0.028284
[MST] 1B: Block-diagonal Muon enabled (N=4 blocks)
Calculated number of iterations from target data:param ratio: 1,071
Total number of training tokens: 280,756,224
Tokens : Scaling params ratio: 10.49
Total training FLOPs estimate: 4.915895e+16
Total active training FLOPs estimate: 4.562622e+16
Using base scheduler: linear warmup/flat/linear warmdown
[MST] Diagnostics will be logged to: /__modal/volumes/vo-ZMP2IPHkorwhjItlHkd9SH/out/p10_isotoken/d8/ISO_mst_ve_s1_s1/depth_8/ckpt_base/base/mst_diagnostics.jsonl
Tokens / micro-batch / rank: 128 x 2048 = 262,144
Tokens / micro-batch: 262,144
Total batch size 262,144 => gradient accumulation steps: 1
Running pre-compilation warmup (1 dummy forward+backward to init lazy allocations)...
[rank0]:W0901 23:36:31.570000 62144 site-packages/torch/_logging/_internal.py:1199] [0/0] Profiler function <class 'torch.autograd.profiler.record_function'> will be ignored
/usr/local/lib/python3.12/site-packages/torch/_inductor/lowering.py:7242: UserWarning: 
Online softmax is disabled on the fly since Inductor decides to
split the reduction. Cut an issue to PyTorch if this is an
important use case and you want to speed it up with online
softmax.

  warnings.warn(
Warmup complete. Steady-state VRAM: 1.1 GB allocated
/usr/local/lib/python3.12/site-packages/torch/_inductor/lowering.py:7242: UserWarning: 
Online softmax is disabled on the fly since Inductor decides to
split the reduction. Cut an issue to PyTorch if this is an
important use case and you want to speed it up with online
softmax.

  warnings.warn(
  [MST diag] ERROR: [Errno 2] No such file or directory: '/__modal/volumes/vo-ZMP2IPHkorwhjItlHkd9SH/out/p10_isotoken/d8/ISO_mst_ve_s1_s1/depth_8/ckpt_base/base/mst_diagnostics.jsonl'
step 00000/01071 (0.00%) | loss: 10.637250 | lrm: 0.20 | lr(adamw:8.142e-02, muon:3.771e-03) | dt: 83421.40ms | tok/sec: 3,142 | bf16_mfu: 0.06 | epoch: 1 pq: 0 rg: 1 | total time: 0.00m
2026-09-01 23:40:15,111 - nanochat.checkpoint_manager - INFO - Saved model parameters to: /__modal/volumes/vo-ZMP2IPHkorwhjItlHkd9SH/out/p10_isotoken/d8/ISO_mst_ve_s1_s1/depth_8/ckpt_base/base/model_000200.pt
2026-09-01 23:40:15,113 - nanochat.checkpoint_manager - INFO - Saved metadata to: /__modal/volumes/vo-ZMP2IPHkorwhjItlHkd9SH/out/p10_isotoken/d8/ISO_mst_ve_s1_s1/depth_8/ckpt_base/base/meta_000200.json
2026-09-01 23:40:16,268 - nanochat.checkpoint_manager - INFO - Saved optimizer state to: /__modal/volumes/vo-ZMP2IPHkorwhjItlHkd9SH/out/p10_isotoken/d8/ISO_mst_ve_s1_s1/depth_8/ckpt_base/base/optim_000200_rank0.pt
  [MST diag] sub_sim=[-0.040, -0.045, -0.039, -0.045, -0.023, -0.025, -0.010, 0.004] | route_ent=[1.234, 1.250, 1.250, 1.297, 1.289, 1.297, 1.266, 1.312] | grad_norm=[0.074, 0.037, 0.033, 0.025] | stream_load_min=[1.31, 1.28, 1.30, 1.29, 1.31, 1.27, 1.32, 1.31]
step 00200/01071 (18.67%) | loss: 4.261901 | lrm: 1.00 | lr(adamw:4.071e-01, muon:1.886e-02) | dt: 248.67ms | tok/sec: 1,054,163 | bf16_mfu: 18.66 | epoch: 1 pq: 1 rg: 17 | total time: 0.71m | eta: 3.3m
2026-09-01 23:41:01,826 - nanochat.checkpoint_manager - INFO - Saved model parameters to: /__modal/volumes/vo-ZMP2IPHkorwhjItlHkd9SH/out/p10_isotoken/d8/ISO_mst_ve_s1_s1/depth_8/ckpt_base/base/model_000400.pt
2026-09-01 23:41:01,829 - nanochat.checkpoint_manager - INFO - Saved metadata to: /__modal/volumes/vo-ZMP2IPHkorwhjItlHkd9SH/out/p10_isotoken/d8/ISO_mst_ve_s1_s1/depth_8/ckpt_base/base/meta_000400.json
2026-09-01 23:41:02,987 - nanochat.checkpoint_manager - INFO - Saved optimizer state to: /__modal/volumes/vo-ZMP2IPHkorwhjItlHkd9SH/out/p10_isotoken/d8/ISO_mst_ve_s1_s1/depth_8/ckpt_base/base/optim_000400_rank0.pt
Removed previous periodic checkpoint at step 000200
  [MST diag] sub_sim=[-0.079, -0.098, -0.086, -0.092, -0.079, -0.073, -0.046, -0.025] | route_ent=[1.188, 1.234, 1.250, 1.320, 1.289, 1.305, 1.250, 1.312] | grad_norm=[0.048, 0.021, 0.022, 0.018] | stream_load_min=[1.30, 1.32, 1.32, 1.27, 1.27, 1.30, 1.30, 1.26]
step 00400/01071 (37.35%) | loss: 3.961270 | lrm: 0.97 | lr(adamw:3.932e-01, muon:1.821e-02) | dt: 249.20ms | tok/sec: 1,051,956 | bf16_mfu: 18.62 | epoch: 1 pq: 2 rg: 30 | total time: 1.46m | eta: 2.5m
2026-09-01 23:41:48,667 - nanochat.checkpoint_manager - INFO - Saved model parameters to: /__modal/volumes/vo-ZMP2IPHkorwhjItlHkd9SH/out/p10_isotoken/d8/ISO_mst_ve_s1_s1/depth_8/ckpt_base/base/model_000600.pt
2026-09-01 23:41:48,670 - nanochat.checkpoint_manager - INFO - Saved metadata to: /__modal/volumes/vo-ZMP2IPHkorwhjItlHkd9SH/out/p10_isotoken/d8/ISO_mst_ve_s1_s1/depth_8/ckpt_base/base/meta_000600.json
2026-09-01 23:41:49,810 - nanochat.checkpoint_manager - INFO - Saved optimizer state to: /__modal/volumes/vo-ZMP2IPHkorwhjItlHkd9SH/out/p10_isotoken/d8/ISO_mst_ve_s1_s1/depth_8/ckpt_base/base/optim_000600_rank0.pt
Removed previous periodic checkpoint at step 000400
  [MST diag] sub_sim=[-0.100, -0.117, -0.107, -0.112, -0.100, -0.089, -0.058, -0.033] | route_ent=[1.180, 1.219, 1.266, 1.336, 1.305, 1.320, 1.266, 1.328] | grad_norm=[0.035, 0.017, 0.021, 0.020] | stream_load_min=[1.33, 1.30, 1.30, 1.32, 1.30, 1.28, 1.29, 1.25]
step 00600/01071 (56.02%) | loss: 3.789781 | lrm: 0.69 | lr(adamw:2.821e-01, muon:1.307e-02) | dt: 248.03ms | tok/sec: 1,056,919 | bf16_mfu: 18.71 | epoch: 1 pq: 3 rg: 44 | total time: 2.21m | eta: 1.8m
2026-09-01 23:42:35,565 - nanochat.checkpoint_manager - INFO - Saved model parameters to: /__modal/volumes/vo-ZMP2IPHkorwhjItlHkd9SH/out/p10_isotoken/d8/ISO_mst_ve_s1_s1/depth_8/ckpt_base/base/model_000800.pt
2026-09-01 23:42:35,568 - nanochat.checkpoint_manager - INFO - Saved metadata to: /__modal/volumes/vo-ZMP2IPHkorwhjItlHkd9SH/out/p10_isotoken/d8/ISO_mst_ve_s1_s1/depth_8/ckpt_base/base/meta_000800.json
2026-09-01 23:42:36,748 - nanochat.checkpoint_manager - INFO - Saved optimizer state to: /__modal/volumes/vo-ZMP2IPHkorwhjItlHkd9SH/out/p10_isotoken/d8/ISO_mst_ve_s1_s1/depth_8/ckpt_base/base/optim_000800_rank0.pt
Removed previous periodic checkpoint at step 000600
  [MST diag] sub_sim=[-0.104, -0.122, -0.115, -0.122, -0.114, -0.099, -0.066, -0.039] | route_ent=[1.188, 1.211, 1.281, 1.344, 1.320, 1.328, 1.281, 1.336] | grad_norm=[0.024, 0.012, 0.012, 0.013] | stream_load_min=[1.32, 1.31, 1.31, 1.31, 1.28, 1.29, 1.31, 1.29]
step 00800/01071 (74.70%) | loss: 3.671142 | lrm: 0.42 | lr(adamw:1.709e-01, muon:7.918e-03) | dt: 252.04ms | tok/sec: 1,040,078 | bf16_mfu: 18.41 | epoch: 1 pq: 4 rg: 58 | total time: 2.96m | eta: 1.0m
2026-09-01 23:43:22,544 - nanochat.checkpoint_manager - INFO - Saved model parameters to: /__modal/volumes/vo-ZMP2IPHkorwhjItlHkd9SH/out/p10_isotoken/d8/ISO_mst_ve_s1_s1/depth_8/ckpt_base/base/model_001000.pt
2026-09-01 23:43:22,547 - nanochat.checkpoint_manager - INFO - Saved metadata to: /__modal/volumes/vo-ZMP2IPHkorwhjItlHkd9SH/out/p10_isotoken/d8/ISO_mst_ve_s1_s1/depth_8/ckpt_base/base/meta_001000.json
2026-09-01 23:43:23,666 - nanochat.checkpoint_manager - INFO - Saved optimizer state to: /__modal/volumes/vo-ZMP2IPHkorwhjItlHkd9SH/out/p10_isotoken/d8/ISO_mst_ve_s1_s1/depth_8/ckpt_base/base/optim_001000_rank0.pt
Removed previous periodic checkpoint at step 000800
  [MST diag] sub_sim=[-0.102, -0.121, -0.118, -0.121, -0.118, -0.103, -0.071, -0.042] | route_ent=[1.188, 1.219, 1.297, 1.352, 1.320, 1.336, 1.289, 1.344] | grad_norm=[0.020, 0.010, 0.011, 0.011] | stream_load_min=[1.31, 1.30, 1.30, 1.28, 1.26, 1.27, 1.33, 1.23]
step 01000/01071 (93.37%) | loss: 3.584782 | lrm: 0.15 | lr(adamw:5.980e-02, muon:2.770e-03) | dt: 249.94ms | tok/sec: 1,048,811 | bf16_mfu: 18.57 | epoch: 1 pq: 5 rg: 73 | total time: 3.71m | eta: 0.3m
  [MST diag] sub_sim=[-0.102, -0.122, -0.119, -0.122, -0.118, -0.105, -0.073, -0.043] | route_ent=[1.195, 1.219, 1.289, 1.352, 1.320, 1.336, 1.289, 1.344] | grad_norm=[0.019, 0.010, 0.010, 0.010] | stream_load_min=[1.31, 1.31, 1.32, 1.29, 1.29, 1.30, 1.31, 1.29]
step 01070/01071 (99.91%) | loss: 3.555761 | lrm: 0.05 | lr(adamw:2.091e-02, muon:9.685e-04) | dt: 252.31ms | tok/sec: 1,038,976 | bf16_mfu: 18.39 | epoch: 1 pq: 6 rg: 24 | total time: 3.98m | eta: 0.0m
/usr/local/lib/python3.12/site-packages/torch/_dynamo/variables/functions.py:1598: UserWarning: Dynamo does not know how to trace the builtin `torch._C._distributed_c10d.pybind11_detail_function_record_v1_system_libstdcpp_gxx_abi_1xxx_use_cxx11_abi_1._broadcast_coalesced.` This function is either a Python builtin (e.g. _warnings.warn) or a third-party C/C++ Python extension (perhaps created with pybind).
If it is a Python builtin, please file an issue on GitHub so the PyTorch team can add support for it and see the next case for a workaround.
If it is a third-party C/C++ Python extension, please either wrap it into a PyTorch-understood custom operator (see https://pytorch.org/tutorials/advanced/custom_ops_landing_page.html for more details) or, if it is traceable, use `torch.compiler.allow_in_graph`.
  torch._dynamo.utils.warn_once(explanation + "\n" + "\n".join(hints))
/usr/local/lib/python3.12/site-packages/torch/_inductor/lowering.py:7242: UserWarning: 
Online softmax is disabled on the fly since Inductor decides to
split the reduction. Cut an issue to PyTorch if this is an
important use case and you want to speed it up with online
softmax.

  warnings.warn(
Step 01071 | Validation bpb: 1.027640 | val_loss: 3.370844
<|bos|>The capital of France is the capital of the French capital of France. The capital of France is the capital
<|bos|>The chemical symbol of gold is the symbol of gold. It is a symbol of gold and is a symbol of
<|bos|>If yesterday was Friday, then tomorrow will be Friday. I'm not sure if it's a good day, but I'm
<|bos|>The opposite of hot is the fact that the heat in the air is the same as the air in the
<|bos|>The planets of the solar system are: 1) the solar system is the solar system, 2) the solar
<|bos|>My favorite color is the red, but I'm not sure if it's the red. I'm
<|bos|>If 5*x + 3 = 13, then x is 5*x + 3 = 13, then y is 5
2026-09-01 23:45:02,436 - nanochat.checkpoint_manager - INFO - Saved model parameters to: /__modal/volumes/vo-ZMP2IPHkorwhjItlHkd9SH/out/p10_isotoken/d8/ISO_mst_ve_s1_s1/depth_8/ckpt_base/base/model_001071.pt
2026-09-01 23:45:02,439 - nanochat.checkpoint_manager - INFO - Saved metadata to: /__modal/volumes/vo-ZMP2IPHkorwhjItlHkd9SH/out/p10_isotoken/d8/ISO_mst_ve_s1_s1/depth_8/ckpt_base/base/meta_001071.json
2026-09-01 23:45:03,600 - nanochat.checkpoint_manager - INFO - Saved optimizer state to: /__modal/volumes/vo-ZMP2IPHkorwhjItlHkd9SH/out/p10_isotoken/d8/ISO_mst_ve_s1_s1/depth_8/ckpt_base/base/optim_001071_rank0.pt
step 01071/01071 (final) | loss: 3.555761 | early_stop: 0
Peak memory usage: 70673.15MiB
Total training time: 3.98m
Minimum validation bpb: 1.027640
Minimum validation loss (nats/byte): 3.370844
[MST] Results appended → /__modal/volumes/vo-ZMP2IPHkorwhjItlHkd9SH/out/p10_isotoken/d8/ISO_mst_ve_s1_s1/depth_8/ckpt_base/mst_results.csv
[MST] mst_results.csv has an older column set; writing to mst_results_v2.csv instead
[MST] Results appended → /__modal/volumes/vo-ZMP2IPHkorwhjItlHkd9SH/mst_results_v2.csv
[SCH] no tokenizer/freq_table.pt: skipping frequency deciles. Build it with `python -m scripts.code_assign --build-freq-table`.
[SCH] run_tag=base  rank_ceiling=513  val_bpb=1.0276
Final Validation BPB for base: 1.0276

--- Generating Report ---
Saved plot to out/p10_isotoken/d8/ISO_mst_ve_s1_s1/depth_8/comparison_depth_8.png
Saved TSV data to out/p10_isotoken/d8/ISO_mst_ve_s1_s1/depth_8/results_depth_8.tsv
Generating report to out/report/report.md
Copying report.md to current directory for convenience
================================================================
Sweep Complete! Results saved to out/p10_isotoken/d8/ISO_mst_ve_s1_s1
================================================================
OK ISO_mst_ve_s1_s1

