════════════════════════════════════════════════════════════
  P08 MST dense-parity fixes (G1/G2/G3)
  depth 8   D=512   N=4   d=128
  seeds 1   groups: control combo g1 g2 g3
  out out/p08_mst_parity
════════════════════════════════════════════════════════════

### CONTROL: anchors for every delta below

━━━ CTRL_mst_full_s1  (depth 8) ━━━
Requested NPROC_PER_NODE=8, but only 1 GPU(s) visible. Capping.
Using NPROC_PER_NODE=1
NANOCHAT_SKIP_ENV_SETUP=0
===== GPU Info =====
Sat Aug  8 06:55:08 2026       
+-----------------------------------------------------------------------------------------+
| NVIDIA-SMI 580.95.05              Driver Version: 580.95.05      CUDA Version: 13.0     |
+-----------------------------------------+------------------------+----------------------+
| GPU  Name                 Persistence-M | Bus-Id          Disp.A | Volatile Uncorr. ECC |
| Fan  Temp   Perf          Pwr:Usage/Cap |           Memory-Usage | GPU-Util  Compute M. |
|                                         |                        |               MIG M. |
|=========================================+========================+======================|
|   0  NVIDIA H200                    On  |   00000000:8C:00.0 Off |                    0 |
| N/A   33C    P0             78W /  700W |      98MiB / 143771MiB |      0%      Default |
|                                         |                        |             Disabled |
+-----------------------------------------+------------------------+----------------------+

+-----------------------------------------------------------------------------------------+
| Processes:                                                                              |
|  GPU   GI   CI              PID   Type   Process name                        GPU Memory |
|        ID   ID                                                               Usage      |
|=========================================================================================|
|  No running processes found                                                             |
+-----------------------------------------------------------------------------------------+
Starting Research Sweep. Output directory: out/p08_mst_parity/d8/CTRL_mst_full_s1
UV_SYSTEM_PYTHON=1: using system Python, skipping venv creation.
Validating system environment dependencies via uv...
Using Python 3.12.10 environment at: /usr/local
Resolved 159 packages in 754ms
   Building nanochat @ file:///__modal/volumes/vo-q9X3cVMlvxtARa1XtZDdx6
      Built nanochat @ file:///__modal/volumes/vo-q9X3cVMlvxtARa1XtZDdx6
Prepared 1 package in 2.73s
Uninstalled 1 package in 6ms
Installed 1 package in 3ms
 - nanochat==0.1.0 (from file:///root)
 + nanochat==0.1.0 (from file:///__modal/volumes/vo-q9X3cVMlvxtARa1XtZDdx6)
Reset report and wrote header to out/report/header.md
Dataset (up to 300 shards) already exists in data, skipping download.
Tokenizer already exists in tokenizer, skipping training.
================================================================
Processing Depth: 8
================================================================
2026-08-08 06:55:42,469 - httpx - INFO - HTTP Request: GET https://huggingface.co/api/agent-harnesses "HTTP/1.1 200 OK"
2026-08-08 06:55:42,622 - httpx - INFO - HTTP Request: HEAD https://huggingface.co/varunneal/flash-attention-3/resolve/main/kernel-status.toml "HTTP/1.1 404 Not Found"
2026-08-08 06:55:42,749 - httpx - INFO - HTTP Request: GET https://huggingface.co/api/models/varunneal/flash-attention-3/tree/main/build?recursive=false&expand=false "HTTP/1.1 200 OK"
2026-08-08 06:55:42,867 - httpx - INFO - HTTP Request: GET https://huggingface.co/api/models/varunneal/flash-attention-3/revision/main "HTTP/1.1 200 OK"
2026-08-08 06:55:42,991 - httpx - INFO - HTTP Request: HEAD https://huggingface.co/varunneal/flash-attention-3/resolve/de87b9b5af06dd9984df595bef90b2eba44b181a/build/torch29-cxx11-cu128-x86_64-linux/flash_attention_3/__init__.py "HTTP/1.1 307 Temporary Redirect"
2026-08-08 06:55:42,999 - httpx - INFO - HTTP Request: HEAD https://huggingface.co/varunneal/flash-attention-3/resolve/de87b9b5af06dd9984df595bef90b2eba44b181a/build/torch29-cxx11-cu128-x86_64-linux/flash_attention_3/flash_attn_config.py "HTTP/1.1 307 Temporary Redirect"
2026-08-08 06:55:43,002 - httpx - INFO - HTTP Request: HEAD https://huggingface.co/api/resolve-cache/models/varunneal/flash-attention-3/de87b9b5af06dd9984df595bef90b2eba44b181a/build%2Ftorch29-cxx11-cu128-x86_64-linux%2Fflash_attention_3%2F__init__.py "HTTP/1.1 200 OK"
2026-08-08 06:55:43,006 - httpx - INFO - HTTP Request: HEAD https://huggingface.co/api/resolve-cache/models/varunneal/flash-attention-3/de87b9b5af06dd9984df595bef90b2eba44b181a/build%2Ftorch29-cxx11-cu128-x86_64-linux%2Fflash_attention_3%2Fflash_attn_config.py "HTTP/1.1 200 OK"
2026-08-08 06:55:43,015 - httpx - INFO - HTTP Request: GET https://huggingface.co/api/resolve-cache/models/varunneal/flash-attention-3/de87b9b5af06dd9984df595bef90b2eba44b181a/build%2Ftorch29-cxx11-cu128-x86_64-linux%2Fflash_attention_3%2F__init__.py "HTTP/1.1 200 OK"
2026-08-08 06:55:43,017 - httpx - INFO - HTTP Request: GET https://huggingface.co/api/resolve-cache/models/varunneal/flash-attention-3/de87b9b5af06dd9984df595bef90b2eba44b181a/build%2Ftorch29-cxx11-cu128-x86_64-linux%2Fflash_attention_3%2Fflash_attn_config.py "HTTP/1.1 200 OK"
2026-08-08 06:55:43,020 - httpx - INFO - HTTP Request: HEAD https://huggingface.co/varunneal/flash-attention-3/resolve/de87b9b5af06dd9984df595bef90b2eba44b181a/build/torch29-cxx11-cu128-x86_64-linux/flash_attention_3/flash_attn_interface.py "HTTP/1.1 307 Temporary Redirect"
2026-08-08 06:55:43,029 - httpx - INFO - HTTP Request: HEAD https://huggingface.co/api/resolve-cache/models/varunneal/flash-attention-3/de87b9b5af06dd9984df595bef90b2eba44b181a/build%2Ftorch29-cxx11-cu128-x86_64-linux%2Fflash_attention_3%2Fflash_attn_interface.py "HTTP/1.1 200 OK"
2026-08-08 06:55:43,038 - httpx - INFO - HTTP Request: GET https://huggingface.co/api/resolve-cache/models/varunneal/flash-attention-3/de87b9b5af06dd9984df595bef90b2eba44b181a/build%2Ftorch29-cxx11-cu128-x86_64-linux%2Fflash_attention_3%2Fflash_attn_interface.py "HTTP/1.1 200 OK"
2026-08-08 06:55:43,040 - httpx - INFO - HTTP Request: HEAD https://huggingface.co/varunneal/flash-attention-3/resolve/de87b9b5af06dd9984df595bef90b2eba44b181a/build/torch29-cxx11-cu128-x86_64-linux/flash_attention_3/_C.abi3.so "HTTP/1.1 302 Found"
[sweep] Requested 8 DDP workers but only 1 GPU(s) available — using 1.
================================================================
Starting Sweep for Depth 8
Target Tokens: Auto (per-model param count)
================================================================
  Overriding default target_dim (128) with full model_dim 512

--- Training base ---

  ┌─────────────────────────────────────────────────────┐
  │  🆕  STARTING FRESH: [base]
  │     No checkpoints found — training from scratch.
  └─────────────────────────────────────────────────────┘

Running: /usr/local/bin/torchrun --standalone --nproc_per_node=1 -m scripts.base_train --depth 8 --aspect-ratio 64 --head-dim 128 --model-dim 512 --max-seq-len 2048 --device-batch-size 128 --total-batch-size 262144 --target-tokens -1 --target-param-data-ratio 10.5 --eval-every -1 --log-every 200 --core-metric-every 0 --save-every 200 --warmup-ratio 0.005 --warmdown-ratio 0.65 --final-lr-frac 0.05 --adam-beta2 0.99 --research-warmup-ratio 0.05 --use-onecycle 0 --router-context-window -1 --remix-use-basis-gate 1 --remix-use-output-gate 1 --remix-use-context 1 --remix-basis-gate-mode mlp --remix-gate-lr-scale 0.3 --p22-n-templates 1 --p22-template-routing-learned 0 --p22-template-topk 0 --p22-attn-moe-route none --p26-output-gated-linear 0 --p28-shared-basis 0 --p28-chunk-routing-size 0 --p28-global-template-bank none --p28-attn-proj-templates 0 --p28-attn-qk-templates 0 --p31-chunk-route-impl compose --p31-top1-gate ones --p31-template-delta-rank 0 --p31-route-side output --p31-drop-basis-proj 0 --p31-basis-side-templates 0 --remix-template-block-diag 0 --remix-template-lr-scale 1.0 --p29-grad-equalize 0 --target-active-params 0 --remix-basis-gate-rank 8 --cclblock-modulation weight --cclblock-orth-lambda 0.0 --p35-template-diversity-lambda 0.0 --cclblock-context-stream local --cclblock-ema-factor 0.99 --cclblock-stale-ctx-lag 0 --cclblock-sparse-gate-k 0 --cclblock-gate-temperature 1.0 --cclblock-context-bank-size 0 --cclblock-per-head-ctx 0 --cclblock-context-source norm_x --cclblock-chunk-size 0 --cclblock-aux-objective none --cclblock-aux-lambda 0.1 --cclblock-boundary-token-id 198 --use-ral 0 --ral-rank 32 --p34-ffn-schedule  --p34-ffn-no-ffn-replacement none --p34-ffn-last-depth 1 --p36-swiglu-ffn 0 --p36-swiglu-mult 2.6666666666666665 --cond-sites both --p22-route-affine 0 --cond-rank 256 --cond-mult-steps 0 --cond-gate-source router --cond-coeff-act centered --cond-router-rank 0 --cond-router-act none --cond-live-init 0.0 --cond-chunk-size 0 --cond-mult-scale -1.0 --cond-mult-impl wy --cond-attn-projs qkvo --cond-layer-frac 1.0 --cclblock-film-gate 0 --cclblock-attn-shadow-dim 0 --cclblock-dynamic-ratio 0.25 --cclblock-gate-rank 8 --cclblock-num-regimes 8 --cclblock-regime-temperature 1.0 --cclblock-poly-order 2 --cclblock-lie-generators 4 --cclblock-grassmann-bank-size 4 --cclblock-tucker-rank 32 --cclblock-tucker-modes 8 --cclblock-svs-rank 64 --cclblock-svs-eps 0.1 --cclblock-vq-codes 8 --cclblock-vq-temperature 1.0 --cclblock-dcu-warmup-steps 0 --cclblock-fsi-rotations 8 --cclblock-fsi-selector-dim 64 --cclblock-aesp-strata 4 --cclblock-aesp-delta-rank 4 --cclblock-ckr-branches 4 --cclblock-ckr-kernel-size 64 --cclblock-ckr-pos-channels 1 --cclblock-ckr-dual-optim 0 --cclblock-ckr-content-bias 0.0 --cclblock-giad-rank 32 --cclblock-psg-kernel-size 64 --cclblock-ss-dynamic-ratio 0.25 --cclblock-ss-branches 2 --cclblock-ss-kernel-size 64 --cclblock-lokr-branches 8 --cclblock-lokr-rank 16 --cclblock-ckr-temp-start 2.0 --cclblock-ckr-temp-end 0.3 --cclblock-com-kernel-size 32 --cclblock-ckr-ortho-init 0 --cclblock-ckr-branch-dropout 0.0 --cclblock-ckr-diversity-lambda 0.0 --cclblock-pgr-kernel-size 64 --cclblock-cil-kernel-size 64 --cclblock-prb-kernel-size 64 --p18-layer-drop 0.0 --p18-dynamic-activation 0 --p18-mixture-norm 0 --p18-aux-sim-lambda 0.0 --p18-gradient-penalty 0.0 --p18-per-channel-scale 0 --p19-residual-gate 0 --p19-head-importance 0 --p19-residual-mix-groups 0 --p19-attn-logit-bias 0 --p19-residual-decay 0 --p19-grad-equilibrium 0.0 --p19-spectral-reparam 0 --p19-weight-anticollapse 0.0 --p19-ve-bias 0 --p19-weight-noise 0.0 --p20-hrcs-scale 0 --p20-lswr-scale 0 --p20-lswr-planes 8 --p20-lrcfb-branches 0 --p20-lrcfb-narrow 0 --p20-lrcfb-learned 0 --p20-lrcfb-topk 0 --p20-dgcr-branches 0 --p20-dgcr-aux-weight 0.01 --p20-mone-experts 0 --p20-mone-topk 0 --p20-mone-narrow 1 --p20-mone-frozen 0 --p20-ncea-branches 0 --p20-ncea-eps 0.1 --p20-adwi 0 --p20-pwu-branches 0 --p20-pwu-phase 1 --p20-fsvd-gate 0 --p20-wbfc-clusters 0 --p20-wbfc-active 0 --p21-per-experts 0 --p21-per-topk 0 --p21-per-learned 0 --p21-per-attn 0 --p23-tiny-expert 0 --p23-n-experts 64 --p23-topk 16 --p23-learned-route 0 --p23-std-moe-experts 0 --p23-std-moe-topk -1 --p23-std-moe-aux-weight 0.01 --p23-lokr 0 --p23-lokr-rank 4 --p23-use-shared-block-router 0 --p23-linear-moe-experts 0 --p23-linear-moe-topk 0 --p23-quantile-route 0 --seed 1 --p34-ffn-mult 4.0 --p34-ffn-single 0 --p34-dense-attn 0 --p24-use-sliced-weight 0 --p24-sliced-weight-reduction-scale 8 --p24-sliced-weight-min-select 128 --p24-sliced-weight-scope per_token --p24-sliced-weight-balance-coeff 0.01 --p24-quantile-route 0 --p24-use-folded-mod 0 --p24-folded-mod-reduction-scale 8 --p24-folded-mod-scope per_layer --p24-folded-mod-gate-act tanh_centered --p24-use-sequence-gated-linear 0 --p24-sequence-gated-scope per_layer --p24-sequence-gated-act tanh_centered --p24-folded-mod-min-dim 128 --remix-shared-context-gates 0 --remix-use-dual-gate 0 --remix-basis-scale-factor 4 --remix-output-gate-rank 16 --p24-use-sliced-weight 0 --p24-sliced-weight-reduction-scale 8 --p24-sliced-weight-min-select 128 --p24-sliced-weight-scope per_token --p24-sliced-weight-balance-coeff 0.01 --p24-quantile-route 0 --p24-use-folded-mod 0 --p24-folded-mod-reduction-scale 8 --p24-folded-mod-scope per_layer --p24-folded-mod-gate-act tanh_centered --p24-use-sequence-gated-linear 0 --p24-sequence-gated-scope per_layer --p24-sequence-gated-act tanh_centered --remix-disable-ln-basis 0 --dense-intermediate-ln 0 --use-mst 1 --mst-n-subs 4 --mst-sub-dim 128 --mst-head-dim 0 --mst-input-mode learned_proj --mst-rotated-slice-learned 0 --mst-routing-mode soft_weighted --mst-routing-topk 0 --mst-routing-aux-weight 0.01 --mst-diversity-weight 0.0 --mst-ffn-mode standard --mst-transition-mode aggregate_distribute --mst-final-mode concat_proj --mst-final-topk 0 --mst-ffn-shared-up 0 --mst-ffn-inner-dim 0 --mst-sub-dropout 0.0 --mst-transition-every 1 --mst-ffa-temperature 1.0 --mst-global-residual 0 --mst-hybrid-dense 0 --mst-cross-sub-kv 0 --mst-sub-aux-weight 0.0 --mst-progressive-merge 0 --mst-multi-scale-windows 1 --mst-delta-residual 0 --mst-sub-layers 1 --mst-grad-equalize 1 --mst-block-diagonal-muon 1 --mst-transition-width-mult 4.0 --mst-sub-lr-scale 2.0 --mst-shared-expert 0 --mst-router-entropy-weight 0.0 --mst-shared-kv-attn 0 --mst-contrastive-diversity-weight 0.0 --mst-transition-nonlinear 0 --mst-transition-gated 0 --mst-transition-mlp 0 --mst-cross-sub-gate 0 --mst-hyper-connect 0 --mst-cross-kv-inject 0 --mst-slice-transition 0 --mst-lookback-layers 0 --mst-bilinear-transition 0 --mst-cross-sub-qmod 0 --mst-feature-cycle 0 --mst-mean-transition 0 --mst-sub-head-dim 0 --mst-final-norm 0 --mst-per-stream-ve 0 --use-eet 0 --eet-frozen-kv 1 --eet-reenter-final 0 --eet-compute-skip 0 --eet-target-active-frac 0.125 --eet-capacity-schedule bell --eet-exit-fracs  --eet-router-type mlp2 --eet-router-hidden 0 --eet-freq-prior-alpha 0.0 --eet-pos-prior-beta 0.0 --eet-domain-prior 0 --eet-warmup-frac 0.02 --eet-explore-frac 0.15 --eet-reconstruct-lambda 1.0 --eet-efficiency-lambda-start 0.01 --eet-efficiency-lambda-end 0.1 --eet-translator-rank 0 --eet-max-frozen-kv-frac 0.75 --eet-exit-threshold 0.5 --eet-min-exit-layer 1 --eet-loss-variant reconstruct --eet-topk-vocab 512 --eet-entropy-lambda 0.3 --eet-surprise-lambda 0.1 --eet-adv-lambda 1.0 --eet-adv-entropy-lambda 0.2 --eet-quality-lambda 1.0 --eet-quality-entropy-bonus 0.1 --eet-gumbel-temp-start 0.0 --eet-gumbel-temp-end 0.1 --eet-gumbel-hard 1 --eet-commitment-beta 0.1 --eet-global-router 0 --eet-freq-efficiency-alpha 0.0 --eet-diversity-lambda 0.0 --eet-ce-guided-lambda 1.0 --eet-router-lr-mult 5.0 --eet-model-lr-mult 1.0 --eet-depth-weight-type none --eet-depth-weight-max 2.5 --eet-use-override 0 --eet-override-prob-start 0.5 --eet-override-prob-end 0.1 --eet-capacity-alignment-lambda 0.0 --eet-router-task-grad 1 --eet-reinforce-interval 0 --eet-reinforce-lambda 0.1 --eet-exit-adapter-rank 0 --eet-router-after-block 0 --eet-ffn-skip 0 --eet-ffn-target-frac 0.5 --eet-ffn-full-attn 1 --eet-depth-affine 0 --eet-capacity-anneal-frac 0.0 --eet-learned-schedule 0 --eet-departure-summary 0 --eet-route-consistency-lambda 0.0 --eet-dense-distill-interval 0 --eet-dense-distill-lambda 0.5 --eet-depth-lr-scale 0 --eet-depth-grad-scale 0 --eet-detach-aux-from-backbone 0 --eet-detach-exit-from-backbone 0 --compile --tokenizer-dir tokenizer --data-dir data --max-shards 300 --checkpoints-dir /__modal/volumes/vo-q9X3cVMlvxtARa1XtZDdx6/out/p08_mst_parity/d8/CTRL_mst_full_s1/depth_8/ckpt_base --model-tag base
2026-08-08 06:56:02,673 - httpx - INFO - HTTP Request: HEAD https://huggingface.co/varunneal/flash-attention-3/resolve/main/kernel-status.toml "HTTP/1.1 404 Not Found"
2026-08-08 06:56:02,794 - httpx - INFO - HTTP Request: GET https://huggingface.co/api/models/varunneal/flash-attention-3/tree/main/build?recursive=false&expand=false "HTTP/1.1 200 OK"
2026-08-08 06:56:02,910 - httpx - INFO - HTTP Request: GET https://huggingface.co/api/models/varunneal/flash-attention-3/revision/main "HTTP/1.1 200 OK"

                                                       █████                █████
                                                      ░░███                ░░███
     ████████    ██████   ████████    ██████   ██████  ░███████    ██████  ███████
    ░░███░░███  ░░░░░███ ░░███░░███  ███░░███ ███░░███ ░███░░███  ░░░░░███░░░███░
     ░███ ░███   ███████  ░███ ░███ ░███ ░███░███ ░░░  ░███ ░███   ███████  ░███
     ░███ ░███  ███░░███  ░███ ░███ ░███ ░███░███  ███ ░███ ░███  ███░░███  ░███ ███
     ████ █████░░████████ ████ █████░░██████ ░░██████  ████ █████░░███████  ░░█████
    ░░░░ ░░░░░  ░░░░░░░░ ░░░░ ░░░░░  ░░░░░░   ░░░░░░  ░░░░ ░░░░░  ░░░░░░░░   ░░░░░
    
Autodetected device type: cuda
2026-08-08 06:56:06,612 - nanochat.common - INFO - Distributed world size: 1
GPU: NVIDIA H200 | Peak FLOPS (BF16): 9.89e+14
COMPUTE_DTYPE: torch.bfloat16 (auto-detected: CUDA SM 90 (bf16 supported))
✓ Using Flash Attention 3 (Hopper GPU detected) — efficient and fast.
Vocab size: 32,768
[MST] Multi-scale sub windows: [(32, 0), (127, 0), (511, 0), (-1, 0)]
[MST] Using compile-optimized BatchedMSTLayer (N=4, d=128)
[MST] 1A: Per-sub gradient equalization hooks registered
Model config:
{
  "sequence_len": 2048,
  "vocab_size": 32768,
  "n_layer": 8,
  "n_head": 4,
  "n_kv_head": 4,
  "n_embd": 512,
  "use_moe": false,
  "use_perm": false,
  "moe_num_experts": 8,
  "moe_router_dim": 64,
  "moe_embed_dim": 64,
  "dropout": 0.0,
  "use_remix_linear": false,
  "remix_context_dim": 64,
  "remix_context_dim_ratio": 6,
  "remix_basis_size": 64,
  "remix_output_gate_rank": 16,
  "remixed_linear_kwargs": {
    "use_basis_gate": true,
    "use_output_gate": true,
    "use_context": true,
    "basis_gate_mode": "mlp",
    "sparse_gate_k": 0,
    "gate_temperature": 1.0,
    "basis_scale_factor": 4,
    "n_templates": 1,
    "template_routing_learned": false,
    "template_topk": 0,
    "tiny_expert": false,
    "tiny_expert_topk": 16,
    "lokr_expert": false,
    "lokr_n_experts": 64,
    "lokr_topk": 16,
    "lokr_rank": 4,
    "lokr_learned": false,
    "basis_gate_rank": 8,
    "disable_ln_basis": false,
    "chunk_route_impl": "compose",
    "top1_gate": "ones",
    "template_delta_rank": 0,
    "route_side": "output",
    "drop_basis_proj": false,
    "basis_side_templates": 0,
    "grad_equalize": false
  },
  "use_pos_embed": false,
  "moe_use_abs_pos_embed": false,
  "use_layer_context": true,
  "scale_basis_size": true,
  "remix_use_dual_gate": false,
  "remix_use_fused": false,
  "p26_output_gated_linear": 0,
  "p28_shared_basis": 0,
  "p28_chunk_routing_size": 0,
  "p28_global_template_bank": "none",
  "p28_attn_proj_templates": 0,
  "p28_attn_qk_templates": 0,
  "p29_template_block_diag": 0,
  "p29_template_lr_scale": 1.0,
  "p29_grad_equalize": 0,
  "p34_ffn_mult": 4.0,
  "p34_ffn_single": 0,
  "p34_dense_attn": 0,
  "legacy_init_fallback": 0,
  "p35_template_diversity_lambda": 0.0,
  "p22_route_affine": 0,
  "p34_ffn_schedule": "",
  "p34_ffn_no_ffn_replacement": "none",
  "p34_ffn_last_depth": 1,
  "p36_swiglu_ffn": 0,
  "p36_swiglu_mult": 2.6666666666666665,
  "cond_sites": "both",
  "cond_rank": 256,
  "cond_mult_steps": 0,
  "cond_gate_source": "router",
  "cond_coeff_act": "centered",
  "cond_router_rank": 0,
  "cond_live_init": 0.0,
  "cond_router_act": "none",
  "cond_chunk_size": 0,
  "cond_mult_scale": -1.0,
  "cond_mult_impl": "wy",
  "cond_attn_projs": "qkvo",
  "cond_layer_frac": 1.0,
  "perm_expert_mode": "low_rank",
  "perm_rank": 16,
  "router_context_window": -1,
  "router_causal": true,
  "router_num_heads": 4,
  "router_num_queries": 16,
  "router_n_layers": 2,
  "router_use_vocab_prior": false,
  "window_pattern": "SSSL",
  "cclblock_modulation": "weight",
  "cclblock_orth_lambda": 0.0,
  "cclblock_context_stream": "local",
  "cclblock_ema_factor": 0.99,
  "cclblock_stale_ctx_lag": 0,
  "cclblock_sparse_gate_k": 0,
  "cclblock_gate_temperature": 1.0,
  "cclblock_context_bank_size": 0,
  "cclblock_per_head_ctx": false,
  "cclblock_context_source": "norm_x",
  "cclblock_chunk_size": 0,
  "cclblock_aux_objective": "none",
  "cclblock_aux_lambda": 0.1,
  "cclblock_boundary_token_id": 198,
  "use_ral": false,
  "ral_rank": 32,
  "cclblock_film_gate": false,
  "cclblock_attn_shadow_dim": 0,
  "cclblock_dynamic_ratio": 0.25,
  "cclblock_gate_rank": 8,
  "cclblock_num_regimes": 8,
  "cclblock_regime_temperature": 1.0,
  "cclblock_poly_order": 2,
  "cclblock_lie_generators": 4,
  "cclblock_grassmann_bank_size": 4,
  "cclblock_tucker_rank": 32,
  "cclblock_tucker_modes": 8,
  "cclblock_svs_rank": 64,
  "cclblock_svs_eps": 0.1,
  "cclblock_vq_codes": 8,
  "cclblock_vq_temperature": 1.0,
  "cclblock_dcu_warmup_steps": 0,
  "cclblock_fsi_rotations": 8,
  "cclblock_fsi_selector_dim": 64,
  "cclblock_aesp_strata": 4,
  "cclblock_aesp_delta_rank": 4,
  "cclblock_ckr_branches": 4,
  "cclblock_ckr_kernel_size": 64,
  "cclblock_ckr_pos_channels": 1,
  "cclblock_ckr_dual_optim": 0,
  "cclblock_ckr_content_bias": 0.0,
  "cclblock_giad_rank": 32,
  "cclblock_psg_kernel_size": 64,
  "cclblock_ss_dynamic_ratio": 0.25,
  "cclblock_ss_branches": 2,
  "cclblock_ss_kernel_size": 64,
  "cclblock_lokr_branches": 8,
  "cclblock_lokr_rank": 16,
  "cclblock_ckr_temp_start": 2.0,
  "cclblock_ckr_temp_end": 0.3,
  "cclblock_com_kernel_size": 32,
  "cclblock_ckr_ortho_init": 0,
  "cclblock_ckr_branch_dropout": 0.0,
  "cclblock_ckr_diversity_lambda": 0.0,
  "cclblock_ckr_layer_selective": 0,
  "cclblock_pgr_kernel_size": 64,
  "cclblock_cil_kernel_size": 64,
  "cclblock_prb_kernel_size": 64,
  "p18_layer_drop": 0.0,
  "p18_dynamic_activation": 0,
  "p18_mixture_norm": 0,
  "p18_causal_attn_bias": 0,
  "p18_aux_sim_lambda": 0.0,
  "p18_gradient_penalty": 0.0,
  "p18_per_channel_scale": 0,
  "p19_residual_gate": 0,
  "p19_head_importance": 0,
  "p19_residual_mix_groups": 0,
  "p19_attn_logit_bias": 0,
  "p19_residual_decay": 0,
  "p19_grad_equilibrium": 0.0,
  "p19_spectral_reparam": 0,
  "p19_weight_anticollapse": 0.0,
  "p19_ve_bias": 0,
  "p19_weight_noise": 0.0,
  "p20_hrcs_scale": 0,
  "p20_lswr_scale": 0,
  "p20_lswr_planes": 8,
  "p20_lrcfb_branches": 0,
  "p20_lrcfb_narrow": 0,
  "p20_lrcfb_learned": 0,
  "p20_lrcfb_topk": 0,
  "p20_dgcr_branches": 0,
  "p20_dgcr_aux_weight": 0.01,
  "p20_mone_experts": 0,
  "p20_mone_topk": 0,
  "p20_mone_narrow": 1,
  "p20_mone_frozen": 0,
  "p20_ncea_branches": 0,
  "p20_ncea_eps": 0.1,
  "p20_adwi": 0,
  "p20_pwu_branches": 0,
  "p20_pwu_phase": 1,
  "p20_fsvd_gate": 0,
  "p20_wbfc_clusters": 0,
  "p20_wbfc_active": 0,
  "p21_per_experts": 0,
  "p21_per_topk": 0,
  "p21_per_learned": 0,
  "p21_per_attn": 0,
  "p22_attn_moe_route": "none",
  "p23_tiny_expert": 0,
  "p23_n_experts": 64,
  "p23_topk": 16,
  "p23_learned_route": 0,
  "p23_std_moe_experts": 0,
  "p23_std_moe_topk": -1,
  "p23_std_moe_aux_weight": 0.01,
  "p23_lokr": 0,
  "p23_lokr_rank": 4,
  "p23_use_shared_block_router": 0,
  "p23_linear_moe_experts": 0,
  "p23_linear_moe_topk": 0,
  "p23_quantile_route": 0,
  "remix_shared_context_gates": 0,
  "p24_use_sliced_weight": 0,
  "p24_sliced_weight_reduction_scale": 8,
  "p24_sliced_weight_min_select": 128,
  "p24_sliced_weight_scope": "per_token",
  "p24_sliced_weight_balance_coeff": 0.01,
  "p24_quantile_route": 0,
  "p24_use_folded_mod": 0,
  "p24_folded_mod_reduction_scale": 8,
  "p24_folded_mod_min_dim": 128,
  "p24_folded_mod_scope": "per_layer",
  "p24_folded_mod_gate_act": "tanh_centered",
  "p24_use_sequence_gated_linear": 0,
  "p24_sequence_gated_scope": "per_layer",
  "p24_sequence_gated_act": "tanh_centered",
  "remix_disable_ln_basis": 0,
  "dense_intermediate_ln": 0,
  "use_mst": true,
  "mst_n_subs": 4,
  "mst_sub_dim": 128,
  "mst_head_dim": 0,
  "mst_input_mode": "learned_proj",
  "mst_rotated_slice_learned": false,
  "mst_routing_mode": "soft_weighted",
  "mst_routing_topk": 0,
  "mst_routing_aux_weight": 0.01,
  "mst_diversity_weight": 0.0,
  "mst_ffn_mode": "standard",
  "mst_transition_mode": "aggregate_distribute",
  "mst_final_mode": "concat_proj",
  "mst_final_topk": 0,
  "mst_ffn_shared_up": 0,
  "mst_ffn_inner_dim": 0,
  "mst_sub_dropout": 0.0,
  "mst_transition_every": 1,
  "mst_ffa_temperature": 1.0,
  "mst_global_residual": 0,
  "mst_hybrid_dense": 0,
  "mst_cross_sub_kv": 0,
  "mst_sub_aux_weight": 0.0,
  "mst_progressive_merge": 0,
  "mst_multi_scale_windows": 1,
  "mst_delta_residual": 0,
  "mst_sub_layers": 1,
  "mst_grad_equalize": 1,
  "mst_block_diagonal_muon": 1,
  "mst_transition_width_mult": 4.0,
  "mst_sub_lr_scale": 2.0,
  "mst_shared_expert": 0,
  "mst_router_entropy_weight": 0.0,
  "mst_shared_kv_attn": 0,
  "mst_contrastive_diversity_weight": 0.0,
  "mst_transition_nonlinear": 0,
  "mst_transition_gated": 0,
  "mst_transition_mlp": 0,
  "mst_cross_sub_gate": 0,
  "mst_hyper_connect": 0,
  "mst_cross_kv_inject": 0,
  "mst_slice_transition": 0,
  "mst_lookback_layers": 0,
  "mst_bilinear_transition": 0,
  "mst_cross_sub_qmod": 0,
  "mst_feature_cycle": 0,
  "mst_mean_transition": 0,
  "mst_sub_head_dim": 0,
  "mst_final_norm": 0,
  "mst_per_stream_ve": 0,
  "use_eet": false,
  "eet_frozen_kv": true,
  "eet_reenter_final": false,
  "eet_router_type": "mlp2",
  "eet_router_hidden": 0,
  "eet_freq_prior_alpha": 0.0,
  "eet_pos_prior_beta": 0.0,
  "eet_domain_prior": false,
  "eet_warmup_frac": 0.02,
  "eet_explore_frac": 0.15,
  "eet_reconstruct_lambda": 1.0,
  "eet_efficiency_lambda_start": 0.01,
  "eet_efficiency_lambda_end": 0.1,
  "eet_translator_rank": 0,
  "eet_max_frozen_kv_frac": 0.75,
  "eet_exit_threshold": 0.5,
  "eet_min_exit_layer": 1,
  "eet_loss_variant": "reconstruct",
  "eet_topk_vocab": 512,
  "eet_entropy_lambda": 0.3,
  "eet_surprise_lambda": 0.1,
  "eet_adv_lambda": 1.0,
  "eet_adv_entropy_lambda": 0.2,
  "eet_quality_lambda": 1.0,
  "eet_quality_entropy_bonus": 0.1,
  "eet_gumbel_temp_start": 0.0,
  "eet_gumbel_temp_end": 0.1,
  "eet_gumbel_hard": true,
  "eet_commitment_beta": 0.1,
  "eet_global_router": false,
  "eet_freq_efficiency_alpha": 0.0,
  "eet_diversity_lambda": 0.0,
  "eet_ce_guided_lambda": 1.0,
  "eet_router_lr_mult": 5.0,
  "eet_model_lr_mult": 1.0,
  "eet_depth_weight_type": "none",
  "eet_depth_weight_max": 2.5,
  "eet_use_override": 0,
  "eet_override_prob_start": 0.5,
  "eet_override_prob_end": 0.1,
  "eet_compute_skip": false,
  "eet_target_active_frac": 0.125,
  "eet_capacity_schedule": "bell",
  "eet_exit_fracs": null,
  "eet_capacity_alignment_lambda": 0.0,
  "eet_router_task_grad": true,
  "eet_reinforce_interval": 0,
  "eet_reinforce_lambda": 0.1,
  "eet_exit_adapter_rank": 0,
  "eet_router_after_block": 0,
  "eet_ffn_skip": false,
  "eet_ffn_target_frac": 0.5,
  "eet_ffn_full_attn": true,
  "eet_depth_affine": false,
  "eet_capacity_anneal_frac": 0.0,
  "eet_learned_schedule": false,
  "eet_departure_summary": false,
  "eet_route_consistency_lambda": 0.0,
  "eet_dense_distill_interval": 0,
  "eet_dense_distill_lambda": 0.5,
  "eet_depth_lr_scale": false,
  "eet_depth_grad_scale": false,
  "eet_detach_aux_from_backbone": false,
  "eet_detach_exit_from_backbone": false
}
Seeded weight init with --seed 1
Checkpoints directory: /__modal/volumes/vo-q9X3cVMlvxtARa1XtZDdx6/out/p08_mst_parity/d8/CTRL_mst_full_s1/depth_8/ckpt_base/base
✓ Wrapping model with DistributedDataParallel (rank 0, find_unused_parameters=False)
Parameter counts:
wte                     : 16,777,216
wpe                     : 0
value_embeds            : 16,777,216
lm_head                 : 16,777,216
transformer_matrices    : 8,394,752
research                : 0
scalars                 : 16
total                   : 58,726,416
Estimated FLOPs per token (total):  1.844306e+08
Estimated FLOPs per token (active): 1.844306e+08
Estimated active params:            58,726,416
[MST] Multi-scale sub windows: [(32, 0), (127, 0), (511, 0), (-1, 0)]
[MST] Using compile-optimized BatchedMSTLayer (N=4, d=128)
[MST] 1A: Per-sub gradient equalization hooks registered
Scaling LRs by 0.7071 for batch size 262,144 (reference: 524,288)
Scaling weight decay from 0.200000 to 0.163530 for depth 8
Scaling AdamW LRs ∝1/√(512/768) = 1.224745
[MST] Per-sub Muon LR scaled by 2.00× → 0.028284
[MST] 1B: Block-diagonal Muon enabled (N=4 blocks)
Calculated number of iterations from target data:param ratio: 1,008
Total number of training tokens: 264,241,152
Tokens : Scaling params ratio: 10.50
Total training FLOPs estimate: 4.873415e+16
Total active training FLOPs estimate: 4.873415e+16
Using base scheduler: linear warmup/flat/linear warmdown
[MST] Diagnostics will be logged to: /__modal/volumes/vo-q9X3cVMlvxtARa1XtZDdx6/out/p08_mst_parity/d8/CTRL_mst_full_s1/depth_8/ckpt_base/base/mst_diagnostics.jsonl
Tokens / micro-batch / rank: 128 x 2048 = 262,144
Tokens / micro-batch: 262,144
Total batch size 262,144 => gradient accumulation steps: 1
Running pre-compilation warmup (1 dummy forward+backward to init lazy allocations)...
[rank0]:W0808 06:56:08.881000 572 site-packages/torch/_logging/_internal.py:1199] [0/0] Profiler function <class 'torch.autograd.profiler.record_function'> will be ignored
/usr/local/lib/python3.12/site-packages/torch/_inductor/lowering.py:7242: UserWarning: 
Online softmax is disabled on the fly since Inductor decides to
split the reduction. Cut an issue to PyTorch if this is an
important use case and you want to speed it up with online
softmax.

  warnings.warn(
Warmup complete. Steady-state VRAM: 0.7 GB allocated
/usr/local/lib/python3.12/site-packages/torch/_inductor/lowering.py:7242: UserWarning: 
Online softmax is disabled on the fly since Inductor decides to
split the reduction. Cut an issue to PyTorch if this is an
important use case and you want to speed it up with online
softmax.

  warnings.warn(
  [MST diag] ERROR: [Errno 2] No such file or directory: '/__modal/volumes/vo-q9X3cVMlvxtARa1XtZDdx6/out/p08_mst_parity/d8/CTRL_mst_full_s1/depth_8/ckpt_base/base/mst_diagnostics.jsonl'
step 00000/01008 (0.00%) | loss: 10.477567 | lrm: 0.20 | lr(adamw:8.142e-02, muon:3.889e-03) | dt: 250140.87ms | tok/sec: 1,047 | bf16_mfu: 0.02 | epoch: 1 pq: 0 rg: 1 | total time: 0.00m
2026-08-08 07:07:13,192 - nanochat.checkpoint_manager - INFO - Saved model parameters to: /__modal/volumes/vo-q9X3cVMlvxtARa1XtZDdx6/out/p08_mst_parity/d8/CTRL_mst_full_s1/depth_8/ckpt_base/base/model_000200.pt
2026-08-08 07:07:13,198 - nanochat.checkpoint_manager - INFO - Saved metadata to: /__modal/volumes/vo-q9X3cVMlvxtARa1XtZDdx6/out/p08_mst_parity/d8/CTRL_mst_full_s1/depth_8/ckpt_base/base/meta_000200.json
2026-08-08 07:07:13,956 - nanochat.checkpoint_manager - INFO - Saved optimizer state to: /__modal/volumes/vo-q9X3cVMlvxtARa1XtZDdx6/out/p08_mst_parity/d8/CTRL_mst_full_s1/depth_8/ckpt_base/base/optim_000200_rank0.pt
  [MST diag] sub_sim=[0.017, -0.004, -0.013, -0.019, -0.020, -0.022, -0.016, -0.008] | route_ent=[1.148, 1.055, 1.219, 1.258, 1.125, 1.250, 1.188, 1.188] | grad_norm=[0.089, 0.040, 0.027, 0.018]
step 00200/01008 (19.84%) | loss: 4.384307 | lrm: 1.00 | lr(adamw:4.071e-01, muon:1.945e-02) | dt: 413.27ms | tok/sec: 634,322 | bf16_mfu: 11.83 | epoch: 1 pq: 1 rg: 17 | total time: 1.66m | eta: 7.0m
2026-08-08 07:08:58,288 - nanochat.checkpoint_manager - INFO - Saved model parameters to: /__modal/volumes/vo-q9X3cVMlvxtARa1XtZDdx6/out/p08_mst_parity/d8/CTRL_mst_full_s1/depth_8/ckpt_base/base/model_000400.pt
2026-08-08 07:08:58,296 - nanochat.checkpoint_manager - INFO - Saved metadata to: /__modal/volumes/vo-q9X3cVMlvxtARa1XtZDdx6/out/p08_mst_parity/d8/CTRL_mst_full_s1/depth_8/ckpt_base/base/meta_000400.json
2026-08-08 07:08:59,044 - nanochat.checkpoint_manager - INFO - Saved optimizer state to: /__modal/volumes/vo-q9X3cVMlvxtARa1XtZDdx6/out/p08_mst_parity/d8/CTRL_mst_full_s1/depth_8/ckpt_base/base/optim_000400_rank0.pt
Removed previous periodic checkpoint at step 000200
  [MST diag] sub_sim=[-0.024, -0.084, -0.057, -0.074, -0.056, -0.049, -0.024, -0.002] | route_ent=[1.320, 1.219, 1.320, 1.273, 1.172, 1.250, 1.133, 1.141] | grad_norm=[0.060, 0.043, 0.042, 0.021]
step 00400/01008 (39.68%) | loss: 3.955189 | lrm: 0.93 | lr(adamw:3.793e-01, muon:1.812e-02) | dt: 564.82ms | tok/sec: 464,119 | bf16_mfu: 8.65 | epoch: 1 pq: 2 rg: 30 | total time: 3.39m | eta: 5.3m
2026-08-08 07:10:46,055 - nanochat.checkpoint_manager - INFO - Saved model parameters to: /__modal/volumes/vo-q9X3cVMlvxtARa1XtZDdx6/out/p08_mst_parity/d8/CTRL_mst_full_s1/depth_8/ckpt_base/base/model_000600.pt
2026-08-08 07:10:46,066 - nanochat.checkpoint_manager - INFO - Saved metadata to: /__modal/volumes/vo-q9X3cVMlvxtARa1XtZDdx6/out/p08_mst_parity/d8/CTRL_mst_full_s1/depth_8/ckpt_base/base/meta_000600.json
2026-08-08 07:10:46,825 - nanochat.checkpoint_manager - INFO - Saved optimizer state to: /__modal/volumes/vo-q9X3cVMlvxtARa1XtZDdx6/out/p08_mst_parity/d8/CTRL_mst_full_s1/depth_8/ckpt_base/base/optim_000600_rank0.pt
Removed previous periodic checkpoint at step 000400
  [MST diag] sub_sim=[-0.045, -0.101, -0.078, -0.107, -0.087, -0.076, -0.044, -0.009] | route_ent=[1.336, 1.258, 1.336, 1.281, 1.219, 1.266, 1.141, 1.148] | grad_norm=[0.041, 0.027, 0.026, 0.018]
step 00600/01008 (59.52%) | loss: 3.759888 | lrm: 0.64 | lr(adamw:2.612e-01, muon:1.248e-02) | dt: 473.13ms | tok/sec: 554,062 | bf16_mfu: 10.33 | epoch: 1 pq: 3 rg: 44 | total time: 5.16m | eta: 3.6m
2026-08-08 07:12:35,984 - nanochat.checkpoint_manager - INFO - Saved model parameters to: /__modal/volumes/vo-q9X3cVMlvxtARa1XtZDdx6/out/p08_mst_parity/d8/CTRL_mst_full_s1/depth_8/ckpt_base/base/model_000800.pt
2026-08-08 07:12:35,993 - nanochat.checkpoint_manager - INFO - Saved metadata to: /__modal/volumes/vo-q9X3cVMlvxtARa1XtZDdx6/out/p08_mst_parity/d8/CTRL_mst_full_s1/depth_8/ckpt_base/base/meta_000800.json
2026-08-08 07:12:36,748 - nanochat.checkpoint_manager - INFO - Saved optimizer state to: /__modal/volumes/vo-q9X3cVMlvxtARa1XtZDdx6/out/p08_mst_parity/d8/CTRL_mst_full_s1/depth_8/ckpt_base/base/optim_000800_rank0.pt
Removed previous periodic checkpoint at step 000600
  [MST diag] sub_sim=[-0.053, -0.100, -0.078, -0.112, -0.092, -0.083, -0.051, -0.011] | route_ent=[1.344, 1.281, 1.344, 1.289, 1.250, 1.281, 1.156, 1.164] | grad_norm=[0.030, 0.024, 0.021, 0.015]
step 00800/01008 (79.37%) | loss: 3.632778 | lrm: 0.35 | lr(adamw:1.432e-01, muon:6.839e-03) | dt: 544.64ms | tok/sec: 481,318 | bf16_mfu: 8.98 | epoch: 1 pq: 4 rg: 58 | total time: 6.97m | eta: 1.8m
2026-08-08 07:14:12,865 - nanochat.checkpoint_manager - INFO - Saved model parameters to: /__modal/volumes/vo-q9X3cVMlvxtARa1XtZDdx6/out/p08_mst_parity/d8/CTRL_mst_full_s1/depth_8/ckpt_base/base/model_001000.pt
2026-08-08 07:14:12,876 - nanochat.checkpoint_manager - INFO - Saved metadata to: /__modal/volumes/vo-q9X3cVMlvxtARa1XtZDdx6/out/p08_mst_parity/d8/CTRL_mst_full_s1/depth_8/ckpt_base/base/meta_001000.json
2026-08-08 07:14:13,695 - nanochat.checkpoint_manager - INFO - Saved optimizer state to: /__modal/volumes/vo-q9X3cVMlvxtARa1XtZDdx6/out/p08_mst_parity/d8/CTRL_mst_full_s1/depth_8/ckpt_base/base/optim_001000_rank0.pt
Removed previous periodic checkpoint at step 000800
  [MST diag] sub_sim=[-0.045, -0.094, -0.076, -0.107, -0.089, -0.081, -0.051, -0.012] | route_ent=[1.344, 1.289, 1.344, 1.305, 1.266, 1.289, 1.164, 1.172] | grad_norm=[0.024, 0.017, 0.017, 0.011]
step 01000/01008 (99.21%) | loss: 3.547068 | lrm: 0.06 | lr(adamw:2.508e-02, muon:1.198e-03) | dt: 483.38ms | tok/sec: 542,319 | bf16_mfu: 10.11 | epoch: 1 pq: 5 rg: 73 | total time: 8.56m | eta: 0.1m
  [MST diag] sub_sim=[-0.045, -0.095, -0.076, -0.106, -0.089, -0.083, -0.052, -0.012] | route_ent=[1.344, 1.289, 1.344, 1.305, 1.266, 1.289, 1.164, 1.172] | grad_norm=[0.023, 0.017, 0.014, 0.011]
step 01007/01008 (99.90%) | loss: 3.539619 | lrm: 0.05 | lr(adamw:2.094e-02, muon:1.000e-03) | dt: 510.85ms | tok/sec: 513,150 | bf16_mfu: 9.57 | epoch: 1 pq: 5 rg: 76 | total time: 8.61m | eta: 0.0m
/usr/local/lib/python3.12/site-packages/torch/_dynamo/variables/functions.py:1598: UserWarning: Dynamo does not know how to trace the builtin `torch._C._distributed_c10d.pybind11_detail_function_record_v1_system_libstdcpp_gxx_abi_1xxx_use_cxx11_abi_1._broadcast_coalesced.` This function is either a Python builtin (e.g. _warnings.warn) or a third-party C/C++ Python extension (perhaps created with pybind).
If it is a Python builtin, please file an issue on GitHub so the PyTorch team can add support for it and see the next case for a workaround.
If it is a third-party C/C++ Python extension, please either wrap it into a PyTorch-understood custom operator (see https://pytorch.org/tutorials/advanced/custom_ops_landing_page.html for more details) or, if it is traceable, use `torch.compiler.allow_in_graph`.
  torch._dynamo.utils.warn_once(explanation + "\n" + "\n".join(hints))
/usr/local/lib/python3.12/site-packages/torch/_inductor/lowering.py:7242: UserWarning: 
Online softmax is disabled on the fly since Inductor decides to
split the reduction. Cut an issue to PyTorch if this is an
important use case and you want to speed it up with online
softmax.

  warnings.warn(
Step 01008 | Validation bpb: 1.054317 | val_loss: 3.458351
<|bos|>The capital of France is the capital of the world. It is the capital of the world. It is
<|bos|>The chemical symbol of gold is the symbol of gold. The symbol of gold is the symbol of gold. The
<|bos|>If yesterday was Friday, then tomorrow will be the day of the week. The next day, the next day, the next
<|bos|>The opposite of hot is the case of the hot water. The hot water is the same as the hot
<|bos|>The planets of the solar system are: the sun, the moon, the stars, the planets, the stars, the
<|bos|>My favorite color is the red, green, and blue. I'm not sure if I can find
<|bos|>If 5*x + 3 = 13, then x is the number of times the number of times the number of times the number of times
2026-08-08 07:18:40,496 - nanochat.checkpoint_manager - INFO - Saved model parameters to: /__modal/volumes/vo-q9X3cVMlvxtARa1XtZDdx6/out/p08_mst_parity/d8/CTRL_mst_full_s1/depth_8/ckpt_base/base/model_001008.pt
2026-08-08 07:18:40,509 - nanochat.checkpoint_manager - INFO - Saved metadata to: /__modal/volumes/vo-q9X3cVMlvxtARa1XtZDdx6/out/p08_mst_parity/d8/CTRL_mst_full_s1/depth_8/ckpt_base/base/meta_001008.json
2026-08-08 07:18:41,279 - nanochat.checkpoint_manager - INFO - Saved optimizer state to: /__modal/volumes/vo-q9X3cVMlvxtARa1XtZDdx6/out/p08_mst_parity/d8/CTRL_mst_full_s1/depth_8/ckpt_base/base/optim_001008_rank0.pt
step 01008/01008 (final) | loss: 3.539619 | early_stop: 0
Peak memory usage: 67626.45MiB
Total training time: 8.61m
Minimum validation bpb: 1.054317
Minimum validation loss (nats/byte): 3.458351
[rank0]: Traceback (most recent call last):
[rank0]:   File "<frozen runpy>", line 198, in _run_module_as_main
[rank0]:   File "<frozen runpy>", line 88, in _run_code
[rank0]:   File "/__modal/volumes/vo-q9X3cVMlvxtARa1XtZDdx6/scripts/base_train.py", line 2606, in <module>
[rank0]:     _mst_tracker.write_csv(
[rank0]:   File "/__modal/volumes/vo-q9X3cVMlvxtARa1XtZDdx6/scripts/base_train.py", line 1707, in write_csv
[rank0]:     self._append_row(csv_path, row)
[rank0]:     ^^^^^^^^^^^^^^^^
[rank0]: AttributeError: '_MSTTracker' object has no attribute '_append_row'
[rank0]:[W808 07:18:42.179387617 ProcessGroupNCCL.cpp:1524] Warning: WARNING: destroy_process_group() was not called before program exit, which can leak resources. For more info, please see https://pytorch.org/docs/stable/distributed.html#shutdown (function operator())
E0808 07:18:44.924000 567 site-packages/torch/distributed/elastic/multiprocessing/api.py:882] failed (exitcode: 1) local_rank: 0 (pid: 572) of binary: /usr/local/bin/python
Traceback (most recent call last):
  File "/usr/local/bin/torchrun", line 10, in <module>
    sys.exit(main())
             ^^^^^^
  File "/usr/local/lib/python3.12/site-packages/torch/distributed/elastic/multiprocessing/errors/__init__.py", line 357, in wrapper
    return f(*args, **kwargs)
           ^^^^^^^^^^^^^^^^^^
  File "/usr/local/lib/python3.12/site-packages/torch/distributed/run.py", line 936, in main
    run(args)
  File "/usr/local/lib/python3.12/site-packages/torch/distributed/run.py", line 927, in run
    elastic_launch(
  File "/usr/local/lib/python3.12/site-packages/torch/distributed/launcher/api.py", line 156, in __call__
    return launch_agent(self._config, self._entrypoint, list(args))
           ^^^^^^^^^^^^^^^^^^^^^^^^^^^^^^^^^^^^^^^^^^^^^^^^^^^^^^^^
  File "/usr/local/lib/python3.12/site-packages/torch/distributed/launcher/api.py", line 293, in launch_agent
    raise ChildFailedError(
torch.distributed.elastic.multiprocessing.errors.ChildFailedError: 
============================================================
scripts.base_train FAILED
------------------------------------------------------------
Failures:
  <NO_OTHER_FAILURES>
------------------------------------------------------------
Root Cause (first observed failure):
[0]:
  time      : 2026-08-08_07:18:44
  host      : localhost
  rank      : 0 (local_rank: 0)
  exitcode  : 1 (pid: 572)
  error_file: <N/A>
  traceback : To enable traceback see: https://pytorch.org/docs/stable/elastic/errors.html
============================================================
Error training base. Marking as failed and continuing to next model.

--- Generating Report ---
No successful runs to plot.

[ERROR] The following models FAILED: ['base']
❌  CTRL_mst_full_s1 failed; will retry on the next invocation

━━━ CTRL_dense_hd128_s1  (depth 8) ━━━
Requested NPROC_PER_NODE=8, but only 1 GPU(s) visible. Capping.
Using NPROC_PER_NODE=1
NANOCHAT_SKIP_ENV_SETUP=0
===== GPU Info =====
Sat Aug  8 07:18:47 2026       
+-----------------------------------------------------------------------------------------+
| NVIDIA-SMI 580.95.05              Driver Version: 580.95.05      CUDA Version: 13.0     |
+-----------------------------------------+------------------------+----------------------+
| GPU  Name                 Persistence-M | Bus-Id          Disp.A | Volatile Uncorr. ECC |
| Fan  Temp   Perf          Pwr:Usage/Cap |           Memory-Usage | GPU-Util  Compute M. |
|                                         |                        |               MIG M. |
|=========================================+========================+======================|
|   0  NVIDIA H200                    On  |   00000000:8C:00.0 Off |                    0 |
| N/A   39C    P0             88W /  700W |      98MiB / 143771MiB |      0%      Default |
|                                         |                        |             Disabled |
+-----------------------------------------+------------------------+----------------------+

+-----------------------------------------------------------------------------------------+
| Processes:                                                                              |
|  GPU   GI   CI              PID   Type   Process name                        GPU Memory |
|        ID   ID                                                               Usage      |
|=========================================================================================|
|  No running processes found                                                             |
+-----------------------------------------------------------------------------------------+
Starting Research Sweep. Output directory: out/p08_mst_parity/d8/CTRL_dense_hd128_s1
UV_SYSTEM_PYTHON=1: using system Python, skipping venv creation.
Validating system environment dependencies via uv...
Using Python 3.12.10 environment at: /usr/local
Resolved 159 packages in 449ms
   Building nanochat @ file:///__modal/volumes/vo-q9X3cVMlvxtARa1XtZDdx6
      Built nanochat @ file:///__modal/volumes/vo-q9X3cVMlvxtARa1XtZDdx6
Prepared 1 package in 2.51s
Uninstalled 1 package in 4ms
Installed 1 package in 2ms
 ~ nanochat==0.1.0 (from file:///__modal/volumes/vo-q9X3cVMlvxtARa1XtZDdx6)
Reset report and wrote header to out/report/header.md
Dataset (up to 300 shards) already exists in data, skipping download.
Tokenizer already exists in tokenizer, skipping training.
================================================================
Processing Depth: 8
================================================================
2026-08-08 07:19:11,199 - httpx - INFO - HTTP Request: HEAD https://huggingface.co/varunneal/flash-attention-3/resolve/main/kernel-status.toml "HTTP/1.1 404 Not Found"
2026-08-08 07:19:11,323 - httpx - INFO - HTTP Request: GET https://huggingface.co/api/models/varunneal/flash-attention-3/tree/main/build?recursive=false&expand=false "HTTP/1.1 200 OK"
2026-08-08 07:19:11,450 - httpx - INFO - HTTP Request: GET https://huggingface.co/api/models/varunneal/flash-attention-3/revision/main "HTTP/1.1 200 OK"
[sweep] Requested 8 DDP workers but only 1 GPU(s) available — using 1.
================================================================
Starting Sweep for Depth 8
Target Tokens: Auto (per-model param count)
================================================================
  Overriding default target_dim (128) with full model_dim 512

--- Training base ---

  ┌─────────────────────────────────────────────────────┐
  │  🆕  STARTING FRESH: [base]
  │     No checkpoints found — training from scratch.
  └─────────────────────────────────────────────────────┘

Running: /usr/local/bin/torchrun --standalone --nproc_per_node=1 -m scripts.base_train --depth 8 --aspect-ratio 64 --head-dim 128 --model-dim 512 --max-seq-len 2048 --device-batch-size 128 --total-batch-size 262144 --target-tokens -1 --target-param-data-ratio 10.5 --eval-every -1 --log-every 200 --core-metric-every 0 --save-every 200 --warmup-ratio 0.005 --warmdown-ratio 0.65 --final-lr-frac 0.05 --adam-beta2 0.99 --research-warmup-ratio 0.05 --use-onecycle 0 --router-context-window -1 --remix-use-basis-gate 1 --remix-use-output-gate 1 --remix-use-context 1 --remix-basis-gate-mode mlp --remix-gate-lr-scale 0.3 --p22-n-templates 1 --p22-template-routing-learned 0 --p22-template-topk 0 --p22-attn-moe-route none --p26-output-gated-linear 0 --p28-shared-basis 0 --p28-chunk-routing-size 0 --p28-global-template-bank none --p28-attn-proj-templates 0 --p28-attn-qk-templates 0 --p31-chunk-route-impl compose --p31-top1-gate ones --p31-template-delta-rank 0 --p31-route-side output --p31-drop-basis-proj 0 --p31-basis-side-templates 0 --remix-template-block-diag 0 --remix-template-lr-scale 1.0 --p29-grad-equalize 0 --target-active-params 0 --remix-basis-gate-rank 8 --cclblock-modulation weight --cclblock-orth-lambda 0.0 --p35-template-diversity-lambda 0.0 --cclblock-context-stream local --cclblock-ema-factor 0.99 --cclblock-stale-ctx-lag 0 --cclblock-sparse-gate-k 0 --cclblock-gate-temperature 1.0 --cclblock-context-bank-size 0 --cclblock-per-head-ctx 0 --cclblock-context-source norm_x --cclblock-chunk-size 0 --cclblock-aux-objective none --cclblock-aux-lambda 0.1 --cclblock-boundary-token-id 198 --use-ral 0 --ral-rank 32 --p34-ffn-schedule  --p34-ffn-no-ffn-replacement none --p34-ffn-last-depth 1 --p36-swiglu-ffn 0 --p36-swiglu-mult 2.6666666666666665 --cond-sites both --p22-route-affine 0 --cond-rank 256 --cond-mult-steps 0 --cond-gate-source router --cond-coeff-act centered --cond-router-rank 0 --cond-router-act none --cond-live-init 0.0 --cond-chunk-size 0 --cond-mult-scale -1.0 --cond-mult-impl wy --cond-attn-projs qkvo --cond-layer-frac 1.0 --cclblock-film-gate 0 --cclblock-attn-shadow-dim 0 --cclblock-dynamic-ratio 0.25 --cclblock-gate-rank 8 --cclblock-num-regimes 8 --cclblock-regime-temperature 1.0 --cclblock-poly-order 2 --cclblock-lie-generators 4 --cclblock-grassmann-bank-size 4 --cclblock-tucker-rank 32 --cclblock-tucker-modes 8 --cclblock-svs-rank 64 --cclblock-svs-eps 0.1 --cclblock-vq-codes 8 --cclblock-vq-temperature 1.0 --cclblock-dcu-warmup-steps 0 --cclblock-fsi-rotations 8 --cclblock-fsi-selector-dim 64 --cclblock-aesp-strata 4 --cclblock-aesp-delta-rank 4 --cclblock-ckr-branches 4 --cclblock-ckr-kernel-size 64 --cclblock-ckr-pos-channels 1 --cclblock-ckr-dual-optim 0 --cclblock-ckr-content-bias 0.0 --cclblock-giad-rank 32 --cclblock-psg-kernel-size 64 --cclblock-ss-dynamic-ratio 0.25 --cclblock-ss-branches 2 --cclblock-ss-kernel-size 64 --cclblock-lokr-branches 8 --cclblock-lokr-rank 16 --cclblock-ckr-temp-start 2.0 --cclblock-ckr-temp-end 0.3 --cclblock-com-kernel-size 32 --cclblock-ckr-ortho-init 0 --cclblock-ckr-branch-dropout 0.0 --cclblock-ckr-diversity-lambda 0.0 --cclblock-pgr-kernel-size 64 --cclblock-cil-kernel-size 64 --cclblock-prb-kernel-size 64 --p18-layer-drop 0.0 --p18-dynamic-activation 0 --p18-mixture-norm 0 --p18-aux-sim-lambda 0.0 --p18-gradient-penalty 0.0 --p18-per-channel-scale 0 --p19-residual-gate 0 --p19-head-importance 0 --p19-residual-mix-groups 0 --p19-attn-logit-bias 0 --p19-residual-decay 0 --p19-grad-equilibrium 0.0 --p19-spectral-reparam 0 --p19-weight-anticollapse 0.0 --p19-ve-bias 0 --p19-weight-noise 0.0 --p20-hrcs-scale 0 --p20-lswr-scale 0 --p20-lswr-planes 8 --p20-lrcfb-branches 0 --p20-lrcfb-narrow 0 --p20-lrcfb-learned 0 --p20-lrcfb-topk 0 --p20-dgcr-branches 0 --p20-dgcr-aux-weight 0.01 --p20-mone-experts 0 --p20-mone-topk 0 --p20-mone-narrow 1 --p20-mone-frozen 0 --p20-ncea-branches 0 --p20-ncea-eps 0.1 --p20-adwi 0 --p20-pwu-branches 0 --p20-pwu-phase 1 --p20-fsvd-gate 0 --p20-wbfc-clusters 0 --p20-wbfc-active 0 --p21-per-experts 0 --p21-per-topk 0 --p21-per-learned 0 --p21-per-attn 0 --p23-tiny-expert 0 --p23-n-experts 64 --p23-topk 16 --p23-learned-route 0 --p23-std-moe-experts 0 --p23-std-moe-topk -1 --p23-std-moe-aux-weight 0.01 --p23-lokr 0 --p23-lokr-rank 4 --p23-use-shared-block-router 0 --p23-linear-moe-experts 0 --p23-linear-moe-topk 0 --p23-quantile-route 0 --seed 1 --p34-ffn-mult 4.0 --p34-ffn-single 0 --p34-dense-attn 0 --p24-use-sliced-weight 0 --p24-sliced-weight-reduction-scale 8 --p24-sliced-weight-min-select 128 --p24-sliced-weight-scope per_token --p24-sliced-weight-balance-coeff 0.01 --p24-quantile-route 0 --p24-use-folded-mod 0 --p24-folded-mod-reduction-scale 8 --p24-folded-mod-scope per_layer --p24-folded-mod-gate-act tanh_centered --p24-use-sequence-gated-linear 0 --p24-sequence-gated-scope per_layer --p24-sequence-gated-act tanh_centered --p24-folded-mod-min-dim 128 --remix-shared-context-gates 0 --remix-use-dual-gate 0 --remix-basis-scale-factor 4 --remix-output-gate-rank 16 --p24-use-sliced-weight 0 --p24-sliced-weight-reduction-scale 8 --p24-sliced-weight-min-select 128 --p24-sliced-weight-scope per_token --p24-sliced-weight-balance-coeff 0.01 --p24-quantile-route 0 --p24-use-folded-mod 0 --p24-folded-mod-reduction-scale 8 --p24-folded-mod-scope per_layer --p24-folded-mod-gate-act tanh_centered --p24-use-sequence-gated-linear 0 --p24-sequence-gated-scope per_layer --p24-sequence-gated-act tanh_centered --remix-disable-ln-basis 0 --dense-intermediate-ln 0 --use-mst 0 --mst-n-subs 8 --mst-sub-dim 64 --mst-head-dim 0 --mst-input-mode fixed_slice --mst-rotated-slice-learned 0 --mst-routing-mode soft_weighted --mst-routing-topk 4 --mst-routing-aux-weight 0.01 --mst-diversity-weight 0.0 --mst-ffn-mode standard --mst-transition-mode parallel --mst-final-mode aggregate_proj --mst-final-topk -1 --mst-ffn-shared-up 0 --mst-ffn-inner-dim 0 --mst-sub-dropout 0.0 --mst-transition-every 1 --mst-ffa-temperature 1.0 --mst-global-residual 0 --mst-hybrid-dense 0 --mst-cross-sub-kv 0 --mst-sub-aux-weight 0.0 --mst-progressive-merge 0 --mst-multi-scale-windows 0 --mst-delta-residual 0 --mst-sub-layers 1 --mst-grad-equalize 0 --mst-block-diagonal-muon 0 --mst-transition-width-mult 1.0 --mst-sub-lr-scale 1.0 --mst-shared-expert 0 --mst-router-entropy-weight 0.0 --mst-shared-kv-attn 0 --mst-contrastive-diversity-weight 0.0 --mst-transition-nonlinear 0 --mst-transition-gated 0 --mst-transition-mlp 0 --mst-cross-sub-gate 0 --mst-hyper-connect 0 --mst-cross-kv-inject 0 --mst-slice-transition 0 --mst-lookback-layers 0 --mst-bilinear-transition 0 --mst-cross-sub-qmod 0 --mst-feature-cycle 0 --mst-mean-transition 0 --mst-sub-head-dim 0 --mst-final-norm 0 --mst-per-stream-ve 0 --use-eet 0 --eet-frozen-kv 1 --eet-reenter-final 0 --eet-compute-skip 0 --eet-target-active-frac 0.125 --eet-capacity-schedule bell --eet-exit-fracs  --eet-router-type mlp2 --eet-router-hidden 0 --eet-freq-prior-alpha 0.0 --eet-pos-prior-beta 0.0 --eet-domain-prior 0 --eet-warmup-frac 0.02 --eet-explore-frac 0.15 --eet-reconstruct-lambda 1.0 --eet-efficiency-lambda-start 0.01 --eet-efficiency-lambda-end 0.1 --eet-translator-rank 0 --eet-max-frozen-kv-frac 0.75 --eet-exit-threshold 0.5 --eet-min-exit-layer 1 --eet-loss-variant reconstruct --eet-topk-vocab 512 --eet-entropy-lambda 0.3 --eet-surprise-lambda 0.1 --eet-adv-lambda 1.0 --eet-adv-entropy-lambda 0.2 --eet-quality-lambda 1.0 --eet-quality-entropy-bonus 0.1 --eet-gumbel-temp-start 0.0 --eet-gumbel-temp-end 0.1 --eet-gumbel-hard 1 --eet-commitment-beta 0.1 --eet-global-router 0 --eet-freq-efficiency-alpha 0.0 --eet-diversity-lambda 0.0 --eet-ce-guided-lambda 1.0 --eet-router-lr-mult 5.0 --eet-model-lr-mult 1.0 --eet-depth-weight-type none --eet-depth-weight-max 2.5 --eet-use-override 0 --eet-override-prob-start 0.5 --eet-override-prob-end 0.1 --eet-capacity-alignment-lambda 0.0 --eet-router-task-grad 1 --eet-reinforce-interval 0 --eet-reinforce-lambda 0.1 --eet-exit-adapter-rank 0 --eet-router-after-block 0 --eet-ffn-skip 0 --eet-ffn-target-frac 0.5 --eet-ffn-full-attn 1 --eet-depth-affine 0 --eet-capacity-anneal-frac 0.0 --eet-learned-schedule 0 --eet-departure-summary 0 --eet-route-consistency-lambda 0.0 --eet-dense-distill-interval 0 --eet-dense-distill-lambda 0.5 --eet-depth-lr-scale 0 --eet-depth-grad-scale 0 --eet-detach-aux-from-backbone 0 --eet-detach-exit-from-backbone 0 --compile --tokenizer-dir tokenizer --data-dir data --max-shards 300 --checkpoints-dir /__modal/volumes/vo-q9X3cVMlvxtARa1XtZDdx6/out/p08_mst_parity/d8/CTRL_dense_hd128_s1/depth_8/ckpt_base --model-tag base
2026-08-08 07:19:25,282 - httpx - INFO - HTTP Request: HEAD https://huggingface.co/varunneal/flash-attention-3/resolve/main/kernel-status.toml "HTTP/1.1 404 Not Found"
2026-08-08 07:19:25,401 - httpx - INFO - HTTP Request: GET https://huggingface.co/api/models/varunneal/flash-attention-3/tree/main/build?recursive=false&expand=false "HTTP/1.1 200 OK"
2026-08-08 07:19:25,528 - httpx - INFO - HTTP Request: GET https://huggingface.co/api/models/varunneal/flash-attention-3/revision/main "HTTP/1.1 200 OK"

                                                       █████                █████
                                                      ░░███                ░░███
     ████████    ██████   ████████    ██████   ██████  ░███████    ██████  ███████
    ░░███░░███  ░░░░░███ ░░███░░███  ███░░███ ███░░███ ░███░░███  ░░░░░███░░░███░
     ░███ ░███   ███████  ░███ ░███ ░███ ░███░███ ░░░  ░███ ░███   ███████  ░███
     ░███ ░███  ███░░███  ░███ ░███ ░███ ░███░███  ███ ░███ ░███  ███░░███  ░███ ███
     ████ █████░░████████ ████ █████░░██████ ░░██████  ████ █████░░███████  ░░█████
    ░░░░ ░░░░░  ░░░░░░░░ ░░░░ ░░░░░  ░░░░░░   ░░░░░░  ░░░░ ░░░░░  ░░░░░░░░   ░░░░░
    
Autodetected device type: cuda
2026-08-08 07:19:28,271 - nanochat.common - INFO - Distributed world size: 1
GPU: NVIDIA H200 | Peak FLOPS (BF16): 9.89e+14
COMPUTE_DTYPE: torch.bfloat16 (auto-detected: CUDA SM 90 (bf16 supported))
✓ Using Flash Attention 3 (Hopper GPU detected) — efficient and fast.
Vocab size: 32,768
Model config:
{
  "sequence_len": 2048,
  "vocab_size": 32768,
  "n_layer": 8,
  "n_head": 4,
  "n_kv_head": 4,
  "n_embd": 512,
  "use_moe": false,
  "use_perm": false,
  "moe_num_experts": 8,
  "moe_router_dim": 64,
  "moe_embed_dim": 64,
  "dropout": 0.0,
  "use_remix_linear": false,
  "remix_context_dim": 64,
  "remix_context_dim_ratio": 6,
  "remix_basis_size": 64,
  "remix_output_gate_rank": 16,
  "remixed_linear_kwargs": {
    "use_basis_gate": true,
    "use_output_gate": true,
    "use_context": true,
    "basis_gate_mode": "mlp",
    "sparse_gate_k": 0,
    "gate_temperature": 1.0,
    "basis_scale_factor": 4,
    "n_templates": 1,
    "template_routing_learned": false,
    "template_topk": 0,
    "tiny_expert": false,
    "tiny_expert_topk": 16,
    "lokr_expert": false,
    "lokr_n_experts": 64,
    "lokr_topk": 16,
    "lokr_rank": 4,
    "lokr_learned": false,
    "basis_gate_rank": 8,
    "disable_ln_basis": false,
    "chunk_route_impl": "compose",
    "top1_gate": "ones",
    "template_delta_rank": 0,
    "route_side": "output",
    "drop_basis_proj": false,
    "basis_side_templates": 0,
    "grad_equalize": false,
    "output_gate_rank": 16,
    "operator_modulation": "none",
    "lie_generators": 4,
    "poly_order": 2,
    "grassmann_bank_size": 4
  },
  "use_pos_embed": false,
  "moe_use_abs_pos_embed": false,
  "use_layer_context": true,
  "scale_basis_size": true,
  "remix_use_dual_gate": false,
  "remix_use_fused": false,
  "p26_output_gated_linear": 0,
  "p28_shared_basis": 0,
  "p28_chunk_routing_size": 0,
  "p28_global_template_bank": "none",
  "p28_attn_proj_templates": 0,
  "p28_attn_qk_templates": 0,
  "p29_template_block_diag": 0,
  "p29_template_lr_scale": 1.0,
  "p29_grad_equalize": 0,
  "p34_ffn_mult": 4.0,
  "p34_ffn_single": 0,
  "p34_dense_attn": 0,
  "legacy_init_fallback": 0,
  "p35_template_diversity_lambda": 0.0,
  "p22_route_affine": 0,
  "p34_ffn_schedule": "",
  "p34_ffn_no_ffn_replacement": "none",
  "p34_ffn_last_depth": 1,
  "p36_swiglu_ffn": 0,
  "p36_swiglu_mult": 2.6666666666666665,
  "cond_sites": "both",
  "cond_rank": 256,
  "cond_mult_steps": 0,
  "cond_gate_source": "router",
  "cond_coeff_act": "centered",
  "cond_router_rank": 0,
  "cond_live_init": 0.0,
  "cond_router_act": "none",
  "cond_chunk_size": 0,
  "cond_mult_scale": -1.0,
  "cond_mult_impl": "wy",
  "cond_attn_projs": "qkvo",
  "cond_layer_frac": 1.0,
  "perm_expert_mode": "low_rank",
  "perm_rank": 16,
  "router_context_window": -1,
  "router_causal": true,
  "router_num_heads": 4,
  "router_num_queries": 16,
  "router_n_layers": 2,
  "router_use_vocab_prior": false,
  "window_pattern": "SSSL",
  "cclblock_modulation": "weight",
  "cclblock_orth_lambda": 0.0,
  "cclblock_context_stream": "local",
  "cclblock_ema_factor": 0.99,
  "cclblock_stale_ctx_lag": 0,
  "cclblock_sparse_gate_k": 0,
  "cclblock_gate_temperature": 1.0,
  "cclblock_context_bank_size": 0,
  "cclblock_per_head_ctx": false,
  "cclblock_context_source": "norm_x",
  "cclblock_chunk_size": 0,
  "cclblock_aux_objective": "none",
  "cclblock_aux_lambda": 0.1,
  "cclblock_boundary_token_id": 198,
  "use_ral": false,
  "ral_rank": 32,
  "cclblock_film_gate": false,
  "cclblock_attn_shadow_dim": 0,
  "cclblock_dynamic_ratio": 0.25,
  "cclblock_gate_rank": 8,
  "cclblock_num_regimes": 8,
  "cclblock_regime_temperature": 1.0,
  "cclblock_poly_order": 2,
  "cclblock_lie_generators": 4,
  "cclblock_grassmann_bank_size": 4,
  "cclblock_tucker_rank": 32,
  "cclblock_tucker_modes": 8,
  "cclblock_svs_rank": 64,
  "cclblock_svs_eps": 0.1,
  "cclblock_vq_codes": 8,
  "cclblock_vq_temperature": 1.0,
  "cclblock_dcu_warmup_steps": 0,
  "cclblock_fsi_rotations": 8,
  "cclblock_fsi_selector_dim": 64,
  "cclblock_aesp_strata": 4,
  "cclblock_aesp_delta_rank": 4,
  "cclblock_ckr_branches": 4,
  "cclblock_ckr_kernel_size": 64,
  "cclblock_ckr_pos_channels": 1,
  "cclblock_ckr_dual_optim": 0,
  "cclblock_ckr_content_bias": 0.0,
  "cclblock_giad_rank": 32,
  "cclblock_psg_kernel_size": 64,
  "cclblock_ss_dynamic_ratio": 0.25,
  "cclblock_ss_branches": 2,
  "cclblock_ss_kernel_size": 64,
  "cclblock_lokr_branches": 8,
  "cclblock_lokr_rank": 16,
  "cclblock_ckr_temp_start": 2.0,
  "cclblock_ckr_temp_end": 0.3,
  "cclblock_com_kernel_size": 32,
  "cclblock_ckr_ortho_init": 0,
  "cclblock_ckr_branch_dropout": 0.0,
  "cclblock_ckr_diversity_lambda": 0.0,
  "cclblock_ckr_layer_selective": 0,
  "cclblock_pgr_kernel_size": 64,
  "cclblock_cil_kernel_size": 64,
  "cclblock_prb_kernel_size": 64,
  "p18_layer_drop": 0.0,
  "p18_dynamic_activation": 0,
  "p18_mixture_norm": 0,
  "p18_causal_attn_bias": 0,
  "p18_aux_sim_lambda": 0.0,
  "p18_gradient_penalty": 0.0,
  "p18_per_channel_scale": 0,
  "p19_residual_gate": 0,
  "p19_head_importance": 0,
  "p19_residual_mix_groups": 0,
  "p19_attn_logit_bias": 0,
  "p19_residual_decay": 0,
  "p19_grad_equilibrium": 0.0,
  "p19_spectral_reparam": 0,
  "p19_weight_anticollapse": 0.0,
  "p19_ve_bias": 0,
  "p19_weight_noise": 0.0,
  "p20_hrcs_scale": 0,
  "p20_lswr_scale": 0,
  "p20_lswr_planes": 8,
  "p20_lrcfb_branches": 0,
  "p20_lrcfb_narrow": 0,
  "p20_lrcfb_learned": 0,
  "p20_lrcfb_topk": 0,
  "p20_dgcr_branches": 0,
  "p20_dgcr_aux_weight": 0.01,
  "p20_mone_experts": 0,
  "p20_mone_topk": 0,
  "p20_mone_narrow": 1,
  "p20_mone_frozen": 0,
  "p20_ncea_branches": 0,
  "p20_ncea_eps": 0.1,
  "p20_adwi": 0,
  "p20_pwu_branches": 0,
  "p20_pwu_phase": 1,
  "p20_fsvd_gate": 0,
  "p20_wbfc_clusters": 0,
  "p20_wbfc_active": 0,
  "p21_per_experts": 0,
  "p21_per_topk": 0,
  "p21_per_learned": 0,
  "p21_per_attn": 0,
  "p22_attn_moe_route": "none",
  "p23_tiny_expert": 0,
  "p23_n_experts": 64,
  "p23_topk": 16,
  "p23_learned_route": 0,
  "p23_std_moe_experts": 0,
  "p23_std_moe_topk": -1,
  "p23_std_moe_aux_weight": 0.01,
  "p23_lokr": 0,
  "p23_lokr_rank": 4,
  "p23_use_shared_block_router": 0,
  "p23_linear_moe_experts": 0,
  "p23_linear_moe_topk": 0,
  "p23_quantile_route": 0,
  "remix_shared_context_gates": 0,
  "p24_use_sliced_weight": 0,
  "p24_sliced_weight_reduction_scale": 8,
  "p24_sliced_weight_min_select": 128,
  "p24_sliced_weight_scope": "per_token",
  "p24_sliced_weight_balance_coeff": 0.01,
  "p24_quantile_route": 0,
  "p24_use_folded_mod": 0,
  "p24_folded_mod_reduction_scale": 8,
  "p24_folded_mod_min_dim": 128,
  "p24_folded_mod_scope": "per_layer",
  "p24_folded_mod_gate_act": "tanh_centered",
  "p24_use_sequence_gated_linear": 0,
  "p24_sequence_gated_scope": "per_layer",
  "p24_sequence_gated_act": "tanh_centered",
  "remix_disable_ln_basis": 0,
  "dense_intermediate_ln": 0,
  "use_mst": false,
  "mst_n_subs": 8,
  "mst_sub_dim": 64,
  "mst_head_dim": 0,
  "mst_input_mode": "fixed_slice",
  "mst_rotated_slice_learned": false,
  "mst_routing_mode": "soft_weighted",
  "mst_routing_topk": 4,
  "mst_routing_aux_weight": 0.01,
  "mst_diversity_weight": 0.0,
  "mst_ffn_mode": "standard",
  "mst_transition_mode": "parallel",
  "mst_final_mode": "aggregate_proj",
  "mst_final_topk": -1,
  "mst_ffn_shared_up": 0,
  "mst_ffn_inner_dim": 0,
  "mst_sub_dropout": 0.0,
  "mst_transition_every": 1,
  "mst_ffa_temperature": 1.0,
  "mst_global_residual": 0,
  "mst_hybrid_dense": 0,
  "mst_cross_sub_kv": 0,
  "mst_sub_aux_weight": 0.0,
  "mst_progressive_merge": 0,
  "mst_multi_scale_windows": 0,
  "mst_delta_residual": 0,
  "mst_sub_layers": 1,
  "mst_grad_equalize": 0,
  "mst_block_diagonal_muon": 0,
  "mst_transition_width_mult": 1.0,
  "mst_sub_lr_scale": 1.0,
  "mst_shared_expert": 0,
  "mst_router_entropy_weight": 0.0,
  "mst_shared_kv_attn": 0,
  "mst_contrastive_diversity_weight": 0.0,
  "mst_transition_nonlinear": 0,
  "mst_transition_gated": 0,
  "mst_transition_mlp": 0,
  "mst_cross_sub_gate": 0,
  "mst_hyper_connect": 0,
  "mst_cross_kv_inject": 0,
  "mst_slice_transition": 0,
  "mst_lookback_layers": 0,
  "mst_bilinear_transition": 0,
  "mst_cross_sub_qmod": 0,
  "mst_feature_cycle": 0,
  "mst_mean_transition": 0,
  "mst_sub_head_dim": 0,
  "mst_final_norm": 0,
  "mst_per_stream_ve": 0,
  "use_eet": false,
  "eet_frozen_kv": true,
  "eet_reenter_final": false,
  "eet_router_type": "mlp2",
  "eet_router_hidden": 0,
  "eet_freq_prior_alpha": 0.0,
  "eet_pos_prior_beta": 0.0,
  "eet_domain_prior": false,
  "eet_warmup_frac": 0.02,
  "eet_explore_frac": 0.15,
  "eet_reconstruct_lambda": 1.0,
  "eet_efficiency_lambda_start": 0.01,
  "eet_efficiency_lambda_end": 0.1,
  "eet_translator_rank": 0,
  "eet_max_frozen_kv_frac": 0.75,
  "eet_exit_threshold": 0.5,
  "eet_min_exit_layer": 1,
  "eet_loss_variant": "reconstruct",
  "eet_topk_vocab": 512,
  "eet_entropy_lambda": 0.3,
  "eet_surprise_lambda": 0.1,
  "eet_adv_lambda": 1.0,
  "eet_adv_entropy_lambda": 0.2,
  "eet_quality_lambda": 1.0,
  "eet_quality_entropy_bonus": 0.1,
  "eet_gumbel_temp_start": 0.0,
  "eet_gumbel_temp_end": 0.1,
  "eet_gumbel_hard": true,
  "eet_commitment_beta": 0.1,
  "eet_global_router": false,
  "eet_freq_efficiency_alpha": 0.0,
  "eet_diversity_lambda": 0.0,
  "eet_ce_guided_lambda": 1.0,
  "eet_router_lr_mult": 5.0,
  "eet_model_lr_mult": 1.0,
  "eet_depth_weight_type": "none",
  "eet_depth_weight_max": 2.5,
  "eet_use_override": 0,
  "eet_override_prob_start": 0.5,
  "eet_override_prob_end": 0.1,
  "eet_compute_skip": false,
  "eet_target_active_frac": 0.125,
  "eet_capacity_schedule": "bell",
  "eet_exit_fracs": null,
  "eet_capacity_alignment_lambda": 0.0,
  "eet_router_task_grad": true,
  "eet_reinforce_interval": 0,
  "eet_reinforce_lambda": 0.1,
  "eet_exit_adapter_rank": 0,
  "eet_router_after_block": 0,
  "eet_ffn_skip": false,
  "eet_ffn_target_frac": 0.5,
  "eet_ffn_full_attn": true,
  "eet_depth_affine": false,
  "eet_capacity_anneal_frac": 0.0,
  "eet_learned_schedule": false,
  "eet_departure_summary": false,
  "eet_route_consistency_lambda": 0.0,
  "eet_dense_distill_interval": 0,
  "eet_dense_distill_lambda": 0.5,
  "eet_depth_lr_scale": false,
  "eet_depth_grad_scale": false,
  "eet_detach_aux_from_backbone": false,
  "eet_detach_exit_from_backbone": false
}
Seeded weight init with --seed 1
Checkpoints directory: /__modal/volumes/vo-q9X3cVMlvxtARa1XtZDdx6/out/p08_mst_parity/d8/CTRL_dense_hd128_s1/depth_8/ckpt_base/base
✓ Wrapping model with DistributedDataParallel (rank 0, find_unused_parameters=False)
Parameter counts:
wte                     : 16,777,216
wpe                     : 0
value_embeds            : 67,108,864
lm_head                 : 16,777,216
transformer_matrices    : 25,166,336
research                : 0
scalars                 : 16
total                   : 125,829,648
Estimated FLOPs per token (total):  2.862643e+08
Estimated FLOPs per token (active): 2.862643e+08
Estimated active params:            125,829,648
Scaling LRs by 0.7071 for batch size 262,144 (reference: 524,288)
Scaling weight decay from 0.200000 to 0.183848 for depth 8
Scaling the LR for the AdamW parameters ∝1/√(512/768) = 1.224745
Calculated number of iterations from target data:param ratio: 1,680
Total number of training tokens: 440,401,920
Tokens : Scaling params ratio: 10.50
Total training FLOPs estimate: 1.260714e+17
Total active training FLOPs estimate: 1.260714e+17
Using base scheduler: linear warmup/flat/linear warmdown
Tokens / micro-batch / rank: 128 x 2048 = 262,144
Tokens / micro-batch: 262,144
Total batch size 262,144 => gradient accumulation steps: 1
Running pre-compilation warmup (1 dummy forward+backward to init lazy allocations)...
[rank0]:W0808 07:19:29.882000 21899 site-packages/torch/_logging/_internal.py:1199] [0/0] Profiler function <class 'torch.autograd.profiler.record_function'> will be ignored
Warmup complete. Steady-state VRAM: 5.8 GB allocated
step 00000/01680 (0.00%) | loss: 10.397719 | lrm: 0.12 | lr(adamw:5.088e-02, muon:1.768e-03) | dt: 574.29ms | tok/sec: 456,466 | bf16_mfu: 13.21 | epoch: 1 pq: 0 rg: 1 | total time: 0.00m
2026-08-08 07:22:38,849 - nanochat.checkpoint_manager - INFO - Saved model parameters to: /__modal/volumes/vo-q9X3cVMlvxtARa1XtZDdx6/out/p08_mst_parity/d8/CTRL_dense_hd128_s1/depth_8/ckpt_base/base/model_000200.pt
2026-08-08 07:22:38,856 - nanochat.checkpoint_manager - INFO - Saved metadata to: /__modal/volumes/vo-q9X3cVMlvxtARa1XtZDdx6/out/p08_mst_parity/d8/CTRL_dense_hd128_s1/depth_8/ckpt_base/base/meta_000200.json
2026-08-08 07:22:40,346 - nanochat.checkpoint_manager - INFO - Saved optimizer state to: /__modal/volumes/vo-q9X3cVMlvxtARa1XtZDdx6/out/p08_mst_parity/d8/CTRL_dense_hd128_s1/depth_8/ckpt_base/base/optim_000200_rank0.pt
step 00200/01680 (11.90%) | loss: 3.971671 | lrm: 1.00 | lr(adamw:4.071e-01, muon:1.414e-02) | dt: 269.77ms | tok/sec: 971,730 | bf16_mfu: 28.13 | epoch: 1 pq: 1 rg: 17 | total time: 0.81m | eta: 6.3m
2026-08-08 07:23:31,621 - nanochat.checkpoint_manager - INFO - Saved model parameters to: /__modal/volumes/vo-q9X3cVMlvxtARa1XtZDdx6/out/p08_mst_parity/d8/CTRL_dense_hd128_s1/depth_8/ckpt_base/base/model_000400.pt
2026-08-08 07:23:31,631 - nanochat.checkpoint_manager - INFO - Saved metadata to: /__modal/volumes/vo-q9X3cVMlvxtARa1XtZDdx6/out/p08_mst_parity/d8/CTRL_dense_hd128_s1/depth_8/ckpt_base/base/meta_000400.json
2026-08-08 07:23:33,087 - nanochat.checkpoint_manager - INFO - Saved optimizer state to: /__modal/volumes/vo-q9X3cVMlvxtARa1XtZDdx6/out/p08_mst_parity/d8/CTRL_dense_hd128_s1/depth_8/ckpt_base/base/optim_000400_rank0.pt
Removed previous periodic checkpoint at step 000200
step 00400/01680 (23.81%) | loss: 3.647452 | lrm: 1.00 | lr(adamw:4.071e-01, muon:1.414e-02) | dt: 253.13ms | tok/sec: 1,035,619 | bf16_mfu: 29.98 | epoch: 1 pq: 2 rg: 30 | total time: 1.65m | eta: 5.4m
2026-08-08 07:24:24,013 - nanochat.checkpoint_manager - INFO - Saved model parameters to: /__modal/volumes/vo-q9X3cVMlvxtARa1XtZDdx6/out/p08_mst_parity/d8/CTRL_dense_hd128_s1/depth_8/ckpt_base/base/model_000600.pt
2026-08-08 07:24:24,022 - nanochat.checkpoint_manager - INFO - Saved metadata to: /__modal/volumes/vo-q9X3cVMlvxtARa1XtZDdx6/out/p08_mst_parity/d8/CTRL_dense_hd128_s1/depth_8/ckpt_base/base/meta_000600.json
2026-08-08 07:24:25,637 - nanochat.checkpoint_manager - INFO - Saved optimizer state to: /__modal/volumes/vo-q9X3cVMlvxtARa1XtZDdx6/out/p08_mst_parity/d8/CTRL_dense_hd128_s1/depth_8/ckpt_base/base/optim_000600_rank0.pt
Removed previous periodic checkpoint at step 000400
step 00600/01680 (35.71%) | loss: 3.515400 | lrm: 0.99 | lr(adamw:4.028e-01, muon:1.399e-02) | dt: 254.28ms | tok/sec: 1,030,927 | bf16_mfu: 29.84 | epoch: 1 pq: 3 rg: 44 | total time: 2.49m | eta: 4.5m
2026-08-08 07:25:16,742 - nanochat.checkpoint_manager - INFO - Saved model parameters to: /__modal/volumes/vo-q9X3cVMlvxtARa1XtZDdx6/out/p08_mst_parity/d8/CTRL_dense_hd128_s1/depth_8/ckpt_base/base/model_000800.pt
2026-08-08 07:25:16,753 - nanochat.checkpoint_manager - INFO - Saved metadata to: /__modal/volumes/vo-q9X3cVMlvxtARa1XtZDdx6/out/p08_mst_parity/d8/CTRL_dense_hd128_s1/depth_8/ckpt_base/base/meta_000800.json
2026-08-08 07:25:18,203 - nanochat.checkpoint_manager - INFO - Saved optimizer state to: /__modal/volumes/vo-q9X3cVMlvxtARa1XtZDdx6/out/p08_mst_parity/d8/CTRL_dense_hd128_s1/depth_8/ckpt_base/base/optim_000800_rank0.pt
Removed previous periodic checkpoint at step 000600
step 00800/01680 (47.62%) | loss: 3.407737 | lrm: 0.82 | lr(adamw:3.320e-01, muon:1.153e-02) | dt: 258.42ms | tok/sec: 1,014,404 | bf16_mfu: 29.36 | epoch: 1 pq: 4 rg: 58 | total time: 3.32m | eta: 3.7m
2026-08-08 07:26:09,591 - nanochat.checkpoint_manager - INFO - Saved model parameters to: /__modal/volumes/vo-q9X3cVMlvxtARa1XtZDdx6/out/p08_mst_parity/d8/CTRL_dense_hd128_s1/depth_8/ckpt_base/base/model_001000.pt
2026-08-08 07:26:09,602 - nanochat.checkpoint_manager - INFO - Saved metadata to: /__modal/volumes/vo-q9X3cVMlvxtARa1XtZDdx6/out/p08_mst_parity/d8/CTRL_dense_hd128_s1/depth_8/ckpt_base/base/meta_001000.json
2026-08-08 07:26:11,090 - nanochat.checkpoint_manager - INFO - Saved optimizer state to: /__modal/volumes/vo-q9X3cVMlvxtARa1XtZDdx6/out/p08_mst_parity/d8/CTRL_dense_hd128_s1/depth_8/ckpt_base/base/optim_001000_rank0.pt
Removed previous periodic checkpoint at step 000800
step 01000/01680 (59.52%) | loss: 3.325982 | lrm: 0.64 | lr(adamw:2.612e-01, muon:9.073e-03) | dt: 261.03ms | tok/sec: 1,004,249 | bf16_mfu: 29.07 | epoch: 1 pq: 5 rg: 73 | total time: 4.16m | eta: 2.9m
2026-08-08 07:27:03,582 - nanochat.checkpoint_manager - INFO - Saved model parameters to: /__modal/volumes/vo-q9X3cVMlvxtARa1XtZDdx6/out/p08_mst_parity/d8/CTRL_dense_hd128_s1/depth_8/ckpt_base/base/model_001200.pt
2026-08-08 07:27:03,591 - nanochat.checkpoint_manager - INFO - Saved metadata to: /__modal/volumes/vo-q9X3cVMlvxtARa1XtZDdx6/out/p08_mst_parity/d8/CTRL_dense_hd128_s1/depth_8/ckpt_base/base/meta_001200.json
2026-08-08 07:27:05,260 - nanochat.checkpoint_manager - INFO - Saved optimizer state to: /__modal/volumes/vo-q9X3cVMlvxtARa1XtZDdx6/out/p08_mst_parity/d8/CTRL_dense_hd128_s1/depth_8/ckpt_base/base/optim_001200_rank0.pt
Removed previous periodic checkpoint at step 001000
step 01200/01680 (71.43%) | loss: 3.264356 | lrm: 0.47 | lr(adamw:1.903e-01, muon:6.613e-03) | dt: 275.82ms | tok/sec: 950,425 | bf16_mfu: 27.51 | epoch: 1 pq: 7 rg: 5 | total time: 5.02m | eta: 2.0m
2026-08-08 07:27:56,776 - nanochat.checkpoint_manager - INFO - Saved model parameters to: /__modal/volumes/vo-q9X3cVMlvxtARa1XtZDdx6/out/p08_mst_parity/d8/CTRL_dense_hd128_s1/depth_8/ckpt_base/base/model_001400.pt
2026-08-08 07:27:56,786 - nanochat.checkpoint_manager - INFO - Saved metadata to: /__modal/volumes/vo-q9X3cVMlvxtARa1XtZDdx6/out/p08_mst_parity/d8/CTRL_dense_hd128_s1/depth_8/ckpt_base/base/meta_001400.json
2026-08-08 07:27:58,348 - nanochat.checkpoint_manager - INFO - Saved optimizer state to: /__modal/volumes/vo-q9X3cVMlvxtARa1XtZDdx6/out/p08_mst_parity/d8/CTRL_dense_hd128_s1/depth_8/ckpt_base/base/optim_001400_rank0.pt
Removed previous periodic checkpoint at step 001200
step 01400/01680 (83.33%) | loss: 3.207181 | lrm: 0.29 | lr(adamw:1.195e-01, muon:4.152e-03) | dt: 346.00ms | tok/sec: 757,638 | bf16_mfu: 21.93 | epoch: 1 pq: 8 rg: 20 | total time: 5.87m | eta: 1.2m
2026-08-08 07:28:50,902 - nanochat.checkpoint_manager - INFO - Saved model parameters to: /__modal/volumes/vo-q9X3cVMlvxtARa1XtZDdx6/out/p08_mst_parity/d8/CTRL_dense_hd128_s1/depth_8/ckpt_base/base/model_001600.pt
2026-08-08 07:28:50,913 - nanochat.checkpoint_manager - INFO - Saved metadata to: /__modal/volumes/vo-q9X3cVMlvxtARa1XtZDdx6/out/p08_mst_parity/d8/CTRL_dense_hd128_s1/depth_8/ckpt_base/base/meta_001600.json
2026-08-08 07:28:52,469 - nanochat.checkpoint_manager - INFO - Saved optimizer state to: /__modal/volumes/vo-q9X3cVMlvxtARa1XtZDdx6/out/p08_mst_parity/d8/CTRL_dense_hd128_s1/depth_8/ckpt_base/base/optim_001600_rank0.pt
Removed previous periodic checkpoint at step 001400
step 01600/01680 (95.24%) | loss: 3.161721 | lrm: 0.12 | lr(adamw:4.869e-02, muon:1.691e-03) | dt: 278.09ms | tok/sec: 942,661 | bf16_mfu: 27.29 | epoch: 1 pq: 9 rg: 34 | total time: 6.73m | eta: 0.3m
step 01679/01680 (99.94%) | loss: 3.158265 | lrm: 0.05 | lr(adamw:2.071e-02, muon:7.194e-04) | dt: 271.87ms | tok/sec: 964,238 | bf16_mfu: 27.91 | epoch: 1 pq: 9 rg: 73 | total time: 7.06m | eta: 0.0m
/usr/local/lib/python3.12/site-packages/torch/_dynamo/variables/functions.py:1598: UserWarning: Dynamo does not know how to trace the builtin `torch._C._distributed_c10d.pybind11_detail_function_record_v1_system_libstdcpp_gxx_abi_1xxx_use_cxx11_abi_1._broadcast_coalesced.` This function is either a Python builtin (e.g. _warnings.warn) or a third-party C/C++ Python extension (perhaps created with pybind).
If it is a Python builtin, please file an issue on GitHub so the PyTorch team can add support for it and see the next case for a workaround.
If it is a third-party C/C++ Python extension, please either wrap it into a PyTorch-understood custom operator (see https://pytorch.org/tutorials/advanced/custom_ops_landing_page.html for more details) or, if it is traceable, use `torch.compiler.allow_in_graph`.
  torch._dynamo.utils.warn_once(explanation + "\n" + "\n".join(hints))
Step 01680 | Validation bpb: 0.959331 | val_loss: 3.146778
<|bos|>The capital of France is the capital of France. The capital of France is the capital of France. The
<|bos|>The chemical symbol of gold is gold. The symbol of gold is gold. The symbol of gold is gold.
<|bos|>If yesterday was Friday, then tomorrow will be the day of the day of the day of the day of the day of the
<|bos|>The opposite of hot is the fact that the temperature of the water is not the same as the temperature of
<|bos|>The planets of the solar system are: Jupiter, Saturn, Uranus, Neptune, Neptune, Uran
<|bos|>My favorite color is red. I love it. I love it. I love it. I love
<|bos|>If 5*x + 3 = 13, then x is 5*x + 3*x + 3*x + 
2026-08-08 07:31:19,643 - nanochat.checkpoint_manager - INFO - Saved model parameters to: /__modal/volumes/vo-q9X3cVMlvxtARa1XtZDdx6/out/p08_mst_parity/d8/CTRL_dense_hd128_s1/depth_8/ckpt_base/base/model_001680.pt
2026-08-08 07:31:19,657 - nanochat.checkpoint_manager - INFO - Saved metadata to: /__modal/volumes/vo-q9X3cVMlvxtARa1XtZDdx6/out/p08_mst_parity/d8/CTRL_dense_hd128_s1/depth_8/ckpt_base/base/meta_001680.json
2026-08-08 07:31:21,197 - nanochat.checkpoint_manager - INFO - Saved optimizer state to: /__modal/volumes/vo-q9X3cVMlvxtARa1XtZDdx6/out/p08_mst_parity/d8/CTRL_dense_hd128_s1/depth_8/ckpt_base/base/optim_001680_rank0.pt
step 01680/01680 (final) | loss: 3.158265 | early_stop: 0
Peak memory usage: 62902.33MiB
Total training time: 7.06m
Minimum validation bpb: 0.959331
Minimum validation loss (nats/byte): 3.146778
Final Validation BPB for base: 0.9593

--- Generating Report ---
Saved plot to out/p08_mst_parity/d8/CTRL_dense_hd128_s1/depth_8/comparison_depth_8.png
Saved TSV data to out/p08_mst_parity/d8/CTRL_dense_hd128_s1/depth_8/results_depth_8.tsv
Generating report to out/report/report.md
Copying report.md to current directory for convenience
================================================================
Sweep Complete! Results saved to out/p08_mst_parity/d8/CTRL_dense_hd128_s1
================================================================
✅  CTRL_dense_hd128_s1

━━━ CTRL_dense_hd32_s1  (depth 8) ━━━
Requested NPROC_PER_NODE=8, but only 1 GPU(s) visible. Capping.
Using NPROC_PER_NODE=1
NANOCHAT_SKIP_ENV_SETUP=0
===== GPU Info =====
Sat Aug  8 07:31:31 2026       
+-----------------------------------------------------------------------------------------+
| NVIDIA-SMI 580.95.05              Driver Version: 580.95.05      CUDA Version: 13.0     |
+-----------------------------------------+------------------------+----------------------+
| GPU  Name                 Persistence-M | Bus-Id          Disp.A | Volatile Uncorr. ECC |
| Fan  Temp   Perf          Pwr:Usage/Cap |           Memory-Usage | GPU-Util  Compute M. |
|                                         |                        |               MIG M. |
|=========================================+========================+======================|
|   0  NVIDIA H200                    On  |   00000000:8C:00.0 Off |                    0 |
| N/A   39C    P0             80W /  700W |      98MiB / 143771MiB |      0%      Default |
|                                         |                        |             Disabled |
+-----------------------------------------+------------------------+----------------------+

+-----------------------------------------------------------------------------------------+
| Processes:                                                                              |
|  GPU   GI   CI              PID   Type   Process name                        GPU Memory |
|        ID   ID                                                               Usage      |
|=========================================================================================|
|  No running processes found                                                             |
+-----------------------------------------------------------------------------------------+
Starting Research Sweep. Output directory: out/p08_mst_parity/d8/CTRL_dense_hd32_s1
UV_SYSTEM_PYTHON=1: using system Python, skipping venv creation.
Validating system environment dependencies via uv...
Using Python 3.12.10 environment at: /usr/local
Resolved 159 packages in 474ms
   Building nanochat @ file:///__modal/volumes/vo-q9X3cVMlvxtARa1XtZDdx6
      Built nanochat @ file:///__modal/volumes/vo-q9X3cVMlvxtARa1XtZDdx6
Prepared 1 package in 2.61s
Uninstalled 1 package in 1ms
Installed 1 package in 4ms
 ~ nanochat==0.1.0 (from file:///__modal/volumes/vo-q9X3cVMlvxtARa1XtZDdx6)
Reset report and wrote header to out/report/header.md
Dataset (up to 300 shards) already exists in data, skipping download.
Tokenizer already exists in tokenizer, skipping training.
================================================================
Processing Depth: 8
================================================================
2026-08-08 07:31:52,933 - httpx - INFO - HTTP Request: HEAD https://huggingface.co/varunneal/flash-attention-3/resolve/main/kernel-status.toml "HTTP/1.1 404 Not Found"
2026-08-08 07:31:53,060 - httpx - INFO - HTTP Request: GET https://huggingface.co/api/models/varunneal/flash-attention-3/tree/main/build?recursive=false&expand=false "HTTP/1.1 200 OK"
2026-08-08 07:31:53,176 - httpx - INFO - HTTP Request: GET https://huggingface.co/api/models/varunneal/flash-attention-3/revision/main "HTTP/1.1 200 OK"
[sweep] Requested 8 DDP workers but only 1 GPU(s) available — using 1.
================================================================
Starting Sweep for Depth 8
Target Tokens: Auto (per-model param count)
================================================================
  Overriding head_dim (128) with --head-dim 32
  Overriding default target_dim (128) with full model_dim 512

--- Training base ---

  ┌─────────────────────────────────────────────────────┐
  │  🆕  STARTING FRESH: [base]
  │     No checkpoints found — training from scratch.
  └─────────────────────────────────────────────────────┘

Running: /usr/local/bin/torchrun --standalone --nproc_per_node=1 -m scripts.base_train --depth 8 --aspect-ratio 64 --head-dim 32 --model-dim 512 --max-seq-len 2048 --device-batch-size 128 --total-batch-size 262144 --target-tokens -1 --target-param-data-ratio 10.5 --eval-every -1 --log-every 200 --core-metric-every 0 --save-every 200 --warmup-ratio 0.005 --warmdown-ratio 0.65 --final-lr-frac 0.05 --adam-beta2 0.99 --research-warmup-ratio 0.05 --use-onecycle 0 --router-context-window -1 --remix-use-basis-gate 1 --remix-use-output-gate 1 --remix-use-context 1 --remix-basis-gate-mode mlp --remix-gate-lr-scale 0.3 --p22-n-templates 1 --p22-template-routing-learned 0 --p22-template-topk 0 --p22-attn-moe-route none --p26-output-gated-linear 0 --p28-shared-basis 0 --p28-chunk-routing-size 0 --p28-global-template-bank none --p28-attn-proj-templates 0 --p28-attn-qk-templates 0 --p31-chunk-route-impl compose --p31-top1-gate ones --p31-template-delta-rank 0 --p31-route-side output --p31-drop-basis-proj 0 --p31-basis-side-templates 0 --remix-template-block-diag 0 --remix-template-lr-scale 1.0 --p29-grad-equalize 0 --target-active-params 0 --remix-basis-gate-rank 8 --cclblock-modulation weight --cclblock-orth-lambda 0.0 --p35-template-diversity-lambda 0.0 --cclblock-context-stream local --cclblock-ema-factor 0.99 --cclblock-stale-ctx-lag 0 --cclblock-sparse-gate-k 0 --cclblock-gate-temperature 1.0 --cclblock-context-bank-size 0 --cclblock-per-head-ctx 0 --cclblock-context-source norm_x --cclblock-chunk-size 0 --cclblock-aux-objective none --cclblock-aux-lambda 0.1 --cclblock-boundary-token-id 198 --use-ral 0 --ral-rank 32 --p34-ffn-schedule  --p34-ffn-no-ffn-replacement none --p34-ffn-last-depth 1 --p36-swiglu-ffn 0 --p36-swiglu-mult 2.6666666666666665 --cond-sites both --p22-route-affine 0 --cond-rank 256 --cond-mult-steps 0 --cond-gate-source router --cond-coeff-act centered --cond-router-rank 0 --cond-router-act none --cond-live-init 0.0 --cond-chunk-size 0 --cond-mult-scale -1.0 --cond-mult-impl wy --cond-attn-projs qkvo --cond-layer-frac 1.0 --cclblock-film-gate 0 --cclblock-attn-shadow-dim 0 --cclblock-dynamic-ratio 0.25 --cclblock-gate-rank 8 --cclblock-num-regimes 8 --cclblock-regime-temperature 1.0 --cclblock-poly-order 2 --cclblock-lie-generators 4 --cclblock-grassmann-bank-size 4 --cclblock-tucker-rank 32 --cclblock-tucker-modes 8 --cclblock-svs-rank 64 --cclblock-svs-eps 0.1 --cclblock-vq-codes 8 --cclblock-vq-temperature 1.0 --cclblock-dcu-warmup-steps 0 --cclblock-fsi-rotations 8 --cclblock-fsi-selector-dim 64 --cclblock-aesp-strata 4 --cclblock-aesp-delta-rank 4 --cclblock-ckr-branches 4 --cclblock-ckr-kernel-size 64 --cclblock-ckr-pos-channels 1 --cclblock-ckr-dual-optim 0 --cclblock-ckr-content-bias 0.0 --cclblock-giad-rank 32 --cclblock-psg-kernel-size 64 --cclblock-ss-dynamic-ratio 0.25 --cclblock-ss-branches 2 --cclblock-ss-kernel-size 64 --cclblock-lokr-branches 8 --cclblock-lokr-rank 16 --cclblock-ckr-temp-start 2.0 --cclblock-ckr-temp-end 0.3 --cclblock-com-kernel-size 32 --cclblock-ckr-ortho-init 0 --cclblock-ckr-branch-dropout 0.0 --cclblock-ckr-diversity-lambda 0.0 --cclblock-pgr-kernel-size 64 --cclblock-cil-kernel-size 64 --cclblock-prb-kernel-size 64 --p18-layer-drop 0.0 --p18-dynamic-activation 0 --p18-mixture-norm 0 --p18-aux-sim-lambda 0.0 --p18-gradient-penalty 0.0 --p18-per-channel-scale 0 --p19-residual-gate 0 --p19-head-importance 0 --p19-residual-mix-groups 0 --p19-attn-logit-bias 0 --p19-residual-decay 0 --p19-grad-equilibrium 0.0 --p19-spectral-reparam 0 --p19-weight-anticollapse 0.0 --p19-ve-bias 0 --p19-weight-noise 0.0 --p20-hrcs-scale 0 --p20-lswr-scale 0 --p20-lswr-planes 8 --p20-lrcfb-branches 0 --p20-lrcfb-narrow 0 --p20-lrcfb-learned 0 --p20-lrcfb-topk 0 --p20-dgcr-branches 0 --p20-dgcr-aux-weight 0.01 --p20-mone-experts 0 --p20-mone-topk 0 --p20-mone-narrow 1 --p20-mone-frozen 0 --p20-ncea-branches 0 --p20-ncea-eps 0.1 --p20-adwi 0 --p20-pwu-branches 0 --p20-pwu-phase 1 --p20-fsvd-gate 0 --p20-wbfc-clusters 0 --p20-wbfc-active 0 --p21-per-experts 0 --p21-per-topk 0 --p21-per-learned 0 --p21-per-attn 0 --p23-tiny-expert 0 --p23-n-experts 64 --p23-topk 16 --p23-learned-route 0 --p23-std-moe-experts 0 --p23-std-moe-topk -1 --p23-std-moe-aux-weight 0.01 --p23-lokr 0 --p23-lokr-rank 4 --p23-use-shared-block-router 0 --p23-linear-moe-experts 0 --p23-linear-moe-topk 0 --p23-quantile-route 0 --seed 1 --p34-ffn-mult 4.0 --p34-ffn-single 0 --p34-dense-attn 0 --p24-use-sliced-weight 0 --p24-sliced-weight-reduction-scale 8 --p24-sliced-weight-min-select 128 --p24-sliced-weight-scope per_token --p24-sliced-weight-balance-coeff 0.01 --p24-quantile-route 0 --p24-use-folded-mod 0 --p24-folded-mod-reduction-scale 8 --p24-folded-mod-scope per_layer --p24-folded-mod-gate-act tanh_centered --p24-use-sequence-gated-linear 0 --p24-sequence-gated-scope per_layer --p24-sequence-gated-act tanh_centered --p24-folded-mod-min-dim 128 --remix-shared-context-gates 0 --remix-use-dual-gate 0 --remix-basis-scale-factor 4 --remix-output-gate-rank 16 --p24-use-sliced-weight 0 --p24-sliced-weight-reduction-scale 8 --p24-sliced-weight-min-select 128 --p24-sliced-weight-scope per_token --p24-sliced-weight-balance-coeff 0.01 --p24-quantile-route 0 --p24-use-folded-mod 0 --p24-folded-mod-reduction-scale 8 --p24-folded-mod-scope per_layer --p24-folded-mod-gate-act tanh_centered --p24-use-sequence-gated-linear 0 --p24-sequence-gated-scope per_layer --p24-sequence-gated-act tanh_centered --remix-disable-ln-basis 0 --dense-intermediate-ln 0 --use-mst 0 --mst-n-subs 8 --mst-sub-dim 64 --mst-head-dim 0 --mst-input-mode fixed_slice --mst-rotated-slice-learned 0 --mst-routing-mode soft_weighted --mst-routing-topk 4 --mst-routing-aux-weight 0.01 --mst-diversity-weight 0.0 --mst-ffn-mode standard --mst-transition-mode parallel --mst-final-mode aggregate_proj --mst-final-topk -1 --mst-ffn-shared-up 0 --mst-ffn-inner-dim 0 --mst-sub-dropout 0.0 --mst-transition-every 1 --mst-ffa-temperature 1.0 --mst-global-residual 0 --mst-hybrid-dense 0 --mst-cross-sub-kv 0 --mst-sub-aux-weight 0.0 --mst-progressive-merge 0 --mst-multi-scale-windows 0 --mst-delta-residual 0 --mst-sub-layers 1 --mst-grad-equalize 0 --mst-block-diagonal-muon 0 --mst-transition-width-mult 1.0 --mst-sub-lr-scale 1.0 --mst-shared-expert 0 --mst-router-entropy-weight 0.0 --mst-shared-kv-attn 0 --mst-contrastive-diversity-weight 0.0 --mst-transition-nonlinear 0 --mst-transition-gated 0 --mst-transition-mlp 0 --mst-cross-sub-gate 0 --mst-hyper-connect 0 --mst-cross-kv-inject 0 --mst-slice-transition 0 --mst-lookback-layers 0 --mst-bilinear-transition 0 --mst-cross-sub-qmod 0 --mst-feature-cycle 0 --mst-mean-transition 0 --mst-sub-head-dim 0 --mst-final-norm 0 --mst-per-stream-ve 0 --use-eet 0 --eet-frozen-kv 1 --eet-reenter-final 0 --eet-compute-skip 0 --eet-target-active-frac 0.125 --eet-capacity-schedule bell --eet-exit-fracs  --eet-router-type mlp2 --eet-router-hidden 0 --eet-freq-prior-alpha 0.0 --eet-pos-prior-beta 0.0 --eet-domain-prior 0 --eet-warmup-frac 0.02 --eet-explore-frac 0.15 --eet-reconstruct-lambda 1.0 --eet-efficiency-lambda-start 0.01 --eet-efficiency-lambda-end 0.1 --eet-translator-rank 0 --eet-max-frozen-kv-frac 0.75 --eet-exit-threshold 0.5 --eet-min-exit-layer 1 --eet-loss-variant reconstruct --eet-topk-vocab 512 --eet-entropy-lambda 0.3 --eet-surprise-lambda 0.1 --eet-adv-lambda 1.0 --eet-adv-entropy-lambda 0.2 --eet-quality-lambda 1.0 --eet-quality-entropy-bonus 0.1 --eet-gumbel-temp-start 0.0 --eet-gumbel-temp-end 0.1 --eet-gumbel-hard 1 --eet-commitment-beta 0.1 --eet-global-router 0 --eet-freq-efficiency-alpha 0.0 --eet-diversity-lambda 0.0 --eet-ce-guided-lambda 1.0 --eet-router-lr-mult 5.0 --eet-model-lr-mult 1.0 --eet-depth-weight-type none --eet-depth-weight-max 2.5 --eet-use-override 0 --eet-override-prob-start 0.5 --eet-override-prob-end 0.1 --eet-capacity-alignment-lambda 0.0 --eet-router-task-grad 1 --eet-reinforce-interval 0 --eet-reinforce-lambda 0.1 --eet-exit-adapter-rank 0 --eet-router-after-block 0 --eet-ffn-skip 0 --eet-ffn-target-frac 0.5 --eet-ffn-full-attn 1 --eet-depth-affine 0 --eet-capacity-anneal-frac 0.0 --eet-learned-schedule 0 --eet-departure-summary 0 --eet-route-consistency-lambda 0.0 --eet-dense-distill-interval 0 --eet-dense-distill-lambda 0.5 --eet-depth-lr-scale 0 --eet-depth-grad-scale 0 --eet-detach-aux-from-backbone 0 --eet-detach-exit-from-backbone 0 --compile --tokenizer-dir tokenizer --data-dir data --max-shards 300 --checkpoints-dir /__modal/volumes/vo-q9X3cVMlvxtARa1XtZDdx6/out/p08_mst_parity/d8/CTRL_dense_hd32_s1/depth_8/ckpt_base --model-tag base
2026-08-08 07:32:06,327 - httpx - INFO - HTTP Request: HEAD https://huggingface.co/varunneal/flash-attention-3/resolve/main/kernel-status.toml "HTTP/1.1 404 Not Found"
2026-08-08 07:32:06,443 - httpx - INFO - HTTP Request: GET https://huggingface.co/api/models/varunneal/flash-attention-3/tree/main/build?recursive=false&expand=false "HTTP/1.1 200 OK"
2026-08-08 07:32:06,583 - httpx - INFO - HTTP Request: GET https://huggingface.co/api/models/varunneal/flash-attention-3/revision/main "HTTP/1.1 200 OK"

                                                       █████                █████
                                                      ░░███                ░░███
     ████████    ██████   ████████    ██████   ██████  ░███████    ██████  ███████
    ░░███░░███  ░░░░░███ ░░███░░███  ███░░███ ███░░███ ░███░░███  ░░░░░███░░░███░
     ░███ ░███   ███████  ░███ ░███ ░███ ░███░███ ░░░  ░███ ░███   ███████  ░███
     ░███ ░███  ███░░███  ░███ ░███ ░███ ░███░███  ███ ░███ ░███  ███░░███  ░███ ███
     ████ █████░░████████ ████ █████░░██████ ░░██████  ████ █████░░███████  ░░█████
    ░░░░ ░░░░░  ░░░░░░░░ ░░░░ ░░░░░  ░░░░░░   ░░░░░░  ░░░░ ░░░░░  ░░░░░░░░   ░░░░░
    
Autodetected device type: cuda
2026-08-08 07:32:08,887 - nanochat.common - INFO - Distributed world size: 1
GPU: NVIDIA H200 | Peak FLOPS (BF16): 9.89e+14
COMPUTE_DTYPE: torch.bfloat16 (auto-detected: CUDA SM 90 (bf16 supported))
✓ Using Flash Attention 3 (Hopper GPU detected) — efficient and fast.
Vocab size: 32,768
Model config:
{
  "sequence_len": 2048,
  "vocab_size": 32768,
  "n_layer": 8,
  "n_head": 16,
  "n_kv_head": 16,
  "n_embd": 512,
  "use_moe": false,
  "use_perm": false,
  "moe_num_experts": 8,
  "moe_router_dim": 64,
  "moe_embed_dim": 64,
  "dropout": 0.0,
  "use_remix_linear": false,
  "remix_context_dim": 64,
  "remix_context_dim_ratio": 6,
  "remix_basis_size": 64,
  "remix_output_gate_rank": 16,
  "remixed_linear_kwargs": {
    "use_basis_gate": true,
    "use_output_gate": true,
    "use_context": true,
    "basis_gate_mode": "mlp",
    "sparse_gate_k": 0,
    "gate_temperature": 1.0,
    "basis_scale_factor": 4,
    "n_templates": 1,
    "template_routing_learned": false,
    "template_topk": 0,
    "tiny_expert": false,
    "tiny_expert_topk": 16,
    "lokr_expert": false,
    "lokr_n_experts": 64,
    "lokr_topk": 16,
    "lokr_rank": 4,
    "lokr_learned": false,
    "basis_gate_rank": 8,
    "disable_ln_basis": false,
    "chunk_route_impl": "compose",
    "top1_gate": "ones",
    "template_delta_rank": 0,
    "route_side": "output",
    "drop_basis_proj": false,
    "basis_side_templates": 0,
    "grad_equalize": false,
    "output_gate_rank": 16,
    "operator_modulation": "none",
    "lie_generators": 4,
    "poly_order": 2,
    "grassmann_bank_size": 4
  },
  "use_pos_embed": false,
  "moe_use_abs_pos_embed": false,
  "use_layer_context": true,
  "scale_basis_size": true,
  "remix_use_dual_gate": false,
  "remix_use_fused": false,
  "p26_output_gated_linear": 0,
  "p28_shared_basis": 0,
  "p28_chunk_routing_size": 0,
  "p28_global_template_bank": "none",
  "p28_attn_proj_templates": 0,
  "p28_attn_qk_templates": 0,
  "p29_template_block_diag": 0,
  "p29_template_lr_scale": 1.0,
  "p29_grad_equalize": 0,
  "p34_ffn_mult": 4.0,
  "p34_ffn_single": 0,
  "p34_dense_attn": 0,
  "legacy_init_fallback": 0,
  "p35_template_diversity_lambda": 0.0,
  "p22_route_affine": 0,
  "p34_ffn_schedule": "",
  "p34_ffn_no_ffn_replacement": "none",
  "p34_ffn_last_depth": 1,
  "p36_swiglu_ffn": 0,
  "p36_swiglu_mult": 2.6666666666666665,
  "cond_sites": "both",
  "cond_rank": 256,
  "cond_mult_steps": 0,
  "cond_gate_source": "router",
  "cond_coeff_act": "centered",
  "cond_router_rank": 0,
  "cond_live_init": 0.0,
  "cond_router_act": "none",
  "cond_chunk_size": 0,
  "cond_mult_scale": -1.0,
  "cond_mult_impl": "wy",
  "cond_attn_projs": "qkvo",
  "cond_layer_frac": 1.0,
  "perm_expert_mode": "low_rank",
  "perm_rank": 16,
  "router_context_window": -1,
  "router_causal": true,
  "router_num_heads": 4,
  "router_num_queries": 16,
  "router_n_layers": 2,
  "router_use_vocab_prior": false,
  "window_pattern": "SSSL",
  "cclblock_modulation": "weight",
  "cclblock_orth_lambda": 0.0,
  "cclblock_context_stream": "local",
  "cclblock_ema_factor": 0.99,
  "cclblock_stale_ctx_lag": 0,
  "cclblock_sparse_gate_k": 0,
  "cclblock_gate_temperature": 1.0,
  "cclblock_context_bank_size": 0,
  "cclblock_per_head_ctx": false,
  "cclblock_context_source": "norm_x",
  "cclblock_chunk_size": 0,
  "cclblock_aux_objective": "none",
  "cclblock_aux_lambda": 0.1,
  "cclblock_boundary_token_id": 198,
  "use_ral": false,
  "ral_rank": 32,
  "cclblock_film_gate": false,
  "cclblock_attn_shadow_dim": 0,
  "cclblock_dynamic_ratio": 0.25,
  "cclblock_gate_rank": 8,
  "cclblock_num_regimes": 8,
  "cclblock_regime_temperature": 1.0,
  "cclblock_poly_order": 2,
  "cclblock_lie_generators": 4,
  "cclblock_grassmann_bank_size": 4,
  "cclblock_tucker_rank": 32,
  "cclblock_tucker_modes": 8,
  "cclblock_svs_rank": 64,
  "cclblock_svs_eps": 0.1,
  "cclblock_vq_codes": 8,
  "cclblock_vq_temperature": 1.0,
  "cclblock_dcu_warmup_steps": 0,
  "cclblock_fsi_rotations": 8,
  "cclblock_fsi_selector_dim": 64,
  "cclblock_aesp_strata": 4,
  "cclblock_aesp_delta_rank": 4,
  "cclblock_ckr_branches": 4,
  "cclblock_ckr_kernel_size": 64,
  "cclblock_ckr_pos_channels": 1,
  "cclblock_ckr_dual_optim": 0,
  "cclblock_ckr_content_bias": 0.0,
  "cclblock_giad_rank": 32,
  "cclblock_psg_kernel_size": 64,
  "cclblock_ss_dynamic_ratio": 0.25,
  "cclblock_ss_branches": 2,
  "cclblock_ss_kernel_size": 64,
  "cclblock_lokr_branches": 8,
  "cclblock_lokr_rank": 16,
  "cclblock_ckr_temp_start": 2.0,
  "cclblock_ckr_temp_end": 0.3,
  "cclblock_com_kernel_size": 32,
  "cclblock_ckr_ortho_init": 0,
  "cclblock_ckr_branch_dropout": 0.0,
  "cclblock_ckr_diversity_lambda": 0.0,
  "cclblock_ckr_layer_selective": 0,
  "cclblock_pgr_kernel_size": 64,
  "cclblock_cil_kernel_size": 64,
  "cclblock_prb_kernel_size": 64,
  "p18_layer_drop": 0.0,
  "p18_dynamic_activation": 0,
  "p18_mixture_norm": 0,
  "p18_causal_attn_bias": 0,
  "p18_aux_sim_lambda": 0.0,
  "p18_gradient_penalty": 0.0,
  "p18_per_channel_scale": 0,
  "p19_residual_gate": 0,
  "p19_head_importance": 0,
  "p19_residual_mix_groups": 0,
  "p19_attn_logit_bias": 0,
  "p19_residual_decay": 0,
  "p19_grad_equilibrium": 0.0,
  "p19_spectral_reparam": 0,
  "p19_weight_anticollapse": 0.0,
  "p19_ve_bias": 0,
  "p19_weight_noise": 0.0,
  "p20_hrcs_scale": 0,
  "p20_lswr_scale": 0,
  "p20_lswr_planes": 8,
  "p20_lrcfb_branches": 0,
  "p20_lrcfb_narrow": 0,
  "p20_lrcfb_learned": 0,
  "p20_lrcfb_topk": 0,
  "p20_dgcr_branches": 0,
  "p20_dgcr_aux_weight": 0.01,
  "p20_mone_experts": 0,
  "p20_mone_topk": 0,
  "p20_mone_narrow": 1,
  "p20_mone_frozen": 0,
  "p20_ncea_branches": 0,
  "p20_ncea_eps": 0.1,
  "p20_adwi": 0,
  "p20_pwu_branches": 0,
  "p20_pwu_phase": 1,
  "p20_fsvd_gate": 0,
  "p20_wbfc_clusters": 0,
  "p20_wbfc_active": 0,
  "p21_per_experts": 0,
  "p21_per_topk": 0,
  "p21_per_learned": 0,
  "p21_per_attn": 0,
  "p22_attn_moe_route": "none",
  "p23_tiny_expert": 0,
  "p23_n_experts": 64,
  "p23_topk": 16,
  "p23_learned_route": 0,
  "p23_std_moe_experts": 0,
  "p23_std_moe_topk": -1,
  "p23_std_moe_aux_weight": 0.01,
  "p23_lokr": 0,
  "p23_lokr_rank": 4,
  "p23_use_shared_block_router": 0,
  "p23_linear_moe_experts": 0,
  "p23_linear_moe_topk": 0,
  "p23_quantile_route": 0,
  "remix_shared_context_gates": 0,
  "p24_use_sliced_weight": 0,
  "p24_sliced_weight_reduction_scale": 8,
  "p24_sliced_weight_min_select": 128,
  "p24_sliced_weight_scope": "per_token",
  "p24_sliced_weight_balance_coeff": 0.01,
  "p24_quantile_route": 0,
  "p24_use_folded_mod": 0,
  "p24_folded_mod_reduction_scale": 8,
  "p24_folded_mod_min_dim": 128,
  "p24_folded_mod_scope": "per_layer",
  "p24_folded_mod_gate_act": "tanh_centered",
  "p24_use_sequence_gated_linear": 0,
  "p24_sequence_gated_scope": "per_layer",
  "p24_sequence_gated_act": "tanh_centered",
  "remix_disable_ln_basis": 0,
  "dense_intermediate_ln": 0,
  "use_mst": false,
  "mst_n_subs": 8,
  "mst_sub_dim": 64,
  "mst_head_dim": 0,
  "mst_input_mode": "fixed_slice",
  "mst_rotated_slice_learned": false,
  "mst_routing_mode": "soft_weighted",
  "mst_routing_topk": 4,
  "mst_routing_aux_weight": 0.01,
  "mst_diversity_weight": 0.0,
  "mst_ffn_mode": "standard",
  "mst_transition_mode": "parallel",
  "mst_final_mode": "aggregate_proj",
  "mst_final_topk": -1,
  "mst_ffn_shared_up": 0,
  "mst_ffn_inner_dim": 0,
  "mst_sub_dropout": 0.0,
  "mst_transition_every": 1,
  "mst_ffa_temperature": 1.0,
  "mst_global_residual": 0,
  "mst_hybrid_dense": 0,
  "mst_cross_sub_kv": 0,
  "mst_sub_aux_weight": 0.0,
  "mst_progressive_merge": 0,
  "mst_multi_scale_windows": 0,
  "mst_delta_residual": 0,
  "mst_sub_layers": 1,
  "mst_grad_equalize": 0,
  "mst_block_diagonal_muon": 0,
  "mst_transition_width_mult": 1.0,
  "mst_sub_lr_scale": 1.0,
  "mst_shared_expert": 0,
  "mst_router_entropy_weight": 0.0,
  "mst_shared_kv_attn": 0,
  "mst_contrastive_diversity_weight": 0.0,
  "mst_transition_nonlinear": 0,
  "mst_transition_gated": 0,
  "mst_transition_mlp": 0,
  "mst_cross_sub_gate": 0,
  "mst_hyper_connect": 0,
  "mst_cross_kv_inject": 0,
  "mst_slice_transition": 0,
  "mst_lookback_layers": 0,
  "mst_bilinear_transition": 0,
  "mst_cross_sub_qmod": 0,
  "mst_feature_cycle": 0,
  "mst_mean_transition": 0,
  "mst_sub_head_dim": 0,
  "mst_final_norm": 0,
  "mst_per_stream_ve": 0,
  "use_eet": false,
  "eet_frozen_kv": true,
  "eet_reenter_final": false,
  "eet_router_type": "mlp2",
  "eet_router_hidden": 0,
  "eet_freq_prior_alpha": 0.0,
  "eet_pos_prior_beta": 0.0,
  "eet_domain_prior": false,
  "eet_warmup_frac": 0.02,
  "eet_explore_frac": 0.15,
  "eet_reconstruct_lambda": 1.0,
  "eet_efficiency_lambda_start": 0.01,
  "eet_efficiency_lambda_end": 0.1,
  "eet_translator_rank": 0,
  "eet_max_frozen_kv_frac": 0.75,
  "eet_exit_threshold": 0.5,
  "eet_min_exit_layer": 1,
  "eet_loss_variant": "reconstruct",
  "eet_topk_vocab": 512,
  "eet_entropy_lambda": 0.3,
  "eet_surprise_lambda": 0.1,
  "eet_adv_lambda": 1.0,
  "eet_adv_entropy_lambda": 0.2,
  "eet_quality_lambda": 1.0,
  "eet_quality_entropy_bonus": 0.1,
  "eet_gumbel_temp_start": 0.0,
  "eet_gumbel_temp_end": 0.1,
  "eet_gumbel_hard": true,
  "eet_commitment_beta": 0.1,
  "eet_global_router": false,
  "eet_freq_efficiency_alpha": 0.0,
  "eet_diversity_lambda": 0.0,
  "eet_ce_guided_lambda": 1.0,
  "eet_router_lr_mult": 5.0,
  "eet_model_lr_mult": 1.0,
  "eet_depth_weight_type": "none",
  "eet_depth_weight_max": 2.5,
  "eet_use_override": 0,
  "eet_override_prob_start": 0.5,
  "eet_override_prob_end": 0.1,
  "eet_compute_skip": false,
  "eet_target_active_frac": 0.125,
  "eet_capacity_schedule": "bell",
  "eet_exit_fracs": null,
  "eet_capacity_alignment_lambda": 0.0,
  "eet_router_task_grad": true,
  "eet_reinforce_interval": 0,
  "eet_reinforce_lambda": 0.1,
  "eet_exit_adapter_rank": 0,
  "eet_router_after_block": 0,
  "eet_ffn_skip": false,
  "eet_ffn_target_frac": 0.5,
  "eet_ffn_full_attn": true,
  "eet_depth_affine": false,
  "eet_capacity_anneal_frac": 0.0,
  "eet_learned_schedule": false,
  "eet_departure_summary": false,
  "eet_route_consistency_lambda": 0.0,
  "eet_dense_distill_interval": 0,
  "eet_dense_distill_lambda": 0.5,
  "eet_depth_lr_scale": false,
  "eet_depth_grad_scale": false,
  "eet_detach_aux_from_backbone": false,
  "eet_detach_exit_from_backbone": false
}
Seeded weight init with --seed 1
Checkpoints directory: /__modal/volumes/vo-q9X3cVMlvxtARa1XtZDdx6/out/p08_mst_parity/d8/CTRL_dense_hd32_s1/depth_8/ckpt_base/base
✓ Wrapping model with DistributedDataParallel (rank 0, find_unused_parameters=False)
Parameter counts:
wte                     : 16,777,216
wpe                     : 0
value_embeds            : 67,108,864
lm_head                 : 16,777,216
transformer_matrices    : 25,167,872
research                : 0
scalars                 : 16
total                   : 125,831,184
Estimated FLOPs per token (total):  2.862735e+08
Estimated FLOPs per token (active): 2.862735e+08
Estimated active params:            125,831,184
Scaling LRs by 0.7071 for batch size 262,144 (reference: 524,288)
Scaling weight decay from 0.200000 to 0.183849 for depth 8
Scaling the LR for the AdamW parameters ∝1/√(512/768) = 1.224745
Calculated number of iterations from target data:param ratio: 1,680
Total number of training tokens: 440,401,920
Tokens : Scaling params ratio: 10.50
Total training FLOPs estimate: 1.260754e+17
Total active training FLOPs estimate: 1.260754e+17
Using base scheduler: linear warmup/flat/linear warmdown
Tokens / micro-batch / rank: 128 x 2048 = 262,144
Tokens / micro-batch: 262,144
Total batch size 262,144 => gradient accumulation steps: 1
Running pre-compilation warmup (1 dummy forward+backward to init lazy allocations)...
[rank0]:W0808 07:32:10.218000 52020 site-packages/torch/_logging/_internal.py:1199] [0/0] Profiler function <class 'torch.autograd.profiler.record_function'> will be ignored
Warmup complete. Steady-state VRAM: 5.8 GB allocated
step 00000/01680 (0.00%) | loss: 10.397721 | lrm: 0.12 | lr(adamw:5.088e-02, muon:1.768e-03) | dt: 438.19ms | tok/sec: 598,243 | bf16_mfu: 17.32 | epoch: 1 pq: 0 rg: 1 | total time: 0.00m
2026-08-08 07:35:00,246 - nanochat.checkpoint_manager - INFO - Saved model parameters to: /__modal/volumes/vo-q9X3cVMlvxtARa1XtZDdx6/out/p08_mst_parity/d8/CTRL_dense_hd32_s1/depth_8/ckpt_base/base/model_000200.pt
2026-08-08 07:35:00,255 - nanochat.checkpoint_manager - INFO - Saved metadata to: /__modal/volumes/vo-q9X3cVMlvxtARa1XtZDdx6/out/p08_mst_parity/d8/CTRL_dense_hd32_s1/depth_8/ckpt_base/base/meta_000200.json
2026-08-08 07:35:01,783 - nanochat.checkpoint_manager - INFO - Saved optimizer state to: /__modal/volumes/vo-q9X3cVMlvxtARa1XtZDdx6/out/p08_mst_parity/d8/CTRL_dense_hd32_s1/depth_8/ckpt_base/base/optim_000200_rank0.pt
step 00200/01680 (11.90%) | loss: 4.165190 | lrm: 1.00 | lr(adamw:4.071e-01, muon:1.414e-02) | dt: 273.69ms | tok/sec: 957,799 | bf16_mfu: 27.72 | epoch: 1 pq: 1 rg: 17 | total time: 0.87m | eta: 6.7m
2026-08-08 07:35:54,493 - nanochat.checkpoint_manager - INFO - Saved model parameters to: /__modal/volumes/vo-q9X3cVMlvxtARa1XtZDdx6/out/p08_mst_parity/d8/CTRL_dense_hd32_s1/depth_8/ckpt_base/base/model_000400.pt
2026-08-08 07:35:54,500 - nanochat.checkpoint_manager - INFO - Saved metadata to: /__modal/volumes/vo-q9X3cVMlvxtARa1XtZDdx6/out/p08_mst_parity/d8/CTRL_dense_hd32_s1/depth_8/ckpt_base/base/meta_000400.json
2026-08-08 07:35:56,013 - nanochat.checkpoint_manager - INFO - Saved optimizer state to: /__modal/volumes/vo-q9X3cVMlvxtARa1XtZDdx6/out/p08_mst_parity/d8/CTRL_dense_hd32_s1/depth_8/ckpt_base/base/optim_000400_rank0.pt
Removed previous periodic checkpoint at step 000200
step 00400/01680 (23.81%) | loss: 3.748589 | lrm: 1.00 | lr(adamw:4.071e-01, muon:1.414e-02) | dt: 245.78ms | tok/sec: 1,066,578 | bf16_mfu: 30.87 | epoch: 1 pq: 2 rg: 30 | total time: 1.73m | eta: 5.7m
2026-08-08 07:36:48,366 - nanochat.checkpoint_manager - INFO - Saved model parameters to: /__modal/volumes/vo-q9X3cVMlvxtARa1XtZDdx6/out/p08_mst_parity/d8/CTRL_dense_hd32_s1/depth_8/ckpt_base/base/model_000600.pt
2026-08-08 07:36:48,374 - nanochat.checkpoint_manager - INFO - Saved metadata to: /__modal/volumes/vo-q9X3cVMlvxtARa1XtZDdx6/out/p08_mst_parity/d8/CTRL_dense_hd32_s1/depth_8/ckpt_base/base/meta_000600.json
2026-08-08 07:36:49,990 - nanochat.checkpoint_manager - INFO - Saved optimizer state to: /__modal/volumes/vo-q9X3cVMlvxtARa1XtZDdx6/out/p08_mst_parity/d8/CTRL_dense_hd32_s1/depth_8/ckpt_base/base/optim_000600_rank0.pt
Removed previous periodic checkpoint at step 000400
step 00600/01680 (35.71%) | loss: 3.595179 | lrm: 0.99 | lr(adamw:4.028e-01, muon:1.399e-02) | dt: 262.33ms | tok/sec: 999,294 | bf16_mfu: 28.93 | epoch: 1 pq: 3 rg: 44 | total time: 2.59m | eta: 4.7m
2026-08-08 07:37:42,616 - nanochat.checkpoint_manager - INFO - Saved model parameters to: /__modal/volumes/vo-q9X3cVMlvxtARa1XtZDdx6/out/p08_mst_parity/d8/CTRL_dense_hd32_s1/depth_8/ckpt_base/base/model_000800.pt
2026-08-08 07:37:42,625 - nanochat.checkpoint_manager - INFO - Saved metadata to: /__modal/volumes/vo-q9X3cVMlvxtARa1XtZDdx6/out/p08_mst_parity/d8/CTRL_dense_hd32_s1/depth_8/ckpt_base/base/meta_000800.json
2026-08-08 07:37:44,193 - nanochat.checkpoint_manager - INFO - Saved optimizer state to: /__modal/volumes/vo-q9X3cVMlvxtARa1XtZDdx6/out/p08_mst_parity/d8/CTRL_dense_hd32_s1/depth_8/ckpt_base/base/optim_000800_rank0.pt
Removed previous periodic checkpoint at step 000600
step 00800/01680 (47.62%) | loss: 3.477108 | lrm: 0.82 | lr(adamw:3.320e-01, muon:1.153e-02) | dt: 250.34ms | tok/sec: 1,047,134 | bf16_mfu: 30.31 | epoch: 1 pq: 4 rg: 58 | total time: 3.45m | eta: 3.8m
2026-08-08 07:38:35,926 - nanochat.checkpoint_manager - INFO - Saved model parameters to: /__modal/volumes/vo-q9X3cVMlvxtARa1XtZDdx6/out/p08_mst_parity/d8/CTRL_dense_hd32_s1/depth_8/ckpt_base/base/model_001000.pt
2026-08-08 07:38:35,935 - nanochat.checkpoint_manager - INFO - Saved metadata to: /__modal/volumes/vo-q9X3cVMlvxtARa1XtZDdx6/out/p08_mst_parity/d8/CTRL_dense_hd32_s1/depth_8/ckpt_base/base/meta_001000.json
2026-08-08 07:38:37,335 - nanochat.checkpoint_manager - INFO - Saved optimizer state to: /__modal/volumes/vo-q9X3cVMlvxtARa1XtZDdx6/out/p08_mst_parity/d8/CTRL_dense_hd32_s1/depth_8/ckpt_base/base/optim_001000_rank0.pt
Removed previous periodic checkpoint at step 000800
step 01000/01680 (59.52%) | loss: 3.388796 | lrm: 0.64 | lr(adamw:2.612e-01, muon:9.073e-03) | dt: 278.49ms | tok/sec: 941,290 | bf16_mfu: 27.25 | epoch: 1 pq: 5 rg: 73 | total time: 4.30m | eta: 3.0m
2026-08-08 07:39:30,184 - nanochat.checkpoint_manager - INFO - Saved model parameters to: /__modal/volumes/vo-q9X3cVMlvxtARa1XtZDdx6/out/p08_mst_parity/d8/CTRL_dense_hd32_s1/depth_8/ckpt_base/base/model_001200.pt
2026-08-08 07:39:30,196 - nanochat.checkpoint_manager - INFO - Saved metadata to: /__modal/volumes/vo-q9X3cVMlvxtARa1XtZDdx6/out/p08_mst_parity/d8/CTRL_dense_hd32_s1/depth_8/ckpt_base/base/meta_001200.json
2026-08-08 07:39:31,717 - nanochat.checkpoint_manager - INFO - Saved optimizer state to: /__modal/volumes/vo-q9X3cVMlvxtARa1XtZDdx6/out/p08_mst_parity/d8/CTRL_dense_hd32_s1/depth_8/ckpt_base/base/optim_001200_rank0.pt
Removed previous periodic checkpoint at step 001000
step 01200/01680 (71.43%) | loss: 3.323233 | lrm: 0.47 | lr(adamw:1.903e-01, muon:6.613e-03) | dt: 283.31ms | tok/sec: 925,305 | bf16_mfu: 26.78 | epoch: 1 pq: 7 rg: 5 | total time: 5.16m | eta: 2.1m
2026-08-08 07:40:24,334 - nanochat.checkpoint_manager - INFO - Saved model parameters to: /__modal/volumes/vo-q9X3cVMlvxtARa1XtZDdx6/out/p08_mst_parity/d8/CTRL_dense_hd32_s1/depth_8/ckpt_base/base/model_001400.pt
2026-08-08 07:40:24,345 - nanochat.checkpoint_manager - INFO - Saved metadata to: /__modal/volumes/vo-q9X3cVMlvxtARa1XtZDdx6/out/p08_mst_parity/d8/CTRL_dense_hd32_s1/depth_8/ckpt_base/base/meta_001400.json
2026-08-08 07:40:25,941 - nanochat.checkpoint_manager - INFO - Saved optimizer state to: /__modal/volumes/vo-q9X3cVMlvxtARa1XtZDdx6/out/p08_mst_parity/d8/CTRL_dense_hd32_s1/depth_8/ckpt_base/base/optim_001400_rank0.pt
Removed previous periodic checkpoint at step 001200
step 01400/01680 (83.33%) | loss: 3.262957 | lrm: 0.29 | lr(adamw:1.195e-01, muon:4.152e-03) | dt: 363.25ms | tok/sec: 721,672 | bf16_mfu: 20.89 | epoch: 1 pq: 8 rg: 20 | total time: 6.02m | eta: 1.2m
2026-08-08 07:41:18,703 - nanochat.checkpoint_manager - INFO - Saved model parameters to: /__modal/volumes/vo-q9X3cVMlvxtARa1XtZDdx6/out/p08_mst_parity/d8/CTRL_dense_hd32_s1/depth_8/ckpt_base/base/model_001600.pt
2026-08-08 07:41:18,712 - nanochat.checkpoint_manager - INFO - Saved metadata to: /__modal/volumes/vo-q9X3cVMlvxtARa1XtZDdx6/out/p08_mst_parity/d8/CTRL_dense_hd32_s1/depth_8/ckpt_base/base/meta_001600.json
2026-08-08 07:41:20,124 - nanochat.checkpoint_manager - INFO - Saved optimizer state to: /__modal/volumes/vo-q9X3cVMlvxtARa1XtZDdx6/out/p08_mst_parity/d8/CTRL_dense_hd32_s1/depth_8/ckpt_base/base/optim_001600_rank0.pt
Removed previous periodic checkpoint at step 001400
step 01600/01680 (95.24%) | loss: 3.216461 | lrm: 0.12 | lr(adamw:4.869e-02, muon:1.691e-03) | dt: 264.13ms | tok/sec: 992,493 | bf16_mfu: 28.73 | epoch: 1 pq: 9 rg: 34 | total time: 6.89m | eta: 0.3m
step 01679/01680 (99.94%) | loss: 3.212215 | lrm: 0.05 | lr(adamw:2.071e-02, muon:7.194e-04) | dt: 247.35ms | tok/sec: 1,059,796 | bf16_mfu: 30.68 | epoch: 1 pq: 9 rg: 73 | total time: 7.22m | eta: 0.0m
/usr/local/lib/python3.12/site-packages/torch/_dynamo/variables/functions.py:1598: UserWarning: Dynamo does not know how to trace the builtin `torch._C._distributed_c10d.pybind11_detail_function_record_v1_system_libstdcpp_gxx_abi_1xxx_use_cxx11_abi_1._broadcast_coalesced.` This function is either a Python builtin (e.g. _warnings.warn) or a third-party C/C++ Python extension (perhaps created with pybind).
If it is a Python builtin, please file an issue on GitHub so the PyTorch team can add support for it and see the next case for a workaround.
If it is a third-party C/C++ Python extension, please either wrap it into a PyTorch-understood custom operator (see https://pytorch.org/tutorials/advanced/custom_ops_landing_page.html for more details) or, if it is traceable, use `torch.compiler.allow_in_graph`.
  torch._dynamo.utils.warn_once(explanation + "\n" + "\n".join(hints))
Step 01680 | Validation bpb: 0.975496 | val_loss: 3.199802
<|bos|>The capital of France is the capital of France. The capital of France is the capital of France. The
<|bos|>The chemical symbol of gold is gold. It is a metal that is used in jewelry and other decorative purposes.
<|bos|>If yesterday was Friday, then tomorrow will be Friday. The first day of the week is a good time to get out and
<|bos|>The opposite of hot is the opposite of hot. The opposite of hot is the opposite of hot. The
<|bos|>The planets of the solar system are: Jupiter, Saturn, Uranus, Neptune, and Neptune.
<|bos|>My favorite color is red. I have a red color that is a bit of a red. I
<|bos|>If 5*x + 3 = 13, then x is the number of times the number of times the number of times the number of times
2026-08-08 07:43:46,155 - nanochat.checkpoint_manager - INFO - Saved model parameters to: /__modal/volumes/vo-q9X3cVMlvxtARa1XtZDdx6/out/p08_mst_parity/d8/CTRL_dense_hd32_s1/depth_8/ckpt_base/base/model_001680.pt
2026-08-08 07:43:46,163 - nanochat.checkpoint_manager - INFO - Saved metadata to: /__modal/volumes/vo-q9X3cVMlvxtARa1XtZDdx6/out/p08_mst_parity/d8/CTRL_dense_hd32_s1/depth_8/ckpt_base/base/meta_001680.json
2026-08-08 07:43:47,672 - nanochat.checkpoint_manager - INFO - Saved optimizer state to: /__modal/volumes/vo-q9X3cVMlvxtARa1XtZDdx6/out/p08_mst_parity/d8/CTRL_dense_hd32_s1/depth_8/ckpt_base/base/optim_001680_rank0.pt
step 01680/01680 (final) | loss: 3.212215 | early_stop: 0
Peak memory usage: 63209.62MiB
Total training time: 7.22m
Minimum validation bpb: 0.975496
Minimum validation loss (nats/byte): 3.199802
Final Validation BPB for base: 0.9755

--- Generating Report ---
Saved plot to out/p08_mst_parity/d8/CTRL_dense_hd32_s1/depth_8/comparison_depth_8.png
Saved TSV data to out/p08_mst_parity/d8/CTRL_dense_hd32_s1/depth_8/results_depth_8.tsv
Generating report to out/report/report.md
Copying report.md to current directory for convenience
================================================================
Sweep Complete! Results saved to out/p08_mst_parity/d8/CTRL_dense_hd32_s1
================================================================
✅  CTRL_dense_hd32_s1

### COMBO: all three fixes (the go/no-go)

━━━ COMBO_g1_64_g2_g3_s1  (depth 8) ━━━
Requested NPROC_PER_NODE=8, but only 1 GPU(s) visible. Capping.
Using NPROC_PER_NODE=1
NANOCHAT_SKIP_ENV_SETUP=0
===== GPU Info =====
Sat Aug  8 07:43:57 2026       
+-----------------------------------------------------------------------------------------+
| NVIDIA-SMI 580.95.05              Driver Version: 580.95.05      CUDA Version: 13.0     |
+-----------------------------------------+------------------------+----------------------+
| GPU  Name                 Persistence-M | Bus-Id          Disp.A | Volatile Uncorr. ECC |
| Fan  Temp   Perf          Pwr:Usage/Cap |           Memory-Usage | GPU-Util  Compute M. |
|                                         |                        |               MIG M. |
|=========================================+========================+======================|
|   0  NVIDIA H200                    On  |   00000000:8C:00.0 Off |                    0 |
| N/A   39C    P0             80W /  700W |      98MiB / 143771MiB |      0%      Default |
|                                         |                        |             Disabled |
+-----------------------------------------+------------------------+----------------------+

+-----------------------------------------------------------------------------------------+
| Processes:                                                                              |
|  GPU   GI   CI              PID   Type   Process name                        GPU Memory |
|        ID   ID                                                               Usage      |
|=========================================================================================|
|  No running processes found                                                             |
+-----------------------------------------------------------------------------------------+
Starting Research Sweep. Output directory: out/p08_mst_parity/d8/COMBO_g1_64_g2_g3_s1
UV_SYSTEM_PYTHON=1: using system Python, skipping venv creation.
Validating system environment dependencies via uv...
Using Python 3.12.10 environment at: /usr/local
Resolved 159 packages in 480ms
   Building nanochat @ file:///__modal/volumes/vo-q9X3cVMlvxtARa1XtZDdx6
      Built nanochat @ file:///__modal/volumes/vo-q9X3cVMlvxtARa1XtZDdx6
Prepared 1 package in 2.48s
Uninstalled 1 package in 1ms
Installed 1 package in 2ms
 ~ nanochat==0.1.0 (from file:///__modal/volumes/vo-q9X3cVMlvxtARa1XtZDdx6)
Reset report and wrote header to out/report/header.md
Dataset (up to 300 shards) already exists in data, skipping download.
Tokenizer already exists in tokenizer, skipping training.
================================================================
Processing Depth: 8
================================================================
2026-08-08 07:44:22,907 - httpx - INFO - HTTP Request: HEAD https://huggingface.co/varunneal/flash-attention-3/resolve/main/kernel-status.toml "HTTP/1.1 404 Not Found"
2026-08-08 07:44:23,027 - httpx - INFO - HTTP Request: GET https://huggingface.co/api/models/varunneal/flash-attention-3/tree/main/build?recursive=false&expand=false "HTTP/1.1 200 OK"
2026-08-08 07:44:23,150 - httpx - INFO - HTTP Request: GET https://huggingface.co/api/models/varunneal/flash-attention-3/revision/main "HTTP/1.1 200 OK"
[sweep] Requested 8 DDP workers but only 1 GPU(s) available — using 1.
================================================================
Starting Sweep for Depth 8
Target Tokens: Auto (per-model param count)
================================================================
  Overriding default target_dim (128) with full model_dim 512

--- Training base ---

  ┌─────────────────────────────────────────────────────┐
  │  🆕  STARTING FRESH: [base]
  │     No checkpoints found — training from scratch.
  └─────────────────────────────────────────────────────┘

Running: /usr/local/bin/torchrun --standalone --nproc_per_node=1 -m scripts.base_train --depth 8 --aspect-ratio 64 --head-dim 128 --model-dim 512 --max-seq-len 2048 --device-batch-size 128 --total-batch-size 262144 --target-tokens -1 --target-param-data-ratio 10.5 --eval-every -1 --log-every 200 --core-metric-every 0 --save-every 200 --warmup-ratio 0.005 --warmdown-ratio 0.65 --final-lr-frac 0.05 --adam-beta2 0.99 --research-warmup-ratio 0.05 --use-onecycle 0 --router-context-window -1 --remix-use-basis-gate 1 --remix-use-output-gate 1 --remix-use-context 1 --remix-basis-gate-mode mlp --remix-gate-lr-scale 0.3 --p22-n-templates 1 --p22-template-routing-learned 0 --p22-template-topk 0 --p22-attn-moe-route none --p26-output-gated-linear 0 --p28-shared-basis 0 --p28-chunk-routing-size 0 --p28-global-template-bank none --p28-attn-proj-templates 0 --p28-attn-qk-templates 0 --p31-chunk-route-impl compose --p31-top1-gate ones --p31-template-delta-rank 0 --p31-route-side output --p31-drop-basis-proj 0 --p31-basis-side-templates 0 --remix-template-block-diag 0 --remix-template-lr-scale 1.0 --p29-grad-equalize 0 --target-active-params 0 --remix-basis-gate-rank 8 --cclblock-modulation weight --cclblock-orth-lambda 0.0 --p35-template-diversity-lambda 0.0 --cclblock-context-stream local --cclblock-ema-factor 0.99 --cclblock-stale-ctx-lag 0 --cclblock-sparse-gate-k 0 --cclblock-gate-temperature 1.0 --cclblock-context-bank-size 0 --cclblock-per-head-ctx 0 --cclblock-context-source norm_x --cclblock-chunk-size 0 --cclblock-aux-objective none --cclblock-aux-lambda 0.1 --cclblock-boundary-token-id 198 --use-ral 0 --ral-rank 32 --p34-ffn-schedule  --p34-ffn-no-ffn-replacement none --p34-ffn-last-depth 1 --p36-swiglu-ffn 0 --p36-swiglu-mult 2.6666666666666665 --cond-sites both --p22-route-affine 0 --cond-rank 256 --cond-mult-steps 0 --cond-gate-source router --cond-coeff-act centered --cond-router-rank 0 --cond-router-act none --cond-live-init 0.0 --cond-chunk-size 0 --cond-mult-scale -1.0 --cond-mult-impl wy --cond-attn-projs qkvo --cond-layer-frac 1.0 --cclblock-film-gate 0 --cclblock-attn-shadow-dim 0 --cclblock-dynamic-ratio 0.25 --cclblock-gate-rank 8 --cclblock-num-regimes 8 --cclblock-regime-temperature 1.0 --cclblock-poly-order 2 --cclblock-lie-generators 4 --cclblock-grassmann-bank-size 4 --cclblock-tucker-rank 32 --cclblock-tucker-modes 8 --cclblock-svs-rank 64 --cclblock-svs-eps 0.1 --cclblock-vq-codes 8 --cclblock-vq-temperature 1.0 --cclblock-dcu-warmup-steps 0 --cclblock-fsi-rotations 8 --cclblock-fsi-selector-dim 64 --cclblock-aesp-strata 4 --cclblock-aesp-delta-rank 4 --cclblock-ckr-branches 4 --cclblock-ckr-kernel-size 64 --cclblock-ckr-pos-channels 1 --cclblock-ckr-dual-optim 0 --cclblock-ckr-content-bias 0.0 --cclblock-giad-rank 32 --cclblock-psg-kernel-size 64 --cclblock-ss-dynamic-ratio 0.25 --cclblock-ss-branches 2 --cclblock-ss-kernel-size 64 --cclblock-lokr-branches 8 --cclblock-lokr-rank 16 --cclblock-ckr-temp-start 2.0 --cclblock-ckr-temp-end 0.3 --cclblock-com-kernel-size 32 --cclblock-ckr-ortho-init 0 --cclblock-ckr-branch-dropout 0.0 --cclblock-ckr-diversity-lambda 0.0 --cclblock-pgr-kernel-size 64 --cclblock-cil-kernel-size 64 --cclblock-prb-kernel-size 64 --p18-layer-drop 0.0 --p18-dynamic-activation 0 --p18-mixture-norm 0 --p18-aux-sim-lambda 0.0 --p18-gradient-penalty 0.0 --p18-per-channel-scale 0 --p19-residual-gate 0 --p19-head-importance 0 --p19-residual-mix-groups 0 --p19-attn-logit-bias 0 --p19-residual-decay 0 --p19-grad-equilibrium 0.0 --p19-spectral-reparam 0 --p19-weight-anticollapse 0.0 --p19-ve-bias 0 --p19-weight-noise 0.0 --p20-hrcs-scale 0 --p20-lswr-scale 0 --p20-lswr-planes 8 --p20-lrcfb-branches 0 --p20-lrcfb-narrow 0 --p20-lrcfb-learned 0 --p20-lrcfb-topk 0 --p20-dgcr-branches 0 --p20-dgcr-aux-weight 0.01 --p20-mone-experts 0 --p20-mone-topk 0 --p20-mone-narrow 1 --p20-mone-frozen 0 --p20-ncea-branches 0 --p20-ncea-eps 0.1 --p20-adwi 0 --p20-pwu-branches 0 --p20-pwu-phase 1 --p20-fsvd-gate 0 --p20-wbfc-clusters 0 --p20-wbfc-active 0 --p21-per-experts 0 --p21-per-topk 0 --p21-per-learned 0 --p21-per-attn 0 --p23-tiny-expert 0 --p23-n-experts 64 --p23-topk 16 --p23-learned-route 0 --p23-std-moe-experts 0 --p23-std-moe-topk -1 --p23-std-moe-aux-weight 0.01 --p23-lokr 0 --p23-lokr-rank 4 --p23-use-shared-block-router 0 --p23-linear-moe-experts 0 --p23-linear-moe-topk 0 --p23-quantile-route 0 --seed 1 --p34-ffn-mult 4.0 --p34-ffn-single 0 --p34-dense-attn 0 --p24-use-sliced-weight 0 --p24-sliced-weight-reduction-scale 8 --p24-sliced-weight-min-select 128 --p24-sliced-weight-scope per_token --p24-sliced-weight-balance-coeff 0.01 --p24-quantile-route 0 --p24-use-folded-mod 0 --p24-folded-mod-reduction-scale 8 --p24-folded-mod-scope per_layer --p24-folded-mod-gate-act tanh_centered --p24-use-sequence-gated-linear 0 --p24-sequence-gated-scope per_layer --p24-sequence-gated-act tanh_centered --p24-folded-mod-min-dim 128 --remix-shared-context-gates 0 --remix-use-dual-gate 0 --remix-basis-scale-factor 4 --remix-output-gate-rank 16 --p24-use-sliced-weight 0 --p24-sliced-weight-reduction-scale 8 --p24-sliced-weight-min-select 128 --p24-sliced-weight-scope per_token --p24-sliced-weight-balance-coeff 0.01 --p24-quantile-route 0 --p24-use-folded-mod 0 --p24-folded-mod-reduction-scale 8 --p24-folded-mod-scope per_layer --p24-folded-mod-gate-act tanh_centered --p24-use-sequence-gated-linear 0 --p24-sequence-gated-scope per_layer --p24-sequence-gated-act tanh_centered --remix-disable-ln-basis 0 --dense-intermediate-ln 0 --use-mst 1 --mst-n-subs 4 --mst-sub-dim 128 --mst-head-dim 0 --mst-input-mode learned_proj --mst-rotated-slice-learned 0 --mst-routing-mode soft_weighted --mst-routing-topk 0 --mst-routing-aux-weight 0.01 --mst-diversity-weight 0.0 --mst-ffn-mode standard --mst-transition-mode aggregate_distribute --mst-final-mode concat_proj --mst-final-topk 0 --mst-ffn-shared-up 0 --mst-ffn-inner-dim 0 --mst-sub-dropout 0.0 --mst-transition-every 1 --mst-ffa-temperature 1.0 --mst-global-residual 0 --mst-hybrid-dense 0 --mst-cross-sub-kv 0 --mst-sub-aux-weight 0.0 --mst-progressive-merge 0 --mst-multi-scale-windows 1 --mst-delta-residual 0 --mst-sub-layers 1 --mst-grad-equalize 1 --mst-block-diagonal-muon 1 --mst-transition-width-mult 4.0 --mst-sub-lr-scale 2.0 --mst-shared-expert 0 --mst-router-entropy-weight 0.0 --mst-shared-kv-attn 0 --mst-contrastive-diversity-weight 0.0 --mst-transition-nonlinear 0 --mst-transition-gated 0 --mst-transition-mlp 0 --mst-cross-sub-gate 0 --mst-hyper-connect 0 --mst-cross-kv-inject 0 --mst-slice-transition 0 --mst-lookback-layers 0 --mst-bilinear-transition 0 --mst-cross-sub-qmod 0 --mst-feature-cycle 0 --mst-mean-transition 0 --mst-sub-head-dim 64 --mst-final-norm 1 --mst-per-stream-ve 1 --use-eet 0 --eet-frozen-kv 1 --eet-reenter-final 0 --eet-compute-skip 0 --eet-target-active-frac 0.125 --eet-capacity-schedule bell --eet-exit-fracs  --eet-router-type mlp2 --eet-router-hidden 0 --eet-freq-prior-alpha 0.0 --eet-pos-prior-beta 0.0 --eet-domain-prior 0 --eet-warmup-frac 0.02 --eet-explore-frac 0.15 --eet-reconstruct-lambda 1.0 --eet-efficiency-lambda-start 0.01 --eet-efficiency-lambda-end 0.1 --eet-translator-rank 0 --eet-max-frozen-kv-frac 0.75 --eet-exit-threshold 0.5 --eet-min-exit-layer 1 --eet-loss-variant reconstruct --eet-topk-vocab 512 --eet-entropy-lambda 0.3 --eet-surprise-lambda 0.1 --eet-adv-lambda 1.0 --eet-adv-entropy-lambda 0.2 --eet-quality-lambda 1.0 --eet-quality-entropy-bonus 0.1 --eet-gumbel-temp-start 0.0 --eet-gumbel-temp-end 0.1 --eet-gumbel-hard 1 --eet-commitment-beta 0.1 --eet-global-router 0 --eet-freq-efficiency-alpha 0.0 --eet-diversity-lambda 0.0 --eet-ce-guided-lambda 1.0 --eet-router-lr-mult 5.0 --eet-model-lr-mult 1.0 --eet-depth-weight-type none --eet-depth-weight-max 2.5 --eet-use-override 0 --eet-override-prob-start 0.5 --eet-override-prob-end 0.1 --eet-capacity-alignment-lambda 0.0 --eet-router-task-grad 1 --eet-reinforce-interval 0 --eet-reinforce-lambda 0.1 --eet-exit-adapter-rank 0 --eet-router-after-block 0 --eet-ffn-skip 0 --eet-ffn-target-frac 0.5 --eet-ffn-full-attn 1 --eet-depth-affine 0 --eet-capacity-anneal-frac 0.0 --eet-learned-schedule 0 --eet-departure-summary 0 --eet-route-consistency-lambda 0.0 --eet-dense-distill-interval 0 --eet-dense-distill-lambda 0.5 --eet-depth-lr-scale 0 --eet-depth-grad-scale 0 --eet-detach-aux-from-backbone 0 --eet-detach-exit-from-backbone 0 --compile --tokenizer-dir tokenizer --data-dir data --max-shards 300 --checkpoints-dir /__modal/volumes/vo-q9X3cVMlvxtARa1XtZDdx6/out/p08_mst_parity/d8/COMBO_g1_64_g2_g3_s1/depth_8/ckpt_base --model-tag base
2026-08-08 07:44:38,601 - httpx - INFO - HTTP Request: HEAD https://huggingface.co/varunneal/flash-attention-3/resolve/main/kernel-status.toml "HTTP/1.1 404 Not Found"
2026-08-08 07:44:38,726 - httpx - INFO - HTTP Request: GET https://huggingface.co/api/models/varunneal/flash-attention-3/tree/main/build?recursive=false&expand=false "HTTP/1.1 200 OK"
2026-08-08 07:44:38,846 - httpx - INFO - HTTP Request: GET https://huggingface.co/api/models/varunneal/flash-attention-3/revision/main "HTTP/1.1 200 OK"

                                                       █████                █████
                                                      ░░███                ░░███
     ████████    ██████   ████████    ██████   ██████  ░███████    ██████  ███████
    ░░███░░███  ░░░░░███ ░░███░░███  ███░░███ ███░░███ ░███░░███  ░░░░░███░░░███░
     ░███ ░███   ███████  ░███ ░███ ░███ ░███░███ ░░░  ░███ ░███   ███████  ░███
     ░███ ░███  ███░░███  ░███ ░███ ░███ ░███░███  ███ ░███ ░███  ███░░███  ░███ ███
     ████ █████░░████████ ████ █████░░██████ ░░██████  ████ █████░░███████  ░░█████
    ░░░░ ░░░░░  ░░░░░░░░ ░░░░ ░░░░░  ░░░░░░   ░░░░░░  ░░░░ ░░░░░  ░░░░░░░░   ░░░░░
    
Autodetected device type: cuda
2026-08-08 07:44:41,759 - nanochat.common - INFO - Distributed world size: 1
GPU: NVIDIA H200 | Peak FLOPS (BF16): 9.89e+14
COMPUTE_DTYPE: torch.bfloat16 (auto-detected: CUDA SM 90 (bf16 supported))
✓ Using Flash Attention 3 (Hopper GPU detected) — efficient and fast.
Vocab size: 32,768
[MST] Multi-scale sub windows: [(32, 0), (127, 0), (511, 0), (-1, 0)]
[MST] Using compile-optimized BatchedMSTLayer (N=4, d=128)
[MST] 1A: Per-sub gradient equalization hooks registered
Model config:
{
  "sequence_len": 2048,
  "vocab_size": 32768,
  "n_layer": 8,
  "n_head": 4,
  "n_kv_head": 4,
  "n_embd": 512,
  "use_moe": false,
  "use_perm": false,
  "moe_num_experts": 8,
  "moe_router_dim": 64,
  "moe_embed_dim": 64,
  "dropout": 0.0,
  "use_remix_linear": false,
  "remix_context_dim": 64,
  "remix_context_dim_ratio": 6,
  "remix_basis_size": 64,
  "remix_output_gate_rank": 16,
  "remixed_linear_kwargs": {
    "use_basis_gate": true,
    "use_output_gate": true,
    "use_context": true,
    "basis_gate_mode": "mlp",
    "sparse_gate_k": 0,
    "gate_temperature": 1.0,
    "basis_scale_factor": 4,
    "n_templates": 1,
    "template_routing_learned": false,
    "template_topk": 0,
    "tiny_expert": false,
    "tiny_expert_topk": 16,
    "lokr_expert": false,
    "lokr_n_experts": 64,
    "lokr_topk": 16,
    "lokr_rank": 4,
    "lokr_learned": false,
    "basis_gate_rank": 8,
    "disable_ln_basis": false,
    "chunk_route_impl": "compose",
    "top1_gate": "ones",
    "template_delta_rank": 0,
    "route_side": "output",
    "drop_basis_proj": false,
    "basis_side_templates": 0,
    "grad_equalize": false
  },
  "use_pos_embed": false,
  "moe_use_abs_pos_embed": false,
  "use_layer_context": true,
  "scale_basis_size": true,
  "remix_use_dual_gate": false,
  "remix_use_fused": false,
  "p26_output_gated_linear": 0,
  "p28_shared_basis": 0,
  "p28_chunk_routing_size": 0,
  "p28_global_template_bank": "none",
  "p28_attn_proj_templates": 0,
  "p28_attn_qk_templates": 0,
  "p29_template_block_diag": 0,
  "p29_template_lr_scale": 1.0,
  "p29_grad_equalize": 0,
  "p34_ffn_mult": 4.0,
  "p34_ffn_single": 0,
  "p34_dense_attn": 0,
  "legacy_init_fallback": 0,
  "p35_template_diversity_lambda": 0.0,
  "p22_route_affine": 0,
  "p34_ffn_schedule": "",
  "p34_ffn_no_ffn_replacement": "none",
  "p34_ffn_last_depth": 1,
  "p36_swiglu_ffn": 0,
  "p36_swiglu_mult": 2.6666666666666665,
  "cond_sites": "both",
  "cond_rank": 256,
  "cond_mult_steps": 0,
  "cond_gate_source": "router",
  "cond_coeff_act": "centered",
  "cond_router_rank": 0,
  "cond_live_init": 0.0,
  "cond_router_act": "none",
  "cond_chunk_size": 0,
  "cond_mult_scale": -1.0,
  "cond_mult_impl": "wy",
  "cond_attn_projs": "qkvo",
  "cond_layer_frac": 1.0,
  "perm_expert_mode": "low_rank",
  "perm_rank": 16,
  "router_context_window": -1,
  "router_causal": true,
  "router_num_heads": 4,
  "router_num_queries": 16,
  "router_n_layers": 2,
  "router_use_vocab_prior": false,
  "window_pattern": "SSSL",
  "cclblock_modulation": "weight",
  "cclblock_orth_lambda": 0.0,
  "cclblock_context_stream": "local",
  "cclblock_ema_factor": 0.99,
  "cclblock_stale_ctx_lag": 0,
  "cclblock_sparse_gate_k": 0,
  "cclblock_gate_temperature": 1.0,
  "cclblock_context_bank_size": 0,
  "cclblock_per_head_ctx": false,
  "cclblock_context_source": "norm_x",
  "cclblock_chunk_size": 0,
  "cclblock_aux_objective": "none",
  "cclblock_aux_lambda": 0.1,
  "cclblock_boundary_token_id": 198,
  "use_ral": false,
  "ral_rank": 32,
  "cclblock_film_gate": false,
  "cclblock_attn_shadow_dim": 0,
  "cclblock_dynamic_ratio": 0.25,
  "cclblock_gate_rank": 8,
  "cclblock_num_regimes": 8,
  "cclblock_regime_temperature": 1.0,
  "cclblock_poly_order": 2,
  "cclblock_lie_generators": 4,
  "cclblock_grassmann_bank_size": 4,
  "cclblock_tucker_rank": 32,
  "cclblock_tucker_modes": 8,
  "cclblock_svs_rank": 64,
  "cclblock_svs_eps": 0.1,
  "cclblock_vq_codes": 8,
  "cclblock_vq_temperature": 1.0,
  "cclblock_dcu_warmup_steps": 0,
  "cclblock_fsi_rotations": 8,
  "cclblock_fsi_selector_dim": 64,
  "cclblock_aesp_strata": 4,
  "cclblock_aesp_delta_rank": 4,
  "cclblock_ckr_branches": 4,
  "cclblock_ckr_kernel_size": 64,
  "cclblock_ckr_pos_channels": 1,
  "cclblock_ckr_dual_optim": 0,
  "cclblock_ckr_content_bias": 0.0,
  "cclblock_giad_rank": 32,
  "cclblock_psg_kernel_size": 64,
  "cclblock_ss_dynamic_ratio": 0.25,
  "cclblock_ss_branches": 2,
  "cclblock_ss_kernel_size": 64,
  "cclblock_lokr_branches": 8,
  "cclblock_lokr_rank": 16,
  "cclblock_ckr_temp_start": 2.0,
  "cclblock_ckr_temp_end": 0.3,
  "cclblock_com_kernel_size": 32,
  "cclblock_ckr_ortho_init": 0,
  "cclblock_ckr_branch_dropout": 0.0,
  "cclblock_ckr_diversity_lambda": 0.0,
  "cclblock_ckr_layer_selective": 0,
  "cclblock_pgr_kernel_size": 64,
  "cclblock_cil_kernel_size": 64,
  "cclblock_prb_kernel_size": 64,
  "p18_layer_drop": 0.0,
  "p18_dynamic_activation": 0,
  "p18_mixture_norm": 0,
  "p18_causal_attn_bias": 0,
  "p18_aux_sim_lambda": 0.0,
  "p18_gradient_penalty": 0.0,
  "p18_per_channel_scale": 0,
  "p19_residual_gate": 0,
  "p19_head_importance": 0,
  "p19_residual_mix_groups": 0,
  "p19_attn_logit_bias": 0,
  "p19_residual_decay": 0,
  "p19_grad_equilibrium": 0.0,
  "p19_spectral_reparam": 0,
  "p19_weight_anticollapse": 0.0,
  "p19_ve_bias": 0,
  "p19_weight_noise": 0.0,
  "p20_hrcs_scale": 0,
  "p20_lswr_scale": 0,
  "p20_lswr_planes": 8,
  "p20_lrcfb_branches": 0,
  "p20_lrcfb_narrow": 0,
  "p20_lrcfb_learned": 0,
  "p20_lrcfb_topk": 0,
  "p20_dgcr_branches": 0,
  "p20_dgcr_aux_weight": 0.01,
  "p20_mone_experts": 0,
  "p20_mone_topk": 0,
  "p20_mone_narrow": 1,
  "p20_mone_frozen": 0,
  "p20_ncea_branches": 0,
  "p20_ncea_eps": 0.1,
  "p20_adwi": 0,
  "p20_pwu_branches": 0,
  "p20_pwu_phase": 1,
  "p20_fsvd_gate": 0,
  "p20_wbfc_clusters": 0,
  "p20_wbfc_active": 0,
  "p21_per_experts": 0,
  "p21_per_topk": 0,
  "p21_per_learned": 0,
  "p21_per_attn": 0,
  "p22_attn_moe_route": "none",
  "p23_tiny_expert": 0,
  "p23_n_experts": 64,
  "p23_topk": 16,
  "p23_learned_route": 0,
  "p23_std_moe_experts": 0,
  "p23_std_moe_topk": -1,
  "p23_std_moe_aux_weight": 0.01,
  "p23_lokr": 0,
  "p23_lokr_rank": 4,
  "p23_use_shared_block_router": 0,
  "p23_linear_moe_experts": 0,
  "p23_linear_moe_topk": 0,
  "p23_quantile_route": 0,
  "remix_shared_context_gates": 0,
  "p24_use_sliced_weight": 0,
  "p24_sliced_weight_reduction_scale": 8,
  "p24_sliced_weight_min_select": 128,
  "p24_sliced_weight_scope": "per_token",
  "p24_sliced_weight_balance_coeff": 0.01,
  "p24_quantile_route": 0,
  "p24_use_folded_mod": 0,
  "p24_folded_mod_reduction_scale": 8,
  "p24_folded_mod_min_dim": 128,
  "p24_folded_mod_scope": "per_layer",
  "p24_folded_mod_gate_act": "tanh_centered",
  "p24_use_sequence_gated_linear": 0,
  "p24_sequence_gated_scope": "per_layer",
  "p24_sequence_gated_act": "tanh_centered",
  "remix_disable_ln_basis": 0,
  "dense_intermediate_ln": 0,
  "use_mst": true,
  "mst_n_subs": 4,
  "mst_sub_dim": 128,
  "mst_head_dim": 0,
  "mst_input_mode": "learned_proj",
  "mst_rotated_slice_learned": false,
  "mst_routing_mode": "soft_weighted",
  "mst_routing_topk": 0,
  "mst_routing_aux_weight": 0.01,
  "mst_diversity_weight": 0.0,
  "mst_ffn_mode": "standard",
  "mst_transition_mode": "aggregate_distribute",
  "mst_final_mode": "concat_proj",
  "mst_final_topk": 0,
  "mst_ffn_shared_up": 0,
  "mst_ffn_inner_dim": 0,
  "mst_sub_dropout": 0.0,
  "mst_transition_every": 1,
  "mst_ffa_temperature": 1.0,
  "mst_global_residual": 0,
  "mst_hybrid_dense": 0,
  "mst_cross_sub_kv": 0,
  "mst_sub_aux_weight": 0.0,
  "mst_progressive_merge": 0,
  "mst_multi_scale_windows": 1,
  "mst_delta_residual": 0,
  "mst_sub_layers": 1,
  "mst_grad_equalize": 1,
  "mst_block_diagonal_muon": 1,
  "mst_transition_width_mult": 4.0,
  "mst_sub_lr_scale": 2.0,
  "mst_shared_expert": 0,
  "mst_router_entropy_weight": 0.0,
  "mst_shared_kv_attn": 0,
  "mst_contrastive_diversity_weight": 0.0,
  "mst_transition_nonlinear": 0,
  "mst_transition_gated": 0,
  "mst_transition_mlp": 0,
  "mst_cross_sub_gate": 0,
  "mst_hyper_connect": 0,
  "mst_cross_kv_inject": 0,
  "mst_slice_transition": 0,
  "mst_lookback_layers": 0,
  "mst_bilinear_transition": 0,
  "mst_cross_sub_qmod": 0,
  "mst_feature_cycle": 0,
  "mst_mean_transition": 0,
  "mst_sub_head_dim": 64,
  "mst_final_norm": 1,
  "mst_per_stream_ve": 1,
  "use_eet": false,
  "eet_frozen_kv": true,
  "eet_reenter_final": false,
  "eet_router_type": "mlp2",
  "eet_router_hidden": 0,
  "eet_freq_prior_alpha": 0.0,
  "eet_pos_prior_beta": 0.0,
  "eet_domain_prior": false,
  "eet_warmup_frac": 0.02,
  "eet_explore_frac": 0.15,
  "eet_reconstruct_lambda": 1.0,
  "eet_efficiency_lambda_start": 0.01,
  "eet_efficiency_lambda_end": 0.1,
  "eet_translator_rank": 0,
  "eet_max_frozen_kv_frac": 0.75,
  "eet_exit_threshold": 0.5,
  "eet_min_exit_layer": 1,
  "eet_loss_variant": "reconstruct",
  "eet_topk_vocab": 512,
  "eet_entropy_lambda": 0.3,
  "eet_surprise_lambda": 0.1,
  "eet_adv_lambda": 1.0,
  "eet_adv_entropy_lambda": 0.2,
  "eet_quality_lambda": 1.0,
  "eet_quality_entropy_bonus": 0.1,
  "eet_gumbel_temp_start": 0.0,
  "eet_gumbel_temp_end": 0.1,
  "eet_gumbel_hard": true,
  "eet_commitment_beta": 0.1,
  "eet_global_router": false,
  "eet_freq_efficiency_alpha": 0.0,
  "eet_diversity_lambda": 0.0,
  "eet_ce_guided_lambda": 1.0,
  "eet_router_lr_mult": 5.0,
  "eet_model_lr_mult": 1.0,
  "eet_depth_weight_type": "none",
  "eet_depth_weight_max": 2.5,
  "eet_use_override": 0,
  "eet_override_prob_start": 0.5,
  "eet_override_prob_end": 0.1,
  "eet_compute_skip": false,
  "eet_target_active_frac": 0.125,
  "eet_capacity_schedule": "bell",
  "eet_exit_fracs": null,
  "eet_capacity_alignment_lambda": 0.0,
  "eet_router_task_grad": true,
  "eet_reinforce_interval": 0,
  "eet_reinforce_lambda": 0.1,
  "eet_exit_adapter_rank": 0,
  "eet_router_after_block": 0,
  "eet_ffn_skip": false,
  "eet_ffn_target_frac": 0.5,
  "eet_ffn_full_attn": true,
  "eet_depth_affine": false,
  "eet_capacity_anneal_frac": 0.0,
  "eet_learned_schedule": false,
  "eet_departure_summary": false,
  "eet_route_consistency_lambda": 0.0,
  "eet_dense_distill_interval": 0,
  "eet_dense_distill_lambda": 0.5,
  "eet_depth_lr_scale": false,
  "eet_depth_grad_scale": false,
  "eet_detach_aux_from_backbone": false,
  "eet_detach_exit_from_backbone": false
}
Seeded weight init with --seed 1
Checkpoints directory: /__modal/volumes/vo-q9X3cVMlvxtARa1XtZDdx6/out/p08_mst_parity/d8/COMBO_g1_64_g2_g3_s1/depth_8/ckpt_base/base
✓ Wrapping model with DistributedDataParallel (rank 0, find_unused_parameters=False)
Parameter counts:
wte                     : 16,777,216
wpe                     : 0
value_embeds            : 67,108,864
lm_head                 : 16,777,216
transformer_matrices    : 8,393,728
research                : 0
scalars                 : 16
total                   : 109,057,040
Estimated FLOPs per token (total):  1.844244e+08
Estimated FLOPs per token (active): 1.844244e+08
Estimated active params:            109,057,040
[MST] Multi-scale sub windows: [(32, 0), (127, 0), (511, 0), (-1, 0)]
[MST] Using compile-optimized BatchedMSTLayer (N=4, d=128)
[MST] 1A: Per-sub gradient equalization hooks registered
Scaling LRs by 0.7071 for batch size 262,144 (reference: 524,288)
Scaling weight decay from 0.200000 to 0.163528 for depth 8
Scaling AdamW LRs ∝1/√(512/768) = 1.224745
[MST] Per-sub Muon LR scaled by 2.00× → 0.028284
[MST] 1B: Block-diagonal Muon enabled (N=4 blocks)
Calculated number of iterations from target data:param ratio: 1,008
Total number of training tokens: 264,241,152
Tokens : Scaling params ratio: 10.50
Total training FLOPs estimate: 4.873253e+16
Total active training FLOPs estimate: 4.873253e+16
Using base scheduler: linear warmup/flat/linear warmdown
[MST] Diagnostics will be logged to: /__modal/volumes/vo-q9X3cVMlvxtARa1XtZDdx6/out/p08_mst_parity/d8/COMBO_g1_64_g2_g3_s1/depth_8/ckpt_base/base/mst_diagnostics.jsonl
Tokens / micro-batch / rank: 128 x 2048 = 262,144
Tokens / micro-batch: 262,144
Total batch size 262,144 => gradient accumulation steps: 1
Running pre-compilation warmup (1 dummy forward+backward to init lazy allocations)...
[rank0]:W0808 07:44:43.350000 16257 site-packages/torch/_logging/_internal.py:1199] [0/0] Profiler function <class 'torch.autograd.profiler.record_function'> will be ignored
/usr/local/lib/python3.12/site-packages/torch/_inductor/lowering.py:7242: UserWarning: 
Online softmax is disabled on the fly since Inductor decides to
split the reduction. Cut an issue to PyTorch if this is an
important use case and you want to speed it up with online
softmax.

  warnings.warn(
Warmup complete. Steady-state VRAM: 1.1 GB allocated
/usr/local/lib/python3.12/site-packages/torch/_inductor/lowering.py:7242: UserWarning: 
Online softmax is disabled on the fly since Inductor decides to
split the reduction. Cut an issue to PyTorch if this is an
important use case and you want to speed it up with online
softmax.

  warnings.warn(
  [MST diag] ERROR: [Errno 2] No such file or directory: '/__modal/volumes/vo-q9X3cVMlvxtARa1XtZDdx6/out/p08_mst_parity/d8/COMBO_g1_64_g2_g3_s1/depth_8/ckpt_base/base/mst_diagnostics.jsonl'
step 00000/01008 (0.00%) | loss: 10.477512 | lrm: 0.20 | lr(adamw:8.142e-02, muon:3.889e-03) | dt: 278473.66ms | tok/sec: 941 | bf16_mfu: 0.02 | epoch: 1 pq: 0 rg: 1 | total time: 0.00m
2026-08-08 07:56:29,911 - nanochat.checkpoint_manager - INFO - Saved model parameters to: /__modal/volumes/vo-q9X3cVMlvxtARa1XtZDdx6/out/p08_mst_parity/d8/COMBO_g1_64_g2_g3_s1/depth_8/ckpt_base/base/model_000200.pt
2026-08-08 07:56:29,922 - nanochat.checkpoint_manager - INFO - Saved metadata to: /__modal/volumes/vo-q9X3cVMlvxtARa1XtZDdx6/out/p08_mst_parity/d8/COMBO_g1_64_g2_g3_s1/depth_8/ckpt_base/base/meta_000200.json
2026-08-08 07:56:31,224 - nanochat.checkpoint_manager - INFO - Saved optimizer state to: /__modal/volumes/vo-q9X3cVMlvxtARa1XtZDdx6/out/p08_mst_parity/d8/COMBO_g1_64_g2_g3_s1/depth_8/ckpt_base/base/optim_000200_rank0.pt
  [MST diag] sub_sim=[0.064, 0.040, 0.006, -0.020, -0.030, -0.049, -0.059, -0.057] | route_ent=[1.094, 1.188, 1.273, 1.227, 1.211, 1.133, 1.195, 1.219] | grad_norm=[0.089, 0.048, 0.032, 0.021]
step 00200/01008 (19.84%) | loss: 4.283906 | lrm: 1.00 | lr(adamw:4.071e-01, muon:1.945e-02) | dt: 643.78ms | tok/sec: 407,195 | bf16_mfu: 7.59 | epoch: 1 pq: 1 rg: 17 | total time: 1.78m | eta: 7.6m
2026-08-08 07:58:25,670 - nanochat.checkpoint_manager - INFO - Saved model parameters to: /__modal/volumes/vo-q9X3cVMlvxtARa1XtZDdx6/out/p08_mst_parity/d8/COMBO_g1_64_g2_g3_s1/depth_8/ckpt_base/base/model_000400.pt
2026-08-08 07:58:25,682 - nanochat.checkpoint_manager - INFO - Saved metadata to: /__modal/volumes/vo-q9X3cVMlvxtARa1XtZDdx6/out/p08_mst_parity/d8/COMBO_g1_64_g2_g3_s1/depth_8/ckpt_base/base/meta_000400.json
2026-08-08 07:58:27,112 - nanochat.checkpoint_manager - INFO - Saved optimizer state to: /__modal/volumes/vo-q9X3cVMlvxtARa1XtZDdx6/out/p08_mst_parity/d8/COMBO_g1_64_g2_g3_s1/depth_8/ckpt_base/base/optim_000400_rank0.pt
Removed previous periodic checkpoint at step 000200
  [MST diag] sub_sim=[-0.008, 0.005, 0.020, -0.054, -0.061, -0.064, -0.055, -0.040] | route_ent=[1.266, 1.305, 1.344, 1.242, 1.227, 1.086, 1.148, 1.203] | grad_norm=[0.057, 0.036, 0.024, 0.021]
step 00400/01008 (39.68%) | loss: 3.876672 | lrm: 0.93 | lr(adamw:3.793e-01, muon:1.812e-02) | dt: 609.97ms | tok/sec: 429,768 | bf16_mfu: 8.01 | epoch: 1 pq: 2 rg: 30 | total time: 3.68m | eta: 5.7m
2026-08-08 08:00:20,932 - nanochat.checkpoint_manager - INFO - Saved model parameters to: /__modal/volumes/vo-q9X3cVMlvxtARa1XtZDdx6/out/p08_mst_parity/d8/COMBO_g1_64_g2_g3_s1/depth_8/ckpt_base/base/model_000600.pt
2026-08-08 08:00:20,943 - nanochat.checkpoint_manager - INFO - Saved metadata to: /__modal/volumes/vo-q9X3cVMlvxtARa1XtZDdx6/out/p08_mst_parity/d8/COMBO_g1_64_g2_g3_s1/depth_8/ckpt_base/base/meta_000600.json
2026-08-08 08:00:22,422 - nanochat.checkpoint_manager - INFO - Saved optimizer state to: /__modal/volumes/vo-q9X3cVMlvxtARa1XtZDdx6/out/p08_mst_parity/d8/COMBO_g1_64_g2_g3_s1/depth_8/ckpt_base/base/optim_000600_rank0.pt
Removed previous periodic checkpoint at step 000400
  [MST diag] sub_sim=[-0.010, 0.013, 0.037, -0.072, -0.074, -0.071, -0.062, -0.046] | route_ent=[1.281, 1.312, 1.359, 1.273, 1.273, 1.109, 1.180, 1.227] | grad_norm=[0.035, 0.026, 0.015, 0.016]
step 00600/01008 (59.52%) | loss: 3.696433 | lrm: 0.64 | lr(adamw:2.612e-01, muon:1.248e-02) | dt: 619.89ms | tok/sec: 422,886 | bf16_mfu: 7.89 | epoch: 1 pq: 3 rg: 44 | total time: 5.56m | eta: 3.8m
2026-08-08 08:02:13,204 - nanochat.checkpoint_manager - INFO - Saved model parameters to: /__modal/volumes/vo-q9X3cVMlvxtARa1XtZDdx6/out/p08_mst_parity/d8/COMBO_g1_64_g2_g3_s1/depth_8/ckpt_base/base/model_000800.pt
2026-08-08 08:02:13,216 - nanochat.checkpoint_manager - INFO - Saved metadata to: /__modal/volumes/vo-q9X3cVMlvxtARa1XtZDdx6/out/p08_mst_parity/d8/COMBO_g1_64_g2_g3_s1/depth_8/ckpt_base/base/meta_000800.json
2026-08-08 08:02:14,668 - nanochat.checkpoint_manager - INFO - Saved optimizer state to: /__modal/volumes/vo-q9X3cVMlvxtARa1XtZDdx6/out/p08_mst_parity/d8/COMBO_g1_64_g2_g3_s1/depth_8/ckpt_base/base/optim_000800_rank0.pt
Removed previous periodic checkpoint at step 000600
  [MST diag] sub_sim=[-0.005, 0.022, 0.047, -0.078, -0.073, -0.070, -0.063, -0.048] | route_ent=[1.281, 1.320, 1.367, 1.289, 1.289, 1.125, 1.195, 1.250] | grad_norm=[0.026, 0.020, 0.019, 0.017]
step 00800/01008 (79.37%) | loss: 3.575815 | lrm: 0.35 | lr(adamw:1.432e-01, muon:6.839e-03) | dt: 545.51ms | tok/sec: 480,547 | bf16_mfu: 8.96 | epoch: 1 pq: 4 rg: 58 | total time: 7.39m | eta: 1.9m
2026-08-08 08:03:59,373 - nanochat.checkpoint_manager - INFO - Saved model parameters to: /__modal/volumes/vo-q9X3cVMlvxtARa1XtZDdx6/out/p08_mst_parity/d8/COMBO_g1_64_g2_g3_s1/depth_8/ckpt_base/base/model_001000.pt
2026-08-08 08:03:59,383 - nanochat.checkpoint_manager - INFO - Saved metadata to: /__modal/volumes/vo-q9X3cVMlvxtARa1XtZDdx6/out/p08_mst_parity/d8/COMBO_g1_64_g2_g3_s1/depth_8/ckpt_base/base/meta_001000.json
2026-08-08 08:04:00,820 - nanochat.checkpoint_manager - INFO - Saved optimizer state to: /__modal/volumes/vo-q9X3cVMlvxtARa1XtZDdx6/out/p08_mst_parity/d8/COMBO_g1_64_g2_g3_s1/depth_8/ckpt_base/base/optim_001000_rank0.pt
Removed previous periodic checkpoint at step 000800
  [MST diag] sub_sim=[-0.005, 0.030, 0.055, -0.075, -0.067, -0.067, -0.060, -0.045] | route_ent=[1.289, 1.328, 1.375, 1.289, 1.297, 1.133, 1.211, 1.250] | grad_norm=[0.022, 0.015, 0.011, 0.009]
step 01000/01008 (99.21%) | loss: 3.493809 | lrm: 0.06 | lr(adamw:2.508e-02, muon:1.198e-03) | dt: 604.44ms | tok/sec: 433,694 | bf16_mfu: 8.09 | epoch: 1 pq: 5 rg: 73 | total time: 9.12m | eta: 0.1m
  [MST diag] sub_sim=[-0.003, 0.031, 0.055, -0.075, -0.069, -0.069, -0.061, -0.045] | route_ent=[1.289, 1.328, 1.375, 1.289, 1.297, 1.133, 1.211, 1.250] | grad_norm=[0.022, 0.017, 0.012, 0.010]
step 01007/01008 (99.90%) | loss: 3.486612 | lrm: 0.05 | lr(adamw:2.094e-02, muon:1.000e-03) | dt: 479.12ms | tok/sec: 547,132 | bf16_mfu: 10.20 | epoch: 1 pq: 5 rg: 76 | total time: 9.18m | eta: 0.0m
/usr/local/lib/python3.12/site-packages/torch/_dynamo/variables/functions.py:1598: UserWarning: Dynamo does not know how to trace the builtin `torch._C._distributed_c10d.pybind11_detail_function_record_v1_system_libstdcpp_gxx_abi_1xxx_use_cxx11_abi_1._broadcast_coalesced.` This function is either a Python builtin (e.g. _warnings.warn) or a third-party C/C++ Python extension (perhaps created with pybind).
If it is a Python builtin, please file an issue on GitHub so the PyTorch team can add support for it and see the next case for a workaround.
If it is a third-party C/C++ Python extension, please either wrap it into a PyTorch-understood custom operator (see https://pytorch.org/tutorials/advanced/custom_ops_landing_page.html for more details) or, if it is traceable, use `torch.compiler.allow_in_graph`.
  torch._dynamo.utils.warn_once(explanation + "\n" + "\n".join(hints))
/usr/local/lib/python3.12/site-packages/torch/_inductor/lowering.py:7242: UserWarning: 
Online softmax is disabled on the fly since Inductor decides to
split the reduction. Cut an issue to PyTorch if this is an
important use case and you want to speed it up with online
softmax.

  warnings.warn(
Step 01008 | Validation bpb: 1.038585 | val_loss: 3.406745
<|bos|>The capital of France is the capital of the world, and the capital of the world is the capital of
<|bos|>The chemical symbol of gold is the gold symbol of gold. It is a symbol of gold, and it is
<|bos|>If yesterday was Friday, then tomorrow will be Friday, and tomorrow will be Friday, and tomorrow will be Friday, and tomorrow
<|bos|>The opposite of hot is the heat of the sun. The heat of the sun is the heat of the
<|bos|>The planets of the solar system are: Sun, Earth, and other planets. The planets of the solar system are:
<|bos|>My favorite color is the red, green, and blue. I love the red, but I love
<|bos|>If 5*x + 3 = 13, then x is the number of x. If x is the number of x, then x is
2026-08-08 08:08:48,504 - nanochat.checkpoint_manager - INFO - Saved model parameters to: /__modal/volumes/vo-q9X3cVMlvxtARa1XtZDdx6/out/p08_mst_parity/d8/COMBO_g1_64_g2_g3_s1/depth_8/ckpt_base/base/model_001008.pt
2026-08-08 08:08:48,516 - nanochat.checkpoint_manager - INFO - Saved metadata to: /__modal/volumes/vo-q9X3cVMlvxtARa1XtZDdx6/out/p08_mst_parity/d8/COMBO_g1_64_g2_g3_s1/depth_8/ckpt_base/base/meta_001008.json
2026-08-08 08:08:49,844 - nanochat.checkpoint_manager - INFO - Saved optimizer state to: /__modal/volumes/vo-q9X3cVMlvxtARa1XtZDdx6/out/p08_mst_parity/d8/COMBO_g1_64_g2_g3_s1/depth_8/ckpt_base/base/optim_001008_rank0.pt
step 01008/01008 (final) | loss: 3.486612 | early_stop: 0
Peak memory usage: 68828.19MiB
Total training time: 9.18m
Minimum validation bpb: 1.038585
Minimum validation loss (nats/byte): 3.406745
[rank0]: Traceback (most recent call last):
[rank0]:   File "<frozen runpy>", line 198, in _run_module_as_main
[rank0]:   File "<frozen runpy>", line 88, in _run_code
[rank0]:   File "/__modal/volumes/vo-q9X3cVMlvxtARa1XtZDdx6/scripts/base_train.py", line 2606, in <module>
[rank0]:     _mst_tracker.write_csv(
[rank0]:   File "/__modal/volumes/vo-q9X3cVMlvxtARa1XtZDdx6/scripts/base_train.py", line 1707, in write_csv
[rank0]:     self._append_row(csv_path, row)
[rank0]:     ^^^^^^^^^^^^^^^^
[rank0]: AttributeError: '_MSTTracker' object has no attribute '_append_row'
[rank0]:[W808 08:08:51.815247924 ProcessGroupNCCL.cpp:1524] Warning: WARNING: destroy_process_group() was not called before program exit, which can leak resources. For more info, please see https://pytorch.org/docs/stable/distributed.html#shutdown (function operator())
E0808 08:08:53.528000 16252 site-packages/torch/distributed/elastic/multiprocessing/api.py:882] failed (exitcode: 1) local_rank: 0 (pid: 16257) of binary: /usr/local/bin/python
Traceback (most recent call last):
  File "/usr/local/bin/torchrun", line 10, in <module>
    sys.exit(main())
             ^^^^^^
  File "/usr/local/lib/python3.12/site-packages/torch/distributed/elastic/multiprocessing/errors/__init__.py", line 357, in wrapper
    return f(*args, **kwargs)
           ^^^^^^^^^^^^^^^^^^
  File "/usr/local/lib/python3.12/site-packages/torch/distributed/run.py", line 936, in main
    run(args)
  File "/usr/local/lib/python3.12/site-packages/torch/distributed/run.py", line 927, in run
    elastic_launch(
  File "/usr/local/lib/python3.12/site-packages/torch/distributed/launcher/api.py", line 156, in __call__
    return launch_agent(self._config, self._entrypoint, list(args))
           ^^^^^^^^^^^^^^^^^^^^^^^^^^^^^^^^^^^^^^^^^^^^^^^^^^^^^^^^
  File "/usr/local/lib/python3.12/site-packages/torch/distributed/launcher/api.py", line 293, in launch_agent
    raise ChildFailedError(
torch.distributed.elastic.multiprocessing.errors.ChildFailedError: 
============================================================
scripts.base_train FAILED
------------------------------------------------------------
Failures:
  <NO_OTHER_FAILURES>
------------------------------------------------------------
Root Cause (first observed failure):
[0]:
  time      : 2026-08-08_08:08:53
  host      : localhost
  rank      : 0 (local_rank: 0)
  exitcode  : 1 (pid: 16257)
  error_file: <N/A>
  traceback : To enable traceback see: https://pytorch.org/docs/stable/elastic/errors.html
============================================================
Error training base. Marking as failed and continuing to next model.

--- Generating Report ---
No successful runs to plot.

[ERROR] The following models FAILED: ['base']
❌  COMBO_g1_64_g2_g3_s1 failed; will retry on the next invocation

━━━ COMBO_g1_64_g2_s1  (depth 8) ━━━
Requested NPROC_PER_NODE=8, but only 1 GPU(s) visible. Capping.
Using NPROC_PER_NODE=1
NANOCHAT_SKIP_ENV_SETUP=0
===== GPU Info =====
Sat Aug  8 08:08:56 2026       
+-----------------------------------------------------------------------------------------+
| NVIDIA-SMI 580.95.05              Driver Version: 580.95.05      CUDA Version: 13.0     |
+-----------------------------------------+------------------------+----------------------+
| GPU  Name                 Persistence-M | Bus-Id          Disp.A | Volatile Uncorr. ECC |
| Fan  Temp   Perf          Pwr:Usage/Cap |           Memory-Usage | GPU-Util  Compute M. |
|                                         |                        |               MIG M. |
|=========================================+========================+======================|
|   0  NVIDIA H200                    On  |   00000000:8C:00.0 Off |                    0 |
| N/A   38C    P0             82W /  700W |      98MiB / 143771MiB |      0%      Default |
|                                         |                        |             Disabled |
+-----------------------------------------+------------------------+----------------------+

+-----------------------------------------------------------------------------------------+
| Processes:                                                                              |
|  GPU   GI   CI              PID   Type   Process name                        GPU Memory |
|        ID   ID                                                               Usage      |
|=========================================================================================|
|  No running processes found                                                             |
+-----------------------------------------------------------------------------------------+
Starting Research Sweep. Output directory: out/p08_mst_parity/d8/COMBO_g1_64_g2_s1
UV_SYSTEM_PYTHON=1: using system Python, skipping venv creation.
Validating system environment dependencies via uv...
Using Python 3.12.10 environment at: /usr/local
Resolved 159 packages in 416ms
   Building nanochat @ file:///__modal/volumes/vo-q9X3cVMlvxtARa1XtZDdx6
      Built nanochat @ file:///__modal/volumes/vo-q9X3cVMlvxtARa1XtZDdx6
Prepared 1 package in 2.49s
Uninstalled 1 package in 3ms
Installed 1 package in 4ms
 ~ nanochat==0.1.0 (from file:///__modal/volumes/vo-q9X3cVMlvxtARa1XtZDdx6)
Reset report and wrote header to out/report/header.md
Dataset (up to 300 shards) already exists in data, skipping download.
Tokenizer already exists in tokenizer, skipping training.
================================================================
Processing Depth: 8
================================================================
2026-08-08 08:09:19,654 - httpx - INFO - HTTP Request: HEAD https://huggingface.co/varunneal/flash-attention-3/resolve/main/kernel-status.toml "HTTP/1.1 404 Not Found"
2026-08-08 08:09:19,782 - httpx - INFO - HTTP Request: GET https://huggingface.co/api/models/varunneal/flash-attention-3/tree/main/build?recursive=false&expand=false "HTTP/1.1 200 OK"
2026-08-08 08:09:19,906 - httpx - INFO - HTTP Request: GET https://huggingface.co/api/models/varunneal/flash-attention-3/revision/main "HTTP/1.1 200 OK"
[sweep] Requested 8 DDP workers but only 1 GPU(s) available — using 1.
================================================================
Starting Sweep for Depth 8
Target Tokens: Auto (per-model param count)
================================================================
  Overriding default target_dim (128) with full model_dim 512

--- Training base ---

  ┌─────────────────────────────────────────────────────┐
  │  🆕  STARTING FRESH: [base]
  │     No checkpoints found — training from scratch.
  └─────────────────────────────────────────────────────┘

Running: /usr/local/bin/torchrun --standalone --nproc_per_node=1 -m scripts.base_train --depth 8 --aspect-ratio 64 --head-dim 128 --model-dim 512 --max-seq-len 2048 --device-batch-size 128 --total-batch-size 262144 --target-tokens -1 --target-param-data-ratio 10.5 --eval-every -1 --log-every 200 --core-metric-every 0 --save-every 200 --warmup-ratio 0.005 --warmdown-ratio 0.65 --final-lr-frac 0.05 --adam-beta2 0.99 --research-warmup-ratio 0.05 --use-onecycle 0 --router-context-window -1 --remix-use-basis-gate 1 --remix-use-output-gate 1 --remix-use-context 1 --remix-basis-gate-mode mlp --remix-gate-lr-scale 0.3 --p22-n-templates 1 --p22-template-routing-learned 0 --p22-template-topk 0 --p22-attn-moe-route none --p26-output-gated-linear 0 --p28-shared-basis 0 --p28-chunk-routing-size 0 --p28-global-template-bank none --p28-attn-proj-templates 0 --p28-attn-qk-templates 0 --p31-chunk-route-impl compose --p31-top1-gate ones --p31-template-delta-rank 0 --p31-route-side output --p31-drop-basis-proj 0 --p31-basis-side-templates 0 --remix-template-block-diag 0 --remix-template-lr-scale 1.0 --p29-grad-equalize 0 --target-active-params 0 --remix-basis-gate-rank 8 --cclblock-modulation weight --cclblock-orth-lambda 0.0 --p35-template-diversity-lambda 0.0 --cclblock-context-stream local --cclblock-ema-factor 0.99 --cclblock-stale-ctx-lag 0 --cclblock-sparse-gate-k 0 --cclblock-gate-temperature 1.0 --cclblock-context-bank-size 0 --cclblock-per-head-ctx 0 --cclblock-context-source norm_x --cclblock-chunk-size 0 --cclblock-aux-objective none --cclblock-aux-lambda 0.1 --cclblock-boundary-token-id 198 --use-ral 0 --ral-rank 32 --p34-ffn-schedule  --p34-ffn-no-ffn-replacement none --p34-ffn-last-depth 1 --p36-swiglu-ffn 0 --p36-swiglu-mult 2.6666666666666665 --cond-sites both --p22-route-affine 0 --cond-rank 256 --cond-mult-steps 0 --cond-gate-source router --cond-coeff-act centered --cond-router-rank 0 --cond-router-act none --cond-live-init 0.0 --cond-chunk-size 0 --cond-mult-scale -1.0 --cond-mult-impl wy --cond-attn-projs qkvo --cond-layer-frac 1.0 --cclblock-film-gate 0 --cclblock-attn-shadow-dim 0 --cclblock-dynamic-ratio 0.25 --cclblock-gate-rank 8 --cclblock-num-regimes 8 --cclblock-regime-temperature 1.0 --cclblock-poly-order 2 --cclblock-lie-generators 4 --cclblock-grassmann-bank-size 4 --cclblock-tucker-rank 32 --cclblock-tucker-modes 8 --cclblock-svs-rank 64 --cclblock-svs-eps 0.1 --cclblock-vq-codes 8 --cclblock-vq-temperature 1.0 --cclblock-dcu-warmup-steps 0 --cclblock-fsi-rotations 8 --cclblock-fsi-selector-dim 64 --cclblock-aesp-strata 4 --cclblock-aesp-delta-rank 4 --cclblock-ckr-branches 4 --cclblock-ckr-kernel-size 64 --cclblock-ckr-pos-channels 1 --cclblock-ckr-dual-optim 0 --cclblock-ckr-content-bias 0.0 --cclblock-giad-rank 32 --cclblock-psg-kernel-size 64 --cclblock-ss-dynamic-ratio 0.25 --cclblock-ss-branches 2 --cclblock-ss-kernel-size 64 --cclblock-lokr-branches 8 --cclblock-lokr-rank 16 --cclblock-ckr-temp-start 2.0 --cclblock-ckr-temp-end 0.3 --cclblock-com-kernel-size 32 --cclblock-ckr-ortho-init 0 --cclblock-ckr-branch-dropout 0.0 --cclblock-ckr-diversity-lambda 0.0 --cclblock-pgr-kernel-size 64 --cclblock-cil-kernel-size 64 --cclblock-prb-kernel-size 64 --p18-layer-drop 0.0 --p18-dynamic-activation 0 --p18-mixture-norm 0 --p18-aux-sim-lambda 0.0 --p18-gradient-penalty 0.0 --p18-per-channel-scale 0 --p19-residual-gate 0 --p19-head-importance 0 --p19-residual-mix-groups 0 --p19-attn-logit-bias 0 --p19-residual-decay 0 --p19-grad-equilibrium 0.0 --p19-spectral-reparam 0 --p19-weight-anticollapse 0.0 --p19-ve-bias 0 --p19-weight-noise 0.0 --p20-hrcs-scale 0 --p20-lswr-scale 0 --p20-lswr-planes 8 --p20-lrcfb-branches 0 --p20-lrcfb-narrow 0 --p20-lrcfb-learned 0 --p20-lrcfb-topk 0 --p20-dgcr-branches 0 --p20-dgcr-aux-weight 0.01 --p20-mone-experts 0 --p20-mone-topk 0 --p20-mone-narrow 1 --p20-mone-frozen 0 --p20-ncea-branches 0 --p20-ncea-eps 0.1 --p20-adwi 0 --p20-pwu-branches 0 --p20-pwu-phase 1 --p20-fsvd-gate 0 --p20-wbfc-clusters 0 --p20-wbfc-active 0 --p21-per-experts 0 --p21-per-topk 0 --p21-per-learned 0 --p21-per-attn 0 --p23-tiny-expert 0 --p23-n-experts 64 --p23-topk 16 --p23-learned-route 0 --p23-std-moe-experts 0 --p23-std-moe-topk -1 --p23-std-moe-aux-weight 0.01 --p23-lokr 0 --p23-lokr-rank 4 --p23-use-shared-block-router 0 --p23-linear-moe-experts 0 --p23-linear-moe-topk 0 --p23-quantile-route 0 --seed 1 --p34-ffn-mult 4.0 --p34-ffn-single 0 --p34-dense-attn 0 --p24-use-sliced-weight 0 --p24-sliced-weight-reduction-scale 8 --p24-sliced-weight-min-select 128 --p24-sliced-weight-scope per_token --p24-sliced-weight-balance-coeff 0.01 --p24-quantile-route 0 --p24-use-folded-mod 0 --p24-folded-mod-reduction-scale 8 --p24-folded-mod-scope per_layer --p24-folded-mod-gate-act tanh_centered --p24-use-sequence-gated-linear 0 --p24-sequence-gated-scope per_layer --p24-sequence-gated-act tanh_centered --p24-folded-mod-min-dim 128 --remix-shared-context-gates 0 --remix-use-dual-gate 0 --remix-basis-scale-factor 4 --remix-output-gate-rank 16 --p24-use-sliced-weight 0 --p24-sliced-weight-reduction-scale 8 --p24-sliced-weight-min-select 128 --p24-sliced-weight-scope per_token --p24-sliced-weight-balance-coeff 0.01 --p24-quantile-route 0 --p24-use-folded-mod 0 --p24-folded-mod-reduction-scale 8 --p24-folded-mod-scope per_layer --p24-folded-mod-gate-act tanh_centered --p24-use-sequence-gated-linear 0 --p24-sequence-gated-scope per_layer --p24-sequence-gated-act tanh_centered --remix-disable-ln-basis 0 --dense-intermediate-ln 0 --use-mst 1 --mst-n-subs 4 --mst-sub-dim 128 --mst-head-dim 0 --mst-input-mode learned_proj --mst-rotated-slice-learned 0 --mst-routing-mode soft_weighted --mst-routing-topk 0 --mst-routing-aux-weight 0.01 --mst-diversity-weight 0.0 --mst-ffn-mode standard --mst-transition-mode aggregate_distribute --mst-final-mode concat_proj --mst-final-topk 0 --mst-ffn-shared-up 0 --mst-ffn-inner-dim 0 --mst-sub-dropout 0.0 --mst-transition-every 1 --mst-ffa-temperature 1.0 --mst-global-residual 0 --mst-hybrid-dense 0 --mst-cross-sub-kv 0 --mst-sub-aux-weight 0.0 --mst-progressive-merge 0 --mst-multi-scale-windows 1 --mst-delta-residual 0 --mst-sub-layers 1 --mst-grad-equalize 1 --mst-block-diagonal-muon 1 --mst-transition-width-mult 4.0 --mst-sub-lr-scale 2.0 --mst-shared-expert 0 --mst-router-entropy-weight 0.0 --mst-shared-kv-attn 0 --mst-contrastive-diversity-weight 0.0 --mst-transition-nonlinear 0 --mst-transition-gated 0 --mst-transition-mlp 0 --mst-cross-sub-gate 0 --mst-hyper-connect 0 --mst-cross-kv-inject 0 --mst-slice-transition 0 --mst-lookback-layers 0 --mst-bilinear-transition 0 --mst-cross-sub-qmod 0 --mst-feature-cycle 0 --mst-mean-transition 0 --mst-sub-head-dim 64 --mst-final-norm 1 --mst-per-stream-ve 0 --use-eet 0 --eet-frozen-kv 1 --eet-reenter-final 0 --eet-compute-skip 0 --eet-target-active-frac 0.125 --eet-capacity-schedule bell --eet-exit-fracs  --eet-router-type mlp2 --eet-router-hidden 0 --eet-freq-prior-alpha 0.0 --eet-pos-prior-beta 0.0 --eet-domain-prior 0 --eet-warmup-frac 0.02 --eet-explore-frac 0.15 --eet-reconstruct-lambda 1.0 --eet-efficiency-lambda-start 0.01 --eet-efficiency-lambda-end 0.1 --eet-translator-rank 0 --eet-max-frozen-kv-frac 0.75 --eet-exit-threshold 0.5 --eet-min-exit-layer 1 --eet-loss-variant reconstruct --eet-topk-vocab 512 --eet-entropy-lambda 0.3 --eet-surprise-lambda 0.1 --eet-adv-lambda 1.0 --eet-adv-entropy-lambda 0.2 --eet-quality-lambda 1.0 --eet-quality-entropy-bonus 0.1 --eet-gumbel-temp-start 0.0 --eet-gumbel-temp-end 0.1 --eet-gumbel-hard 1 --eet-commitment-beta 0.1 --eet-global-router 0 --eet-freq-efficiency-alpha 0.0 --eet-diversity-lambda 0.0 --eet-ce-guided-lambda 1.0 --eet-router-lr-mult 5.0 --eet-model-lr-mult 1.0 --eet-depth-weight-type none --eet-depth-weight-max 2.5 --eet-use-override 0 --eet-override-prob-start 0.5 --eet-override-prob-end 0.1 --eet-capacity-alignment-lambda 0.0 --eet-router-task-grad 1 --eet-reinforce-interval 0 --eet-reinforce-lambda 0.1 --eet-exit-adapter-rank 0 --eet-router-after-block 0 --eet-ffn-skip 0 --eet-ffn-target-frac 0.5 --eet-ffn-full-attn 1 --eet-depth-affine 0 --eet-capacity-anneal-frac 0.0 --eet-learned-schedule 0 --eet-departure-summary 0 --eet-route-consistency-lambda 0.0 --eet-dense-distill-interval 0 --eet-dense-distill-lambda 0.5 --eet-depth-lr-scale 0 --eet-depth-grad-scale 0 --eet-detach-aux-from-backbone 0 --eet-detach-exit-from-backbone 0 --compile --tokenizer-dir tokenizer --data-dir data --max-shards 300 --checkpoints-dir /__modal/volumes/vo-q9X3cVMlvxtARa1XtZDdx6/out/p08_mst_parity/d8/COMBO_g1_64_g2_s1/depth_8/ckpt_base --model-tag base
2026-08-08 08:09:36,163 - httpx - INFO - HTTP Request: HEAD https://huggingface.co/varunneal/flash-attention-3/resolve/main/kernel-status.toml "HTTP/1.1 404 Not Found"
2026-08-08 08:09:36,274 - httpx - INFO - HTTP Request: GET https://huggingface.co/api/models/varunneal/flash-attention-3/tree/main/build?recursive=false&expand=false "HTTP/1.1 200 OK"
2026-08-08 08:09:36,388 - httpx - INFO - HTTP Request: GET https://huggingface.co/api/models/varunneal/flash-attention-3/revision/main "HTTP/1.1 200 OK"

                                                       █████                █████
                                                      ░░███                ░░███
     ████████    ██████   ████████    ██████   ██████  ░███████    ██████  ███████
    ░░███░░███  ░░░░░███ ░░███░░███  ███░░███ ███░░███ ░███░░███  ░░░░░███░░░███░
     ░███ ░███   ███████  ░███ ░███ ░███ ░███░███ ░░░  ░███ ░███   ███████  ░███
     ░███ ░███  ███░░███  ░███ ░███ ░███ ░███░███  ███ ░███ ░███  ███░░███  ░███ ███
     ████ █████░░████████ ████ █████░░██████ ░░██████  ████ █████░░███████  ░░█████
    ░░░░ ░░░░░  ░░░░░░░░ ░░░░ ░░░░░  ░░░░░░   ░░░░░░  ░░░░ ░░░░░  ░░░░░░░░   ░░░░░
    
Autodetected device type: cuda
2026-08-08 08:09:39,176 - nanochat.common - INFO - Distributed world size: 1
GPU: NVIDIA H200 | Peak FLOPS (BF16): 9.89e+14
COMPUTE_DTYPE: torch.bfloat16 (auto-detected: CUDA SM 90 (bf16 supported))
✓ Using Flash Attention 3 (Hopper GPU detected) — efficient and fast.
Vocab size: 32,768
[MST] Multi-scale sub windows: [(32, 0), (127, 0), (511, 0), (-1, 0)]
[MST] Using compile-optimized BatchedMSTLayer (N=4, d=128)
[MST] 1A: Per-sub gradient equalization hooks registered
Model config:
{
  "sequence_len": 2048,
  "vocab_size": 32768,
  "n_layer": 8,
  "n_head": 4,
  "n_kv_head": 4,
  "n_embd": 512,
  "use_moe": false,
  "use_perm": false,
  "moe_num_experts": 8,
  "moe_router_dim": 64,
  "moe_embed_dim": 64,
  "dropout": 0.0,
  "use_remix_linear": false,
  "remix_context_dim": 64,
  "remix_context_dim_ratio": 6,
  "remix_basis_size": 64,
  "remix_output_gate_rank": 16,
  "remixed_linear_kwargs": {
    "use_basis_gate": true,
    "use_output_gate": true,
    "use_context": true,
    "basis_gate_mode": "mlp",
    "sparse_gate_k": 0,
    "gate_temperature": 1.0,
    "basis_scale_factor": 4,
    "n_templates": 1,
    "template_routing_learned": false,
    "template_topk": 0,
    "tiny_expert": false,
    "tiny_expert_topk": 16,
    "lokr_expert": false,
    "lokr_n_experts": 64,
    "lokr_topk": 16,
    "lokr_rank": 4,
    "lokr_learned": false,
    "basis_gate_rank": 8,
    "disable_ln_basis": false,
    "chunk_route_impl": "compose",
    "top1_gate": "ones",
    "template_delta_rank": 0,
    "route_side": "output",
    "drop_basis_proj": false,
    "basis_side_templates": 0,
    "grad_equalize": false
  },
  "use_pos_embed": false,
  "moe_use_abs_pos_embed": false,
  "use_layer_context": true,
  "scale_basis_size": true,
  "remix_use_dual_gate": false,
  "remix_use_fused": false,
  "p26_output_gated_linear": 0,
  "p28_shared_basis": 0,
  "p28_chunk_routing_size": 0,
  "p28_global_template_bank": "none",
  "p28_attn_proj_templates": 0,
  "p28_attn_qk_templates": 0,
  "p29_template_block_diag": 0,
  "p29_template_lr_scale": 1.0,
  "p29_grad_equalize": 0,
  "p34_ffn_mult": 4.0,
  "p34_ffn_single": 0,
  "p34_dense_attn": 0,
  "legacy_init_fallback": 0,
  "p35_template_diversity_lambda": 0.0,
  "p22_route_affine": 0,
  "p34_ffn_schedule": "",
  "p34_ffn_no_ffn_replacement": "none",
  "p34_ffn_last_depth": 1,
  "p36_swiglu_ffn": 0,
  "p36_swiglu_mult": 2.6666666666666665,
  "cond_sites": "both",
  "cond_rank": 256,
  "cond_mult_steps": 0,
  "cond_gate_source": "router",
  "cond_coeff_act": "centered",
  "cond_router_rank": 0,
  "cond_live_init": 0.0,
  "cond_router_act": "none",
  "cond_chunk_size": 0,
  "cond_mult_scale": -1.0,
  "cond_mult_impl": "wy",
  "cond_attn_projs": "qkvo",
  "cond_layer_frac": 1.0,
  "perm_expert_mode": "low_rank",
  "perm_rank": 16,
  "router_context_window": -1,
  "router_causal": true,
  "router_num_heads": 4,
  "router_num_queries": 16,
  "router_n_layers": 2,
  "router_use_vocab_prior": false,
  "window_pattern": "SSSL",
  "cclblock_modulation": "weight",
  "cclblock_orth_lambda": 0.0,
  "cclblock_context_stream": "local",
  "cclblock_ema_factor": 0.99,
  "cclblock_stale_ctx_lag": 0,
  "cclblock_sparse_gate_k": 0,
  "cclblock_gate_temperature": 1.0,
  "cclblock_context_bank_size": 0,
  "cclblock_per_head_ctx": false,
  "cclblock_context_source": "norm_x",
  "cclblock_chunk_size": 0,
  "cclblock_aux_objective": "none",
  "cclblock_aux_lambda": 0.1,
  "cclblock_boundary_token_id": 198,
  "use_ral": false,
  "ral_rank": 32,
  "cclblock_film_gate": false,
  "cclblock_attn_shadow_dim": 0,
  "cclblock_dynamic_ratio": 0.25,
  "cclblock_gate_rank": 8,
  "cclblock_num_regimes": 8,
  "cclblock_regime_temperature": 1.0,
  "cclblock_poly_order": 2,
  "cclblock_lie_generators": 4,
  "cclblock_grassmann_bank_size": 4,
  "cclblock_tucker_rank": 32,
  "cclblock_tucker_modes": 8,
  "cclblock_svs_rank": 64,
  "cclblock_svs_eps": 0.1,
  "cclblock_vq_codes": 8,
  "cclblock_vq_temperature": 1.0,
  "cclblock_dcu_warmup_steps": 0,
  "cclblock_fsi_rotations": 8,
  "cclblock_fsi_selector_dim": 64,
  "cclblock_aesp_strata": 4,
  "cclblock_aesp_delta_rank": 4,
  "cclblock_ckr_branches": 4,
  "cclblock_ckr_kernel_size": 64,
  "cclblock_ckr_pos_channels": 1,
  "cclblock_ckr_dual_optim": 0,
  "cclblock_ckr_content_bias": 0.0,
  "cclblock_giad_rank": 32,
  "cclblock_psg_kernel_size": 64,
  "cclblock_ss_dynamic_ratio": 0.25,
  "cclblock_ss_branches": 2,
  "cclblock_ss_kernel_size": 64,
  "cclblock_lokr_branches": 8,
  "cclblock_lokr_rank": 16,
  "cclblock_ckr_temp_start": 2.0,
  "cclblock_ckr_temp_end": 0.3,
  "cclblock_com_kernel_size": 32,
  "cclblock_ckr_ortho_init": 0,
  "cclblock_ckr_branch_dropout": 0.0,
  "cclblock_ckr_diversity_lambda": 0.0,
  "cclblock_ckr_layer_selective": 0,
  "cclblock_pgr_kernel_size": 64,
  "cclblock_cil_kernel_size": 64,
  "cclblock_prb_kernel_size": 64,
  "p18_layer_drop": 0.0,
  "p18_dynamic_activation": 0,
  "p18_mixture_norm": 0,
  "p18_causal_attn_bias": 0,
  "p18_aux_sim_lambda": 0.0,
  "p18_gradient_penalty": 0.0,
  "p18_per_channel_scale": 0,
  "p19_residual_gate": 0,
  "p19_head_importance": 0,
  "p19_residual_mix_groups": 0,
  "p19_attn_logit_bias": 0,
  "p19_residual_decay": 0,
  "p19_grad_equilibrium": 0.0,
  "p19_spectral_reparam": 0,
  "p19_weight_anticollapse": 0.0,
  "p19_ve_bias": 0,
  "p19_weight_noise": 0.0,
  "p20_hrcs_scale": 0,
  "p20_lswr_scale": 0,
  "p20_lswr_planes": 8,
  "p20_lrcfb_branches": 0,
  "p20_lrcfb_narrow": 0,
  "p20_lrcfb_learned": 0,
  "p20_lrcfb_topk": 0,
  "p20_dgcr_branches": 0,
  "p20_dgcr_aux_weight": 0.01,
  "p20_mone_experts": 0,
  "p20_mone_topk": 0,
  "p20_mone_narrow": 1,
  "p20_mone_frozen": 0,
  "p20_ncea_branches": 0,
  "p20_ncea_eps": 0.1,
  "p20_adwi": 0,
  "p20_pwu_branches": 0,
  "p20_pwu_phase": 1,
  "p20_fsvd_gate": 0,
  "p20_wbfc_clusters": 0,
  "p20_wbfc_active": 0,
  "p21_per_experts": 0,
  "p21_per_topk": 0,
  "p21_per_learned": 0,
  "p21_per_attn": 0,
  "p22_attn_moe_route": "none",
  "p23_tiny_expert": 0,
  "p23_n_experts": 64,
  "p23_topk": 16,
  "p23_learned_route": 0,
  "p23_std_moe_experts": 0,
  "p23_std_moe_topk": -1,
  "p23_std_moe_aux_weight": 0.01,
  "p23_lokr": 0,
  "p23_lokr_rank": 4,
  "p23_use_shared_block_router": 0,
  "p23_linear_moe_experts": 0,
  "p23_linear_moe_topk": 0,
  "p23_quantile_route": 0,
  "remix_shared_context_gates": 0,
  "p24_use_sliced_weight": 0,
  "p24_sliced_weight_reduction_scale": 8,
  "p24_sliced_weight_min_select": 128,
  "p24_sliced_weight_scope": "per_token",
  "p24_sliced_weight_balance_coeff": 0.01,
  "p24_quantile_route": 0,
  "p24_use_folded_mod": 0,
  "p24_folded_mod_reduction_scale": 8,
  "p24_folded_mod_min_dim": 128,
  "p24_folded_mod_scope": "per_layer",
  "p24_folded_mod_gate_act": "tanh_centered",
  "p24_use_sequence_gated_linear": 0,
  "p24_sequence_gated_scope": "per_layer",
  "p24_sequence_gated_act": "tanh_centered",
  "remix_disable_ln_basis": 0,
  "dense_intermediate_ln": 0,
  "use_mst": true,
  "mst_n_subs": 4,
  "mst_sub_dim": 128,
  "mst_head_dim": 0,
  "mst_input_mode": "learned_proj",
  "mst_rotated_slice_learned": false,
  "mst_routing_mode": "soft_weighted",
  "mst_routing_topk": 0,
  "mst_routing_aux_weight": 0.01,
  "mst_diversity_weight": 0.0,
  "mst_ffn_mode": "standard",
  "mst_transition_mode": "aggregate_distribute",
  "mst_final_mode": "concat_proj",
  "mst_final_topk": 0,
  "mst_ffn_shared_up": 0,
  "mst_ffn_inner_dim": 0,
  "mst_sub_dropout": 0.0,
  "mst_transition_every": 1,
  "mst_ffa_temperature": 1.0,
  "mst_global_residual": 0,
  "mst_hybrid_dense": 0,
  "mst_cross_sub_kv": 0,
  "mst_sub_aux_weight": 0.0,
  "mst_progressive_merge": 0,
  "mst_multi_scale_windows": 1,
  "mst_delta_residual": 0,
  "mst_sub_layers": 1,
  "mst_grad_equalize": 1,
  "mst_block_diagonal_muon": 1,
  "mst_transition_width_mult": 4.0,
  "mst_sub_lr_scale": 2.0,
  "mst_shared_expert": 0,
  "mst_router_entropy_weight": 0.0,
  "mst_shared_kv_attn": 0,
  "mst_contrastive_diversity_weight": 0.0,
  "mst_transition_nonlinear": 0,
  "mst_transition_gated": 0,
  "mst_transition_mlp": 0,
  "mst_cross_sub_gate": 0,
  "mst_hyper_connect": 0,
  "mst_cross_kv_inject": 0,
  "mst_slice_transition": 0,
  "mst_lookback_layers": 0,
  "mst_bilinear_transition": 0,
  "mst_cross_sub_qmod": 0,
  "mst_feature_cycle": 0,
  "mst_mean_transition": 0,
  "mst_sub_head_dim": 64,
  "mst_final_norm": 1,
  "mst_per_stream_ve": 0,
  "use_eet": false,
  "eet_frozen_kv": true,
  "eet_reenter_final": false,
  "eet_router_type": "mlp2",
  "eet_router_hidden": 0,
  "eet_freq_prior_alpha": 0.0,
  "eet_pos_prior_beta": 0.0,
  "eet_domain_prior": false,
  "eet_warmup_frac": 0.02,
  "eet_explore_frac": 0.15,
  "eet_reconstruct_lambda": 1.0,
  "eet_efficiency_lambda_start": 0.01,
  "eet_efficiency_lambda_end": 0.1,
  "eet_translator_rank": 0,
  "eet_max_frozen_kv_frac": 0.75,
  "eet_exit_threshold": 0.5,
  "eet_min_exit_layer": 1,
  "eet_loss_variant": "reconstruct",
  "eet_topk_vocab": 512,
  "eet_entropy_lambda": 0.3,
  "eet_surprise_lambda": 0.1,
  "eet_adv_lambda": 1.0,
  "eet_adv_entropy_lambda": 0.2,
  "eet_quality_lambda": 1.0,
  "eet_quality_entropy_bonus": 0.1,
  "eet_gumbel_temp_start": 0.0,
  "eet_gumbel_temp_end": 0.1,
  "eet_gumbel_hard": true,
  "eet_commitment_beta": 0.1,
  "eet_global_router": false,
  "eet_freq_efficiency_alpha": 0.0,
  "eet_diversity_lambda": 0.0,
  "eet_ce_guided_lambda": 1.0,
  "eet_router_lr_mult": 5.0,
  "eet_model_lr_mult": 1.0,
  "eet_depth_weight_type": "none",
  "eet_depth_weight_max": 2.5,
  "eet_use_override": 0,
  "eet_override_prob_start": 0.5,
  "eet_override_prob_end": 0.1,
  "eet_compute_skip": false,
  "eet_target_active_frac": 0.125,
  "eet_capacity_schedule": "bell",
  "eet_exit_fracs": null,
  "eet_capacity_alignment_lambda": 0.0,
  "eet_router_task_grad": true,
  "eet_reinforce_interval": 0,
  "eet_reinforce_lambda": 0.1,
  "eet_exit_adapter_rank": 0,
  "eet_router_after_block": 0,
  "eet_ffn_skip": false,
  "eet_ffn_target_frac": 0.5,
  "eet_ffn_full_attn": true,
  "eet_depth_affine": false,
  "eet_capacity_anneal_frac": 0.0,
  "eet_learned_schedule": false,
  "eet_departure_summary": false,
  "eet_route_consistency_lambda": 0.0,
  "eet_dense_distill_interval": 0,
  "eet_dense_distill_lambda": 0.5,
  "eet_depth_lr_scale": false,
  "eet_depth_grad_scale": false,
  "eet_detach_aux_from_backbone": false,
  "eet_detach_exit_from_backbone": false
}
Seeded weight init with --seed 1
Checkpoints directory: /__modal/volumes/vo-q9X3cVMlvxtARa1XtZDdx6/out/p08_mst_parity/d8/COMBO_g1_64_g2_s1/depth_8/ckpt_base/base
✓ Wrapping model with DistributedDataParallel (rank 0, find_unused_parameters=False)
Parameter counts:
wte                     : 16,777,216
wpe                     : 0
value_embeds            : 16,777,216
lm_head                 : 16,777,216
transformer_matrices    : 8,393,728
research                : 0
scalars                 : 16
total                   : 58,725,392
Estimated FLOPs per token (total):  1.844244e+08
Estimated FLOPs per token (active): 1.844244e+08
Estimated active params:            58,725,392
[MST] Multi-scale sub windows: [(32, 0), (127, 0), (511, 0), (-1, 0)]
[MST] Using compile-optimized BatchedMSTLayer (N=4, d=128)
[MST] 1A: Per-sub gradient equalization hooks registered
Scaling LRs by 0.7071 for batch size 262,144 (reference: 524,288)
Scaling weight decay from 0.200000 to 0.163528 for depth 8
Scaling AdamW LRs ∝1/√(512/768) = 1.224745
[MST] Per-sub Muon LR scaled by 2.00× → 0.028284
[MST] 1B: Block-diagonal Muon enabled (N=4 blocks)
Calculated number of iterations from target data:param ratio: 1,008
Total number of training tokens: 264,241,152
Tokens : Scaling params ratio: 10.50
Total training FLOPs estimate: 4.873253e+16
Total active training FLOPs estimate: 4.873253e+16
Using base scheduler: linear warmup/flat/linear warmdown
[MST] Diagnostics will be logged to: /__modal/volumes/vo-q9X3cVMlvxtARa1XtZDdx6/out/p08_mst_parity/d8/COMBO_g1_64_g2_s1/depth_8/ckpt_base/base/mst_diagnostics.jsonl
Tokens / micro-batch / rank: 128 x 2048 = 262,144
Tokens / micro-batch: 262,144
Total batch size 262,144 => gradient accumulation steps: 1
Running pre-compilation warmup (1 dummy forward+backward to init lazy allocations)...
[rank0]:W0808 08:09:40.752000 36869 site-packages/torch/_logging/_internal.py:1199] [0/0] Profiler function <class 'torch.autograd.profiler.record_function'> will be ignored
/usr/local/lib/python3.12/site-packages/torch/_inductor/lowering.py:7242: UserWarning: 
Online softmax is disabled on the fly since Inductor decides to
split the reduction. Cut an issue to PyTorch if this is an
important use case and you want to speed it up with online
softmax.

  warnings.warn(
Warmup complete. Steady-state VRAM: 0.7 GB allocated
/usr/local/lib/python3.12/site-packages/torch/_inductor/lowering.py:7242: UserWarning: 
Online softmax is disabled on the fly since Inductor decides to
split the reduction. Cut an issue to PyTorch if this is an
important use case and you want to speed it up with online
softmax.

  warnings.warn(
  [MST diag] ERROR: [Errno 2] No such file or directory: '/__modal/volumes/vo-q9X3cVMlvxtARa1XtZDdx6/out/p08_mst_parity/d8/COMBO_g1_64_g2_s1/depth_8/ckpt_base/base/mst_diagnostics.jsonl'
step 00000/01008 (0.00%) | loss: 10.477515 | lrm: 0.20 | lr(adamw:8.142e-02, muon:3.889e-03) | dt: 286992.55ms | tok/sec: 913 | bf16_mfu: 0.02 | epoch: 1 pq: 0 rg: 1 | total time: 0.00m
2026-08-08 08:21:43,296 - nanochat.checkpoint_manager - INFO - Saved model parameters to: /__modal/volumes/vo-q9X3cVMlvxtARa1XtZDdx6/out/p08_mst_parity/d8/COMBO_g1_64_g2_s1/depth_8/ckpt_base/base/model_000200.pt
2026-08-08 08:21:43,308 - nanochat.checkpoint_manager - INFO - Saved metadata to: /__modal/volumes/vo-q9X3cVMlvxtARa1XtZDdx6/out/p08_mst_parity/d8/COMBO_g1_64_g2_s1/depth_8/ckpt_base/base/meta_000200.json
2026-08-08 08:21:44,076 - nanochat.checkpoint_manager - INFO - Saved optimizer state to: /__modal/volumes/vo-q9X3cVMlvxtARa1XtZDdx6/out/p08_mst_parity/d8/COMBO_g1_64_g2_s1/depth_8/ckpt_base/base/optim_000200_rank0.pt
  [MST diag] sub_sim=[-0.048, -0.040, -0.042, -0.059, -0.062, -0.062, -0.059, -0.046] | route_ent=[1.227, 1.164, 1.227, 1.164, 1.227, 1.117, 1.164, 1.258] | grad_norm=[0.091, 0.052, 0.032, 0.018]
step 00200/01008 (19.84%) | loss: 4.326394 | lrm: 1.00 | lr(adamw:4.071e-01, muon:1.945e-02) | dt: 594.60ms | tok/sec: 440,873 | bf16_mfu: 8.22 | epoch: 1 pq: 1 rg: 17 | total time: 1.75m | eta: 7.4m
2026-08-08 08:23:34,739 - nanochat.checkpoint_manager - INFO - Saved model parameters to: /__modal/volumes/vo-q9X3cVMlvxtARa1XtZDdx6/out/p08_mst_parity/d8/COMBO_g1_64_g2_s1/depth_8/ckpt_base/base/model_000400.pt
2026-08-08 08:23:34,749 - nanochat.checkpoint_manager - INFO - Saved metadata to: /__modal/volumes/vo-q9X3cVMlvxtARa1XtZDdx6/out/p08_mst_parity/d8/COMBO_g1_64_g2_s1/depth_8/ckpt_base/base/meta_000400.json
2026-08-08 08:23:35,528 - nanochat.checkpoint_manager - INFO - Saved optimizer state to: /__modal/volumes/vo-q9X3cVMlvxtARa1XtZDdx6/out/p08_mst_parity/d8/COMBO_g1_64_g2_s1/depth_8/ckpt_base/base/optim_000400_rank0.pt
Removed previous periodic checkpoint at step 000200
  [MST diag] sub_sim=[-0.089, -0.118, -0.099, -0.117, -0.098, -0.075, -0.050, -0.021] | route_ent=[1.289, 1.273, 1.328, 1.234, 1.289, 1.117, 1.102, 1.266] | grad_norm=[0.057, 0.030, 0.029, 0.020]
step 00400/01008 (39.68%) | loss: 3.899584 | lrm: 0.93 | lr(adamw:3.793e-01, muon:1.812e-02) | dt: 604.17ms | tok/sec: 433,893 | bf16_mfu: 8.09 | epoch: 1 pq: 2 rg: 30 | total time: 3.59m | eta: 5.6m
2026-08-08 08:25:28,760 - nanochat.checkpoint_manager - INFO - Saved model parameters to: /__modal/volumes/vo-q9X3cVMlvxtARa1XtZDdx6/out/p08_mst_parity/d8/COMBO_g1_64_g2_s1/depth_8/ckpt_base/base/model_000600.pt
2026-08-08 08:25:28,770 - nanochat.checkpoint_manager - INFO - Saved metadata to: /__modal/volumes/vo-q9X3cVMlvxtARa1XtZDdx6/out/p08_mst_parity/d8/COMBO_g1_64_g2_s1/depth_8/ckpt_base/base/meta_000600.json
2026-08-08 08:25:29,535 - nanochat.checkpoint_manager - INFO - Saved optimizer state to: /__modal/volumes/vo-q9X3cVMlvxtARa1XtZDdx6/out/p08_mst_parity/d8/COMBO_g1_64_g2_s1/depth_8/ckpt_base/base/optim_000600_rank0.pt
Removed previous periodic checkpoint at step 000400
  [MST diag] sub_sim=[-0.099, -0.130, -0.111, -0.133, -0.111, -0.096, -0.069, -0.035] | route_ent=[1.289, 1.289, 1.344, 1.258, 1.320, 1.125, 1.109, 1.273] | grad_norm=[0.038, 0.023, 0.021, 0.013]
step 00600/01008 (59.52%) | loss: 3.720523 | lrm: 0.64 | lr(adamw:2.612e-01, muon:1.248e-02) | dt: 581.62ms | tok/sec: 450,709 | bf16_mfu: 8.40 | epoch: 1 pq: 3 rg: 44 | total time: 5.46m | eta: 3.8m
2026-08-08 08:27:21,822 - nanochat.checkpoint_manager - INFO - Saved model parameters to: /__modal/volumes/vo-q9X3cVMlvxtARa1XtZDdx6/out/p08_mst_parity/d8/COMBO_g1_64_g2_s1/depth_8/ckpt_base/base/model_000800.pt
2026-08-08 08:27:21,831 - nanochat.checkpoint_manager - INFO - Saved metadata to: /__modal/volumes/vo-q9X3cVMlvxtARa1XtZDdx6/out/p08_mst_parity/d8/COMBO_g1_64_g2_s1/depth_8/ckpt_base/base/meta_000800.json
2026-08-08 08:27:22,605 - nanochat.checkpoint_manager - INFO - Saved optimizer state to: /__modal/volumes/vo-q9X3cVMlvxtARa1XtZDdx6/out/p08_mst_parity/d8/COMBO_g1_64_g2_s1/depth_8/ckpt_base/base/optim_000800_rank0.pt
Removed previous periodic checkpoint at step 000600
  [MST diag] sub_sim=[-0.099, -0.122, -0.107, -0.132, -0.109, -0.099, -0.074, -0.041] | route_ent=[1.297, 1.297, 1.352, 1.273, 1.336, 1.148, 1.133, 1.289] | grad_norm=[0.024, 0.018, 0.017, 0.013]
step 00800/01008 (79.37%) | loss: 3.600919 | lrm: 0.35 | lr(adamw:1.432e-01, muon:6.839e-03) | dt: 611.64ms | tok/sec: 428,589 | bf16_mfu: 7.99 | epoch: 1 pq: 4 rg: 58 | total time: 7.33m | eta: 1.9m
2026-08-08 08:29:14,776 - nanochat.checkpoint_manager - INFO - Saved model parameters to: /__modal/volumes/vo-q9X3cVMlvxtARa1XtZDdx6/out/p08_mst_parity/d8/COMBO_g1_64_g2_s1/depth_8/ckpt_base/base/model_001000.pt
2026-08-08 08:29:14,788 - nanochat.checkpoint_manager - INFO - Saved metadata to: /__modal/volumes/vo-q9X3cVMlvxtARa1XtZDdx6/out/p08_mst_parity/d8/COMBO_g1_64_g2_s1/depth_8/ckpt_base/base/meta_001000.json
2026-08-08 08:29:15,573 - nanochat.checkpoint_manager - INFO - Saved optimizer state to: /__modal/volumes/vo-q9X3cVMlvxtARa1XtZDdx6/out/p08_mst_parity/d8/COMBO_g1_64_g2_s1/depth_8/ckpt_base/base/optim_001000_rank0.pt
Removed previous periodic checkpoint at step 000800
  [MST diag] sub_sim=[-0.094, -0.115, -0.098, -0.125, -0.101, -0.095, -0.074, -0.040] | route_ent=[1.297, 1.312, 1.359, 1.281, 1.344, 1.156, 1.133, 1.289] | grad_norm=[0.022, 0.015, 0.014, 0.010]
step 01000/01008 (99.21%) | loss: 3.518391 | lrm: 0.06 | lr(adamw:2.508e-02, muon:1.198e-03) | dt: 364.33ms | tok/sec: 719,519 | bf16_mfu: 13.42 | epoch: 1 pq: 5 rg: 73 | total time: 9.18m | eta: 0.1m
  [MST diag] sub_sim=[-0.094, -0.115, -0.097, -0.126, -0.103, -0.099, -0.077, -0.044] | route_ent=[1.297, 1.305, 1.359, 1.281, 1.344, 1.156, 1.133, 1.289] | grad_norm=[0.022, 0.017, 0.013, 0.011]
step 01007/01008 (99.90%) | loss: 3.510656 | lrm: 0.05 | lr(adamw:2.094e-02, muon:1.000e-03) | dt: 592.88ms | tok/sec: 442,154 | bf16_mfu: 8.25 | epoch: 1 pq: 5 rg: 76 | total time: 9.25m | eta: 0.0m
/usr/local/lib/python3.12/site-packages/torch/_dynamo/variables/functions.py:1598: UserWarning: Dynamo does not know how to trace the builtin `torch._C._distributed_c10d.pybind11_detail_function_record_v1_system_libstdcpp_gxx_abi_1xxx_use_cxx11_abi_1._broadcast_coalesced.` This function is either a Python builtin (e.g. _warnings.warn) or a third-party C/C++ Python extension (perhaps created with pybind).
If it is a Python builtin, please file an issue on GitHub so the PyTorch team can add support for it and see the next case for a workaround.
If it is a third-party C/C++ Python extension, please either wrap it into a PyTorch-understood custom operator (see https://pytorch.org/tutorials/advanced/custom_ops_landing_page.html for more details) or, if it is traceable, use `torch.compiler.allow_in_graph`.
  torch._dynamo.utils.warn_once(explanation + "\n" + "\n".join(hints))
/usr/local/lib/python3.12/site-packages/torch/_inductor/lowering.py:7242: UserWarning: 
Online softmax is disabled on the fly since Inductor decides to
split the reduction. Cut an issue to PyTorch if this is an
important use case and you want to speed it up with online
softmax.

  warnings.warn(
Step 01008 | Validation bpb: 1.045807 | val_loss: 3.430436
<|bos|>The capital of France is the capital of the capital of France. The capital of France is the capital of
<|bos|>The chemical symbol of gold is a symbol of purity and purity. It is a symbol of purity and purity,
<|bos|>If yesterday was Friday, then tomorrow will be the day of the week. The day of the week was the day of the
<|bos|>The opposite of hot is the heat. The heat is the heat that is generated by the body. The
<|bos|>The planets of the solar system are: the sun, the moon, the stars, the planets, the stars, the
<|bos|>My favorite color is the red, yellow, and orange. I have a few of the colors I
<|bos|>If 5*x + 3 = 13, then x is the number of times the number of times the number of times the number of times
2026-08-08 08:33:51,494 - nanochat.checkpoint_manager - INFO - Saved model parameters to: /__modal/volumes/vo-q9X3cVMlvxtARa1XtZDdx6/out/p08_mst_parity/d8/COMBO_g1_64_g2_s1/depth_8/ckpt_base/base/model_001008.pt
2026-08-08 08:33:51,504 - nanochat.checkpoint_manager - INFO - Saved metadata to: /__modal/volumes/vo-q9X3cVMlvxtARa1XtZDdx6/out/p08_mst_parity/d8/COMBO_g1_64_g2_s1/depth_8/ckpt_base/base/meta_001008.json
2026-08-08 08:33:52,262 - nanochat.checkpoint_manager - INFO - Saved optimizer state to: /__modal/volumes/vo-q9X3cVMlvxtARa1XtZDdx6/out/p08_mst_parity/d8/COMBO_g1_64_g2_s1/depth_8/ckpt_base/base/optim_001008_rank0.pt
step 01008/01008 (final) | loss: 3.510656 | early_stop: 0
Peak memory usage: 67675.96MiB
Total training time: 9.25m
Minimum validation bpb: 1.045807
Minimum validation loss (nats/byte): 3.430436
[rank0]: Traceback (most recent call last):
[rank0]:   File "<frozen runpy>", line 198, in _run_module_as_main
[rank0]:   File "<frozen runpy>", line 88, in _run_code
[rank0]:   File "/__modal/volumes/vo-q9X3cVMlvxtARa1XtZDdx6/scripts/base_train.py", line 2606, in <module>
[rank0]:     _mst_tracker.write_csv(
[rank0]:   File "/__modal/volumes/vo-q9X3cVMlvxtARa1XtZDdx6/scripts/base_train.py", line 1707, in write_csv
[rank0]:     self._append_row(csv_path, row)
[rank0]:     ^^^^^^^^^^^^^^^^
[rank0]: AttributeError: '_MSTTracker' object has no attribute '_append_row'
[rank0]:[W808 08:33:53.278821198 ProcessGroupNCCL.cpp:1524] Warning: WARNING: destroy_process_group() was not called before program exit, which can leak resources. For more info, please see https://pytorch.org/docs/stable/distributed.html#shutdown (function operator())
E0808 08:33:55.956000 36864 site-packages/torch/distributed/elastic/multiprocessing/api.py:882] failed (exitcode: 1) local_rank: 0 (pid: 36869) of binary: /usr/local/bin/python
Traceback (most recent call last):
  File "/usr/local/bin/torchrun", line 10, in <module>
    sys.exit(main())
             ^^^^^^
  File "/usr/local/lib/python3.12/site-packages/torch/distributed/elastic/multiprocessing/errors/__init__.py", line 357, in wrapper
    return f(*args, **kwargs)
           ^^^^^^^^^^^^^^^^^^
  File "/usr/local/lib/python3.12/site-packages/torch/distributed/run.py", line 936, in main
    run(args)
  File "/usr/local/lib/python3.12/site-packages/torch/distributed/run.py", line 927, in run
    elastic_launch(
  File "/usr/local/lib/python3.12/site-packages/torch/distributed/launcher/api.py", line 156, in __call__
    return launch_agent(self._config, self._entrypoint, list(args))
           ^^^^^^^^^^^^^^^^^^^^^^^^^^^^^^^^^^^^^^^^^^^^^^^^^^^^^^^^
  File "/usr/local/lib/python3.12/site-packages/torch/distributed/launcher/api.py", line 293, in launch_agent
    raise ChildFailedError(
torch.distributed.elastic.multiprocessing.errors.ChildFailedError: 
============================================================
scripts.base_train FAILED
------------------------------------------------------------
Failures:
  <NO_OTHER_FAILURES>
------------------------------------------------------------
Root Cause (first observed failure):
[0]:
  time      : 2026-08-08_08:33:55
  host      : localhost
  rank      : 0 (local_rank: 0)
  exitcode  : 1 (pid: 36869)
  error_file: <N/A>
  traceback : To enable traceback see: https://pytorch.org/docs/stable/elastic/errors.html
============================================================
Error training base. Marking as failed and continuing to next model.

--- Generating Report ---
No successful runs to plot.

[ERROR] The following models FAILED: ['base']
❌  COMBO_g1_64_g2_s1 failed; will retry on the next invocation

━━━ COMBO_g1_128_g2_g3_s1  (depth 8) ━━━
Requested NPROC_PER_NODE=8, but only 1 GPU(s) visible. Capping.
Using NPROC_PER_NODE=1
NANOCHAT_SKIP_ENV_SETUP=0
===== GPU Info =====
Sat Aug  8 08:33:58 2026       
+-----------------------------------------------------------------------------------------+
| NVIDIA-SMI 580.95.05              Driver Version: 580.95.05      CUDA Version: 13.0     |
+-----------------------------------------+------------------------+----------------------+
| GPU  Name                 Persistence-M | Bus-Id          Disp.A | Volatile Uncorr. ECC |
| Fan  Temp   Perf          Pwr:Usage/Cap |           Memory-Usage | GPU-Util  Compute M. |
|                                         |                        |               MIG M. |
|=========================================+========================+======================|
|   0  NVIDIA H200                    On  |   00000000:8C:00.0 Off |                    0 |
| N/A   38C    P0             82W /  700W |      98MiB / 143771MiB |      0%      Default |
|                                         |                        |             Disabled |
+-----------------------------------------+------------------------+----------------------+

+-----------------------------------------------------------------------------------------+
| Processes:                                                                              |
|  GPU   GI   CI              PID   Type   Process name                        GPU Memory |
|        ID   ID                                                               Usage      |
|=========================================================================================|
|  No running processes found                                                             |
+-----------------------------------------------------------------------------------------+
Starting Research Sweep. Output directory: out/p08_mst_parity/d8/COMBO_g1_128_g2_g3_s1
UV_SYSTEM_PYTHON=1: using system Python, skipping venv creation.
Validating system environment dependencies via uv...
Using Python 3.12.10 environment at: /usr/local
Resolved 159 packages in 448ms
   Building nanochat @ file:///__modal/volumes/vo-q9X3cVMlvxtARa1XtZDdx6
      Built nanochat @ file:///__modal/volumes/vo-q9X3cVMlvxtARa1XtZDdx6
Prepared 1 package in 2.56s
Uninstalled 1 package in 3ms
Installed 1 package in 4ms
 ~ nanochat==0.1.0 (from file:///__modal/volumes/vo-q9X3cVMlvxtARa1XtZDdx6)
Reset report and wrote header to out/report/header.md
Dataset (up to 300 shards) already exists in data, skipping download.
Tokenizer already exists in tokenizer, skipping training.
================================================================
Processing Depth: 8
================================================================
2026-08-08 08:34:21,847 - httpx - INFO - HTTP Request: HEAD https://huggingface.co/varunneal/flash-attention-3/resolve/main/kernel-status.toml "HTTP/1.1 404 Not Found"
2026-08-08 08:34:21,970 - httpx - INFO - HTTP Request: GET https://huggingface.co/api/models/varunneal/flash-attention-3/tree/main/build?recursive=false&expand=false "HTTP/1.1 200 OK"
2026-08-08 08:34:22,089 - httpx - INFO - HTTP Request: GET https://huggingface.co/api/models/varunneal/flash-attention-3/revision/main "HTTP/1.1 200 OK"
[sweep] Requested 8 DDP workers but only 1 GPU(s) available — using 1.
================================================================
Starting Sweep for Depth 8
Target Tokens: Auto (per-model param count)
================================================================
  Overriding default target_dim (128) with full model_dim 512

--- Training base ---

  ┌─────────────────────────────────────────────────────┐
  │  🆕  STARTING FRESH: [base]
  │     No checkpoints found — training from scratch.
  └─────────────────────────────────────────────────────┘

Running: /usr/local/bin/torchrun --standalone --nproc_per_node=1 -m scripts.base_train --depth 8 --aspect-ratio 64 --head-dim 128 --model-dim 512 --max-seq-len 2048 --device-batch-size 128 --total-batch-size 262144 --target-tokens -1 --target-param-data-ratio 10.5 --eval-every -1 --log-every 200 --core-metric-every 0 --save-every 200 --warmup-ratio 0.005 --warmdown-ratio 0.65 --final-lr-frac 0.05 --adam-beta2 0.99 --research-warmup-ratio 0.05 --use-onecycle 0 --router-context-window -1 --remix-use-basis-gate 1 --remix-use-output-gate 1 --remix-use-context 1 --remix-basis-gate-mode mlp --remix-gate-lr-scale 0.3 --p22-n-templates 1 --p22-template-routing-learned 0 --p22-template-topk 0 --p22-attn-moe-route none --p26-output-gated-linear 0 --p28-shared-basis 0 --p28-chunk-routing-size 0 --p28-global-template-bank none --p28-attn-proj-templates 0 --p28-attn-qk-templates 0 --p31-chunk-route-impl compose --p31-top1-gate ones --p31-template-delta-rank 0 --p31-route-side output --p31-drop-basis-proj 0 --p31-basis-side-templates 0 --remix-template-block-diag 0 --remix-template-lr-scale 1.0 --p29-grad-equalize 0 --target-active-params 0 --remix-basis-gate-rank 8 --cclblock-modulation weight --cclblock-orth-lambda 0.0 --p35-template-diversity-lambda 0.0 --cclblock-context-stream local --cclblock-ema-factor 0.99 --cclblock-stale-ctx-lag 0 --cclblock-sparse-gate-k 0 --cclblock-gate-temperature 1.0 --cclblock-context-bank-size 0 --cclblock-per-head-ctx 0 --cclblock-context-source norm_x --cclblock-chunk-size 0 --cclblock-aux-objective none --cclblock-aux-lambda 0.1 --cclblock-boundary-token-id 198 --use-ral 0 --ral-rank 32 --p34-ffn-schedule  --p34-ffn-no-ffn-replacement none --p34-ffn-last-depth 1 --p36-swiglu-ffn 0 --p36-swiglu-mult 2.6666666666666665 --cond-sites both --p22-route-affine 0 --cond-rank 256 --cond-mult-steps 0 --cond-gate-source router --cond-coeff-act centered --cond-router-rank 0 --cond-router-act none --cond-live-init 0.0 --cond-chunk-size 0 --cond-mult-scale -1.0 --cond-mult-impl wy --cond-attn-projs qkvo --cond-layer-frac 1.0 --cclblock-film-gate 0 --cclblock-attn-shadow-dim 0 --cclblock-dynamic-ratio 0.25 --cclblock-gate-rank 8 --cclblock-num-regimes 8 --cclblock-regime-temperature 1.0 --cclblock-poly-order 2 --cclblock-lie-generators 4 --cclblock-grassmann-bank-size 4 --cclblock-tucker-rank 32 --cclblock-tucker-modes 8 --cclblock-svs-rank 64 --cclblock-svs-eps 0.1 --cclblock-vq-codes 8 --cclblock-vq-temperature 1.0 --cclblock-dcu-warmup-steps 0 --cclblock-fsi-rotations 8 --cclblock-fsi-selector-dim 64 --cclblock-aesp-strata 4 --cclblock-aesp-delta-rank 4 --cclblock-ckr-branches 4 --cclblock-ckr-kernel-size 64 --cclblock-ckr-pos-channels 1 --cclblock-ckr-dual-optim 0 --cclblock-ckr-content-bias 0.0 --cclblock-giad-rank 32 --cclblock-psg-kernel-size 64 --cclblock-ss-dynamic-ratio 0.25 --cclblock-ss-branches 2 --cclblock-ss-kernel-size 64 --cclblock-lokr-branches 8 --cclblock-lokr-rank 16 --cclblock-ckr-temp-start 2.0 --cclblock-ckr-temp-end 0.3 --cclblock-com-kernel-size 32 --cclblock-ckr-ortho-init 0 --cclblock-ckr-branch-dropout 0.0 --cclblock-ckr-diversity-lambda 0.0 --cclblock-pgr-kernel-size 64 --cclblock-cil-kernel-size 64 --cclblock-prb-kernel-size 64 --p18-layer-drop 0.0 --p18-dynamic-activation 0 --p18-mixture-norm 0 --p18-aux-sim-lambda 0.0 --p18-gradient-penalty 0.0 --p18-per-channel-scale 0 --p19-residual-gate 0 --p19-head-importance 0 --p19-residual-mix-groups 0 --p19-attn-logit-bias 0 --p19-residual-decay 0 --p19-grad-equilibrium 0.0 --p19-spectral-reparam 0 --p19-weight-anticollapse 0.0 --p19-ve-bias 0 --p19-weight-noise 0.0 --p20-hrcs-scale 0 --p20-lswr-scale 0 --p20-lswr-planes 8 --p20-lrcfb-branches 0 --p20-lrcfb-narrow 0 --p20-lrcfb-learned 0 --p20-lrcfb-topk 0 --p20-dgcr-branches 0 --p20-dgcr-aux-weight 0.01 --p20-mone-experts 0 --p20-mone-topk 0 --p20-mone-narrow 1 --p20-mone-frozen 0 --p20-ncea-branches 0 --p20-ncea-eps 0.1 --p20-adwi 0 --p20-pwu-branches 0 --p20-pwu-phase 1 --p20-fsvd-gate 0 --p20-wbfc-clusters 0 --p20-wbfc-active 0 --p21-per-experts 0 --p21-per-topk 0 --p21-per-learned 0 --p21-per-attn 0 --p23-tiny-expert 0 --p23-n-experts 64 --p23-topk 16 --p23-learned-route 0 --p23-std-moe-experts 0 --p23-std-moe-topk -1 --p23-std-moe-aux-weight 0.01 --p23-lokr 0 --p23-lokr-rank 4 --p23-use-shared-block-router 0 --p23-linear-moe-experts 0 --p23-linear-moe-topk 0 --p23-quantile-route 0 --seed 1 --p34-ffn-mult 4.0 --p34-ffn-single 0 --p34-dense-attn 0 --p24-use-sliced-weight 0 --p24-sliced-weight-reduction-scale 8 --p24-sliced-weight-min-select 128 --p24-sliced-weight-scope per_token --p24-sliced-weight-balance-coeff 0.01 --p24-quantile-route 0 --p24-use-folded-mod 0 --p24-folded-mod-reduction-scale 8 --p24-folded-mod-scope per_layer --p24-folded-mod-gate-act tanh_centered --p24-use-sequence-gated-linear 0 --p24-sequence-gated-scope per_layer --p24-sequence-gated-act tanh_centered --p24-folded-mod-min-dim 128 --remix-shared-context-gates 0 --remix-use-dual-gate 0 --remix-basis-scale-factor 4 --remix-output-gate-rank 16 --p24-use-sliced-weight 0 --p24-sliced-weight-reduction-scale 8 --p24-sliced-weight-min-select 128 --p24-sliced-weight-scope per_token --p24-sliced-weight-balance-coeff 0.01 --p24-quantile-route 0 --p24-use-folded-mod 0 --p24-folded-mod-reduction-scale 8 --p24-folded-mod-scope per_layer --p24-folded-mod-gate-act tanh_centered --p24-use-sequence-gated-linear 0 --p24-sequence-gated-scope per_layer --p24-sequence-gated-act tanh_centered --remix-disable-ln-basis 0 --dense-intermediate-ln 0 --use-mst 1 --mst-n-subs 4 --mst-sub-dim 128 --mst-head-dim 0 --mst-input-mode learned_proj --mst-rotated-slice-learned 0 --mst-routing-mode soft_weighted --mst-routing-topk 0 --mst-routing-aux-weight 0.01 --mst-diversity-weight 0.0 --mst-ffn-mode standard --mst-transition-mode aggregate_distribute --mst-final-mode concat_proj --mst-final-topk 0 --mst-ffn-shared-up 0 --mst-ffn-inner-dim 0 --mst-sub-dropout 0.0 --mst-transition-every 1 --mst-ffa-temperature 1.0 --mst-global-residual 0 --mst-hybrid-dense 0 --mst-cross-sub-kv 0 --mst-sub-aux-weight 0.0 --mst-progressive-merge 0 --mst-multi-scale-windows 1 --mst-delta-residual 0 --mst-sub-layers 1 --mst-grad-equalize 1 --mst-block-diagonal-muon 1 --mst-transition-width-mult 4.0 --mst-sub-lr-scale 2.0 --mst-shared-expert 0 --mst-router-entropy-weight 0.0 --mst-shared-kv-attn 0 --mst-contrastive-diversity-weight 0.0 --mst-transition-nonlinear 0 --mst-transition-gated 0 --mst-transition-mlp 0 --mst-cross-sub-gate 0 --mst-hyper-connect 0 --mst-cross-kv-inject 0 --mst-slice-transition 0 --mst-lookback-layers 0 --mst-bilinear-transition 0 --mst-cross-sub-qmod 0 --mst-feature-cycle 0 --mst-mean-transition 0 --mst-sub-head-dim 128 --mst-final-norm 1 --mst-per-stream-ve 1 --use-eet 0 --eet-frozen-kv 1 --eet-reenter-final 0 --eet-compute-skip 0 --eet-target-active-frac 0.125 --eet-capacity-schedule bell --eet-exit-fracs  --eet-router-type mlp2 --eet-router-hidden 0 --eet-freq-prior-alpha 0.0 --eet-pos-prior-beta 0.0 --eet-domain-prior 0 --eet-warmup-frac 0.02 --eet-explore-frac 0.15 --eet-reconstruct-lambda 1.0 --eet-efficiency-lambda-start 0.01 --eet-efficiency-lambda-end 0.1 --eet-translator-rank 0 --eet-max-frozen-kv-frac 0.75 --eet-exit-threshold 0.5 --eet-min-exit-layer 1 --eet-loss-variant reconstruct --eet-topk-vocab 512 --eet-entropy-lambda 0.3 --eet-surprise-lambda 0.1 --eet-adv-lambda 1.0 --eet-adv-entropy-lambda 0.2 --eet-quality-lambda 1.0 --eet-quality-entropy-bonus 0.1 --eet-gumbel-temp-start 0.0 --eet-gumbel-temp-end 0.1 --eet-gumbel-hard 1 --eet-commitment-beta 0.1 --eet-global-router 0 --eet-freq-efficiency-alpha 0.0 --eet-diversity-lambda 0.0 --eet-ce-guided-lambda 1.0 --eet-router-lr-mult 5.0 --eet-model-lr-mult 1.0 --eet-depth-weight-type none --eet-depth-weight-max 2.5 --eet-use-override 0 --eet-override-prob-start 0.5 --eet-override-prob-end 0.1 --eet-capacity-alignment-lambda 0.0 --eet-router-task-grad 1 --eet-reinforce-interval 0 --eet-reinforce-lambda 0.1 --eet-exit-adapter-rank 0 --eet-router-after-block 0 --eet-ffn-skip 0 --eet-ffn-target-frac 0.5 --eet-ffn-full-attn 1 --eet-depth-affine 0 --eet-capacity-anneal-frac 0.0 --eet-learned-schedule 0 --eet-departure-summary 0 --eet-route-consistency-lambda 0.0 --eet-dense-distill-interval 0 --eet-dense-distill-lambda 0.5 --eet-depth-lr-scale 0 --eet-depth-grad-scale 0 --eet-detach-aux-from-backbone 0 --eet-detach-exit-from-backbone 0 --compile --tokenizer-dir tokenizer --data-dir data --max-shards 300 --checkpoints-dir /__modal/volumes/vo-q9X3cVMlvxtARa1XtZDdx6/out/p08_mst_parity/d8/COMBO_g1_128_g2_g3_s1/depth_8/ckpt_base --model-tag base
2026-08-08 08:34:36,523 - httpx - INFO - HTTP Request: HEAD https://huggingface.co/varunneal/flash-attention-3/resolve/main/kernel-status.toml "HTTP/1.1 404 Not Found"
2026-08-08 08:34:36,645 - httpx - INFO - HTTP Request: GET https://huggingface.co/api/models/varunneal/flash-attention-3/tree/main/build?recursive=false&expand=false "HTTP/1.1 200 OK"
2026-08-08 08:34:36,766 - httpx - INFO - HTTP Request: GET https://huggingface.co/api/models/varunneal/flash-attention-3/revision/main "HTTP/1.1 200 OK"

                                                       █████                █████
                                                      ░░███                ░░███
     ████████    ██████   ████████    ██████   ██████  ░███████    ██████  ███████
    ░░███░░███  ░░░░░███ ░░███░░███  ███░░███ ███░░███ ░███░░███  ░░░░░███░░░███░
     ░███ ░███   ███████  ░███ ░███ ░███ ░███░███ ░░░  ░███ ░███   ███████  ░███
     ░███ ░███  ███░░███  ░███ ░███ ░███ ░███░███  ███ ░███ ░███  ███░░███  ░███ ███
     ████ █████░░████████ ████ █████░░██████ ░░██████  ████ █████░░███████  ░░█████
    ░░░░ ░░░░░  ░░░░░░░░ ░░░░ ░░░░░  ░░░░░░   ░░░░░░  ░░░░ ░░░░░  ░░░░░░░░   ░░░░░
    
Autodetected device type: cuda
2026-08-08 08:34:39,628 - nanochat.common - INFO - Distributed world size: 1
GPU: NVIDIA H200 | Peak FLOPS (BF16): 9.89e+14
COMPUTE_DTYPE: torch.bfloat16 (auto-detected: CUDA SM 90 (bf16 supported))
✓ Using Flash Attention 3 (Hopper GPU detected) — efficient and fast.
Vocab size: 32,768
[MST] Multi-scale sub windows: [(32, 0), (127, 0), (511, 0), (-1, 0)]
[MST] Using compile-optimized BatchedMSTLayer (N=4, d=128)
[MST] 1A: Per-sub gradient equalization hooks registered
Model config:
{
  "sequence_len": 2048,
  "vocab_size": 32768,
  "n_layer": 8,
  "n_head": 4,
  "n_kv_head": 4,
  "n_embd": 512,
  "use_moe": false,
  "use_perm": false,
  "moe_num_experts": 8,
  "moe_router_dim": 64,
  "moe_embed_dim": 64,
  "dropout": 0.0,
  "use_remix_linear": false,
  "remix_context_dim": 64,
  "remix_context_dim_ratio": 6,
  "remix_basis_size": 64,
  "remix_output_gate_rank": 16,
  "remixed_linear_kwargs": {
    "use_basis_gate": true,
    "use_output_gate": true,
    "use_context": true,
    "basis_gate_mode": "mlp",
    "sparse_gate_k": 0,
    "gate_temperature": 1.0,
    "basis_scale_factor": 4,
    "n_templates": 1,
    "template_routing_learned": false,
    "template_topk": 0,
    "tiny_expert": false,
    "tiny_expert_topk": 16,
    "lokr_expert": false,
    "lokr_n_experts": 64,
    "lokr_topk": 16,
    "lokr_rank": 4,
    "lokr_learned": false,
    "basis_gate_rank": 8,
    "disable_ln_basis": false,
    "chunk_route_impl": "compose",
    "top1_gate": "ones",
    "template_delta_rank": 0,
    "route_side": "output",
    "drop_basis_proj": false,
    "basis_side_templates": 0,
    "grad_equalize": false
  },
  "use_pos_embed": false,
  "moe_use_abs_pos_embed": false,
  "use_layer_context": true,
  "scale_basis_size": true,
  "remix_use_dual_gate": false,
  "remix_use_fused": false,
  "p26_output_gated_linear": 0,
  "p28_shared_basis": 0,
  "p28_chunk_routing_size": 0,
  "p28_global_template_bank": "none",
  "p28_attn_proj_templates": 0,
  "p28_attn_qk_templates": 0,
  "p29_template_block_diag": 0,
  "p29_template_lr_scale": 1.0,
  "p29_grad_equalize": 0,
  "p34_ffn_mult": 4.0,
  "p34_ffn_single": 0,
  "p34_dense_attn": 0,
  "legacy_init_fallback": 0,
  "p35_template_diversity_lambda": 0.0,
  "p22_route_affine": 0,
  "p34_ffn_schedule": "",
  "p34_ffn_no_ffn_replacement": "none",
  "p34_ffn_last_depth": 1,
  "p36_swiglu_ffn": 0,
  "p36_swiglu_mult": 2.6666666666666665,
  "cond_sites": "both",
  "cond_rank": 256,
  "cond_mult_steps": 0,
  "cond_gate_source": "router",
  "cond_coeff_act": "centered",
  "cond_router_rank": 0,
  "cond_live_init": 0.0,
  "cond_router_act": "none",
  "cond_chunk_size": 0,
  "cond_mult_scale": -1.0,
  "cond_mult_impl": "wy",
  "cond_attn_projs": "qkvo",
  "cond_layer_frac": 1.0,
  "perm_expert_mode": "low_rank",
  "perm_rank": 16,
  "router_context_window": -1,
  "router_causal": true,
  "router_num_heads": 4,
  "router_num_queries": 16,
  "router_n_layers": 2,
  "router_use_vocab_prior": false,
  "window_pattern": "SSSL",
  "cclblock_modulation": "weight",
  "cclblock_orth_lambda": 0.0,
  "cclblock_context_stream": "local",
  "cclblock_ema_factor": 0.99,
  "cclblock_stale_ctx_lag": 0,
  "cclblock_sparse_gate_k": 0,
  "cclblock_gate_temperature": 1.0,
  "cclblock_context_bank_size": 0,
  "cclblock_per_head_ctx": false,
  "cclblock_context_source": "norm_x",
  "cclblock_chunk_size": 0,
  "cclblock_aux_objective": "none",
  "cclblock_aux_lambda": 0.1,
  "cclblock_boundary_token_id": 198,
  "use_ral": false,
  "ral_rank": 32,
  "cclblock_film_gate": false,
  "cclblock_attn_shadow_dim": 0,
  "cclblock_dynamic_ratio": 0.25,
  "cclblock_gate_rank": 8,
  "cclblock_num_regimes": 8,
  "cclblock_regime_temperature": 1.0,
  "cclblock_poly_order": 2,
  "cclblock_lie_generators": 4,
  "cclblock_grassmann_bank_size": 4,
  "cclblock_tucker_rank": 32,
  "cclblock_tucker_modes": 8,
  "cclblock_svs_rank": 64,
  "cclblock_svs_eps": 0.1,
  "cclblock_vq_codes": 8,
  "cclblock_vq_temperature": 1.0,
  "cclblock_dcu_warmup_steps": 0,
  "cclblock_fsi_rotations": 8,
  "cclblock_fsi_selector_dim": 64,
  "cclblock_aesp_strata": 4,
  "cclblock_aesp_delta_rank": 4,
  "cclblock_ckr_branches": 4,
  "cclblock_ckr_kernel_size": 64,
  "cclblock_ckr_pos_channels": 1,
  "cclblock_ckr_dual_optim": 0,
  "cclblock_ckr_content_bias": 0.0,
  "cclblock_giad_rank": 32,
  "cclblock_psg_kernel_size": 64,
  "cclblock_ss_dynamic_ratio": 0.25,
  "cclblock_ss_branches": 2,
  "cclblock_ss_kernel_size": 64,
  "cclblock_lokr_branches": 8,
  "cclblock_lokr_rank": 16,
  "cclblock_ckr_temp_start": 2.0,
  "cclblock_ckr_temp_end": 0.3,
  "cclblock_com_kernel_size": 32,
  "cclblock_ckr_ortho_init": 0,
  "cclblock_ckr_branch_dropout": 0.0,
  "cclblock_ckr_diversity_lambda": 0.0,
  "cclblock_ckr_layer_selective": 0,
  "cclblock_pgr_kernel_size": 64,
  "cclblock_cil_kernel_size": 64,
  "cclblock_prb_kernel_size": 64,
  "p18_layer_drop": 0.0,
  "p18_dynamic_activation": 0,
  "p18_mixture_norm": 0,
  "p18_causal_attn_bias": 0,
  "p18_aux_sim_lambda": 0.0,
  "p18_gradient_penalty": 0.0,
  "p18_per_channel_scale": 0,
  "p19_residual_gate": 0,
  "p19_head_importance": 0,
  "p19_residual_mix_groups": 0,
  "p19_attn_logit_bias": 0,
  "p19_residual_decay": 0,
  "p19_grad_equilibrium": 0.0,
  "p19_spectral_reparam": 0,
  "p19_weight_anticollapse": 0.0,
  "p19_ve_bias": 0,
  "p19_weight_noise": 0.0,
  "p20_hrcs_scale": 0,
  "p20_lswr_scale": 0,
  "p20_lswr_planes": 8,
  "p20_lrcfb_branches": 0,
  "p20_lrcfb_narrow": 0,
  "p20_lrcfb_learned": 0,
  "p20_lrcfb_topk": 0,
  "p20_dgcr_branches": 0,
  "p20_dgcr_aux_weight": 0.01,
  "p20_mone_experts": 0,
  "p20_mone_topk": 0,
  "p20_mone_narrow": 1,
  "p20_mone_frozen": 0,
  "p20_ncea_branches": 0,
  "p20_ncea_eps": 0.1,
  "p20_adwi": 0,
  "p20_pwu_branches": 0,
  "p20_pwu_phase": 1,
  "p20_fsvd_gate": 0,
  "p20_wbfc_clusters": 0,
  "p20_wbfc_active": 0,
  "p21_per_experts": 0,
  "p21_per_topk": 0,
  "p21_per_learned": 0,
  "p21_per_attn": 0,
  "p22_attn_moe_route": "none",
  "p23_tiny_expert": 0,
  "p23_n_experts": 64,
  "p23_topk": 16,
  "p23_learned_route": 0,
  "p23_std_moe_experts": 0,
  "p23_std_moe_topk": -1,
  "p23_std_moe_aux_weight": 0.01,
  "p23_lokr": 0,
  "p23_lokr_rank": 4,
  "p23_use_shared_block_router": 0,
  "p23_linear_moe_experts": 0,
  "p23_linear_moe_topk": 0,
  "p23_quantile_route": 0,
  "remix_shared_context_gates": 0,
  "p24_use_sliced_weight": 0,
  "p24_sliced_weight_reduction_scale": 8,
  "p24_sliced_weight_min_select": 128,
  "p24_sliced_weight_scope": "per_token",
  "p24_sliced_weight_balance_coeff": 0.01,
  "p24_quantile_route": 0,
  "p24_use_folded_mod": 0,
  "p24_folded_mod_reduction_scale": 8,
  "p24_folded_mod_min_dim": 128,
  "p24_folded_mod_scope": "per_layer",
  "p24_folded_mod_gate_act": "tanh_centered",
  "p24_use_sequence_gated_linear": 0,
  "p24_sequence_gated_scope": "per_layer",
  "p24_sequence_gated_act": "tanh_centered",
  "remix_disable_ln_basis": 0,
  "dense_intermediate_ln": 0,
  "use_mst": true,
  "mst_n_subs": 4,
  "mst_sub_dim": 128,
  "mst_head_dim": 0,
  "mst_input_mode": "learned_proj",
  "mst_rotated_slice_learned": false,
  "mst_routing_mode": "soft_weighted",
  "mst_routing_topk": 0,
  "mst_routing_aux_weight": 0.01,
  "mst_diversity_weight": 0.0,
  "mst_ffn_mode": "standard",
  "mst_transition_mode": "aggregate_distribute",
  "mst_final_mode": "concat_proj",
  "mst_final_topk": 0,
  "mst_ffn_shared_up": 0,
  "mst_ffn_inner_dim": 0,
  "mst_sub_dropout": 0.0,
  "mst_transition_every": 1,
  "mst_ffa_temperature": 1.0,
  "mst_global_residual": 0,
  "mst_hybrid_dense": 0,
  "mst_cross_sub_kv": 0,
  "mst_sub_aux_weight": 0.0,
  "mst_progressive_merge": 0,
  "mst_multi_scale_windows": 1,
  "mst_delta_residual": 0,
  "mst_sub_layers": 1,
  "mst_grad_equalize": 1,
  "mst_block_diagonal_muon": 1,
  "mst_transition_width_mult": 4.0,
  "mst_sub_lr_scale": 2.0,
  "mst_shared_expert": 0,
  "mst_router_entropy_weight": 0.0,
  "mst_shared_kv_attn": 0,
  "mst_contrastive_diversity_weight": 0.0,
  "mst_transition_nonlinear": 0,
  "mst_transition_gated": 0,
  "mst_transition_mlp": 0,
  "mst_cross_sub_gate": 0,
  "mst_hyper_connect": 0,
  "mst_cross_kv_inject": 0,
  "mst_slice_transition": 0,
  "mst_lookback_layers": 0,
  "mst_bilinear_transition": 0,
  "mst_cross_sub_qmod": 0,
  "mst_feature_cycle": 0,
  "mst_mean_transition": 0,
  "mst_sub_head_dim": 128,
  "mst_final_norm": 1,
  "mst_per_stream_ve": 1,
  "use_eet": false,
  "eet_frozen_kv": true,
  "eet_reenter_final": false,
  "eet_router_type": "mlp2",
  "eet_router_hidden": 0,
  "eet_freq_prior_alpha": 0.0,
  "eet_pos_prior_beta": 0.0,
  "eet_domain_prior": false,
  "eet_warmup_frac": 0.02,
  "eet_explore_frac": 0.15,
  "eet_reconstruct_lambda": 1.0,
  "eet_efficiency_lambda_start": 0.01,
  "eet_efficiency_lambda_end": 0.1,
  "eet_translator_rank": 0,
  "eet_max_frozen_kv_frac": 0.75,
  "eet_exit_threshold": 0.5,
  "eet_min_exit_layer": 1,
  "eet_loss_variant": "reconstruct",
  "eet_topk_vocab": 512,
  "eet_entropy_lambda": 0.3,
  "eet_surprise_lambda": 0.1,
  "eet_adv_lambda": 1.0,
  "eet_adv_entropy_lambda": 0.2,
  "eet_quality_lambda": 1.0,
  "eet_quality_entropy_bonus": 0.1,
  "eet_gumbel_temp_start": 0.0,
  "eet_gumbel_temp_end": 0.1,
  "eet_gumbel_hard": true,
  "eet_commitment_beta": 0.1,
  "eet_global_router": false,
  "eet_freq_efficiency_alpha": 0.0,
  "eet_diversity_lambda": 0.0,
  "eet_ce_guided_lambda": 1.0,
  "eet_router_lr_mult": 5.0,
  "eet_model_lr_mult": 1.0,
  "eet_depth_weight_type": "none",
  "eet_depth_weight_max": 2.5,
  "eet_use_override": 0,
  "eet_override_prob_start": 0.5,
  "eet_override_prob_end": 0.1,
  "eet_compute_skip": false,
  "eet_target_active_frac": 0.125,
  "eet_capacity_schedule": "bell",
  "eet_exit_fracs": null,
  "eet_capacity_alignment_lambda": 0.0,
  "eet_router_task_grad": true,
  "eet_reinforce_interval": 0,
  "eet_reinforce_lambda": 0.1,
  "eet_exit_adapter_rank": 0,
  "eet_router_after_block": 0,
  "eet_ffn_skip": false,
  "eet_ffn_target_frac": 0.5,
  "eet_ffn_full_attn": true,
  "eet_depth_affine": false,
  "eet_capacity_anneal_frac": 0.0,
  "eet_learned_schedule": false,
  "eet_departure_summary": false,
  "eet_route_consistency_lambda": 0.0,
  "eet_dense_distill_interval": 0,
  "eet_dense_distill_lambda": 0.5,
  "eet_depth_lr_scale": false,
  "eet_depth_grad_scale": false,
  "eet_detach_aux_from_backbone": false,
  "eet_detach_exit_from_backbone": false
}
Seeded weight init with --seed 1
Checkpoints directory: /__modal/volumes/vo-q9X3cVMlvxtARa1XtZDdx6/out/p08_mst_parity/d8/COMBO_g1_128_g2_g3_s1/depth_8/ckpt_base/base
✓ Wrapping model with DistributedDataParallel (rank 0, find_unused_parameters=False)
Parameter counts:
wte                     : 16,777,216
wpe                     : 0
value_embeds            : 67,108,864
lm_head                 : 16,777,216
transformer_matrices    : 8,393,216
research                : 0
scalars                 : 16
total                   : 109,056,528
Estimated FLOPs per token (total):  1.844214e+08
Estimated FLOPs per token (active): 1.844214e+08
Estimated active params:            109,056,528
[MST] Multi-scale sub windows: [(32, 0), (127, 0), (511, 0), (-1, 0)]
[MST] Using compile-optimized BatchedMSTLayer (N=4, d=128)
[MST] 1A: Per-sub gradient equalization hooks registered
Scaling LRs by 0.7071 for batch size 262,144 (reference: 524,288)
Scaling weight decay from 0.200000 to 0.163527 for depth 8
Scaling AdamW LRs ∝1/√(512/768) = 1.224745
[MST] Per-sub Muon LR scaled by 2.00× → 0.028284
[MST] 1B: Block-diagonal Muon enabled (N=4 blocks)
Calculated number of iterations from target data:param ratio: 1,008
Total number of training tokens: 264,241,152
Tokens : Scaling params ratio: 10.50
Total training FLOPs estimate: 4.873172e+16
Total active training FLOPs estimate: 4.873172e+16
Using base scheduler: linear warmup/flat/linear warmdown
[MST] Diagnostics will be logged to: /__modal/volumes/vo-q9X3cVMlvxtARa1XtZDdx6/out/p08_mst_parity/d8/COMBO_g1_128_g2_g3_s1/depth_8/ckpt_base/base/mst_diagnostics.jsonl
Tokens / micro-batch / rank: 128 x 2048 = 262,144
Tokens / micro-batch: 262,144
Total batch size 262,144 => gradient accumulation steps: 1
Running pre-compilation warmup (1 dummy forward+backward to init lazy allocations)...
[rank0]:W0808 08:34:41.333000 56390 site-packages/torch/_logging/_internal.py:1199] [0/0] Profiler function <class 'torch.autograd.profiler.record_function'> will be ignored
/usr/local/lib/python3.12/site-packages/torch/_inductor/lowering.py:7242: UserWarning: 
Online softmax is disabled on the fly since Inductor decides to
split the reduction. Cut an issue to PyTorch if this is an
important use case and you want to speed it up with online
softmax.

  warnings.warn(
Warmup complete. Steady-state VRAM: 1.1 GB allocated
/usr/local/lib/python3.12/site-packages/torch/_inductor/lowering.py:7242: UserWarning: 
Online softmax is disabled on the fly since Inductor decides to
split the reduction. Cut an issue to PyTorch if this is an
important use case and you want to speed it up with online
softmax.

  warnings.warn(
  [MST diag] ERROR: [Errno 2] No such file or directory: '/__modal/volumes/vo-q9X3cVMlvxtARa1XtZDdx6/out/p08_mst_parity/d8/COMBO_g1_128_g2_g3_s1/depth_8/ckpt_base/base/mst_diagnostics.jsonl'
step 00000/01008 (0.00%) | loss: 10.477509 | lrm: 0.20 | lr(adamw:8.142e-02, muon:3.889e-03) | dt: 272235.08ms | tok/sec: 962 | bf16_mfu: 0.02 | epoch: 1 pq: 0 rg: 1 | total time: 0.00m
2026-08-08 08:46:30,452 - nanochat.checkpoint_manager - INFO - Saved model parameters to: /__modal/volumes/vo-q9X3cVMlvxtARa1XtZDdx6/out/p08_mst_parity/d8/COMBO_g1_128_g2_g3_s1/depth_8/ckpt_base/base/model_000200.pt
2026-08-08 08:46:30,464 - nanochat.checkpoint_manager - INFO - Saved metadata to: /__modal/volumes/vo-q9X3cVMlvxtARa1XtZDdx6/out/p08_mst_parity/d8/COMBO_g1_128_g2_g3_s1/depth_8/ckpt_base/base/meta_000200.json
2026-08-08 08:46:31,774 - nanochat.checkpoint_manager - INFO - Saved optimizer state to: /__modal/volumes/vo-q9X3cVMlvxtARa1XtZDdx6/out/p08_mst_parity/d8/COMBO_g1_128_g2_g3_s1/depth_8/ckpt_base/base/optim_000200_rank0.pt
  [MST diag] sub_sim=[-0.009, -0.040, -0.048, -0.069, -0.070, -0.065, -0.060, -0.049] | route_ent=[1.289, 1.289, 1.305, 1.219, 1.211, 1.148, 1.188, 1.227] | grad_norm=[0.091, 0.045, 0.051, 0.028]
step 00200/01008 (19.84%) | loss: 4.235626 | lrm: 1.00 | lr(adamw:4.071e-01, muon:1.945e-02) | dt: 571.63ms | tok/sec: 458,587 | bf16_mfu: 8.55 | epoch: 1 pq: 1 rg: 17 | total time: 2.07m | eta: 8.8m
2026-08-08 08:48:46,132 - nanochat.checkpoint_manager - INFO - Saved model parameters to: /__modal/volumes/vo-q9X3cVMlvxtARa1XtZDdx6/out/p08_mst_parity/d8/COMBO_g1_128_g2_g3_s1/depth_8/ckpt_base/base/model_000400.pt
2026-08-08 08:48:46,144 - nanochat.checkpoint_manager - INFO - Saved metadata to: /__modal/volumes/vo-q9X3cVMlvxtARa1XtZDdx6/out/p08_mst_parity/d8/COMBO_g1_128_g2_g3_s1/depth_8/ckpt_base/base/meta_000400.json
2026-08-08 08:48:47,404 - nanochat.checkpoint_manager - INFO - Saved optimizer state to: /__modal/volumes/vo-q9X3cVMlvxtARa1XtZDdx6/out/p08_mst_parity/d8/COMBO_g1_128_g2_g3_s1/depth_8/ckpt_base/base/optim_000400_rank0.pt
Removed previous periodic checkpoint at step 000200
  [MST diag] sub_sim=[-0.051, -0.108, -0.124, -0.158, -0.128, -0.088, -0.067, -0.036] | route_ent=[1.312, 1.328, 1.320, 1.312, 1.273, 1.109, 1.156, 1.227] | grad_norm=[0.046, 0.029, 0.037, 0.022]
step 00400/01008 (39.68%) | loss: 3.865654 | lrm: 0.93 | lr(adamw:3.793e-01, muon:1.812e-02) | dt: 733.70ms | tok/sec: 357,290 | bf16_mfu: 6.66 | epoch: 1 pq: 2 rg: 30 | total time: 4.30m | eta: 6.7m
2026-08-08 08:51:01,842 - nanochat.checkpoint_manager - INFO - Saved model parameters to: /__modal/volumes/vo-q9X3cVMlvxtARa1XtZDdx6/out/p08_mst_parity/d8/COMBO_g1_128_g2_g3_s1/depth_8/ckpt_base/base/model_000600.pt
2026-08-08 08:51:01,852 - nanochat.checkpoint_manager - INFO - Saved metadata to: /__modal/volumes/vo-q9X3cVMlvxtARa1XtZDdx6/out/p08_mst_parity/d8/COMBO_g1_128_g2_g3_s1/depth_8/ckpt_base/base/meta_000600.json
2026-08-08 08:51:03,171 - nanochat.checkpoint_manager - INFO - Saved optimizer state to: /__modal/volumes/vo-q9X3cVMlvxtARa1XtZDdx6/out/p08_mst_parity/d8/COMBO_g1_128_g2_g3_s1/depth_8/ckpt_base/base/optim_000600_rank0.pt
Removed previous periodic checkpoint at step 000400
  [MST diag] sub_sim=[-0.063, -0.124, -0.147, -0.182, -0.149, -0.109, -0.085, -0.046] | route_ent=[1.320, 1.336, 1.328, 1.328, 1.320, 1.133, 1.188, 1.250] | grad_norm=[0.034, 0.022, 0.022, 0.018]
step 00600/01008 (59.52%) | loss: 3.691255 | lrm: 0.64 | lr(adamw:2.612e-01, muon:1.248e-02) | dt: 694.69ms | tok/sec: 377,353 | bf16_mfu: 7.04 | epoch: 1 pq: 3 rg: 44 | total time: 6.53m | eta: 4.5m
2026-08-08 08:53:19,290 - nanochat.checkpoint_manager - INFO - Saved model parameters to: /__modal/volumes/vo-q9X3cVMlvxtARa1XtZDdx6/out/p08_mst_parity/d8/COMBO_g1_128_g2_g3_s1/depth_8/ckpt_base/base/model_000800.pt
2026-08-08 08:53:19,300 - nanochat.checkpoint_manager - INFO - Saved metadata to: /__modal/volumes/vo-q9X3cVMlvxtARa1XtZDdx6/out/p08_mst_parity/d8/COMBO_g1_128_g2_g3_s1/depth_8/ckpt_base/base/meta_000800.json
2026-08-08 08:53:20,592 - nanochat.checkpoint_manager - INFO - Saved optimizer state to: /__modal/volumes/vo-q9X3cVMlvxtARa1XtZDdx6/out/p08_mst_parity/d8/COMBO_g1_128_g2_g3_s1/depth_8/ckpt_base/base/optim_000800_rank0.pt
Removed previous periodic checkpoint at step 000600
  [MST diag] sub_sim=[-0.062, -0.116, -0.142, -0.174, -0.138, -0.106, -0.085, -0.047] | route_ent=[1.328, 1.344, 1.336, 1.336, 1.328, 1.156, 1.203, 1.266] | grad_norm=[0.024, 0.017, 0.014, 0.015]
step 00800/01008 (79.37%) | loss: 3.573836 | lrm: 0.35 | lr(adamw:1.432e-01, muon:6.839e-03) | dt: 691.78ms | tok/sec: 378,942 | bf16_mfu: 7.07 | epoch: 1 pq: 4 rg: 58 | total time: 8.78m | eta: 2.3m
2026-08-08 08:55:33,656 - nanochat.checkpoint_manager - INFO - Saved model parameters to: /__modal/volumes/vo-q9X3cVMlvxtARa1XtZDdx6/out/p08_mst_parity/d8/COMBO_g1_128_g2_g3_s1/depth_8/ckpt_base/base/model_001000.pt
2026-08-08 08:55:33,667 - nanochat.checkpoint_manager - INFO - Saved metadata to: /__modal/volumes/vo-q9X3cVMlvxtARa1XtZDdx6/out/p08_mst_parity/d8/COMBO_g1_128_g2_g3_s1/depth_8/ckpt_base/base/meta_001000.json
2026-08-08 08:55:34,963 - nanochat.checkpoint_manager - INFO - Saved optimizer state to: /__modal/volumes/vo-q9X3cVMlvxtARa1XtZDdx6/out/p08_mst_parity/d8/COMBO_g1_128_g2_g3_s1/depth_8/ckpt_base/base/optim_001000_rank0.pt
Removed previous periodic checkpoint at step 000800
  [MST diag] sub_sim=[-0.057, -0.112, -0.140, -0.166, -0.129, -0.101, -0.080, -0.041] | route_ent=[1.336, 1.344, 1.344, 1.336, 1.344, 1.164, 1.211, 1.266] | grad_norm=[0.022, 0.015, 0.011, 0.011]
step 01000/01008 (99.21%) | loss: 3.493138 | lrm: 0.06 | lr(adamw:2.508e-02, muon:1.198e-03) | dt: 675.47ms | tok/sec: 388,088 | bf16_mfu: 7.24 | epoch: 1 pq: 5 rg: 73 | total time: 10.99m | eta: 0.1m
  [MST diag] sub_sim=[-0.054, -0.110, -0.138, -0.166, -0.130, -0.104, -0.083, -0.046] | route_ent=[1.336, 1.344, 1.344, 1.344, 1.344, 1.164, 1.211, 1.266] | grad_norm=[0.021, 0.016, 0.012, 0.011]
step 01007/01008 (99.90%) | loss: 3.485783 | lrm: 0.05 | lr(adamw:2.094e-02, muon:1.000e-03) | dt: 717.21ms | tok/sec: 365,506 | bf16_mfu: 6.82 | epoch: 1 pq: 5 rg: 76 | total time: 11.07m | eta: 0.0m
/usr/local/lib/python3.12/site-packages/torch/_dynamo/variables/functions.py:1598: UserWarning: Dynamo does not know how to trace the builtin `torch._C._distributed_c10d.pybind11_detail_function_record_v1_system_libstdcpp_gxx_abi_1xxx_use_cxx11_abi_1._broadcast_coalesced.` This function is either a Python builtin (e.g. _warnings.warn) or a third-party C/C++ Python extension (perhaps created with pybind).
If it is a Python builtin, please file an issue on GitHub so the PyTorch team can add support for it and see the next case for a workaround.
If it is a third-party C/C++ Python extension, please either wrap it into a PyTorch-understood custom operator (see https://pytorch.org/tutorials/advanced/custom_ops_landing_page.html for more details) or, if it is traceable, use `torch.compiler.allow_in_graph`.
  torch._dynamo.utils.warn_once(explanation + "\n" + "\n".join(hints))
/usr/local/lib/python3.12/site-packages/torch/_inductor/lowering.py:7242: UserWarning: 
Online softmax is disabled on the fly since Inductor decides to
split the reduction. Cut an issue to PyTorch if this is an
important use case and you want to speed it up with online
softmax.

  warnings.warn(
Step 01008 | Validation bpb: 1.038274 | val_loss: 3.405725
<|bos|>The capital of France is the capital of the world. The capital of France is the capital of the world
<|bos|>The chemical symbol of gold is gold. It is a silver-colored substance that is used to make gold. It
<|bos|>If yesterday was Friday, then tomorrow will be Friday, and tomorrow will be Friday, and tomorrow will be Friday, and tomorrow
<|bos|>The opposite of hot is the case with the hot. The hot is the case with the hot. The
<|bos|>The planets of the solar system are: the solar system, the solar system, the solar system, the solar system,
<|bos|>My favorite color is the green, but I'm not sure if it's the green. I'm
<|bos|>If 5*x + 3 = 13, then x is 13, then x is 13, then x is 13, then
2026-08-08 09:00:14,832 - nanochat.checkpoint_manager - INFO - Saved model parameters to: /__modal/volumes/vo-q9X3cVMlvxtARa1XtZDdx6/out/p08_mst_parity/d8/COMBO_g1_128_g2_g3_s1/depth_8/ckpt_base/base/model_001008.pt
2026-08-08 09:00:14,844 - nanochat.checkpoint_manager - INFO - Saved metadata to: /__modal/volumes/vo-q9X3cVMlvxtARa1XtZDdx6/out/p08_mst_parity/d8/COMBO_g1_128_g2_g3_s1/depth_8/ckpt_base/base/meta_001008.json
2026-08-08 09:00:16,224 - nanochat.checkpoint_manager - INFO - Saved optimizer state to: /__modal/volumes/vo-q9X3cVMlvxtARa1XtZDdx6/out/p08_mst_parity/d8/COMBO_g1_128_g2_g3_s1/depth_8/ckpt_base/base/optim_001008_rank0.pt
step 01008/01008 (final) | loss: 3.485783 | early_stop: 0
Peak memory usage: 68726.18MiB
Total training time: 11.07m
Minimum validation bpb: 1.038274
Minimum validation loss (nats/byte): 3.405725
[rank0]: Traceback (most recent call last):
[rank0]:   File "<frozen runpy>", line 198, in _run_module_as_main
[rank0]:   File "<frozen runpy>", line 88, in _run_code
[rank0]:   File "/__modal/volumes/vo-q9X3cVMlvxtARa1XtZDdx6/scripts/base_train.py", line 2606, in <module>
[rank0]:     _mst_tracker.write_csv(
[rank0]:   File "/__modal/volumes/vo-q9X3cVMlvxtARa1XtZDdx6/scripts/base_train.py", line 1707, in write_csv
[rank0]:     self._append_row(csv_path, row)
[rank0]:     ^^^^^^^^^^^^^^^^
[rank0]: AttributeError: '_MSTTracker' object has no attribute '_append_row'
[rank0]:[W808 09:00:17.133266096 ProcessGroupNCCL.cpp:1524] Warning: WARNING: destroy_process_group() was not called before program exit, which can leak resources. For more info, please see https://pytorch.org/docs/stable/distributed.html#shutdown (function operator())
E0808 09:00:19.749000 56385 site-packages/torch/distributed/elastic/multiprocessing/api.py:882] failed (exitcode: 1) local_rank: 0 (pid: 56390) of binary: /usr/local/bin/python
Traceback (most recent call last):
  File "/usr/local/bin/torchrun", line 10, in <module>
    sys.exit(main())
             ^^^^^^
  File "/usr/local/lib/python3.12/site-packages/torch/distributed/elastic/multiprocessing/errors/__init__.py", line 357, in wrapper
    return f(*args, **kwargs)
           ^^^^^^^^^^^^^^^^^^
  File "/usr/local/lib/python3.12/site-packages/torch/distributed/run.py", line 936, in main
    run(args)
  File "/usr/local/lib/python3.12/site-packages/torch/distributed/run.py", line 927, in run
    elastic_launch(
  File "/usr/local/lib/python3.12/site-packages/torch/distributed/launcher/api.py", line 156, in __call__
    return launch_agent(self._config, self._entrypoint, list(args))
           ^^^^^^^^^^^^^^^^^^^^^^^^^^^^^^^^^^^^^^^^^^^^^^^^^^^^^^^^
  File "/usr/local/lib/python3.12/site-packages/torch/distributed/launcher/api.py", line 293, in launch_agent
    raise ChildFailedError(
torch.distributed.elastic.multiprocessing.errors.ChildFailedError: 
============================================================
scripts.base_train FAILED
------------------------------------------------------------
Failures:
  <NO_OTHER_FAILURES>
------------------------------------------------------------
Root Cause (first observed failure):
[0]:
  time      : 2026-08-08_09:00:19
  host      : localhost
  rank      : 0 (local_rank: 0)
  exitcode  : 1 (pid: 56390)
  error_file: <N/A>
  traceback : To enable traceback see: https://pytorch.org/docs/stable/elastic/errors.html
============================================================
Error training base. Marking as failed and continuing to next model.

--- Generating Report ---
No successful runs to plot.

[ERROR] The following models FAILED: ['base']
❌  COMBO_g1_128_g2_g3_s1 failed; will retry on the next invocation

### G1: per-stream head_dim (32 baseline -> 64 -> 128)

━━━ G1_hd64_s1  (depth 8) ━━━
Requested NPROC_PER_NODE=8, but only 1 GPU(s) visible. Capping.
Using NPROC_PER_NODE=1
NANOCHAT_SKIP_ENV_SETUP=0
===== GPU Info =====
Sat Aug  8 09:00:22 2026       
+-----------------------------------------------------------------------------------------+
| NVIDIA-SMI 580.95.05              Driver Version: 580.95.05      CUDA Version: 13.0     |
+-----------------------------------------+------------------------+----------------------+
| GPU  Name                 Persistence-M | Bus-Id          Disp.A | Volatile Uncorr. ECC |
| Fan  Temp   Perf          Pwr:Usage/Cap |           Memory-Usage | GPU-Util  Compute M. |
|                                         |                        |               MIG M. |
|=========================================+========================+======================|
|   0  NVIDIA H200                    On  |   00000000:8C:00.0 Off |                    0 |
| N/A   38C    P0            110W /  700W |      98MiB / 143771MiB |      0%      Default |
|                                         |                        |             Disabled |
+-----------------------------------------+------------------------+----------------------+

+-----------------------------------------------------------------------------------------+
| Processes:                                                                              |
|  GPU   GI   CI              PID   Type   Process name                        GPU Memory |
|        ID   ID                                                               Usage      |
|=========================================================================================|
|  No running processes found                                                             |
+-----------------------------------------------------------------------------------------+
Starting Research Sweep. Output directory: out/p08_mst_parity/d8/G1_hd64_s1
UV_SYSTEM_PYTHON=1: using system Python, skipping venv creation.
Validating system environment dependencies via uv...
Using Python 3.12.10 environment at: /usr/local
Resolved 159 packages in 460ms
   Building nanochat @ file:///__modal/volumes/vo-q9X3cVMlvxtARa1XtZDdx6
      Built nanochat @ file:///__modal/volumes/vo-q9X3cVMlvxtARa1XtZDdx6
Prepared 1 package in 2.48s
Uninstalled 1 package in 2ms
Installed 1 package in 4ms
 ~ nanochat==0.1.0 (from file:///__modal/volumes/vo-q9X3cVMlvxtARa1XtZDdx6)
Reset report and wrote header to out/report/header.md
Dataset (up to 300 shards) already exists in data, skipping download.
Tokenizer already exists in tokenizer, skipping training.
================================================================
Processing Depth: 8
================================================================
2026-08-08 09:00:45,521 - httpx - INFO - HTTP Request: HEAD https://huggingface.co/varunneal/flash-attention-3/resolve/main/kernel-status.toml "HTTP/1.1 404 Not Found"
2026-08-08 09:00:45,676 - httpx - INFO - HTTP Request: GET https://huggingface.co/api/models/varunneal/flash-attention-3/tree/main/build?recursive=false&expand=false "HTTP/1.1 200 OK"
2026-08-08 09:00:45,797 - httpx - INFO - HTTP Request: GET https://huggingface.co/api/models/varunneal/flash-attention-3/revision/main "HTTP/1.1 200 OK"
[sweep] Requested 8 DDP workers but only 1 GPU(s) available — using 1.
================================================================
Starting Sweep for Depth 8
Target Tokens: Auto (per-model param count)
================================================================
  Overriding default target_dim (128) with full model_dim 512

--- Training base ---

  ┌─────────────────────────────────────────────────────┐
  │  🆕  STARTING FRESH: [base]
  │     No checkpoints found — training from scratch.
  └─────────────────────────────────────────────────────┘

Running: /usr/local/bin/torchrun --standalone --nproc_per_node=1 -m scripts.base_train --depth 8 --aspect-ratio 64 --head-dim 128 --model-dim 512 --max-seq-len 2048 --device-batch-size 128 --total-batch-size 262144 --target-tokens -1 --target-param-data-ratio 10.5 --eval-every -1 --log-every 200 --core-metric-every 0 --save-every 200 --warmup-ratio 0.005 --warmdown-ratio 0.65 --final-lr-frac 0.05 --adam-beta2 0.99 --research-warmup-ratio 0.05 --use-onecycle 0 --router-context-window -1 --remix-use-basis-gate 1 --remix-use-output-gate 1 --remix-use-context 1 --remix-basis-gate-mode mlp --remix-gate-lr-scale 0.3 --p22-n-templates 1 --p22-template-routing-learned 0 --p22-template-topk 0 --p22-attn-moe-route none --p26-output-gated-linear 0 --p28-shared-basis 0 --p28-chunk-routing-size 0 --p28-global-template-bank none --p28-attn-proj-templates 0 --p28-attn-qk-templates 0 --p31-chunk-route-impl compose --p31-top1-gate ones --p31-template-delta-rank 0 --p31-route-side output --p31-drop-basis-proj 0 --p31-basis-side-templates 0 --remix-template-block-diag 0 --remix-template-lr-scale 1.0 --p29-grad-equalize 0 --target-active-params 0 --remix-basis-gate-rank 8 --cclblock-modulation weight --cclblock-orth-lambda 0.0 --p35-template-diversity-lambda 0.0 --cclblock-context-stream local --cclblock-ema-factor 0.99 --cclblock-stale-ctx-lag 0 --cclblock-sparse-gate-k 0 --cclblock-gate-temperature 1.0 --cclblock-context-bank-size 0 --cclblock-per-head-ctx 0 --cclblock-context-source norm_x --cclblock-chunk-size 0 --cclblock-aux-objective none --cclblock-aux-lambda 0.1 --cclblock-boundary-token-id 198 --use-ral 0 --ral-rank 32 --p34-ffn-schedule  --p34-ffn-no-ffn-replacement none --p34-ffn-last-depth 1 --p36-swiglu-ffn 0 --p36-swiglu-mult 2.6666666666666665 --cond-sites both --p22-route-affine 0 --cond-rank 256 --cond-mult-steps 0 --cond-gate-source router --cond-coeff-act centered --cond-router-rank 0 --cond-router-act none --cond-live-init 0.0 --cond-chunk-size 0 --cond-mult-scale -1.0 --cond-mult-impl wy --cond-attn-projs qkvo --cond-layer-frac 1.0 --cclblock-film-gate 0 --cclblock-attn-shadow-dim 0 --cclblock-dynamic-ratio 0.25 --cclblock-gate-rank 8 --cclblock-num-regimes 8 --cclblock-regime-temperature 1.0 --cclblock-poly-order 2 --cclblock-lie-generators 4 --cclblock-grassmann-bank-size 4 --cclblock-tucker-rank 32 --cclblock-tucker-modes 8 --cclblock-svs-rank 64 --cclblock-svs-eps 0.1 --cclblock-vq-codes 8 --cclblock-vq-temperature 1.0 --cclblock-dcu-warmup-steps 0 --cclblock-fsi-rotations 8 --cclblock-fsi-selector-dim 64 --cclblock-aesp-strata 4 --cclblock-aesp-delta-rank 4 --cclblock-ckr-branches 4 --cclblock-ckr-kernel-size 64 --cclblock-ckr-pos-channels 1 --cclblock-ckr-dual-optim 0 --cclblock-ckr-content-bias 0.0 --cclblock-giad-rank 32 --cclblock-psg-kernel-size 64 --cclblock-ss-dynamic-ratio 0.25 --cclblock-ss-branches 2 --cclblock-ss-kernel-size 64 --cclblock-lokr-branches 8 --cclblock-lokr-rank 16 --cclblock-ckr-temp-start 2.0 --cclblock-ckr-temp-end 0.3 --cclblock-com-kernel-size 32 --cclblock-ckr-ortho-init 0 --cclblock-ckr-branch-dropout 0.0 --cclblock-ckr-diversity-lambda 0.0 --cclblock-pgr-kernel-size 64 --cclblock-cil-kernel-size 64 --cclblock-prb-kernel-size 64 --p18-layer-drop 0.0 --p18-dynamic-activation 0 --p18-mixture-norm 0 --p18-aux-sim-lambda 0.0 --p18-gradient-penalty 0.0 --p18-per-channel-scale 0 --p19-residual-gate 0 --p19-head-importance 0 --p19-residual-mix-groups 0 --p19-attn-logit-bias 0 --p19-residual-decay 0 --p19-grad-equilibrium 0.0 --p19-spectral-reparam 0 --p19-weight-anticollapse 0.0 --p19-ve-bias 0 --p19-weight-noise 0.0 --p20-hrcs-scale 0 --p20-lswr-scale 0 --p20-lswr-planes 8 --p20-lrcfb-branches 0 --p20-lrcfb-narrow 0 --p20-lrcfb-learned 0 --p20-lrcfb-topk 0 --p20-dgcr-branches 0 --p20-dgcr-aux-weight 0.01 --p20-mone-experts 0 --p20-mone-topk 0 --p20-mone-narrow 1 --p20-mone-frozen 0 --p20-ncea-branches 0 --p20-ncea-eps 0.1 --p20-adwi 0 --p20-pwu-branches 0 --p20-pwu-phase 1 --p20-fsvd-gate 0 --p20-wbfc-clusters 0 --p20-wbfc-active 0 --p21-per-experts 0 --p21-per-topk 0 --p21-per-learned 0 --p21-per-attn 0 --p23-tiny-expert 0 --p23-n-experts 64 --p23-topk 16 --p23-learned-route 0 --p23-std-moe-experts 0 --p23-std-moe-topk -1 --p23-std-moe-aux-weight 0.01 --p23-lokr 0 --p23-lokr-rank 4 --p23-use-shared-block-router 0 --p23-linear-moe-experts 0 --p23-linear-moe-topk 0 --p23-quantile-route 0 --seed 1 --p34-ffn-mult 4.0 --p34-ffn-single 0 --p34-dense-attn 0 --p24-use-sliced-weight 0 --p24-sliced-weight-reduction-scale 8 --p24-sliced-weight-min-select 128 --p24-sliced-weight-scope per_token --p24-sliced-weight-balance-coeff 0.01 --p24-quantile-route 0 --p24-use-folded-mod 0 --p24-folded-mod-reduction-scale 8 --p24-folded-mod-scope per_layer --p24-folded-mod-gate-act tanh_centered --p24-use-sequence-gated-linear 0 --p24-sequence-gated-scope per_layer --p24-sequence-gated-act tanh_centered --p24-folded-mod-min-dim 128 --remix-shared-context-gates 0 --remix-use-dual-gate 0 --remix-basis-scale-factor 4 --remix-output-gate-rank 16 --p24-use-sliced-weight 0 --p24-sliced-weight-reduction-scale 8 --p24-sliced-weight-min-select 128 --p24-sliced-weight-scope per_token --p24-sliced-weight-balance-coeff 0.01 --p24-quantile-route 0 --p24-use-folded-mod 0 --p24-folded-mod-reduction-scale 8 --p24-folded-mod-scope per_layer --p24-folded-mod-gate-act tanh_centered --p24-use-sequence-gated-linear 0 --p24-sequence-gated-scope per_layer --p24-sequence-gated-act tanh_centered --remix-disable-ln-basis 0 --dense-intermediate-ln 0 --use-mst 1 --mst-n-subs 4 --mst-sub-dim 128 --mst-head-dim 0 --mst-input-mode learned_proj --mst-rotated-slice-learned 0 --mst-routing-mode soft_weighted --mst-routing-topk 0 --mst-routing-aux-weight 0.01 --mst-diversity-weight 0.0 --mst-ffn-mode standard --mst-transition-mode aggregate_distribute --mst-final-mode concat_proj --mst-final-topk 0 --mst-ffn-shared-up 0 --mst-ffn-inner-dim 0 --mst-sub-dropout 0.0 --mst-transition-every 1 --mst-ffa-temperature 1.0 --mst-global-residual 0 --mst-hybrid-dense 0 --mst-cross-sub-kv 0 --mst-sub-aux-weight 0.0 --mst-progressive-merge 0 --mst-multi-scale-windows 1 --mst-delta-residual 0 --mst-sub-layers 1 --mst-grad-equalize 1 --mst-block-diagonal-muon 1 --mst-transition-width-mult 4.0 --mst-sub-lr-scale 2.0 --mst-shared-expert 0 --mst-router-entropy-weight 0.0 --mst-shared-kv-attn 0 --mst-contrastive-diversity-weight 0.0 --mst-transition-nonlinear 0 --mst-transition-gated 0 --mst-transition-mlp 0 --mst-cross-sub-gate 0 --mst-hyper-connect 0 --mst-cross-kv-inject 0 --mst-slice-transition 0 --mst-lookback-layers 0 --mst-bilinear-transition 0 --mst-cross-sub-qmod 0 --mst-feature-cycle 0 --mst-mean-transition 0 --mst-sub-head-dim 64 --mst-final-norm 0 --mst-per-stream-ve 0 --use-eet 0 --eet-frozen-kv 1 --eet-reenter-final 0 --eet-compute-skip 0 --eet-target-active-frac 0.125 --eet-capacity-schedule bell --eet-exit-fracs  --eet-router-type mlp2 --eet-router-hidden 0 --eet-freq-prior-alpha 0.0 --eet-pos-prior-beta 0.0 --eet-domain-prior 0 --eet-warmup-frac 0.02 --eet-explore-frac 0.15 --eet-reconstruct-lambda 1.0 --eet-efficiency-lambda-start 0.01 --eet-efficiency-lambda-end 0.1 --eet-translator-rank 0 --eet-max-frozen-kv-frac 0.75 --eet-exit-threshold 0.5 --eet-min-exit-layer 1 --eet-loss-variant reconstruct --eet-topk-vocab 512 --eet-entropy-lambda 0.3 --eet-surprise-lambda 0.1 --eet-adv-lambda 1.0 --eet-adv-entropy-lambda 0.2 --eet-quality-lambda 1.0 --eet-quality-entropy-bonus 0.1 --eet-gumbel-temp-start 0.0 --eet-gumbel-temp-end 0.1 --eet-gumbel-hard 1 --eet-commitment-beta 0.1 --eet-global-router 0 --eet-freq-efficiency-alpha 0.0 --eet-diversity-lambda 0.0 --eet-ce-guided-lambda 1.0 --eet-router-lr-mult 5.0 --eet-model-lr-mult 1.0 --eet-depth-weight-type none --eet-depth-weight-max 2.5 --eet-use-override 0 --eet-override-prob-start 0.5 --eet-override-prob-end 0.1 --eet-capacity-alignment-lambda 0.0 --eet-router-task-grad 1 --eet-reinforce-interval 0 --eet-reinforce-lambda 0.1 --eet-exit-adapter-rank 0 --eet-router-after-block 0 --eet-ffn-skip 0 --eet-ffn-target-frac 0.5 --eet-ffn-full-attn 1 --eet-depth-affine 0 --eet-capacity-anneal-frac 0.0 --eet-learned-schedule 0 --eet-departure-summary 0 --eet-route-consistency-lambda 0.0 --eet-dense-distill-interval 0 --eet-dense-distill-lambda 0.5 --eet-depth-lr-scale 0 --eet-depth-grad-scale 0 --eet-detach-aux-from-backbone 0 --eet-detach-exit-from-backbone 0 --compile --tokenizer-dir tokenizer --data-dir data --max-shards 300 --checkpoints-dir /__modal/volumes/vo-q9X3cVMlvxtARa1XtZDdx6/out/p08_mst_parity/d8/G1_hd64_s1/depth_8/ckpt_base --model-tag base
2026-08-08 09:01:00,483 - httpx - INFO - HTTP Request: HEAD https://huggingface.co/varunneal/flash-attention-3/resolve/main/kernel-status.toml "HTTP/1.1 404 Not Found"
2026-08-08 09:01:00,688 - httpx - INFO - HTTP Request: GET https://huggingface.co/api/models/varunneal/flash-attention-3/tree/main/build?recursive=false&expand=false "HTTP/1.1 200 OK"
2026-08-08 09:01:00,828 - httpx - INFO - HTTP Request: GET https://huggingface.co/api/models/varunneal/flash-attention-3/revision/main "HTTP/1.1 200 OK"

                                                       █████                █████
                                                      ░░███                ░░███
     ████████    ██████   ████████    ██████   ██████  ░███████    ██████  ███████
    ░░███░░███  ░░░░░███ ░░███░░███  ███░░███ ███░░███ ░███░░███  ░░░░░███░░░███░
     ░███ ░███   ███████  ░███ ░███ ░███ ░███░███ ░░░  ░███ ░███   ███████  ░███
     ░███ ░███  ███░░███  ░███ ░███ ░███ ░███░███  ███ ░███ ░███  ███░░███  ░███ ███
     ████ █████░░████████ ████ █████░░██████ ░░██████  ████ █████░░███████  ░░█████
    ░░░░ ░░░░░  ░░░░░░░░ ░░░░ ░░░░░  ░░░░░░   ░░░░░░  ░░░░ ░░░░░  ░░░░░░░░   ░░░░░
    
Autodetected device type: cuda
2026-08-08 09:01:03,571 - nanochat.common - INFO - Distributed world size: 1
GPU: NVIDIA H200 | Peak FLOPS (BF16): 9.89e+14
COMPUTE_DTYPE: torch.bfloat16 (auto-detected: CUDA SM 90 (bf16 supported))
✓ Using Flash Attention 3 (Hopper GPU detected) — efficient and fast.
Vocab size: 32,768
[MST] Multi-scale sub windows: [(32, 0), (127, 0), (511, 0), (-1, 0)]
[MST] Using compile-optimized BatchedMSTLayer (N=4, d=128)
[MST] 1A: Per-sub gradient equalization hooks registered
Model config:
{
  "sequence_len": 2048,
  "vocab_size": 32768,
  "n_layer": 8,
  "n_head": 4,
  "n_kv_head": 4,
  "n_embd": 512,
  "use_moe": false,
  "use_perm": false,
  "moe_num_experts": 8,
  "moe_router_dim": 64,
  "moe_embed_dim": 64,
  "dropout": 0.0,
  "use_remix_linear": false,
  "remix_context_dim": 64,
  "remix_context_dim_ratio": 6,
  "remix_basis_size": 64,
  "remix_output_gate_rank": 16,
  "remixed_linear_kwargs": {
    "use_basis_gate": true,
    "use_output_gate": true,
    "use_context": true,
    "basis_gate_mode": "mlp",
    "sparse_gate_k": 0,
    "gate_temperature": 1.0,
    "basis_scale_factor": 4,
    "n_templates": 1,
    "template_routing_learned": false,
    "template_topk": 0,
    "tiny_expert": false,
    "tiny_expert_topk": 16,
    "lokr_expert": false,
    "lokr_n_experts": 64,
    "lokr_topk": 16,
    "lokr_rank": 4,
    "lokr_learned": false,
    "basis_gate_rank": 8,
    "disable_ln_basis": false,
    "chunk_route_impl": "compose",
    "top1_gate": "ones",
    "template_delta_rank": 0,
    "route_side": "output",
    "drop_basis_proj": false,
    "basis_side_templates": 0,
    "grad_equalize": false
  },
  "use_pos_embed": false,
  "moe_use_abs_pos_embed": false,
  "use_layer_context": true,
  "scale_basis_size": true,
  "remix_use_dual_gate": false,
  "remix_use_fused": false,
  "p26_output_gated_linear": 0,
  "p28_shared_basis": 0,
  "p28_chunk_routing_size": 0,
  "p28_global_template_bank": "none",
  "p28_attn_proj_templates": 0,
  "p28_attn_qk_templates": 0,
  "p29_template_block_diag": 0,
  "p29_template_lr_scale": 1.0,
  "p29_grad_equalize": 0,
  "p34_ffn_mult": 4.0,
  "p34_ffn_single": 0,
  "p34_dense_attn": 0,
  "legacy_init_fallback": 0,
  "p35_template_diversity_lambda": 0.0,
  "p22_route_affine": 0,
  "p34_ffn_schedule": "",
  "p34_ffn_no_ffn_replacement": "none",
  "p34_ffn_last_depth": 1,
  "p36_swiglu_ffn": 0,
  "p36_swiglu_mult": 2.6666666666666665,
  "cond_sites": "both",
  "cond_rank": 256,
  "cond_mult_steps": 0,
  "cond_gate_source": "router",
  "cond_coeff_act": "centered",
  "cond_router_rank": 0,
  "cond_live_init": 0.0,
  "cond_router_act": "none",
  "cond_chunk_size": 0,
  "cond_mult_scale": -1.0,
  "cond_mult_impl": "wy",
  "cond_attn_projs": "qkvo",
  "cond_layer_frac": 1.0,
  "perm_expert_mode": "low_rank",
  "perm_rank": 16,
  "router_context_window": -1,
  "router_causal": true,
  "router_num_heads": 4,
  "router_num_queries": 16,
  "router_n_layers": 2,
  "router_use_vocab_prior": false,
  "window_pattern": "SSSL",
  "cclblock_modulation": "weight",
  "cclblock_orth_lambda": 0.0,
  "cclblock_context_stream": "local",
  "cclblock_ema_factor": 0.99,
  "cclblock_stale_ctx_lag": 0,
  "cclblock_sparse_gate_k": 0,
  "cclblock_gate_temperature": 1.0,
  "cclblock_context_bank_size": 0,
  "cclblock_per_head_ctx": false,
  "cclblock_context_source": "norm_x",
  "cclblock_chunk_size": 0,
  "cclblock_aux_objective": "none",
  "cclblock_aux_lambda": 0.1,
  "cclblock_boundary_token_id": 198,
  "use_ral": false,
  "ral_rank": 32,
  "cclblock_film_gate": false,
  "cclblock_attn_shadow_dim": 0,
  "cclblock_dynamic_ratio": 0.25,
  "cclblock_gate_rank": 8,
  "cclblock_num_regimes": 8,
  "cclblock_regime_temperature": 1.0,
  "cclblock_poly_order": 2,
  "cclblock_lie_generators": 4,
  "cclblock_grassmann_bank_size": 4,
  "cclblock_tucker_rank": 32,
  "cclblock_tucker_modes": 8,
  "cclblock_svs_rank": 64,
  "cclblock_svs_eps": 0.1,
  "cclblock_vq_codes": 8,
  "cclblock_vq_temperature": 1.0,
  "cclblock_dcu_warmup_steps": 0,
  "cclblock_fsi_rotations": 8,
  "cclblock_fsi_selector_dim": 64,
  "cclblock_aesp_strata": 4,
  "cclblock_aesp_delta_rank": 4,
  "cclblock_ckr_branches": 4,
  "cclblock_ckr_kernel_size": 64,
  "cclblock_ckr_pos_channels": 1,
  "cclblock_ckr_dual_optim": 0,
  "cclblock_ckr_content_bias": 0.0,
  "cclblock_giad_rank": 32,
  "cclblock_psg_kernel_size": 64,
  "cclblock_ss_dynamic_ratio": 0.25,
  "cclblock_ss_branches": 2,
  "cclblock_ss_kernel_size": 64,
  "cclblock_lokr_branches": 8,
  "cclblock_lokr_rank": 16,
  "cclblock_ckr_temp_start": 2.0,
  "cclblock_ckr_temp_end": 0.3,
  "cclblock_com_kernel_size": 32,
  "cclblock_ckr_ortho_init": 0,
  "cclblock_ckr_branch_dropout": 0.0,
  "cclblock_ckr_diversity_lambda": 0.0,
  "cclblock_ckr_layer_selective": 0,
  "cclblock_pgr_kernel_size": 64,
  "cclblock_cil_kernel_size": 64,
  "cclblock_prb_kernel_size": 64,
  "p18_layer_drop": 0.0,
  "p18_dynamic_activation": 0,
  "p18_mixture_norm": 0,
  "p18_causal_attn_bias": 0,
  "p18_aux_sim_lambda": 0.0,
  "p18_gradient_penalty": 0.0,
  "p18_per_channel_scale": 0,
  "p19_residual_gate": 0,
  "p19_head_importance": 0,
  "p19_residual_mix_groups": 0,
  "p19_attn_logit_bias": 0,
  "p19_residual_decay": 0,
  "p19_grad_equilibrium": 0.0,
  "p19_spectral_reparam": 0,
  "p19_weight_anticollapse": 0.0,
  "p19_ve_bias": 0,
  "p19_weight_noise": 0.0,
  "p20_hrcs_scale": 0,
  "p20_lswr_scale": 0,
  "p20_lswr_planes": 8,
  "p20_lrcfb_branches": 0,
  "p20_lrcfb_narrow": 0,
  "p20_lrcfb_learned": 0,
  "p20_lrcfb_topk": 0,
  "p20_dgcr_branches": 0,
  "p20_dgcr_aux_weight": 0.01,
  "p20_mone_experts": 0,
  "p20_mone_topk": 0,
  "p20_mone_narrow": 1,
  "p20_mone_frozen": 0,
  "p20_ncea_branches": 0,
  "p20_ncea_eps": 0.1,
  "p20_adwi": 0,
  "p20_pwu_branches": 0,
  "p20_pwu_phase": 1,
  "p20_fsvd_gate": 0,
  "p20_wbfc_clusters": 0,
  "p20_wbfc_active": 0,
  "p21_per_experts": 0,
  "p21_per_topk": 0,
  "p21_per_learned": 0,
  "p21_per_attn": 0,
  "p22_attn_moe_route": "none",
  "p23_tiny_expert": 0,
  "p23_n_experts": 64,
  "p23_topk": 16,
  "p23_learned_route": 0,
  "p23_std_moe_experts": 0,
  "p23_std_moe_topk": -1,
  "p23_std_moe_aux_weight": 0.01,
  "p23_lokr": 0,
  "p23_lokr_rank": 4,
  "p23_use_shared_block_router": 0,
  "p23_linear_moe_experts": 0,
  "p23_linear_moe_topk": 0,
  "p23_quantile_route": 0,
  "remix_shared_context_gates": 0,
  "p24_use_sliced_weight": 0,
  "p24_sliced_weight_reduction_scale": 8,
  "p24_sliced_weight_min_select": 128,
  "p24_sliced_weight_scope": "per_token",
  "p24_sliced_weight_balance_coeff": 0.01,
  "p24_quantile_route": 0,
  "p24_use_folded_mod": 0,
  "p24_folded_mod_reduction_scale": 8,
  "p24_folded_mod_min_dim": 128,
  "p24_folded_mod_scope": "per_layer",
  "p24_folded_mod_gate_act": "tanh_centered",
  "p24_use_sequence_gated_linear": 0,
  "p24_sequence_gated_scope": "per_layer",
  "p24_sequence_gated_act": "tanh_centered",
  "remix_disable_ln_basis": 0,
  "dense_intermediate_ln": 0,
  "use_mst": true,
  "mst_n_subs": 4,
  "mst_sub_dim": 128,
  "mst_head_dim": 0,
  "mst_input_mode": "learned_proj",
  "mst_rotated_slice_learned": false,
  "mst_routing_mode": "soft_weighted",
  "mst_routing_topk": 0,
  "mst_routing_aux_weight": 0.01,
  "mst_diversity_weight": 0.0,
  "mst_ffn_mode": "standard",
  "mst_transition_mode": "aggregate_distribute",
  "mst_final_mode": "concat_proj",
  "mst_final_topk": 0,
  "mst_ffn_shared_up": 0,
  "mst_ffn_inner_dim": 0,
  "mst_sub_dropout": 0.0,
  "mst_transition_every": 1,
  "mst_ffa_temperature": 1.0,
  "mst_global_residual": 0,
  "mst_hybrid_dense": 0,
  "mst_cross_sub_kv": 0,
  "mst_sub_aux_weight": 0.0,
  "mst_progressive_merge": 0,
  "mst_multi_scale_windows": 1,
  "mst_delta_residual": 0,
  "mst_sub_layers": 1,
  "mst_grad_equalize": 1,
  "mst_block_diagonal_muon": 1,
  "mst_transition_width_mult": 4.0,
  "mst_sub_lr_scale": 2.0,
  "mst_shared_expert": 0,
  "mst_router_entropy_weight": 0.0,
  "mst_shared_kv_attn": 0,
  "mst_contrastive_diversity_weight": 0.0,
  "mst_transition_nonlinear": 0,
  "mst_transition_gated": 0,
  "mst_transition_mlp": 0,
  "mst_cross_sub_gate": 0,
  "mst_hyper_connect": 0,
  "mst_cross_kv_inject": 0,
  "mst_slice_transition": 0,
  "mst_lookback_layers": 0,
  "mst_bilinear_transition": 0,
  "mst_cross_sub_qmod": 0,
  "mst_feature_cycle": 0,
  "mst_mean_transition": 0,
  "mst_sub_head_dim": 64,
  "mst_final_norm": 0,
  "mst_per_stream_ve": 0,
  "use_eet": false,
  "eet_frozen_kv": true,
  "eet_reenter_final": false,
  "eet_router_type": "mlp2",
  "eet_router_hidden": 0,
  "eet_freq_prior_alpha": 0.0,
  "eet_pos_prior_beta": 0.0,
  "eet_domain_prior": false,
  "eet_warmup_frac": 0.02,
  "eet_explore_frac": 0.15,
  "eet_reconstruct_lambda": 1.0,
  "eet_efficiency_lambda_start": 0.01,
  "eet_efficiency_lambda_end": 0.1,
  "eet_translator_rank": 0,
  "eet_max_frozen_kv_frac": 0.75,
  "eet_exit_threshold": 0.5,
  "eet_min_exit_layer": 1,
  "eet_loss_variant": "reconstruct",
  "eet_topk_vocab": 512,
  "eet_entropy_lambda": 0.3,
  "eet_surprise_lambda": 0.1,
  "eet_adv_lambda": 1.0,
  "eet_adv_entropy_lambda": 0.2,
  "eet_quality_lambda": 1.0,
  "eet_quality_entropy_bonus": 0.1,
  "eet_gumbel_temp_start": 0.0,
  "eet_gumbel_temp_end": 0.1,
  "eet_gumbel_hard": true,
  "eet_commitment_beta": 0.1,
  "eet_global_router": false,
  "eet_freq_efficiency_alpha": 0.0,
  "eet_diversity_lambda": 0.0,
  "eet_ce_guided_lambda": 1.0,
  "eet_router_lr_mult": 5.0,
  "eet_model_lr_mult": 1.0,
  "eet_depth_weight_type": "none",
  "eet_depth_weight_max": 2.5,
  "eet_use_override": 0,
  "eet_override_prob_start": 0.5,
  "eet_override_prob_end": 0.1,
  "eet_compute_skip": false,
  "eet_target_active_frac": 0.125,
  "eet_capacity_schedule": "bell",
  "eet_exit_fracs": null,
  "eet_capacity_alignment_lambda": 0.0,
  "eet_router_task_grad": true,
  "eet_reinforce_interval": 0,
  "eet_reinforce_lambda": 0.1,
  "eet_exit_adapter_rank": 0,
  "eet_router_after_block": 0,
  "eet_ffn_skip": false,
  "eet_ffn_target_frac": 0.5,
  "eet_ffn_full_attn": true,
  "eet_depth_affine": false,
  "eet_capacity_anneal_frac": 0.0,
  "eet_learned_schedule": false,
  "eet_departure_summary": false,
  "eet_route_consistency_lambda": 0.0,
  "eet_dense_distill_interval": 0,
  "eet_dense_distill_lambda": 0.5,
  "eet_depth_lr_scale": false,
  "eet_depth_grad_scale": false,
  "eet_detach_aux_from_backbone": false,
  "eet_detach_exit_from_backbone": false
}
Seeded weight init with --seed 1
Checkpoints directory: /__modal/volumes/vo-q9X3cVMlvxtARa1XtZDdx6/out/p08_mst_parity/d8/G1_hd64_s1/depth_8/ckpt_base/base
✓ Wrapping model with DistributedDataParallel (rank 0, find_unused_parameters=False)
Parameter counts:
wte                     : 16,777,216
wpe                     : 0
value_embeds            : 16,777,216
lm_head                 : 16,777,216
transformer_matrices    : 8,393,728
research                : 0
scalars                 : 16
total                   : 58,725,392
Estimated FLOPs per token (total):  1.844244e+08
Estimated FLOPs per token (active): 1.844244e+08
Estimated active params:            58,725,392
[MST] Multi-scale sub windows: [(32, 0), (127, 0), (511, 0), (-1, 0)]
[MST] Using compile-optimized BatchedMSTLayer (N=4, d=128)
[MST] 1A: Per-sub gradient equalization hooks registered
Scaling LRs by 0.7071 for batch size 262,144 (reference: 524,288)
Scaling weight decay from 0.200000 to 0.163528 for depth 8
Scaling AdamW LRs ∝1/√(512/768) = 1.224745
[MST] Per-sub Muon LR scaled by 2.00× → 0.028284
[MST] 1B: Block-diagonal Muon enabled (N=4 blocks)
Calculated number of iterations from target data:param ratio: 1,008
Total number of training tokens: 264,241,152
Tokens : Scaling params ratio: 10.50
Total training FLOPs estimate: 4.873253e+16
Total active training FLOPs estimate: 4.873253e+16
Using base scheduler: linear warmup/flat/linear warmdown
[MST] Diagnostics will be logged to: /__modal/volumes/vo-q9X3cVMlvxtARa1XtZDdx6/out/p08_mst_parity/d8/G1_hd64_s1/depth_8/ckpt_base/base/mst_diagnostics.jsonl
Tokens / micro-batch / rank: 128 x 2048 = 262,144
Tokens / micro-batch: 262,144
Total batch size 262,144 => gradient accumulation steps: 1
Running pre-compilation warmup (1 dummy forward+backward to init lazy allocations)...
[rank0]:W0808 09:01:05.218000 10000 site-packages/torch/_logging/_internal.py:1199] [0/0] Profiler function <class 'torch.autograd.profiler.record_function'> will be ignored
/usr/local/lib/python3.12/site-packages/torch/_inductor/lowering.py:7242: UserWarning: 
Online softmax is disabled on the fly since Inductor decides to
split the reduction. Cut an issue to PyTorch if this is an
important use case and you want to speed it up with online
softmax.

  warnings.warn(
Warmup complete. Steady-state VRAM: 0.7 GB allocated
/usr/local/lib/python3.12/site-packages/torch/_inductor/lowering.py:7242: UserWarning: 
Online softmax is disabled on the fly since Inductor decides to
split the reduction. Cut an issue to PyTorch if this is an
important use case and you want to speed it up with online
softmax.

  warnings.warn(
  [MST diag] ERROR: [Errno 2] No such file or directory: '/__modal/volumes/vo-q9X3cVMlvxtARa1XtZDdx6/out/p08_mst_parity/d8/G1_hd64_s1/depth_8/ckpt_base/base/mst_diagnostics.jsonl'
step 00000/01008 (0.00%) | loss: 10.477560 | lrm: 0.20 | lr(adamw:8.142e-02, muon:3.889e-03) | dt: 269904.60ms | tok/sec: 971 | bf16_mfu: 0.02 | epoch: 1 pq: 0 rg: 1 | total time: 0.00m
2026-08-08 09:12:29,405 - nanochat.checkpoint_manager - INFO - Saved model parameters to: /__modal/volumes/vo-q9X3cVMlvxtARa1XtZDdx6/out/p08_mst_parity/d8/G1_hd64_s1/depth_8/ckpt_base/base/model_000200.pt
2026-08-08 09:12:29,414 - nanochat.checkpoint_manager - INFO - Saved metadata to: /__modal/volumes/vo-q9X3cVMlvxtARa1XtZDdx6/out/p08_mst_parity/d8/G1_hd64_s1/depth_8/ckpt_base/base/meta_000200.json
2026-08-08 09:12:30,203 - nanochat.checkpoint_manager - INFO - Saved optimizer state to: /__modal/volumes/vo-q9X3cVMlvxtARa1XtZDdx6/out/p08_mst_parity/d8/G1_hd64_s1/depth_8/ckpt_base/base/optim_000200_rank0.pt
  [MST diag] sub_sim=[0.002, -0.007, -0.009, -0.022, -0.023, -0.024, -0.020, -0.009] | route_ent=[1.148, 1.133, 1.281, 1.234, 1.148, 1.195, 1.203, 1.188] | grad_norm=[0.077, 0.036, 0.032, 0.018]
step 00200/01008 (19.84%) | loss: 4.294480 | lrm: 1.00 | lr(adamw:4.071e-01, muon:1.945e-02) | dt: 665.21ms | tok/sec: 394,075 | bf16_mfu: 7.35 | epoch: 1 pq: 1 rg: 17 | total time: 1.78m | eta: 7.6m
2026-08-08 09:14:18,715 - nanochat.checkpoint_manager - INFO - Saved model parameters to: /__modal/volumes/vo-q9X3cVMlvxtARa1XtZDdx6/out/p08_mst_parity/d8/G1_hd64_s1/depth_8/ckpt_base/base/model_000400.pt
2026-08-08 09:14:18,726 - nanochat.checkpoint_manager - INFO - Saved metadata to: /__modal/volumes/vo-q9X3cVMlvxtARa1XtZDdx6/out/p08_mst_parity/d8/G1_hd64_s1/depth_8/ckpt_base/base/meta_000400.json
2026-08-08 09:14:19,512 - nanochat.checkpoint_manager - INFO - Saved optimizer state to: /__modal/volumes/vo-q9X3cVMlvxtARa1XtZDdx6/out/p08_mst_parity/d8/G1_hd64_s1/depth_8/ckpt_base/base/optim_000400_rank0.pt
Removed previous periodic checkpoint at step 000200
  [MST diag] sub_sim=[-0.073, -0.095, -0.086, -0.077, -0.068, -0.049, -0.030, -0.010] | route_ent=[1.234, 1.227, 1.328, 1.242, 1.195, 1.188, 1.164, 1.141] | grad_norm=[0.048, 0.029, 0.027, 0.020]
step 00400/01008 (39.68%) | loss: 3.899152 | lrm: 0.93 | lr(adamw:3.793e-01, muon:1.812e-02) | dt: 611.86ms | tok/sec: 428,441 | bf16_mfu: 7.99 | epoch: 1 pq: 2 rg: 30 | total time: 3.57m | eta: 5.6m
2026-08-08 09:16:07,667 - nanochat.checkpoint_manager - INFO - Saved model parameters to: /__modal/volumes/vo-q9X3cVMlvxtARa1XtZDdx6/out/p08_mst_parity/d8/G1_hd64_s1/depth_8/ckpt_base/base/model_000600.pt
2026-08-08 09:16:07,679 - nanochat.checkpoint_manager - INFO - Saved metadata to: /__modal/volumes/vo-q9X3cVMlvxtARa1XtZDdx6/out/p08_mst_parity/d8/G1_hd64_s1/depth_8/ckpt_base/base/meta_000600.json
2026-08-08 09:16:08,443 - nanochat.checkpoint_manager - INFO - Saved optimizer state to: /__modal/volumes/vo-q9X3cVMlvxtARa1XtZDdx6/out/p08_mst_parity/d8/G1_hd64_s1/depth_8/ckpt_base/base/optim_000600_rank0.pt
Removed previous periodic checkpoint at step 000400
  [MST diag] sub_sim=[-0.083, -0.109, -0.106, -0.100, -0.085, -0.061, -0.033, -0.009] | route_ent=[1.266, 1.273, 1.344, 1.273, 1.258, 1.211, 1.164, 1.148] | grad_norm=[0.038, 0.025, 0.022, 0.019]
step 00600/01008 (59.52%) | loss: 3.719605 | lrm: 0.64 | lr(adamw:2.612e-01, muon:1.248e-02) | dt: 559.39ms | tok/sec: 468,625 | bf16_mfu: 8.74 | epoch: 1 pq: 3 rg: 44 | total time: 5.36m | eta: 3.7m
2026-08-08 09:18:02,137 - nanochat.checkpoint_manager - INFO - Saved model parameters to: /__modal/volumes/vo-q9X3cVMlvxtARa1XtZDdx6/out/p08_mst_parity/d8/G1_hd64_s1/depth_8/ckpt_base/base/model_000800.pt
2026-08-08 09:18:02,148 - nanochat.checkpoint_manager - INFO - Saved metadata to: /__modal/volumes/vo-q9X3cVMlvxtARa1XtZDdx6/out/p08_mst_parity/d8/G1_hd64_s1/depth_8/ckpt_base/base/meta_000800.json
2026-08-08 09:18:02,862 - nanochat.checkpoint_manager - INFO - Saved optimizer state to: /__modal/volumes/vo-q9X3cVMlvxtARa1XtZDdx6/out/p08_mst_parity/d8/G1_hd64_s1/depth_8/ckpt_base/base/optim_000800_rank0.pt
Removed previous periodic checkpoint at step 000600
  [MST diag] sub_sim=[-0.088, -0.103, -0.107, -0.106, -0.089, -0.068, -0.036, -0.010] | route_ent=[1.281, 1.289, 1.344, 1.281, 1.281, 1.234, 1.180, 1.164] | grad_norm=[0.024, 0.018, 0.017, 0.014]
step 00800/01008 (79.37%) | loss: 3.597591 | lrm: 0.35 | lr(adamw:1.432e-01, muon:6.839e-03) | dt: 586.70ms | tok/sec: 446,811 | bf16_mfu: 8.33 | epoch: 1 pq: 4 rg: 58 | total time: 7.25m | eta: 1.9m
2026-08-08 09:19:55,543 - nanochat.checkpoint_manager - INFO - Saved model parameters to: /__modal/volumes/vo-q9X3cVMlvxtARa1XtZDdx6/out/p08_mst_parity/d8/G1_hd64_s1/depth_8/ckpt_base/base/model_001000.pt
2026-08-08 09:19:55,554 - nanochat.checkpoint_manager - INFO - Saved metadata to: /__modal/volumes/vo-q9X3cVMlvxtARa1XtZDdx6/out/p08_mst_parity/d8/G1_hd64_s1/depth_8/ckpt_base/base/meta_001000.json
2026-08-08 09:19:56,296 - nanochat.checkpoint_manager - INFO - Saved optimizer state to: /__modal/volumes/vo-q9X3cVMlvxtARa1XtZDdx6/out/p08_mst_parity/d8/G1_hd64_s1/depth_8/ckpt_base/base/optim_001000_rank0.pt
Removed previous periodic checkpoint at step 000800
  [MST diag] sub_sim=[-0.085, -0.096, -0.097, -0.098, -0.082, -0.066, -0.037, -0.010] | route_ent=[1.281, 1.297, 1.352, 1.289, 1.289, 1.242, 1.188, 1.172] | grad_norm=[0.021, 0.015, 0.015, 0.011]
step 01000/01008 (99.21%) | loss: 3.513409 | lrm: 0.06 | lr(adamw:2.508e-02, muon:1.198e-03) | dt: 601.33ms | tok/sec: 435,939 | bf16_mfu: 8.13 | epoch: 1 pq: 5 rg: 73 | total time: 9.12m | eta: 0.1m
  [MST diag] sub_sim=[-0.084, -0.094, -0.095, -0.100, -0.085, -0.070, -0.041, -0.013] | route_ent=[1.281, 1.297, 1.352, 1.289, 1.289, 1.242, 1.188, 1.172] | grad_norm=[0.021, 0.015, 0.015, 0.011]
step 01007/01008 (99.90%) | loss: 3.505912 | lrm: 0.05 | lr(adamw:2.094e-02, muon:1.000e-03) | dt: 633.07ms | tok/sec: 414,084 | bf16_mfu: 7.72 | epoch: 1 pq: 5 rg: 76 | total time: 9.18m | eta: 0.0m
/usr/local/lib/python3.12/site-packages/torch/_dynamo/variables/functions.py:1598: UserWarning: Dynamo does not know how to trace the builtin `torch._C._distributed_c10d.pybind11_detail_function_record_v1_system_libstdcpp_gxx_abi_1xxx_use_cxx11_abi_1._broadcast_coalesced.` This function is either a Python builtin (e.g. _warnings.warn) or a third-party C/C++ Python extension (perhaps created with pybind).
If it is a Python builtin, please file an issue on GitHub so the PyTorch team can add support for it and see the next case for a workaround.
If it is a third-party C/C++ Python extension, please either wrap it into a PyTorch-understood custom operator (see https://pytorch.org/tutorials/advanced/custom_ops_landing_page.html for more details) or, if it is traceable, use `torch.compiler.allow_in_graph`.
  torch._dynamo.utils.warn_once(explanation + "\n" + "\n".join(hints))
/usr/local/lib/python3.12/site-packages/torch/_inductor/lowering.py:7242: UserWarning: 
Online softmax is disabled on the fly since Inductor decides to
split the reduction. Cut an issue to PyTorch if this is an
important use case and you want to speed it up with online
softmax.

  warnings.warn(
Step 01008 | Validation bpb: 1.044249 | val_loss: 3.425326
<|bos|>The capital of France is the capital of the United States. The capital of France is the capital of the
<|bos|>The chemical symbol of gold is gold. The gold is a symbol of gold. The gold is a symbol of
<|bos|>If yesterday was Friday, then tomorrow will be on the way. I'm not sure if I'm going to be on the
<|bos|>The opposite of hot is the case with the hot, which is the case with the hot. The hot
<|bos|>The planets of the solar system are: the solar system, the solar system, the solar system, the solar system,
<|bos|>My favorite color is the red, green, and blue. I've been using it for a while
<|bos|>If 5*x + 3 = 13, then x is the number of 5*x + 3 = 13, then x
2026-08-08 09:24:40,377 - nanochat.checkpoint_manager - INFO - Saved model parameters to: /__modal/volumes/vo-q9X3cVMlvxtARa1XtZDdx6/out/p08_mst_parity/d8/G1_hd64_s1/depth_8/ckpt_base/base/model_001008.pt
2026-08-08 09:24:40,388 - nanochat.checkpoint_manager - INFO - Saved metadata to: /__modal/volumes/vo-q9X3cVMlvxtARa1XtZDdx6/out/p08_mst_parity/d8/G1_hd64_s1/depth_8/ckpt_base/base/meta_001008.json
2026-08-08 09:24:41,129 - nanochat.checkpoint_manager - INFO - Saved optimizer state to: /__modal/volumes/vo-q9X3cVMlvxtARa1XtZDdx6/out/p08_mst_parity/d8/G1_hd64_s1/depth_8/ckpt_base/base/optim_001008_rank0.pt
step 01008/01008 (final) | loss: 3.505912 | early_stop: 0
Peak memory usage: 67418.96MiB
Total training time: 9.18m
Minimum validation bpb: 1.044249
Minimum validation loss (nats/byte): 3.425326
[rank0]: Traceback (most recent call last):
[rank0]:   File "<frozen runpy>", line 198, in _run_module_as_main
[rank0]:   File "<frozen runpy>", line 88, in _run_code
[rank0]:   File "/__modal/volumes/vo-q9X3cVMlvxtARa1XtZDdx6/scripts/base_train.py", line 2606, in <module>
[rank0]:     _mst_tracker.write_csv(
[rank0]:   File "/__modal/volumes/vo-q9X3cVMlvxtARa1XtZDdx6/scripts/base_train.py", line 1707, in write_csv
[rank0]:     self._append_row(csv_path, row)
[rank0]:     ^^^^^^^^^^^^^^^^
[rank0]: AttributeError: '_MSTTracker' object has no attribute '_append_row'
[rank0]:[W808 09:24:42.037501773 ProcessGroupNCCL.cpp:1524] Warning: WARNING: destroy_process_group() was not called before program exit, which can leak resources. For more info, please see https://pytorch.org/docs/stable/distributed.html#shutdown (function operator())
E0808 09:24:44.776000 9995 site-packages/torch/distributed/elastic/multiprocessing/api.py:882] failed (exitcode: 1) local_rank: 0 (pid: 10000) of binary: /usr/local/bin/python
Traceback (most recent call last):
  File "/usr/local/bin/torchrun", line 10, in <module>
    sys.exit(main())
             ^^^^^^
  File "/usr/local/lib/python3.12/site-packages/torch/distributed/elastic/multiprocessing/errors/__init__.py", line 357, in wrapper
    return f(*args, **kwargs)
           ^^^^^^^^^^^^^^^^^^
  File "/usr/local/lib/python3.12/site-packages/torch/distributed/run.py", line 936, in main
    run(args)
  File "/usr/local/lib/python3.12/site-packages/torch/distributed/run.py", line 927, in run
    elastic_launch(
  File "/usr/local/lib/python3.12/site-packages/torch/distributed/launcher/api.py", line 156, in __call__
    return launch_agent(self._config, self._entrypoint, list(args))
           ^^^^^^^^^^^^^^^^^^^^^^^^^^^^^^^^^^^^^^^^^^^^^^^^^^^^^^^^
  File "/usr/local/lib/python3.12/site-packages/torch/distributed/launcher/api.py", line 293, in launch_agent
    raise ChildFailedError(
torch.distributed.elastic.multiprocessing.errors.ChildFailedError: 
============================================================
scripts.base_train FAILED
------------------------------------------------------------
Failures:
  <NO_OTHER_FAILURES>
------------------------------------------------------------
Root Cause (first observed failure):
[0]:
  time      : 2026-08-08_09:24:44
  host      : localhost
  rank      : 0 (local_rank: 0)
  exitcode  : 1 (pid: 10000)
  error_file: <N/A>
  traceback : To enable traceback see: https://pytorch.org/docs/stable/elastic/errors.html
============================================================
Error training base. Marking as failed and continuing to next model.

--- Generating Report ---
No successful runs to plot.

[ERROR] The following models FAILED: ['base']
❌  G1_hd64_s1 failed; will retry on the next invocation

### G1: per-stream head_dim (32 baseline -> 64 -> 128)

━━━ G1_hd128_s1  (depth 8) ━━━
Requested NPROC_PER_NODE=8, but only 1 GPU(s) visible. Capping.
Using NPROC_PER_NODE=1
NANOCHAT_SKIP_ENV_SETUP=0
===== GPU Info =====
Sat Aug  8 09:35:49 2026       
+-----------------------------------------------------------------------------------------+
| NVIDIA-SMI 580.95.05              Driver Version: 580.95.05      CUDA Version: 13.0     |
+-----------------------------------------+------------------------+----------------------+
| GPU  Name                 Persistence-M | Bus-Id          Disp.A | Volatile Uncorr. ECC |
| Fan  Temp   Perf          Pwr:Usage/Cap |           Memory-Usage | GPU-Util  Compute M. |
|                                         |                        |               MIG M. |
|=========================================+========================+======================|
|   0  NVIDIA H200                    On  |   00000000:CB:00.0 Off |                    0 |
| N/A   30C    P0             79W /  700W |       4MiB / 143771MiB |      0%      Default |
|                                         |                        |             Disabled |
+-----------------------------------------+------------------------+----------------------+

+-----------------------------------------------------------------------------------------+
| Processes:                                                                              |
|  GPU   GI   CI              PID   Type   Process name                        GPU Memory |
|        ID   ID                                                               Usage      |
|=========================================================================================|
|  No running processes found                                                             |
+-----------------------------------------------------------------------------------------+
Starting Research Sweep. Output directory: out/p08_mst_parity/d8/G1_hd128_s1
UV_SYSTEM_PYTHON=1: using system Python, skipping venv creation.
Validating system environment dependencies via uv...
Using Python 3.12.10 environment at: /usr/local
Resolved 158 packages in 529ms
   Building nanochat @ file:///__modal/volumes/vo-mKBdrtWxjif35KPeC6uz1n
Downloading blis (10.8MiB)
Downloading srsly (1.1MiB)
Downloading thinc (3.7MiB)
Downloading spacy (31.2MiB)
 Downloading blis
 Downloading srsly
 Downloading thinc
 Downloading spacy
      Built nanochat @ file:///__modal/volumes/vo-mKBdrtWxjif35KPeC6uz1n
Prepared 17 packages in 1.86s
Uninstalled 1 package in 1ms
Installed 17 packages in 50ms
 + blis==1.3.3
 + catalogue==2.0.10
 + cloudpathlib==0.24.0
 + confection==1.3.3
 + cymem==2.0.13
 + murmurhash==1.0.15
 - nanochat==0.1.0 (from file:///root)
 + nanochat==0.1.0 (from file:///__modal/volumes/vo-mKBdrtWxjif35KPeC6uz1n)
 + preshed==3.0.13
 + smart-open==8.0.1
 + spacy==3.8.15
 + spacy-legacy==3.0.12
 + spacy-loggers==1.0.5
 + srsly==2.5.3
 + thinc==8.3.13
 + wasabi==1.1.3
 + weasel==1.0.0
 + wrapt==2.3.0
Reset report and wrote header to out/report/header.md
Dataset (up to 300 shards) already exists in data, skipping download.
Tokenizer already exists in tokenizer, skipping training.
================================================================
Processing Depth: 8
================================================================
2026-08-08 09:36:08,131 - httpx - INFO - HTTP Request: HEAD https://huggingface.co/varunneal/flash-attention-3/resolve/main/kernel-status.toml "HTTP/1.1 404 Not Found"
2026-08-08 09:36:08,268 - httpx - INFO - HTTP Request: GET https://huggingface.co/api/models/varunneal/flash-attention-3/tree/main/build?recursive=false&expand=false "HTTP/1.1 200 OK"
2026-08-08 09:36:08,404 - httpx - INFO - HTTP Request: GET https://huggingface.co/api/models/varunneal/flash-attention-3/revision/main "HTTP/1.1 200 OK"
2026-08-08 09:36:08,563 - httpx - INFO - HTTP Request: HEAD https://huggingface.co/varunneal/flash-attention-3/resolve/de87b9b5af06dd9984df595bef90b2eba44b181a/build/torch29-cxx11-cu128-x86_64-linux/flash_attention_3/_C.abi3.so "HTTP/1.1 302 Found"
2026-08-08 09:36:08,565 - httpx - INFO - HTTP Request: HEAD https://huggingface.co/varunneal/flash-attention-3/resolve/de87b9b5af06dd9984df595bef90b2eba44b181a/build/torch29-cxx11-cu128-x86_64-linux/flash_attention_3/flash_attn_interface.py "HTTP/1.1 307 Temporary Redirect"
2026-08-08 09:36:08,566 - httpx - INFO - HTTP Request: HEAD https://huggingface.co/varunneal/flash-attention-3/resolve/de87b9b5af06dd9984df595bef90b2eba44b181a/build/torch29-cxx11-cu128-x86_64-linux/flash_attention_3/__init__.py "HTTP/1.1 307 Temporary Redirect"
2026-08-08 09:36:08,612 - httpx - INFO - HTTP Request: HEAD https://huggingface.co/api/resolve-cache/models/varunneal/flash-attention-3/de87b9b5af06dd9984df595bef90b2eba44b181a/build%2Ftorch29-cxx11-cu128-x86_64-linux%2Fflash_attention_3%2Fflash_attn_interface.py "HTTP/1.1 200 OK"
2026-08-08 09:36:08,613 - httpx - INFO - HTTP Request: HEAD https://huggingface.co/varunneal/flash-attention-3/resolve/de87b9b5af06dd9984df595bef90b2eba44b181a/build/torch29-cxx11-cu128-x86_64-linux/flash_attention_3/flash_attn_config.py "HTTP/1.1 307 Temporary Redirect"
2026-08-08 09:36:08,613 - httpx - INFO - HTTP Request: HEAD https://huggingface.co/api/resolve-cache/models/varunneal/flash-attention-3/de87b9b5af06dd9984df595bef90b2eba44b181a/build%2Ftorch29-cxx11-cu128-x86_64-linux%2Fflash_attention_3%2F__init__.py "HTTP/1.1 200 OK"
2026-08-08 09:36:08,625 - httpx - INFO - HTTP Request: HEAD https://huggingface.co/api/resolve-cache/models/varunneal/flash-attention-3/de87b9b5af06dd9984df595bef90b2eba44b181a/build%2Ftorch29-cxx11-cu128-x86_64-linux%2Fflash_attention_3%2Fflash_attn_config.py "HTTP/1.1 200 OK"
2026-08-08 09:36:08,626 - httpx - INFO - HTTP Request: GET https://huggingface.co/api/resolve-cache/models/varunneal/flash-attention-3/de87b9b5af06dd9984df595bef90b2eba44b181a/build%2Ftorch29-cxx11-cu128-x86_64-linux%2Fflash_attention_3%2Fflash_attn_interface.py "HTTP/1.1 200 OK"
2026-08-08 09:36:08,631 - httpx - INFO - HTTP Request: GET https://huggingface.co/api/resolve-cache/models/varunneal/flash-attention-3/de87b9b5af06dd9984df595bef90b2eba44b181a/build%2Ftorch29-cxx11-cu128-x86_64-linux%2Fflash_attention_3%2F__init__.py "HTTP/1.1 200 OK"
2026-08-08 09:36:08,635 - httpx - INFO - HTTP Request: GET https://huggingface.co/api/resolve-cache/models/varunneal/flash-attention-3/de87b9b5af06dd9984df595bef90b2eba44b181a/build%2Ftorch29-cxx11-cu128-x86_64-linux%2Fflash_attention_3%2Fflash_attn_config.py "HTTP/1.1 200 OK"
2026-08-08 09:36:08,786 - httpx - INFO - HTTP Request: GET https://huggingface.co/api/models/varunneal/flash-attention-3/xet-read-token/de87b9b5af06dd9984df595bef90b2eba44b181a "HTTP/1.1 200 OK"
[sweep] Requested 8 DDP workers but only 1 GPU(s) available — using 1.
================================================================
Starting Sweep for Depth 8
Target Tokens: Auto (per-model param count)
================================================================
  Overriding default target_dim (128) with full model_dim 512

--- Training base ---

  ┌─────────────────────────────────────────────────────┐
  │  🆕  STARTING FRESH: [base]
  │     No checkpoints found — training from scratch.
  └─────────────────────────────────────────────────────┘

Running: /usr/local/bin/torchrun --standalone --nproc_per_node=1 -m scripts.base_train --depth 8 --aspect-ratio 64 --head-dim 128 --model-dim 512 --max-seq-len 2048 --device-batch-size 128 --total-batch-size 262144 --target-tokens -1 --target-param-data-ratio 10.5 --eval-every -1 --log-every 200 --core-metric-every 0 --save-every 200 --warmup-ratio 0.005 --warmdown-ratio 0.65 --final-lr-frac 0.05 --adam-beta2 0.99 --research-warmup-ratio 0.05 --use-onecycle 0 --router-context-window -1 --remix-use-basis-gate 1 --remix-use-output-gate 1 --remix-use-context 1 --remix-basis-gate-mode mlp --remix-gate-lr-scale 0.3 --p22-n-templates 1 --p22-template-routing-learned 0 --p22-template-topk 0 --p22-attn-moe-route none --p26-output-gated-linear 0 --p28-shared-basis 0 --p28-chunk-routing-size 0 --p28-global-template-bank none --p28-attn-proj-templates 0 --p28-attn-qk-templates 0 --p31-chunk-route-impl compose --p31-top1-gate ones --p31-template-delta-rank 0 --p31-route-side output --p31-drop-basis-proj 0 --p31-basis-side-templates 0 --remix-template-block-diag 0 --remix-template-lr-scale 1.0 --p29-grad-equalize 0 --target-active-params 0 --remix-basis-gate-rank 8 --cclblock-modulation weight --cclblock-orth-lambda 0.0 --p35-template-diversity-lambda 0.0 --cclblock-context-stream local --cclblock-ema-factor 0.99 --cclblock-stale-ctx-lag 0 --cclblock-sparse-gate-k 0 --cclblock-gate-temperature 1.0 --cclblock-context-bank-size 0 --cclblock-per-head-ctx 0 --cclblock-context-source norm_x --cclblock-chunk-size 0 --cclblock-aux-objective none --cclblock-aux-lambda 0.1 --cclblock-boundary-token-id 198 --use-ral 0 --ral-rank 32 --p34-ffn-schedule  --p34-ffn-no-ffn-replacement none --p34-ffn-last-depth 1 --p36-swiglu-ffn 0 --p36-swiglu-mult 2.6666666666666665 --cond-sites both --p22-route-affine 0 --cond-rank 256 --cond-mult-steps 0 --cond-gate-source router --cond-coeff-act centered --cond-router-rank 0 --cond-router-act none --cond-live-init 0.0 --cond-chunk-size 0 --cond-mult-scale -1.0 --cond-mult-impl wy --cond-attn-projs qkvo --cond-layer-frac 1.0 --cclblock-film-gate 0 --cclblock-attn-shadow-dim 0 --cclblock-dynamic-ratio 0.25 --cclblock-gate-rank 8 --cclblock-num-regimes 8 --cclblock-regime-temperature 1.0 --cclblock-poly-order 2 --cclblock-lie-generators 4 --cclblock-grassmann-bank-size 4 --cclblock-tucker-rank 32 --cclblock-tucker-modes 8 --cclblock-svs-rank 64 --cclblock-svs-eps 0.1 --cclblock-vq-codes 8 --cclblock-vq-temperature 1.0 --cclblock-dcu-warmup-steps 0 --cclblock-fsi-rotations 8 --cclblock-fsi-selector-dim 64 --cclblock-aesp-strata 4 --cclblock-aesp-delta-rank 4 --cclblock-ckr-branches 4 --cclblock-ckr-kernel-size 64 --cclblock-ckr-pos-channels 1 --cclblock-ckr-dual-optim 0 --cclblock-ckr-content-bias 0.0 --cclblock-giad-rank 32 --cclblock-psg-kernel-size 64 --cclblock-ss-dynamic-ratio 0.25 --cclblock-ss-branches 2 --cclblock-ss-kernel-size 64 --cclblock-lokr-branches 8 --cclblock-lokr-rank 16 --cclblock-ckr-temp-start 2.0 --cclblock-ckr-temp-end 0.3 --cclblock-com-kernel-size 32 --cclblock-ckr-ortho-init 0 --cclblock-ckr-branch-dropout 0.0 --cclblock-ckr-diversity-lambda 0.0 --cclblock-pgr-kernel-size 64 --cclblock-cil-kernel-size 64 --cclblock-prb-kernel-size 64 --p18-layer-drop 0.0 --p18-dynamic-activation 0 --p18-mixture-norm 0 --p18-aux-sim-lambda 0.0 --p18-gradient-penalty 0.0 --p18-per-channel-scale 0 --p19-residual-gate 0 --p19-head-importance 0 --p19-residual-mix-groups 0 --p19-attn-logit-bias 0 --p19-residual-decay 0 --p19-grad-equilibrium 0.0 --p19-spectral-reparam 0 --p19-weight-anticollapse 0.0 --p19-ve-bias 0 --p19-weight-noise 0.0 --p20-hrcs-scale 0 --p20-lswr-scale 0 --p20-lswr-planes 8 --p20-lrcfb-branches 0 --p20-lrcfb-narrow 0 --p20-lrcfb-learned 0 --p20-lrcfb-topk 0 --p20-dgcr-branches 0 --p20-dgcr-aux-weight 0.01 --p20-mone-experts 0 --p20-mone-topk 0 --p20-mone-narrow 1 --p20-mone-frozen 0 --p20-ncea-branches 0 --p20-ncea-eps 0.1 --p20-adwi 0 --p20-pwu-branches 0 --p20-pwu-phase 1 --p20-fsvd-gate 0 --p20-wbfc-clusters 0 --p20-wbfc-active 0 --p21-per-experts 0 --p21-per-topk 0 --p21-per-learned 0 --p21-per-attn 0 --p23-tiny-expert 0 --p23-n-experts 64 --p23-topk 16 --p23-learned-route 0 --p23-std-moe-experts 0 --p23-std-moe-topk -1 --p23-std-moe-aux-weight 0.01 --p23-lokr 0 --p23-lokr-rank 4 --p23-use-shared-block-router 0 --p23-linear-moe-experts 0 --p23-linear-moe-topk 0 --p23-quantile-route 0 --seed 1 --p34-ffn-mult 4.0 --p34-ffn-single 0 --p34-dense-attn 0 --p24-use-sliced-weight 0 --p24-sliced-weight-reduction-scale 8 --p24-sliced-weight-min-select 128 --p24-sliced-weight-scope per_token --p24-sliced-weight-balance-coeff 0.01 --p24-quantile-route 0 --p24-use-folded-mod 0 --p24-folded-mod-reduction-scale 8 --p24-folded-mod-scope per_layer --p24-folded-mod-gate-act tanh_centered --p24-use-sequence-gated-linear 0 --p24-sequence-gated-scope per_layer --p24-sequence-gated-act tanh_centered --p24-folded-mod-min-dim 128 --remix-shared-context-gates 0 --remix-use-dual-gate 0 --remix-basis-scale-factor 4 --remix-output-gate-rank 16 --p24-use-sliced-weight 0 --p24-sliced-weight-reduction-scale 8 --p24-sliced-weight-min-select 128 --p24-sliced-weight-scope per_token --p24-sliced-weight-balance-coeff 0.01 --p24-quantile-route 0 --p24-use-folded-mod 0 --p24-folded-mod-reduction-scale 8 --p24-folded-mod-scope per_layer --p24-folded-mod-gate-act tanh_centered --p24-use-sequence-gated-linear 0 --p24-sequence-gated-scope per_layer --p24-sequence-gated-act tanh_centered --remix-disable-ln-basis 0 --dense-intermediate-ln 0 --use-mst 1 --mst-n-subs 4 --mst-sub-dim 128 --mst-head-dim 0 --mst-input-mode learned_proj --mst-rotated-slice-learned 0 --mst-routing-mode soft_weighted --mst-routing-topk 0 --mst-routing-aux-weight 0.01 --mst-diversity-weight 0.0 --mst-ffn-mode standard --mst-transition-mode aggregate_distribute --mst-final-mode concat_proj --mst-final-topk 0 --mst-ffn-shared-up 0 --mst-ffn-inner-dim 0 --mst-sub-dropout 0.0 --mst-transition-every 1 --mst-ffa-temperature 1.0 --mst-global-residual 0 --mst-hybrid-dense 0 --mst-cross-sub-kv 0 --mst-sub-aux-weight 0.0 --mst-progressive-merge 0 --mst-multi-scale-windows 1 --mst-delta-residual 0 --mst-sub-layers 1 --mst-grad-equalize 1 --mst-block-diagonal-muon 1 --mst-transition-width-mult 4.0 --mst-sub-lr-scale 2.0 --mst-shared-expert 0 --mst-router-entropy-weight 0.0 --mst-shared-kv-attn 0 --mst-contrastive-diversity-weight 0.0 --mst-transition-nonlinear 0 --mst-transition-gated 0 --mst-transition-mlp 0 --mst-cross-sub-gate 0 --mst-hyper-connect 0 --mst-cross-kv-inject 0 --mst-slice-transition 0 --mst-lookback-layers 0 --mst-bilinear-transition 0 --mst-cross-sub-qmod 0 --mst-feature-cycle 0 --mst-mean-transition 0 --mst-sub-head-dim 128 --mst-final-norm 0 --mst-per-stream-ve 0 --use-eet 0 --eet-frozen-kv 1 --eet-reenter-final 0 --eet-compute-skip 0 --eet-target-active-frac 0.125 --eet-capacity-schedule bell --eet-exit-fracs  --eet-router-type mlp2 --eet-router-hidden 0 --eet-freq-prior-alpha 0.0 --eet-pos-prior-beta 0.0 --eet-domain-prior 0 --eet-warmup-frac 0.02 --eet-explore-frac 0.15 --eet-reconstruct-lambda 1.0 --eet-efficiency-lambda-start 0.01 --eet-efficiency-lambda-end 0.1 --eet-translator-rank 0 --eet-max-frozen-kv-frac 0.75 --eet-exit-threshold 0.5 --eet-min-exit-layer 1 --eet-loss-variant reconstruct --eet-topk-vocab 512 --eet-entropy-lambda 0.3 --eet-surprise-lambda 0.1 --eet-adv-lambda 1.0 --eet-adv-entropy-lambda 0.2 --eet-quality-lambda 1.0 --eet-quality-entropy-bonus 0.1 --eet-gumbel-temp-start 0.0 --eet-gumbel-temp-end 0.1 --eet-gumbel-hard 1 --eet-commitment-beta 0.1 --eet-global-router 0 --eet-freq-efficiency-alpha 0.0 --eet-diversity-lambda 0.0 --eet-ce-guided-lambda 1.0 --eet-router-lr-mult 5.0 --eet-model-lr-mult 1.0 --eet-depth-weight-type none --eet-depth-weight-max 2.5 --eet-use-override 0 --eet-override-prob-start 0.5 --eet-override-prob-end 0.1 --eet-capacity-alignment-lambda 0.0 --eet-router-task-grad 1 --eet-reinforce-interval 0 --eet-reinforce-lambda 0.1 --eet-exit-adapter-rank 0 --eet-router-after-block 0 --eet-ffn-skip 0 --eet-ffn-target-frac 0.5 --eet-ffn-full-attn 1 --eet-depth-affine 0 --eet-capacity-anneal-frac 0.0 --eet-learned-schedule 0 --eet-departure-summary 0 --eet-route-consistency-lambda 0.0 --eet-dense-distill-interval 0 --eet-dense-distill-lambda 0.5 --eet-depth-lr-scale 0 --eet-depth-grad-scale 0 --eet-detach-aux-from-backbone 0 --eet-detach-exit-from-backbone 0 --compile --tokenizer-dir tokenizer --data-dir data --max-shards 300 --checkpoints-dir /__modal/volumes/vo-mKBdrtWxjif35KPeC6uz1n/out/p08_mst_parity/d8/G1_hd128_s1/depth_8/ckpt_base --model-tag base
2026-08-08 09:36:21,913 - httpx - INFO - HTTP Request: HEAD https://huggingface.co/varunneal/flash-attention-3/resolve/main/kernel-status.toml "HTTP/1.1 404 Not Found"
2026-08-08 09:36:22,043 - httpx - INFO - HTTP Request: GET https://huggingface.co/api/models/varunneal/flash-attention-3/tree/main/build?recursive=false&expand=false "HTTP/1.1 200 OK"
2026-08-08 09:36:22,173 - httpx - INFO - HTTP Request: GET https://huggingface.co/api/models/varunneal/flash-attention-3/revision/main "HTTP/1.1 200 OK"

                                                       █████                █████
                                                      ░░███                ░░███
     ████████    ██████   ████████    ██████   ██████  ░███████    ██████  ███████
    ░░███░░███  ░░░░░███ ░░███░░███  ███░░███ ███░░███ ░███░░███  ░░░░░███░░░███░
     ░███ ░███   ███████  ░███ ░███ ░███ ░███░███ ░░░  ░███ ░███   ███████  ░███
     ░███ ░███  ███░░███  ░███ ░███ ░███ ░███░███  ███ ░███ ░███  ███░░███  ░███ ███
     ████ █████░░████████ ████ █████░░██████ ░░██████  ████ █████░░███████  ░░█████
    ░░░░ ░░░░░  ░░░░░░░░ ░░░░ ░░░░░  ░░░░░░   ░░░░░░  ░░░░ ░░░░░  ░░░░░░░░   ░░░░░
    
Autodetected device type: cuda
2026-08-08 09:36:24,609 - nanochat.common - INFO - Distributed world size: 1
GPU: NVIDIA H200 | Peak FLOPS (BF16): 9.89e+14
COMPUTE_DTYPE: torch.bfloat16 (auto-detected: CUDA SM 90 (bf16 supported))
✓ Using Flash Attention 3 (Hopper GPU detected) — efficient and fast.
Vocab size: 32,768
[MST] Multi-scale sub windows: [(32, 0), (127, 0), (511, 0), (-1, 0)]
[MST] Using compile-optimized BatchedMSTLayer (N=4, d=128)
[MST] 1A: Per-sub gradient equalization hooks registered
Model config:
{
  "sequence_len": 2048,
  "vocab_size": 32768,
  "n_layer": 8,
  "n_head": 4,
  "n_kv_head": 4,
  "n_embd": 512,
  "use_moe": false,
  "use_perm": false,
  "moe_num_experts": 8,
  "moe_router_dim": 64,
  "moe_embed_dim": 64,
  "dropout": 0.0,
  "use_remix_linear": false,
  "remix_context_dim": 64,
  "remix_context_dim_ratio": 6,
  "remix_basis_size": 64,
  "remix_output_gate_rank": 16,
  "remixed_linear_kwargs": {
    "use_basis_gate": true,
    "use_output_gate": true,
    "use_context": true,
    "basis_gate_mode": "mlp",
    "sparse_gate_k": 0,
    "gate_temperature": 1.0,
    "basis_scale_factor": 4,
    "n_templates": 1,
    "template_routing_learned": false,
    "template_topk": 0,
    "tiny_expert": false,
    "tiny_expert_topk": 16,
    "lokr_expert": false,
    "lokr_n_experts": 64,
    "lokr_topk": 16,
    "lokr_rank": 4,
    "lokr_learned": false,
    "basis_gate_rank": 8,
    "disable_ln_basis": false,
    "chunk_route_impl": "compose",
    "top1_gate": "ones",
    "template_delta_rank": 0,
    "route_side": "output",
    "drop_basis_proj": false,
    "basis_side_templates": 0,
    "grad_equalize": false
  },
  "use_pos_embed": false,
  "moe_use_abs_pos_embed": false,
  "use_layer_context": true,
  "scale_basis_size": true,
  "remix_use_dual_gate": false,
  "remix_use_fused": false,
  "p26_output_gated_linear": 0,
  "p28_shared_basis": 0,
  "p28_chunk_routing_size": 0,
  "p28_global_template_bank": "none",
  "p28_attn_proj_templates": 0,
  "p28_attn_qk_templates": 0,
  "p29_template_block_diag": 0,
  "p29_template_lr_scale": 1.0,
  "p29_grad_equalize": 0,
  "p34_ffn_mult": 4.0,
  "p34_ffn_single": 0,
  "p34_dense_attn": 0,
  "legacy_init_fallback": 0,
  "p35_template_diversity_lambda": 0.0,
  "p22_route_affine": 0,
  "p34_ffn_schedule": "",
  "p34_ffn_no_ffn_replacement": "none",
  "p34_ffn_last_depth": 1,
  "p36_swiglu_ffn": 0,
  "p36_swiglu_mult": 2.6666666666666665,
  "cond_sites": "both",
  "cond_rank": 256,
  "cond_mult_steps": 0,
  "cond_gate_source": "router",
  "cond_coeff_act": "centered",
  "cond_router_rank": 0,
  "cond_live_init": 0.0,
  "cond_router_act": "none",
  "cond_chunk_size": 0,
  "cond_mult_scale": -1.0,
  "cond_mult_impl": "wy",
  "cond_attn_projs": "qkvo",
  "cond_layer_frac": 1.0,
  "perm_expert_mode": "low_rank",
  "perm_rank": 16,
  "router_context_window": -1,
  "router_causal": true,
  "router_num_heads": 4,
  "router_num_queries": 16,
  "router_n_layers": 2,
  "router_use_vocab_prior": false,
  "window_pattern": "SSSL",
  "cclblock_modulation": "weight",
  "cclblock_orth_lambda": 0.0,
  "cclblock_context_stream": "local",
  "cclblock_ema_factor": 0.99,
  "cclblock_stale_ctx_lag": 0,
  "cclblock_sparse_gate_k": 0,
  "cclblock_gate_temperature": 1.0,
  "cclblock_context_bank_size": 0,
  "cclblock_per_head_ctx": false,
  "cclblock_context_source": "norm_x",
  "cclblock_chunk_size": 0,
  "cclblock_aux_objective": "none",
  "cclblock_aux_lambda": 0.1,
  "cclblock_boundary_token_id": 198,
  "use_ral": false,
  "ral_rank": 32,
  "cclblock_film_gate": false,
  "cclblock_attn_shadow_dim": 0,
  "cclblock_dynamic_ratio": 0.25,
  "cclblock_gate_rank": 8,
  "cclblock_num_regimes": 8,
  "cclblock_regime_temperature": 1.0,
  "cclblock_poly_order": 2,
  "cclblock_lie_generators": 4,
  "cclblock_grassmann_bank_size": 4,
  "cclblock_tucker_rank": 32,
  "cclblock_tucker_modes": 8,
  "cclblock_svs_rank": 64,
  "cclblock_svs_eps": 0.1,
  "cclblock_vq_codes": 8,
  "cclblock_vq_temperature": 1.0,
  "cclblock_dcu_warmup_steps": 0,
  "cclblock_fsi_rotations": 8,
  "cclblock_fsi_selector_dim": 64,
  "cclblock_aesp_strata": 4,
  "cclblock_aesp_delta_rank": 4,
  "cclblock_ckr_branches": 4,
  "cclblock_ckr_kernel_size": 64,
  "cclblock_ckr_pos_channels": 1,
  "cclblock_ckr_dual_optim": 0,
  "cclblock_ckr_content_bias": 0.0,
  "cclblock_giad_rank": 32,
  "cclblock_psg_kernel_size": 64,
  "cclblock_ss_dynamic_ratio": 0.25,
  "cclblock_ss_branches": 2,
  "cclblock_ss_kernel_size": 64,
  "cclblock_lokr_branches": 8,
  "cclblock_lokr_rank": 16,
  "cclblock_ckr_temp_start": 2.0,
  "cclblock_ckr_temp_end": 0.3,
  "cclblock_com_kernel_size": 32,
  "cclblock_ckr_ortho_init": 0,
  "cclblock_ckr_branch_dropout": 0.0,
  "cclblock_ckr_diversity_lambda": 0.0,
  "cclblock_ckr_layer_selective": 0,
  "cclblock_pgr_kernel_size": 64,
  "cclblock_cil_kernel_size": 64,
  "cclblock_prb_kernel_size": 64,
  "p18_layer_drop": 0.0,
  "p18_dynamic_activation": 0,
  "p18_mixture_norm": 0,
  "p18_causal_attn_bias": 0,
  "p18_aux_sim_lambda": 0.0,
  "p18_gradient_penalty": 0.0,
  "p18_per_channel_scale": 0,
  "p19_residual_gate": 0,
  "p19_head_importance": 0,
  "p19_residual_mix_groups": 0,
  "p19_attn_logit_bias": 0,
  "p19_residual_decay": 0,
  "p19_grad_equilibrium": 0.0,
  "p19_spectral_reparam": 0,
  "p19_weight_anticollapse": 0.0,
  "p19_ve_bias": 0,
  "p19_weight_noise": 0.0,
  "p20_hrcs_scale": 0,
  "p20_lswr_scale": 0,
  "p20_lswr_planes": 8,
  "p20_lrcfb_branches": 0,
  "p20_lrcfb_narrow": 0,
  "p20_lrcfb_learned": 0,
  "p20_lrcfb_topk": 0,
  "p20_dgcr_branches": 0,
  "p20_dgcr_aux_weight": 0.01,
  "p20_mone_experts": 0,
  "p20_mone_topk": 0,
  "p20_mone_narrow": 1,
  "p20_mone_frozen": 0,
  "p20_ncea_branches": 0,
  "p20_ncea_eps": 0.1,
  "p20_adwi": 0,
  "p20_pwu_branches": 0,
  "p20_pwu_phase": 1,
  "p20_fsvd_gate": 0,
  "p20_wbfc_clusters": 0,
  "p20_wbfc_active": 0,
  "p21_per_experts": 0,
  "p21_per_topk": 0,
  "p21_per_learned": 0,
  "p21_per_attn": 0,
  "p22_attn_moe_route": "none",
  "p23_tiny_expert": 0,
  "p23_n_experts": 64,
  "p23_topk": 16,
  "p23_learned_route": 0,
  "p23_std_moe_experts": 0,
  "p23_std_moe_topk": -1,
  "p23_std_moe_aux_weight": 0.01,
  "p23_lokr": 0,
  "p23_lokr_rank": 4,
  "p23_use_shared_block_router": 0,
  "p23_linear_moe_experts": 0,
  "p23_linear_moe_topk": 0,
  "p23_quantile_route": 0,
  "remix_shared_context_gates": 0,
  "p24_use_sliced_weight": 0,
  "p24_sliced_weight_reduction_scale": 8,
  "p24_sliced_weight_min_select": 128,
  "p24_sliced_weight_scope": "per_token",
  "p24_sliced_weight_balance_coeff": 0.01,
  "p24_quantile_route": 0,
  "p24_use_folded_mod": 0,
  "p24_folded_mod_reduction_scale": 8,
  "p24_folded_mod_min_dim": 128,
  "p24_folded_mod_scope": "per_layer",
  "p24_folded_mod_gate_act": "tanh_centered",
  "p24_use_sequence_gated_linear": 0,
  "p24_sequence_gated_scope": "per_layer",
  "p24_sequence_gated_act": "tanh_centered",
  "remix_disable_ln_basis": 0,
  "dense_intermediate_ln": 0,
  "use_mst": true,
  "mst_n_subs": 4,
  "mst_sub_dim": 128,
  "mst_head_dim": 0,
  "mst_input_mode": "learned_proj",
  "mst_rotated_slice_learned": false,
  "mst_routing_mode": "soft_weighted",
  "mst_routing_topk": 0,
  "mst_routing_aux_weight": 0.01,
  "mst_diversity_weight": 0.0,
  "mst_ffn_mode": "standard",
  "mst_transition_mode": "aggregate_distribute",
  "mst_final_mode": "concat_proj",
  "mst_final_topk": 0,
  "mst_ffn_shared_up": 0,
  "mst_ffn_inner_dim": 0,
  "mst_sub_dropout": 0.0,
  "mst_transition_every": 1,
  "mst_ffa_temperature": 1.0,
  "mst_global_residual": 0,
  "mst_hybrid_dense": 0,
  "mst_cross_sub_kv": 0,
  "mst_sub_aux_weight": 0.0,
  "mst_progressive_merge": 0,
  "mst_multi_scale_windows": 1,
  "mst_delta_residual": 0,
  "mst_sub_layers": 1,
  "mst_grad_equalize": 1,
  "mst_block_diagonal_muon": 1,
  "mst_transition_width_mult": 4.0,
  "mst_sub_lr_scale": 2.0,
  "mst_shared_expert": 0,
  "mst_router_entropy_weight": 0.0,
  "mst_shared_kv_attn": 0,
  "mst_contrastive_diversity_weight": 0.0,
  "mst_transition_nonlinear": 0,
  "mst_transition_gated": 0,
  "mst_transition_mlp": 0,
  "mst_cross_sub_gate": 0,
  "mst_hyper_connect": 0,
  "mst_cross_kv_inject": 0,
  "mst_slice_transition": 0,
  "mst_lookback_layers": 0,
  "mst_bilinear_transition": 0,
  "mst_cross_sub_qmod": 0,
  "mst_feature_cycle": 0,
  "mst_mean_transition": 0,
  "mst_sub_head_dim": 128,
  "mst_final_norm": 0,
  "mst_per_stream_ve": 0,
  "use_eet": false,
  "eet_frozen_kv": true,
  "eet_reenter_final": false,
  "eet_router_type": "mlp2",
  "eet_router_hidden": 0,
  "eet_freq_prior_alpha": 0.0,
  "eet_pos_prior_beta": 0.0,
  "eet_domain_prior": false,
  "eet_warmup_frac": 0.02,
  "eet_explore_frac": 0.15,
  "eet_reconstruct_lambda": 1.0,
  "eet_efficiency_lambda_start": 0.01,
  "eet_efficiency_lambda_end": 0.1,
  "eet_translator_rank": 0,
  "eet_max_frozen_kv_frac": 0.75,
  "eet_exit_threshold": 0.5,
  "eet_min_exit_layer": 1,
  "eet_loss_variant": "reconstruct",
  "eet_topk_vocab": 512,
  "eet_entropy_lambda": 0.3,
  "eet_surprise_lambda": 0.1,
  "eet_adv_lambda": 1.0,
  "eet_adv_entropy_lambda": 0.2,
  "eet_quality_lambda": 1.0,
  "eet_quality_entropy_bonus": 0.1,
  "eet_gumbel_temp_start": 0.0,
  "eet_gumbel_temp_end": 0.1,
  "eet_gumbel_hard": true,
  "eet_commitment_beta": 0.1,
  "eet_global_router": false,
  "eet_freq_efficiency_alpha": 0.0,
  "eet_diversity_lambda": 0.0,
  "eet_ce_guided_lambda": 1.0,
  "eet_router_lr_mult": 5.0,
  "eet_model_lr_mult": 1.0,
  "eet_depth_weight_type": "none",
  "eet_depth_weight_max": 2.5,
  "eet_use_override": 0,
  "eet_override_prob_start": 0.5,
  "eet_override_prob_end": 0.1,
  "eet_compute_skip": false,
  "eet_target_active_frac": 0.125,
  "eet_capacity_schedule": "bell",
  "eet_exit_fracs": null,
  "eet_capacity_alignment_lambda": 0.0,
  "eet_router_task_grad": true,
  "eet_reinforce_interval": 0,
  "eet_reinforce_lambda": 0.1,
  "eet_exit_adapter_rank": 0,
  "eet_router_after_block": 0,
  "eet_ffn_skip": false,
  "eet_ffn_target_frac": 0.5,
  "eet_ffn_full_attn": true,
  "eet_depth_affine": false,
  "eet_capacity_anneal_frac": 0.0,
  "eet_learned_schedule": false,
  "eet_departure_summary": false,
  "eet_route_consistency_lambda": 0.0,
  "eet_dense_distill_interval": 0,
  "eet_dense_distill_lambda": 0.5,
  "eet_depth_lr_scale": false,
  "eet_depth_grad_scale": false,
  "eet_detach_aux_from_backbone": false,
  "eet_detach_exit_from_backbone": false
}
Seeded weight init with --seed 1
Checkpoints directory: /__modal/volumes/vo-mKBdrtWxjif35KPeC6uz1n/out/p08_mst_parity/d8/G1_hd128_s1/depth_8/ckpt_base/base
✓ Wrapping model with DistributedDataParallel (rank 0, find_unused_parameters=False)
Parameter counts:
wte                     : 16,777,216
wpe                     : 0
value_embeds            : 16,777,216
lm_head                 : 16,777,216
transformer_matrices    : 8,393,216
research                : 0
scalars                 : 16
total                   : 58,724,880
Estimated FLOPs per token (total):  1.844214e+08
Estimated FLOPs per token (active): 1.844214e+08
Estimated active params:            58,724,880
[MST] Multi-scale sub windows: [(32, 0), (127, 0), (511, 0), (-1, 0)]
[MST] Using compile-optimized BatchedMSTLayer (N=4, d=128)
[MST] 1A: Per-sub gradient equalization hooks registered
Scaling LRs by 0.7071 for batch size 262,144 (reference: 524,288)
Scaling weight decay from 0.200000 to 0.163527 for depth 8
Scaling AdamW LRs ∝1/√(512/768) = 1.224745
[MST] Per-sub Muon LR scaled by 2.00× → 0.028284
[MST] 1B: Block-diagonal Muon enabled (N=4 blocks)
Calculated number of iterations from target data:param ratio: 1,008
Total number of training tokens: 264,241,152
Tokens : Scaling params ratio: 10.50
Total training FLOPs estimate: 4.873172e+16
Total active training FLOPs estimate: 4.873172e+16
Using base scheduler: linear warmup/flat/linear warmdown
[MST] Diagnostics will be logged to: /__modal/volumes/vo-mKBdrtWxjif35KPeC6uz1n/out/p08_mst_parity/d8/G1_hd128_s1/depth_8/ckpt_base/base/mst_diagnostics.jsonl
Tokens / micro-batch / rank: 128 x 2048 = 262,144
Tokens / micro-batch: 262,144
Total batch size 262,144 => gradient accumulation steps: 1
Running pre-compilation warmup (1 dummy forward+backward to init lazy allocations)...
[rank0]:W0808 09:36:26.342000 651 site-packages/torch/_logging/_internal.py:1199] [0/0] Profiler function <class 'torch.autograd.profiler.record_function'> will be ignored
/usr/local/lib/python3.12/site-packages/torch/_inductor/lowering.py:7242: UserWarning: 
Online softmax is disabled on the fly since Inductor decides to
split the reduction. Cut an issue to PyTorch if this is an
important use case and you want to speed it up with online
softmax.

  warnings.warn(
Warmup complete. Steady-state VRAM: 0.7 GB allocated
/usr/local/lib/python3.12/site-packages/torch/_inductor/lowering.py:7242: UserWarning: 
Online softmax is disabled on the fly since Inductor decides to
split the reduction. Cut an issue to PyTorch if this is an
important use case and you want to speed it up with online
softmax.

  warnings.warn(
  [MST diag] ERROR: [Errno 2] No such file or directory: '/__modal/volumes/vo-mKBdrtWxjif35KPeC6uz1n/out/p08_mst_parity/d8/G1_hd128_s1/depth_8/ckpt_base/base/mst_diagnostics.jsonl'
step 00000/01008 (0.00%) | loss: 10.477551 | lrm: 0.20 | lr(adamw:8.142e-02, muon:3.889e-03) | dt: 78369.07ms | tok/sec: 3,344 | bf16_mfu: 0.06 | epoch: 1 pq: 0 rg: 1 | total time: 0.00m
2026-08-08 09:40:15,227 - nanochat.checkpoint_manager - INFO - Saved model parameters to: /__modal/volumes/vo-mKBdrtWxjif35KPeC6uz1n/out/p08_mst_parity/d8/G1_hd128_s1/depth_8/ckpt_base/base/model_000200.pt
2026-08-08 09:40:15,230 - nanochat.checkpoint_manager - INFO - Saved metadata to: /__modal/volumes/vo-mKBdrtWxjif35KPeC6uz1n/out/p08_mst_parity/d8/G1_hd128_s1/depth_8/ckpt_base/base/meta_000200.json
2026-08-08 09:40:15,842 - nanochat.checkpoint_manager - INFO - Saved optimizer state to: /__modal/volumes/vo-mKBdrtWxjif35KPeC6uz1n/out/p08_mst_parity/d8/G1_hd128_s1/depth_8/ckpt_base/base/optim_000200_rank0.pt
  [MST diag] sub_sim=[0.013, -0.023, -0.028, -0.037, -0.029, -0.025, -0.014, -0.006] | route_ent=[1.250, 1.250, 1.281, 1.211, 1.180, 1.211, 1.227, 1.156] | grad_norm=[0.085, 0.053, 0.042, 0.023]
step 00200/01008 (19.84%) | loss: 4.269196 | lrm: 1.00 | lr(adamw:4.071e-01, muon:1.945e-02) | dt: 250.70ms | tok/sec: 1,045,664 | bf16_mfu: 19.50 | epoch: 1 pq: 1 rg: 17 | total time: 0.73m | eta: 3.1m
2026-08-08 09:41:01,533 - nanochat.checkpoint_manager - INFO - Saved model parameters to: /__modal/volumes/vo-mKBdrtWxjif35KPeC6uz1n/out/p08_mst_parity/d8/G1_hd128_s1/depth_8/ckpt_base/base/model_000400.pt
2026-08-08 09:41:01,537 - nanochat.checkpoint_manager - INFO - Saved metadata to: /__modal/volumes/vo-mKBdrtWxjif35KPeC6uz1n/out/p08_mst_parity/d8/G1_hd128_s1/depth_8/ckpt_base/base/meta_000400.json
2026-08-08 09:41:02,155 - nanochat.checkpoint_manager - INFO - Saved optimizer state to: /__modal/volumes/vo-mKBdrtWxjif35KPeC6uz1n/out/p08_mst_parity/d8/G1_hd128_s1/depth_8/ckpt_base/base/optim_000400_rank0.pt
Removed previous periodic checkpoint at step 000200
  [MST diag] sub_sim=[-0.052, -0.096, -0.101, -0.111, -0.105, -0.098, -0.058, -0.026] | route_ent=[1.289, 1.289, 1.281, 1.273, 1.227, 1.266, 1.234, 1.125] | grad_norm=[0.051, 0.033, 0.033, 0.021]
step 00400/01008 (39.68%) | loss: 3.903728 | lrm: 0.93 | lr(adamw:3.793e-01, muon:1.812e-02) | dt: 258.69ms | tok/sec: 1,013,369 | bf16_mfu: 18.90 | epoch: 1 pq: 2 rg: 30 | total time: 1.48m | eta: 2.3m
2026-08-08 09:41:47,390 - nanochat.checkpoint_manager - INFO - Saved model parameters to: /__modal/volumes/vo-mKBdrtWxjif35KPeC6uz1n/out/p08_mst_parity/d8/G1_hd128_s1/depth_8/ckpt_base/base/model_000600.pt
2026-08-08 09:41:47,393 - nanochat.checkpoint_manager - INFO - Saved metadata to: /__modal/volumes/vo-mKBdrtWxjif35KPeC6uz1n/out/p08_mst_parity/d8/G1_hd128_s1/depth_8/ckpt_base/base/meta_000600.json
2026-08-08 09:41:48,011 - nanochat.checkpoint_manager - INFO - Saved optimizer state to: /__modal/volumes/vo-mKBdrtWxjif35KPeC6uz1n/out/p08_mst_parity/d8/G1_hd128_s1/depth_8/ckpt_base/base/optim_000600_rank0.pt
Removed previous periodic checkpoint at step 000400
  [MST diag] sub_sim=[-0.073, -0.123, -0.125, -0.131, -0.121, -0.116, -0.063, -0.023] | route_ent=[1.305, 1.297, 1.297, 1.312, 1.273, 1.289, 1.266, 1.141] | grad_norm=[0.034, 0.024, 0.029, 0.020]
step 00600/01008 (59.52%) | loss: 3.724582 | lrm: 0.64 | lr(adamw:2.612e-01, muon:1.248e-02) | dt: 239.69ms | tok/sec: 1,093,674 | bf16_mfu: 20.39 | epoch: 1 pq: 3 rg: 44 | total time: 2.23m | eta: 1.5m
2026-08-08 09:42:32,585 - nanochat.checkpoint_manager - INFO - Saved model parameters to: /__modal/volumes/vo-mKBdrtWxjif35KPeC6uz1n/out/p08_mst_parity/d8/G1_hd128_s1/depth_8/ckpt_base/base/model_000800.pt
2026-08-08 09:42:32,588 - nanochat.checkpoint_manager - INFO - Saved metadata to: /__modal/volumes/vo-mKBdrtWxjif35KPeC6uz1n/out/p08_mst_parity/d8/G1_hd128_s1/depth_8/ckpt_base/base/meta_000800.json
2026-08-08 09:42:33,205 - nanochat.checkpoint_manager - INFO - Saved optimizer state to: /__modal/volumes/vo-mKBdrtWxjif35KPeC6uz1n/out/p08_mst_parity/d8/G1_hd128_s1/depth_8/ckpt_base/base/optim_000800_rank0.pt
Removed previous periodic checkpoint at step 000600
  [MST diag] sub_sim=[-0.069, -0.116, -0.121, -0.131, -0.121, -0.121, -0.069, -0.025] | route_ent=[1.312, 1.305, 1.305, 1.320, 1.289, 1.305, 1.281, 1.164] | grad_norm=[0.025, 0.019, 0.021, 0.016]
step 00800/01008 (79.37%) | loss: 3.602532 | lrm: 0.35 | lr(adamw:1.432e-01, muon:6.839e-03) | dt: 242.77ms | tok/sec: 1,079,789 | bf16_mfu: 20.14 | epoch: 1 pq: 4 rg: 58 | total time: 2.96m | eta: 0.8m
2026-08-08 09:43:18,910 - nanochat.checkpoint_manager - INFO - Saved model parameters to: /__modal/volumes/vo-mKBdrtWxjif35KPeC6uz1n/out/p08_mst_parity/d8/G1_hd128_s1/depth_8/ckpt_base/base/model_001000.pt
2026-08-08 09:43:18,914 - nanochat.checkpoint_manager - INFO - Saved metadata to: /__modal/volumes/vo-mKBdrtWxjif35KPeC6uz1n/out/p08_mst_parity/d8/G1_hd128_s1/depth_8/ckpt_base/base/meta_001000.json
2026-08-08 09:43:19,550 - nanochat.checkpoint_manager - INFO - Saved optimizer state to: /__modal/volumes/vo-mKBdrtWxjif35KPeC6uz1n/out/p08_mst_parity/d8/G1_hd128_s1/depth_8/ckpt_base/base/optim_001000_rank0.pt
Removed previous periodic checkpoint at step 000800
  [MST diag] sub_sim=[-0.067, -0.111, -0.117, -0.122, -0.116, -0.119, -0.070, -0.027] | route_ent=[1.320, 1.312, 1.312, 1.328, 1.297, 1.312, 1.281, 1.164] | grad_norm=[0.021, 0.015, 0.015, 0.012]
step 01000/01008 (99.21%) | loss: 3.517552 | lrm: 0.06 | lr(adamw:2.508e-02, muon:1.198e-03) | dt: 267.25ms | tok/sec: 980,901 | bf16_mfu: 18.29 | epoch: 1 pq: 5 rg: 73 | total time: 3.72m | eta: 0.0m
  [MST diag] sub_sim=[-0.065, -0.110, -0.117, -0.124, -0.116, -0.122, -0.073, -0.028] | route_ent=[1.320, 1.312, 1.312, 1.328, 1.297, 1.312, 1.281, 1.164] | grad_norm=[0.021, 0.015, 0.016, 0.013]
step 01007/01008 (99.90%) | loss: 3.509906 | lrm: 0.05 | lr(adamw:2.094e-02, muon:1.000e-03) | dt: 241.58ms | tok/sec: 1,085,119 | bf16_mfu: 20.23 | epoch: 1 pq: 5 rg: 76 | total time: 3.75m | eta: 0.0m
/usr/local/lib/python3.12/site-packages/torch/_dynamo/variables/functions.py:1598: UserWarning: Dynamo does not know how to trace the builtin `torch._C._distributed_c10d.pybind11_detail_function_record_v1_system_libstdcpp_gxx_abi_1xxx_use_cxx11_abi_1._broadcast_coalesced.` This function is either a Python builtin (e.g. _warnings.warn) or a third-party C/C++ Python extension (perhaps created with pybind).
If it is a Python builtin, please file an issue on GitHub so the PyTorch team can add support for it and see the next case for a workaround.
If it is a third-party C/C++ Python extension, please either wrap it into a PyTorch-understood custom operator (see https://pytorch.org/tutorials/advanced/custom_ops_landing_page.html for more details) or, if it is traceable, use `torch.compiler.allow_in_graph`.
  torch._dynamo.utils.warn_once(explanation + "\n" + "\n".join(hints))
/usr/local/lib/python3.12/site-packages/torch/_inductor/lowering.py:7242: UserWarning: 
Online softmax is disabled on the fly since Inductor decides to
split the reduction. Cut an issue to PyTorch if this is an
important use case and you want to speed it up with online
softmax.

  warnings.warn(
Step 01008 | Validation bpb: 1.045387 | val_loss: 3.429059
<|bos|>The capital of France is the capital of France, which is the capital of France. The capital of France
<|bos|>The chemical symbol of gold is gold. It is a symbol of purity and purity. It is a symbol of
<|bos|>If yesterday was Friday, then tomorrow will be the first time we had to go to the next meeting. We will be going
<|bos|>The opposite of hot is the case with the same type of heat. The heat is the same as the
<|bos|>The planets of the solar system are: the solar system is the solar system, the solar system is the solar system,
<|bos|>My favorite color is the red, green, and blue. I have a red, green, and
<|bos|>If 5*x + 3 = 13, then x is the number of 5*x + 3 = 13, then x
2026-08-08 09:44:50,848 - nanochat.checkpoint_manager - INFO - Saved model parameters to: /__modal/volumes/vo-mKBdrtWxjif35KPeC6uz1n/out/p08_mst_parity/d8/G1_hd128_s1/depth_8/ckpt_base/base/model_001008.pt
2026-08-08 09:44:50,851 - nanochat.checkpoint_manager - INFO - Saved metadata to: /__modal/volumes/vo-mKBdrtWxjif35KPeC6uz1n/out/p08_mst_parity/d8/G1_hd128_s1/depth_8/ckpt_base/base/meta_001008.json
2026-08-08 09:44:51,489 - nanochat.checkpoint_manager - INFO - Saved optimizer state to: /__modal/volumes/vo-mKBdrtWxjif35KPeC6uz1n/out/p08_mst_parity/d8/G1_hd128_s1/depth_8/ckpt_base/base/optim_001008_rank0.pt
step 01008/01008 (final) | loss: 3.509906 | early_stop: 0
Peak memory usage: 67318.45MiB
Total training time: 3.75m
Minimum validation bpb: 1.045387
Minimum validation loss (nats/byte): 3.429059
[rank0]: Traceback (most recent call last):
[rank0]:   File "<frozen runpy>", line 198, in _run_module_as_main
[rank0]:   File "<frozen runpy>", line 88, in _run_code
[rank0]:   File "/__modal/volumes/vo-mKBdrtWxjif35KPeC6uz1n/scripts/base_train.py", line 2606, in <module>
[rank0]:     _mst_tracker.write_csv(
[rank0]:   File "/__modal/volumes/vo-mKBdrtWxjif35KPeC6uz1n/scripts/base_train.py", line 1707, in write_csv
[rank0]:     self._append_row(csv_path, row)
[rank0]:     ^^^^^^^^^^^^^^^^
[rank0]: AttributeError: '_MSTTracker' object has no attribute '_append_row'
[rank0]:[W808 09:44:52.280166440 ProcessGroupNCCL.cpp:1524] Warning: WARNING: destroy_process_group() was not called before program exit, which can leak resources. For more info, please see https://pytorch.org/docs/stable/distributed.html#shutdown (function operator())
E0808 09:44:54.930000 646 site-packages/torch/distributed/elastic/multiprocessing/api.py:882] failed (exitcode: 1) local_rank: 0 (pid: 651) of binary: /usr/local/bin/python
Traceback (most recent call last):
  File "/usr/local/bin/torchrun", line 10, in <module>
    sys.exit(main())
             ^^^^^^
  File "/usr/local/lib/python3.12/site-packages/torch/distributed/elastic/multiprocessing/errors/__init__.py", line 357, in wrapper
    return f(*args, **kwargs)
           ^^^^^^^^^^^^^^^^^^
  File "/usr/local/lib/python3.12/site-packages/torch/distributed/run.py", line 936, in main
    run(args)
  File "/usr/local/lib/python3.12/site-packages/torch/distributed/run.py", line 927, in run
    elastic_launch(
  File "/usr/local/lib/python3.12/site-packages/torch/distributed/launcher/api.py", line 156, in __call__
    return launch_agent(self._config, self._entrypoint, list(args))
           ^^^^^^^^^^^^^^^^^^^^^^^^^^^^^^^^^^^^^^^^^^^^^^^^^^^^^^^^
  File "/usr/local/lib/python3.12/site-packages/torch/distributed/launcher/api.py", line 293, in launch_agent
    raise ChildFailedError(
torch.distributed.elastic.multiprocessing.errors.ChildFailedError: 
============================================================
scripts.base_train FAILED
------------------------------------------------------------
Failures:
  <NO_OTHER_FAILURES>
------------------------------------------------------------
Root Cause (first observed failure):
[0]:
  time      : 2026-08-08_09:44:54
  host      : localhost
  rank      : 0 (local_rank: 0)
  exitcode  : 1 (pid: 651)
  error_file: <N/A>
  traceback : To enable traceback see: https://pytorch.org/docs/stable/elastic/errors.html
============================================================
Error training base. Marking as failed and continuing to next model.

--- Generating Report ---
No successful runs to plot.

[ERROR] The following models FAILED: ['base']
❌  G1_hd128_s1 failed; will retry on the next invocation

### G2: RMSNorm before lm_head

━━━ G2_final_norm_s1  (depth 8) ━━━
Requested NPROC_PER_NODE=8, but only 1 GPU(s) visible. Capping.
Using NPROC_PER_NODE=1
NANOCHAT_SKIP_ENV_SETUP=0
===== GPU Info =====
Sat Aug  8 09:44:56 2026       
+-----------------------------------------------------------------------------------------+
| NVIDIA-SMI 580.95.05              Driver Version: 580.95.05      CUDA Version: 13.0     |
+-----------------------------------------+------------------------+----------------------+
| GPU  Name                 Persistence-M | Bus-Id          Disp.A | Volatile Uncorr. ECC |
| Fan  Temp   Perf          Pwr:Usage/Cap |           Memory-Usage | GPU-Util  Compute M. |
|                                         |                        |               MIG M. |
|=========================================+========================+======================|
|   0  NVIDIA H200                    On  |   00000000:CB:00.0 Off |                    0 |
| N/A   36C    P0            134W /  700W |       4MiB / 143771MiB |      0%      Default |
|                                         |                        |             Disabled |
+-----------------------------------------+------------------------+----------------------+

+-----------------------------------------------------------------------------------------+
| Processes:                                                                              |
|  GPU   GI   CI              PID   Type   Process name                        GPU Memory |
|        ID   ID                                                               Usage      |
|=========================================================================================|
|  No running processes found                                                             |
+-----------------------------------------------------------------------------------------+
Starting Research Sweep. Output directory: out/p08_mst_parity/d8/G2_final_norm_s1
UV_SYSTEM_PYTHON=1: using system Python, skipping venv creation.
Validating system environment dependencies via uv...
Using Python 3.12.10 environment at: /usr/local
Resolved 158 packages in 209ms
   Building nanochat @ file:///__modal/volumes/vo-mKBdrtWxjif35KPeC6uz1n
      Built nanochat @ file:///__modal/volumes/vo-mKBdrtWxjif35KPeC6uz1n
Prepared 1 package in 1.11s
Uninstalled 1 package in 0.52ms
Installed 1 package in 1ms
 ~ nanochat==0.1.0 (from file:///__modal/volumes/vo-mKBdrtWxjif35KPeC6uz1n)
Reset report and wrote header to out/report/header.md
Dataset (up to 300 shards) already exists in data, skipping download.
Tokenizer already exists in tokenizer, skipping training.
================================================================
Processing Depth: 8
================================================================
2026-08-08 09:45:07,360 - httpx - INFO - HTTP Request: HEAD https://huggingface.co/varunneal/flash-attention-3/resolve/main/kernel-status.toml "HTTP/1.1 404 Not Found"
2026-08-08 09:45:07,510 - httpx - INFO - HTTP Request: GET https://huggingface.co/api/models/varunneal/flash-attention-3/tree/main/build?recursive=false&expand=false "HTTP/1.1 200 OK"
2026-08-08 09:45:07,656 - httpx - INFO - HTTP Request: GET https://huggingface.co/api/models/varunneal/flash-attention-3/revision/main "HTTP/1.1 200 OK"
[sweep] Requested 8 DDP workers but only 1 GPU(s) available — using 1.
================================================================
Starting Sweep for Depth 8
Target Tokens: Auto (per-model param count)
================================================================
  Overriding default target_dim (128) with full model_dim 512

--- Training base ---

  ┌─────────────────────────────────────────────────────┐
  │  🆕  STARTING FRESH: [base]
  │     No checkpoints found — training from scratch.
  └─────────────────────────────────────────────────────┘

Running: /usr/local/bin/torchrun --standalone --nproc_per_node=1 -m scripts.base_train --depth 8 --aspect-ratio 64 --head-dim 128 --model-dim 512 --max-seq-len 2048 --device-batch-size 128 --total-batch-size 262144 --target-tokens -1 --target-param-data-ratio 10.5 --eval-every -1 --log-every 200 --core-metric-every 0 --save-every 200 --warmup-ratio 0.005 --warmdown-ratio 0.65 --final-lr-frac 0.05 --adam-beta2 0.99 --research-warmup-ratio 0.05 --use-onecycle 0 --router-context-window -1 --remix-use-basis-gate 1 --remix-use-output-gate 1 --remix-use-context 1 --remix-basis-gate-mode mlp --remix-gate-lr-scale 0.3 --p22-n-templates 1 --p22-template-routing-learned 0 --p22-template-topk 0 --p22-attn-moe-route none --p26-output-gated-linear 0 --p28-shared-basis 0 --p28-chunk-routing-size 0 --p28-global-template-bank none --p28-attn-proj-templates 0 --p28-attn-qk-templates 0 --p31-chunk-route-impl compose --p31-top1-gate ones --p31-template-delta-rank 0 --p31-route-side output --p31-drop-basis-proj 0 --p31-basis-side-templates 0 --remix-template-block-diag 0 --remix-template-lr-scale 1.0 --p29-grad-equalize 0 --target-active-params 0 --remix-basis-gate-rank 8 --cclblock-modulation weight --cclblock-orth-lambda 0.0 --p35-template-diversity-lambda 0.0 --cclblock-context-stream local --cclblock-ema-factor 0.99 --cclblock-stale-ctx-lag 0 --cclblock-sparse-gate-k 0 --cclblock-gate-temperature 1.0 --cclblock-context-bank-size 0 --cclblock-per-head-ctx 0 --cclblock-context-source norm_x --cclblock-chunk-size 0 --cclblock-aux-objective none --cclblock-aux-lambda 0.1 --cclblock-boundary-token-id 198 --use-ral 0 --ral-rank 32 --p34-ffn-schedule  --p34-ffn-no-ffn-replacement none --p34-ffn-last-depth 1 --p36-swiglu-ffn 0 --p36-swiglu-mult 2.6666666666666665 --cond-sites both --p22-route-affine 0 --cond-rank 256 --cond-mult-steps 0 --cond-gate-source router --cond-coeff-act centered --cond-router-rank 0 --cond-router-act none --cond-live-init 0.0 --cond-chunk-size 0 --cond-mult-scale -1.0 --cond-mult-impl wy --cond-attn-projs qkvo --cond-layer-frac 1.0 --cclblock-film-gate 0 --cclblock-attn-shadow-dim 0 --cclblock-dynamic-ratio 0.25 --cclblock-gate-rank 8 --cclblock-num-regimes 8 --cclblock-regime-temperature 1.0 --cclblock-poly-order 2 --cclblock-lie-generators 4 --cclblock-grassmann-bank-size 4 --cclblock-tucker-rank 32 --cclblock-tucker-modes 8 --cclblock-svs-rank 64 --cclblock-svs-eps 0.1 --cclblock-vq-codes 8 --cclblock-vq-temperature 1.0 --cclblock-dcu-warmup-steps 0 --cclblock-fsi-rotations 8 --cclblock-fsi-selector-dim 64 --cclblock-aesp-strata 4 --cclblock-aesp-delta-rank 4 --cclblock-ckr-branches 4 --cclblock-ckr-kernel-size 64 --cclblock-ckr-pos-channels 1 --cclblock-ckr-dual-optim 0 --cclblock-ckr-content-bias 0.0 --cclblock-giad-rank 32 --cclblock-psg-kernel-size 64 --cclblock-ss-dynamic-ratio 0.25 --cclblock-ss-branches 2 --cclblock-ss-kernel-size 64 --cclblock-lokr-branches 8 --cclblock-lokr-rank 16 --cclblock-ckr-temp-start 2.0 --cclblock-ckr-temp-end 0.3 --cclblock-com-kernel-size 32 --cclblock-ckr-ortho-init 0 --cclblock-ckr-branch-dropout 0.0 --cclblock-ckr-diversity-lambda 0.0 --cclblock-pgr-kernel-size 64 --cclblock-cil-kernel-size 64 --cclblock-prb-kernel-size 64 --p18-layer-drop 0.0 --p18-dynamic-activation 0 --p18-mixture-norm 0 --p18-aux-sim-lambda 0.0 --p18-gradient-penalty 0.0 --p18-per-channel-scale 0 --p19-residual-gate 0 --p19-head-importance 0 --p19-residual-mix-groups 0 --p19-attn-logit-bias 0 --p19-residual-decay 0 --p19-grad-equilibrium 0.0 --p19-spectral-reparam 0 --p19-weight-anticollapse 0.0 --p19-ve-bias 0 --p19-weight-noise 0.0 --p20-hrcs-scale 0 --p20-lswr-scale 0 --p20-lswr-planes 8 --p20-lrcfb-branches 0 --p20-lrcfb-narrow 0 --p20-lrcfb-learned 0 --p20-lrcfb-topk 0 --p20-dgcr-branches 0 --p20-dgcr-aux-weight 0.01 --p20-mone-experts 0 --p20-mone-topk 0 --p20-mone-narrow 1 --p20-mone-frozen 0 --p20-ncea-branches 0 --p20-ncea-eps 0.1 --p20-adwi 0 --p20-pwu-branches 0 --p20-pwu-phase 1 --p20-fsvd-gate 0 --p20-wbfc-clusters 0 --p20-wbfc-active 0 --p21-per-experts 0 --p21-per-topk 0 --p21-per-learned 0 --p21-per-attn 0 --p23-tiny-expert 0 --p23-n-experts 64 --p23-topk 16 --p23-learned-route 0 --p23-std-moe-experts 0 --p23-std-moe-topk -1 --p23-std-moe-aux-weight 0.01 --p23-lokr 0 --p23-lokr-rank 4 --p23-use-shared-block-router 0 --p23-linear-moe-experts 0 --p23-linear-moe-topk 0 --p23-quantile-route 0 --seed 1 --p34-ffn-mult 4.0 --p34-ffn-single 0 --p34-dense-attn 0 --p24-use-sliced-weight 0 --p24-sliced-weight-reduction-scale 8 --p24-sliced-weight-min-select 128 --p24-sliced-weight-scope per_token --p24-sliced-weight-balance-coeff 0.01 --p24-quantile-route 0 --p24-use-folded-mod 0 --p24-folded-mod-reduction-scale 8 --p24-folded-mod-scope per_layer --p24-folded-mod-gate-act tanh_centered --p24-use-sequence-gated-linear 0 --p24-sequence-gated-scope per_layer --p24-sequence-gated-act tanh_centered --p24-folded-mod-min-dim 128 --remix-shared-context-gates 0 --remix-use-dual-gate 0 --remix-basis-scale-factor 4 --remix-output-gate-rank 16 --p24-use-sliced-weight 0 --p24-sliced-weight-reduction-scale 8 --p24-sliced-weight-min-select 128 --p24-sliced-weight-scope per_token --p24-sliced-weight-balance-coeff 0.01 --p24-quantile-route 0 --p24-use-folded-mod 0 --p24-folded-mod-reduction-scale 8 --p24-folded-mod-scope per_layer --p24-folded-mod-gate-act tanh_centered --p24-use-sequence-gated-linear 0 --p24-sequence-gated-scope per_layer --p24-sequence-gated-act tanh_centered --remix-disable-ln-basis 0 --dense-intermediate-ln 0 --use-mst 1 --mst-n-subs 4 --mst-sub-dim 128 --mst-head-dim 0 --mst-input-mode learned_proj --mst-rotated-slice-learned 0 --mst-routing-mode soft_weighted --mst-routing-topk 0 --mst-routing-aux-weight 0.01 --mst-diversity-weight 0.0 --mst-ffn-mode standard --mst-transition-mode aggregate_distribute --mst-final-mode concat_proj --mst-final-topk 0 --mst-ffn-shared-up 0 --mst-ffn-inner-dim 0 --mst-sub-dropout 0.0 --mst-transition-every 1 --mst-ffa-temperature 1.0 --mst-global-residual 0 --mst-hybrid-dense 0 --mst-cross-sub-kv 0 --mst-sub-aux-weight 0.0 --mst-progressive-merge 0 --mst-multi-scale-windows 1 --mst-delta-residual 0 --mst-sub-layers 1 --mst-grad-equalize 1 --mst-block-diagonal-muon 1 --mst-transition-width-mult 4.0 --mst-sub-lr-scale 2.0 --mst-shared-expert 0 --mst-router-entropy-weight 0.0 --mst-shared-kv-attn 0 --mst-contrastive-diversity-weight 0.0 --mst-transition-nonlinear 0 --mst-transition-gated 0 --mst-transition-mlp 0 --mst-cross-sub-gate 0 --mst-hyper-connect 0 --mst-cross-kv-inject 0 --mst-slice-transition 0 --mst-lookback-layers 0 --mst-bilinear-transition 0 --mst-cross-sub-qmod 0 --mst-feature-cycle 0 --mst-mean-transition 0 --mst-sub-head-dim 0 --mst-final-norm 1 --mst-per-stream-ve 0 --use-eet 0 --eet-frozen-kv 1 --eet-reenter-final 0 --eet-compute-skip 0 --eet-target-active-frac 0.125 --eet-capacity-schedule bell --eet-exit-fracs  --eet-router-type mlp2 --eet-router-hidden 0 --eet-freq-prior-alpha 0.0 --eet-pos-prior-beta 0.0 --eet-domain-prior 0 --eet-warmup-frac 0.02 --eet-explore-frac 0.15 --eet-reconstruct-lambda 1.0 --eet-efficiency-lambda-start 0.01 --eet-efficiency-lambda-end 0.1 --eet-translator-rank 0 --eet-max-frozen-kv-frac 0.75 --eet-exit-threshold 0.5 --eet-min-exit-layer 1 --eet-loss-variant reconstruct --eet-topk-vocab 512 --eet-entropy-lambda 0.3 --eet-surprise-lambda 0.1 --eet-adv-lambda 1.0 --eet-adv-entropy-lambda 0.2 --eet-quality-lambda 1.0 --eet-quality-entropy-bonus 0.1 --eet-gumbel-temp-start 0.0 --eet-gumbel-temp-end 0.1 --eet-gumbel-hard 1 --eet-commitment-beta 0.1 --eet-global-router 0 --eet-freq-efficiency-alpha 0.0 --eet-diversity-lambda 0.0 --eet-ce-guided-lambda 1.0 --eet-router-lr-mult 5.0 --eet-model-lr-mult 1.0 --eet-depth-weight-type none --eet-depth-weight-max 2.5 --eet-use-override 0 --eet-override-prob-start 0.5 --eet-override-prob-end 0.1 --eet-capacity-alignment-lambda 0.0 --eet-router-task-grad 1 --eet-reinforce-interval 0 --eet-reinforce-lambda 0.1 --eet-exit-adapter-rank 0 --eet-router-after-block 0 --eet-ffn-skip 0 --eet-ffn-target-frac 0.5 --eet-ffn-full-attn 1 --eet-depth-affine 0 --eet-capacity-anneal-frac 0.0 --eet-learned-schedule 0 --eet-departure-summary 0 --eet-route-consistency-lambda 0.0 --eet-dense-distill-interval 0 --eet-dense-distill-lambda 0.5 --eet-depth-lr-scale 0 --eet-depth-grad-scale 0 --eet-detach-aux-from-backbone 0 --eet-detach-exit-from-backbone 0 --compile --tokenizer-dir tokenizer --data-dir data --max-shards 300 --checkpoints-dir /__modal/volumes/vo-mKBdrtWxjif35KPeC6uz1n/out/p08_mst_parity/d8/G2_final_norm_s1/depth_8/ckpt_base --model-tag base
2026-08-08 09:45:14,588 - httpx - INFO - HTTP Request: HEAD https://huggingface.co/varunneal/flash-attention-3/resolve/main/kernel-status.toml "HTTP/1.1 404 Not Found"
2026-08-08 09:45:14,752 - httpx - INFO - HTTP Request: GET https://huggingface.co/api/models/varunneal/flash-attention-3/tree/main/build?recursive=false&expand=false "HTTP/1.1 200 OK"
2026-08-08 09:45:14,966 - httpx - INFO - HTTP Request: GET https://huggingface.co/api/models/varunneal/flash-attention-3/revision/main "HTTP/1.1 200 OK"

                                                       █████                █████
                                                      ░░███                ░░███
     ████████    ██████   ████████    ██████   ██████  ░███████    ██████  ███████
    ░░███░░███  ░░░░░███ ░░███░░███  ███░░███ ███░░███ ░███░░███  ░░░░░███░░░███░
     ░███ ░███   ███████  ░███ ░███ ░███ ░███░███ ░░░  ░███ ░███   ███████  ░███
     ░███ ░███  ███░░███  ░███ ░███ ░███ ░███░███  ███ ░███ ░███  ███░░███  ░███ ███
     ████ █████░░████████ ████ █████░░██████ ░░██████  ████ █████░░███████  ░░█████
    ░░░░ ░░░░░  ░░░░░░░░ ░░░░ ░░░░░  ░░░░░░   ░░░░░░  ░░░░ ░░░░░  ░░░░░░░░   ░░░░░
    
Autodetected device type: cuda
2026-08-08 09:45:16,159 - nanochat.common - INFO - Distributed world size: 1
GPU: NVIDIA H200 | Peak FLOPS (BF16): 9.89e+14
COMPUTE_DTYPE: torch.bfloat16 (auto-detected: CUDA SM 90 (bf16 supported))
✓ Using Flash Attention 3 (Hopper GPU detected) — efficient and fast.
Vocab size: 32,768
[MST] Multi-scale sub windows: [(32, 0), (127, 0), (511, 0), (-1, 0)]
[MST] Using compile-optimized BatchedMSTLayer (N=4, d=128)
[MST] 1A: Per-sub gradient equalization hooks registered
Model config:
{
  "sequence_len": 2048,
  "vocab_size": 32768,
  "n_layer": 8,
  "n_head": 4,
  "n_kv_head": 4,
  "n_embd": 512,
  "use_moe": false,
  "use_perm": false,
  "moe_num_experts": 8,
  "moe_router_dim": 64,
  "moe_embed_dim": 64,
  "dropout": 0.0,
  "use_remix_linear": false,
  "remix_context_dim": 64,
  "remix_context_dim_ratio": 6,
  "remix_basis_size": 64,
  "remix_output_gate_rank": 16,
  "remixed_linear_kwargs": {
    "use_basis_gate": true,
    "use_output_gate": true,
    "use_context": true,
    "basis_gate_mode": "mlp",
    "sparse_gate_k": 0,
    "gate_temperature": 1.0,
    "basis_scale_factor": 4,
    "n_templates": 1,
    "template_routing_learned": false,
    "template_topk": 0,
    "tiny_expert": false,
    "tiny_expert_topk": 16,
    "lokr_expert": false,
    "lokr_n_experts": 64,
    "lokr_topk": 16,
    "lokr_rank": 4,
    "lokr_learned": false,
    "basis_gate_rank": 8,
    "disable_ln_basis": false,
    "chunk_route_impl": "compose",
    "top1_gate": "ones",
    "template_delta_rank": 0,
    "route_side": "output",
    "drop_basis_proj": false,
    "basis_side_templates": 0,
    "grad_equalize": false
  },
  "use_pos_embed": false,
  "moe_use_abs_pos_embed": false,
  "use_layer_context": true,
  "scale_basis_size": true,
  "remix_use_dual_gate": false,
  "remix_use_fused": false,
  "p26_output_gated_linear": 0,
  "p28_shared_basis": 0,
  "p28_chunk_routing_size": 0,
  "p28_global_template_bank": "none",
  "p28_attn_proj_templates": 0,
  "p28_attn_qk_templates": 0,
  "p29_template_block_diag": 0,
  "p29_template_lr_scale": 1.0,
  "p29_grad_equalize": 0,
  "p34_ffn_mult": 4.0,
  "p34_ffn_single": 0,
  "p34_dense_attn": 0,
  "legacy_init_fallback": 0,
  "p35_template_diversity_lambda": 0.0,
  "p22_route_affine": 0,
  "p34_ffn_schedule": "",
  "p34_ffn_no_ffn_replacement": "none",
  "p34_ffn_last_depth": 1,
  "p36_swiglu_ffn": 0,
  "p36_swiglu_mult": 2.6666666666666665,
  "cond_sites": "both",
  "cond_rank": 256,
  "cond_mult_steps": 0,
  "cond_gate_source": "router",
  "cond_coeff_act": "centered",
  "cond_router_rank": 0,
  "cond_live_init": 0.0,
  "cond_router_act": "none",
  "cond_chunk_size": 0,
  "cond_mult_scale": -1.0,
  "cond_mult_impl": "wy",
  "cond_attn_projs": "qkvo",
  "cond_layer_frac": 1.0,
  "perm_expert_mode": "low_rank",
  "perm_rank": 16,
  "router_context_window": -1,
  "router_causal": true,
  "router_num_heads": 4,
  "router_num_queries": 16,
  "router_n_layers": 2,
  "router_use_vocab_prior": false,
  "window_pattern": "SSSL",
  "cclblock_modulation": "weight",
  "cclblock_orth_lambda": 0.0,
  "cclblock_context_stream": "local",
  "cclblock_ema_factor": 0.99,
  "cclblock_stale_ctx_lag": 0,
  "cclblock_sparse_gate_k": 0,
  "cclblock_gate_temperature": 1.0,
  "cclblock_context_bank_size": 0,
  "cclblock_per_head_ctx": false,
  "cclblock_context_source": "norm_x",
  "cclblock_chunk_size": 0,
  "cclblock_aux_objective": "none",
  "cclblock_aux_lambda": 0.1,
  "cclblock_boundary_token_id": 198,
  "use_ral": false,
  "ral_rank": 32,
  "cclblock_film_gate": false,
  "cclblock_attn_shadow_dim": 0,
  "cclblock_dynamic_ratio": 0.25,
  "cclblock_gate_rank": 8,
  "cclblock_num_regimes": 8,
  "cclblock_regime_temperature": 1.0,
  "cclblock_poly_order": 2,
  "cclblock_lie_generators": 4,
  "cclblock_grassmann_bank_size": 4,
  "cclblock_tucker_rank": 32,
  "cclblock_tucker_modes": 8,
  "cclblock_svs_rank": 64,
  "cclblock_svs_eps": 0.1,
  "cclblock_vq_codes": 8,
  "cclblock_vq_temperature": 1.0,
  "cclblock_dcu_warmup_steps": 0,
  "cclblock_fsi_rotations": 8,
  "cclblock_fsi_selector_dim": 64,
  "cclblock_aesp_strata": 4,
  "cclblock_aesp_delta_rank": 4,
  "cclblock_ckr_branches": 4,
  "cclblock_ckr_kernel_size": 64,
  "cclblock_ckr_pos_channels": 1,
  "cclblock_ckr_dual_optim": 0,
  "cclblock_ckr_content_bias": 0.0,
  "cclblock_giad_rank": 32,
  "cclblock_psg_kernel_size": 64,
  "cclblock_ss_dynamic_ratio": 0.25,
  "cclblock_ss_branches": 2,
  "cclblock_ss_kernel_size": 64,
  "cclblock_lokr_branches": 8,
  "cclblock_lokr_rank": 16,
  "cclblock_ckr_temp_start": 2.0,
  "cclblock_ckr_temp_end": 0.3,
  "cclblock_com_kernel_size": 32,
  "cclblock_ckr_ortho_init": 0,
  "cclblock_ckr_branch_dropout": 0.0,
  "cclblock_ckr_diversity_lambda": 0.0,
  "cclblock_ckr_layer_selective": 0,
  "cclblock_pgr_kernel_size": 64,
  "cclblock_cil_kernel_size": 64,
  "cclblock_prb_kernel_size": 64,
  "p18_layer_drop": 0.0,
  "p18_dynamic_activation": 0,
  "p18_mixture_norm": 0,
  "p18_causal_attn_bias": 0,
  "p18_aux_sim_lambda": 0.0,
  "p18_gradient_penalty": 0.0,
  "p18_per_channel_scale": 0,
  "p19_residual_gate": 0,
  "p19_head_importance": 0,
  "p19_residual_mix_groups": 0,
  "p19_attn_logit_bias": 0,
  "p19_residual_decay": 0,
  "p19_grad_equilibrium": 0.0,
  "p19_spectral_reparam": 0,
  "p19_weight_anticollapse": 0.0,
  "p19_ve_bias": 0,
  "p19_weight_noise": 0.0,
  "p20_hrcs_scale": 0,
  "p20_lswr_scale": 0,
  "p20_lswr_planes": 8,
  "p20_lrcfb_branches": 0,
  "p20_lrcfb_narrow": 0,
  "p20_lrcfb_learned": 0,
  "p20_lrcfb_topk": 0,
  "p20_dgcr_branches": 0,
  "p20_dgcr_aux_weight": 0.01,
  "p20_mone_experts": 0,
  "p20_mone_topk": 0,
  "p20_mone_narrow": 1,
  "p20_mone_frozen": 0,
  "p20_ncea_branches": 0,
  "p20_ncea_eps": 0.1,
  "p20_adwi": 0,
  "p20_pwu_branches": 0,
  "p20_pwu_phase": 1,
  "p20_fsvd_gate": 0,
  "p20_wbfc_clusters": 0,
  "p20_wbfc_active": 0,
  "p21_per_experts": 0,
  "p21_per_topk": 0,
  "p21_per_learned": 0,
  "p21_per_attn": 0,
  "p22_attn_moe_route": "none",
  "p23_tiny_expert": 0,
  "p23_n_experts": 64,
  "p23_topk": 16,
  "p23_learned_route": 0,
  "p23_std_moe_experts": 0,
  "p23_std_moe_topk": -1,
  "p23_std_moe_aux_weight": 0.01,
  "p23_lokr": 0,
  "p23_lokr_rank": 4,
  "p23_use_shared_block_router": 0,
  "p23_linear_moe_experts": 0,
  "p23_linear_moe_topk": 0,
  "p23_quantile_route": 0,
  "remix_shared_context_gates": 0,
  "p24_use_sliced_weight": 0,
  "p24_sliced_weight_reduction_scale": 8,
  "p24_sliced_weight_min_select": 128,
  "p24_sliced_weight_scope": "per_token",
  "p24_sliced_weight_balance_coeff": 0.01,
  "p24_quantile_route": 0,
  "p24_use_folded_mod": 0,
  "p24_folded_mod_reduction_scale": 8,
  "p24_folded_mod_min_dim": 128,
  "p24_folded_mod_scope": "per_layer",
  "p24_folded_mod_gate_act": "tanh_centered",
  "p24_use_sequence_gated_linear": 0,
  "p24_sequence_gated_scope": "per_layer",
  "p24_sequence_gated_act": "tanh_centered",
  "remix_disable_ln_basis": 0,
  "dense_intermediate_ln": 0,
  "use_mst": true,
  "mst_n_subs": 4,
  "mst_sub_dim": 128,
  "mst_head_dim": 0,
  "mst_input_mode": "learned_proj",
  "mst_rotated_slice_learned": false,
  "mst_routing_mode": "soft_weighted",
  "mst_routing_topk": 0,
  "mst_routing_aux_weight": 0.01,
  "mst_diversity_weight": 0.0,
  "mst_ffn_mode": "standard",
  "mst_transition_mode": "aggregate_distribute",
  "mst_final_mode": "concat_proj",
  "mst_final_topk": 0,
  "mst_ffn_shared_up": 0,
  "mst_ffn_inner_dim": 0,
  "mst_sub_dropout": 0.0,
  "mst_transition_every": 1,
  "mst_ffa_temperature": 1.0,
  "mst_global_residual": 0,
  "mst_hybrid_dense": 0,
  "mst_cross_sub_kv": 0,
  "mst_sub_aux_weight": 0.0,
  "mst_progressive_merge": 0,
  "mst_multi_scale_windows": 1,
  "mst_delta_residual": 0,
  "mst_sub_layers": 1,
  "mst_grad_equalize": 1,
  "mst_block_diagonal_muon": 1,
  "mst_transition_width_mult": 4.0,
  "mst_sub_lr_scale": 2.0,
  "mst_shared_expert": 0,
  "mst_router_entropy_weight": 0.0,
  "mst_shared_kv_attn": 0,
  "mst_contrastive_diversity_weight": 0.0,
  "mst_transition_nonlinear": 0,
  "mst_transition_gated": 0,
  "mst_transition_mlp": 0,
  "mst_cross_sub_gate": 0,
  "mst_hyper_connect": 0,
  "mst_cross_kv_inject": 0,
  "mst_slice_transition": 0,
  "mst_lookback_layers": 0,
  "mst_bilinear_transition": 0,
  "mst_cross_sub_qmod": 0,
  "mst_feature_cycle": 0,
  "mst_mean_transition": 0,
  "mst_sub_head_dim": 0,
  "mst_final_norm": 1,
  "mst_per_stream_ve": 0,
  "use_eet": false,
  "eet_frozen_kv": true,
  "eet_reenter_final": false,
  "eet_router_type": "mlp2",
  "eet_router_hidden": 0,
  "eet_freq_prior_alpha": 0.0,
  "eet_pos_prior_beta": 0.0,
  "eet_domain_prior": false,
  "eet_warmup_frac": 0.02,
  "eet_explore_frac": 0.15,
  "eet_reconstruct_lambda": 1.0,
  "eet_efficiency_lambda_start": 0.01,
  "eet_efficiency_lambda_end": 0.1,
  "eet_translator_rank": 0,
  "eet_max_frozen_kv_frac": 0.75,
  "eet_exit_threshold": 0.5,
  "eet_min_exit_layer": 1,
  "eet_loss_variant": "reconstruct",
  "eet_topk_vocab": 512,
  "eet_entropy_lambda": 0.3,
  "eet_surprise_lambda": 0.1,
  "eet_adv_lambda": 1.0,
  "eet_adv_entropy_lambda": 0.2,
  "eet_quality_lambda": 1.0,
  "eet_quality_entropy_bonus": 0.1,
  "eet_gumbel_temp_start": 0.0,
  "eet_gumbel_temp_end": 0.1,
  "eet_gumbel_hard": true,
  "eet_commitment_beta": 0.1,
  "eet_global_router": false,
  "eet_freq_efficiency_alpha": 0.0,
  "eet_diversity_lambda": 0.0,
  "eet_ce_guided_lambda": 1.0,
  "eet_router_lr_mult": 5.0,
  "eet_model_lr_mult": 1.0,
  "eet_depth_weight_type": "none",
  "eet_depth_weight_max": 2.5,
  "eet_use_override": 0,
  "eet_override_prob_start": 0.5,
  "eet_override_prob_end": 0.1,
  "eet_compute_skip": false,
  "eet_target_active_frac": 0.125,
  "eet_capacity_schedule": "bell",
  "eet_exit_fracs": null,
  "eet_capacity_alignment_lambda": 0.0,
  "eet_router_task_grad": true,
  "eet_reinforce_interval": 0,
  "eet_reinforce_lambda": 0.1,
  "eet_exit_adapter_rank": 0,
  "eet_router_after_block": 0,
  "eet_ffn_skip": false,
  "eet_ffn_target_frac": 0.5,
  "eet_ffn_full_attn": true,
  "eet_depth_affine": false,
  "eet_capacity_anneal_frac": 0.0,
  "eet_learned_schedule": false,
  "eet_departure_summary": false,
  "eet_route_consistency_lambda": 0.0,
  "eet_dense_distill_interval": 0,
  "eet_dense_distill_lambda": 0.5,
  "eet_depth_lr_scale": false,
  "eet_depth_grad_scale": false,
  "eet_detach_aux_from_backbone": false,
  "eet_detach_exit_from_backbone": false
}
Seeded weight init with --seed 1
Checkpoints directory: /__modal/volumes/vo-mKBdrtWxjif35KPeC6uz1n/out/p08_mst_parity/d8/G2_final_norm_s1/depth_8/ckpt_base/base
✓ Wrapping model with DistributedDataParallel (rank 0, find_unused_parameters=False)
Parameter counts:
wte                     : 16,777,216
wpe                     : 0
value_embeds            : 16,777,216
lm_head                 : 16,777,216
transformer_matrices    : 8,394,752
research                : 0
scalars                 : 16
total                   : 58,726,416
Estimated FLOPs per token (total):  1.844306e+08
Estimated FLOPs per token (active): 1.844306e+08
Estimated active params:            58,726,416
[MST] Multi-scale sub windows: [(32, 0), (127, 0), (511, 0), (-1, 0)]
[MST] Using compile-optimized BatchedMSTLayer (N=4, d=128)
[MST] 1A: Per-sub gradient equalization hooks registered
Scaling LRs by 0.7071 for batch size 262,144 (reference: 524,288)
Scaling weight decay from 0.200000 to 0.163530 for depth 8
Scaling AdamW LRs ∝1/√(512/768) = 1.224745
[MST] Per-sub Muon LR scaled by 2.00× → 0.028284
[MST] 1B: Block-diagonal Muon enabled (N=4 blocks)
Calculated number of iterations from target data:param ratio: 1,008
Total number of training tokens: 264,241,152
Tokens : Scaling params ratio: 10.50
Total training FLOPs estimate: 4.873415e+16
Total active training FLOPs estimate: 4.873415e+16
Using base scheduler: linear warmup/flat/linear warmdown
[MST] Diagnostics will be logged to: /__modal/volumes/vo-mKBdrtWxjif35KPeC6uz1n/out/p08_mst_parity/d8/G2_final_norm_s1/depth_8/ckpt_base/base/mst_diagnostics.jsonl
Tokens / micro-batch / rank: 128 x 2048 = 262,144
Tokens / micro-batch: 262,144
Total batch size 262,144 => gradient accumulation steps: 1
Running pre-compilation warmup (1 dummy forward+backward to init lazy allocations)...
[rank0]:W0808 09:45:16.718000 21959 site-packages/torch/_logging/_internal.py:1199] [0/0] Profiler function <class 'torch.autograd.profiler.record_function'> will be ignored
/usr/local/lib/python3.12/site-packages/torch/_inductor/lowering.py:7242: UserWarning: 
Online softmax is disabled on the fly since Inductor decides to
split the reduction. Cut an issue to PyTorch if this is an
important use case and you want to speed it up with online
softmax.

  warnings.warn(
Warmup complete. Steady-state VRAM: 0.7 GB allocated
/usr/local/lib/python3.12/site-packages/torch/_inductor/lowering.py:7242: UserWarning: 
Online softmax is disabled on the fly since Inductor decides to
split the reduction. Cut an issue to PyTorch if this is an
important use case and you want to speed it up with online
softmax.

  warnings.warn(
  [MST diag] ERROR: [Errno 2] No such file or directory: '/__modal/volumes/vo-mKBdrtWxjif35KPeC6uz1n/out/p08_mst_parity/d8/G2_final_norm_s1/depth_8/ckpt_base/base/mst_diagnostics.jsonl'
step 00000/01008 (0.00%) | loss: 10.477496 | lrm: 0.20 | lr(adamw:8.142e-02, muon:3.889e-03) | dt: 80030.65ms | tok/sec: 3,275 | bf16_mfu: 0.06 | epoch: 1 pq: 0 rg: 1 | total time: 0.00m
2026-08-08 09:49:08,508 - nanochat.checkpoint_manager - INFO - Saved model parameters to: /__modal/volumes/vo-mKBdrtWxjif35KPeC6uz1n/out/p08_mst_parity/d8/G2_final_norm_s1/depth_8/ckpt_base/base/model_000200.pt
2026-08-08 09:49:08,511 - nanochat.checkpoint_manager - INFO - Saved metadata to: /__modal/volumes/vo-mKBdrtWxjif35KPeC6uz1n/out/p08_mst_parity/d8/G2_final_norm_s1/depth_8/ckpt_base/base/meta_000200.json
2026-08-08 09:49:09,122 - nanochat.checkpoint_manager - INFO - Saved optimizer state to: /__modal/volumes/vo-mKBdrtWxjif35KPeC6uz1n/out/p08_mst_parity/d8/G2_final_norm_s1/depth_8/ckpt_base/base/optim_000200_rank0.pt
  [MST diag] sub_sim=[-0.005, -0.024, -0.027, -0.042, -0.049, -0.051, -0.044, -0.041] | route_ent=[1.250, 1.266, 1.172, 1.102, 1.102, 1.156, 1.203, 1.250] | grad_norm=[0.088, 0.033, 0.022, 0.014]
step 00200/01008 (19.84%) | loss: 4.403852 | lrm: 1.00 | lr(adamw:4.071e-01, muon:1.945e-02) | dt: 267.36ms | tok/sec: 980,485 | bf16_mfu: 18.28 | epoch: 1 pq: 1 rg: 17 | total time: 0.77m | eta: 3.3m
2026-08-08 09:49:58,145 - nanochat.checkpoint_manager - INFO - Saved model parameters to: /__modal/volumes/vo-mKBdrtWxjif35KPeC6uz1n/out/p08_mst_parity/d8/G2_final_norm_s1/depth_8/ckpt_base/base/model_000400.pt
2026-08-08 09:49:58,148 - nanochat.checkpoint_manager - INFO - Saved metadata to: /__modal/volumes/vo-mKBdrtWxjif35KPeC6uz1n/out/p08_mst_parity/d8/G2_final_norm_s1/depth_8/ckpt_base/base/meta_000400.json
2026-08-08 09:49:58,720 - nanochat.checkpoint_manager - INFO - Saved optimizer state to: /__modal/volumes/vo-mKBdrtWxjif35KPeC6uz1n/out/p08_mst_parity/d8/G2_final_norm_s1/depth_8/ckpt_base/base/optim_000400_rank0.pt
Removed previous periodic checkpoint at step 000200
  [MST diag] sub_sim=[-0.010, -0.030, -0.024, -0.083, -0.098, -0.097, -0.081, -0.058] | route_ent=[1.312, 1.344, 1.289, 1.180, 1.133, 1.172, 1.203, 1.250] | grad_norm=[0.054, 0.025, 0.026, 0.016]
step 00400/01008 (39.68%) | loss: 3.951772 | lrm: 0.93 | lr(adamw:3.793e-01, muon:1.812e-02) | dt: 267.47ms | tok/sec: 980,088 | bf16_mfu: 18.28 | epoch: 1 pq: 2 rg: 30 | total time: 1.58m | eta: 2.5m
2026-08-08 09:50:47,921 - nanochat.checkpoint_manager - INFO - Saved model parameters to: /__modal/volumes/vo-mKBdrtWxjif35KPeC6uz1n/out/p08_mst_parity/d8/G2_final_norm_s1/depth_8/ckpt_base/base/model_000600.pt
2026-08-08 09:50:47,923 - nanochat.checkpoint_manager - INFO - Saved metadata to: /__modal/volumes/vo-mKBdrtWxjif35KPeC6uz1n/out/p08_mst_parity/d8/G2_final_norm_s1/depth_8/ckpt_base/base/meta_000600.json
2026-08-08 09:50:48,516 - nanochat.checkpoint_manager - INFO - Saved optimizer state to: /__modal/volumes/vo-mKBdrtWxjif35KPeC6uz1n/out/p08_mst_parity/d8/G2_final_norm_s1/depth_8/ckpt_base/base/optim_000600_rank0.pt
Removed previous periodic checkpoint at step 000400
  [MST diag] sub_sim=[-0.032, -0.053, -0.041, -0.107, -0.127, -0.120, -0.105, -0.074] | route_ent=[1.336, 1.352, 1.336, 1.219, 1.172, 1.180, 1.211, 1.273] | grad_norm=[0.044, 0.031, 0.024, 0.015]
step 00600/01008 (59.52%) | loss: 3.761502 | lrm: 0.64 | lr(adamw:2.612e-01, muon:1.248e-02) | dt: 270.22ms | tok/sec: 970,107 | bf16_mfu: 18.09 | epoch: 1 pq: 3 rg: 44 | total time: 2.40m | eta: 1.7m
2026-08-08 09:51:37,687 - nanochat.checkpoint_manager - INFO - Saved model parameters to: /__modal/volumes/vo-mKBdrtWxjif35KPeC6uz1n/out/p08_mst_parity/d8/G2_final_norm_s1/depth_8/ckpt_base/base/model_000800.pt
2026-08-08 09:51:37,690 - nanochat.checkpoint_manager - INFO - Saved metadata to: /__modal/volumes/vo-mKBdrtWxjif35KPeC6uz1n/out/p08_mst_parity/d8/G2_final_norm_s1/depth_8/ckpt_base/base/meta_000800.json
2026-08-08 09:51:38,283 - nanochat.checkpoint_manager - INFO - Saved optimizer state to: /__modal/volumes/vo-mKBdrtWxjif35KPeC6uz1n/out/p08_mst_parity/d8/G2_final_norm_s1/depth_8/ckpt_base/base/optim_000800_rank0.pt
Removed previous periodic checkpoint at step 000600
  [MST diag] sub_sim=[-0.035, -0.043, -0.039, -0.111, -0.130, -0.122, -0.103, -0.069] | route_ent=[1.344, 1.352, 1.352, 1.242, 1.195, 1.203, 1.227, 1.273] | grad_norm=[0.028, 0.020, 0.022, 0.010]
step 00800/01008 (79.37%) | loss: 3.638037 | lrm: 0.35 | lr(adamw:1.432e-01, muon:6.839e-03) | dt: 269.03ms | tok/sec: 974,395 | bf16_mfu: 18.17 | epoch: 1 pq: 4 rg: 58 | total time: 3.21m | eta: 0.8m
2026-08-08 09:52:27,710 - nanochat.checkpoint_manager - INFO - Saved model parameters to: /__modal/volumes/vo-mKBdrtWxjif35KPeC6uz1n/out/p08_mst_parity/d8/G2_final_norm_s1/depth_8/ckpt_base/base/model_001000.pt
2026-08-08 09:52:27,713 - nanochat.checkpoint_manager - INFO - Saved metadata to: /__modal/volumes/vo-mKBdrtWxjif35KPeC6uz1n/out/p08_mst_parity/d8/G2_final_norm_s1/depth_8/ckpt_base/base/meta_001000.json
2026-08-08 09:52:28,286 - nanochat.checkpoint_manager - INFO - Saved optimizer state to: /__modal/volumes/vo-mKBdrtWxjif35KPeC6uz1n/out/p08_mst_parity/d8/G2_final_norm_s1/depth_8/ckpt_base/base/optim_001000_rank0.pt
Removed previous periodic checkpoint at step 000800
  [MST diag] sub_sim=[-0.037, -0.036, -0.036, -0.108, -0.130, -0.122, -0.104, -0.071] | route_ent=[1.344, 1.359, 1.352, 1.258, 1.211, 1.211, 1.234, 1.281] | grad_norm=[0.024, 0.016, 0.016, 0.009]
step 01000/01008 (99.21%) | loss: 3.553534 | lrm: 0.06 | lr(adamw:2.508e-02, muon:1.198e-03) | dt: 266.43ms | tok/sec: 983,927 | bf16_mfu: 18.35 | epoch: 1 pq: 5 rg: 73 | total time: 4.03m | eta: 0.0m
  [MST diag] sub_sim=[-0.037, -0.037, -0.036, -0.108, -0.130, -0.124, -0.105, -0.072] | route_ent=[1.344, 1.359, 1.352, 1.258, 1.211, 1.211, 1.234, 1.281] | grad_norm=[0.024, 0.016, 0.015, 0.009]
step 01007/01008 (99.90%) | loss: 3.545857 | lrm: 0.05 | lr(adamw:2.094e-02, muon:1.000e-03) | dt: 269.22ms | tok/sec: 973,733 | bf16_mfu: 18.16 | epoch: 1 pq: 5 rg: 76 | total time: 4.05m | eta: 0.0m
/usr/local/lib/python3.12/site-packages/torch/_dynamo/variables/functions.py:1598: UserWarning: Dynamo does not know how to trace the builtin `torch._C._distributed_c10d.pybind11_detail_function_record_v1_system_libstdcpp_gxx_abi_1xxx_use_cxx11_abi_1._broadcast_coalesced.` This function is either a Python builtin (e.g. _warnings.warn) or a third-party C/C++ Python extension (perhaps created with pybind).
If it is a Python builtin, please file an issue on GitHub so the PyTorch team can add support for it and see the next case for a workaround.
If it is a third-party C/C++ Python extension, please either wrap it into a PyTorch-understood custom operator (see https://pytorch.org/tutorials/advanced/custom_ops_landing_page.html for more details) or, if it is traceable, use `torch.compiler.allow_in_graph`.
  torch._dynamo.utils.warn_once(explanation + "\n" + "\n".join(hints))
/usr/local/lib/python3.12/site-packages/torch/_inductor/lowering.py:7242: UserWarning: 
Online softmax is disabled on the fly since Inductor decides to
split the reduction. Cut an issue to PyTorch if this is an
important use case and you want to speed it up with online
softmax.

  warnings.warn(
Step 01008 | Validation bpb: 1.056414 | val_loss: 3.465227
<|bos|>The capital of France is the capital of the capital of the capital of the capital of the capital of the
<|bos|>The chemical symbol of gold is the symbol of the earth's natural history. It is a symbol of the earth
<|bos|>If yesterday was Friday, then tomorrow will be Friday. The next day, we will be Friday. We will be Friday.
<|bos|>The opposite of hot is the cold. The cold is the most common cold. The cold is the most
<|bos|>The planets of the solar system are: 1. The solar system is the solar system, 2. The solar
<|bos|>My favorite color is the red. I'm not sure if it's a red. I'm not
<|bos|>If 5*x + 3 = 13, then x is the number of 5*x + 3 = 13. The number
2026-08-08 09:54:01,012 - nanochat.checkpoint_manager - INFO - Saved model parameters to: /__modal/volumes/vo-mKBdrtWxjif35KPeC6uz1n/out/p08_mst_parity/d8/G2_final_norm_s1/depth_8/ckpt_base/base/model_001008.pt
2026-08-08 09:54:01,016 - nanochat.checkpoint_manager - INFO - Saved metadata to: /__modal/volumes/vo-mKBdrtWxjif35KPeC6uz1n/out/p08_mst_parity/d8/G2_final_norm_s1/depth_8/ckpt_base/base/meta_001008.json
2026-08-08 09:54:01,609 - nanochat.checkpoint_manager - INFO - Saved optimizer state to: /__modal/volumes/vo-mKBdrtWxjif35KPeC6uz1n/out/p08_mst_parity/d8/G2_final_norm_s1/depth_8/ckpt_base/base/optim_001008_rank0.pt
step 01008/01008 (final) | loss: 3.545857 | early_stop: 0
Peak memory usage: 67883.45MiB
Total training time: 4.05m
Minimum validation bpb: 1.056414
Minimum validation loss (nats/byte): 3.465227
[rank0]: Traceback (most recent call last):
[rank0]:   File "<frozen runpy>", line 198, in _run_module_as_main
[rank0]:   File "<frozen runpy>", line 88, in _run_code
[rank0]:   File "/__modal/volumes/vo-mKBdrtWxjif35KPeC6uz1n/scripts/base_train.py", line 2606, in <module>
[rank0]:     _mst_tracker.write_csv(
[rank0]:   File "/__modal/volumes/vo-mKBdrtWxjif35KPeC6uz1n/scripts/base_train.py", line 1707, in write_csv
[rank0]:     self._append_row(csv_path, row)
[rank0]:     ^^^^^^^^^^^^^^^^
[rank0]: AttributeError: '_MSTTracker' object has no attribute '_append_row'
[rank0]:[W808 09:54:02.411381014 ProcessGroupNCCL.cpp:1524] Warning: WARNING: destroy_process_group() was not called before program exit, which can leak resources. For more info, please see https://pytorch.org/docs/stable/distributed.html#shutdown (function operator())
E0808 09:54:05.140000 21954 site-packages/torch/distributed/elastic/multiprocessing/api.py:882] failed (exitcode: 1) local_rank: 0 (pid: 21959) of binary: /usr/local/bin/python
Traceback (most recent call last):
  File "/usr/local/bin/torchrun", line 10, in <module>
    sys.exit(main())
             ^^^^^^
  File "/usr/local/lib/python3.12/site-packages/torch/distributed/elastic/multiprocessing/errors/__init__.py", line 357, in wrapper
    return f(*args, **kwargs)
           ^^^^^^^^^^^^^^^^^^
  File "/usr/local/lib/python3.12/site-packages/torch/distributed/run.py", line 936, in main
    run(args)
  File "/usr/local/lib/python3.12/site-packages/torch/distributed/run.py", line 927, in run
    elastic_launch(
  File "/usr/local/lib/python3.12/site-packages/torch/distributed/launcher/api.py", line 156, in __call__
    return launch_agent(self._config, self._entrypoint, list(args))
           ^^^^^^^^^^^^^^^^^^^^^^^^^^^^^^^^^^^^^^^^^^^^^^^^^^^^^^^^
  File "/usr/local/lib/python3.12/site-packages/torch/distributed/launcher/api.py", line 293, in launch_agent
    raise ChildFailedError(
torch.distributed.elastic.multiprocessing.errors.ChildFailedError: 
============================================================
scripts.base_train FAILED
------------------------------------------------------------
Failures:
  <NO_OTHER_FAILURES>
------------------------------------------------------------
Root Cause (first observed failure):
[0]:
  time      : 2026-08-08_09:54:05
  host      : localhost
  rank      : 0 (local_rank: 0)
  exitcode  : 1 (pid: 21959)
  error_file: <N/A>
  traceback : To enable traceback see: https://pytorch.org/docs/stable/elastic/errors.html
============================================================
Error training base. Marking as failed and continuing to next model.

--- Generating Report ---
No successful runs to plot.

[ERROR] The following models FAILED: ['base']
❌  G2_final_norm_s1 failed; will retry on the next invocation

### G3: per-stream value embeddings

━━━ G3_per_stream_ve_s1  (depth 8) ━━━
Requested NPROC_PER_NODE=8, but only 1 GPU(s) visible. Capping.
Using NPROC_PER_NODE=1
NANOCHAT_SKIP_ENV_SETUP=0
===== GPU Info =====
Sat Aug  8 09:54:06 2026       
+-----------------------------------------------------------------------------------------+
| NVIDIA-SMI 580.95.05              Driver Version: 580.95.05      CUDA Version: 13.0     |
+-----------------------------------------+------------------------+----------------------+
| GPU  Name                 Persistence-M | Bus-Id          Disp.A | Volatile Uncorr. ECC |
| Fan  Temp   Perf          Pwr:Usage/Cap |           Memory-Usage | GPU-Util  Compute M. |
|                                         |                        |               MIG M. |
|=========================================+========================+======================|
|   0  NVIDIA H200                    On  |   00000000:CB:00.0 Off |                    0 |
| N/A   37C    P0            134W /  700W |       4MiB / 143771MiB |      0%      Default |
|                                         |                        |             Disabled |
+-----------------------------------------+------------------------+----------------------+

+-----------------------------------------------------------------------------------------+
| Processes:                                                                              |
|  GPU   GI   CI              PID   Type   Process name                        GPU Memory |
|        ID   ID                                                               Usage      |
|=========================================================================================|
|  No running processes found                                                             |
+-----------------------------------------------------------------------------------------+
Starting Research Sweep. Output directory: out/p08_mst_parity/d8/G3_per_stream_ve_s1
UV_SYSTEM_PYTHON=1: using system Python, skipping venv creation.
Validating system environment dependencies via uv...
Using Python 3.12.10 environment at: /usr/local
Resolved 158 packages in 385ms
   Building nanochat @ file:///__modal/volumes/vo-mKBdrtWxjif35KPeC6uz1n
      Built nanochat @ file:///__modal/volumes/vo-mKBdrtWxjif35KPeC6uz1n
Prepared 1 package in 1.09s
Uninstalled 1 package in 0.86ms
Installed 1 package in 1ms
 ~ nanochat==0.1.0 (from file:///__modal/volumes/vo-mKBdrtWxjif35KPeC6uz1n)
Reset report and wrote header to out/report/header.md
Dataset (up to 300 shards) already exists in data, skipping download.
Tokenizer already exists in tokenizer, skipping training.
================================================================
Processing Depth: 8
================================================================
2026-08-08 09:54:17,939 - httpx - INFO - HTTP Request: HEAD https://huggingface.co/varunneal/flash-attention-3/resolve/main/kernel-status.toml "HTTP/1.1 404 Not Found"
2026-08-08 09:54:18,142 - httpx - INFO - HTTP Request: GET https://huggingface.co/api/models/varunneal/flash-attention-3/tree/main/build?recursive=false&expand=false "HTTP/1.1 200 OK"
2026-08-08 09:54:18,277 - httpx - INFO - HTTP Request: GET https://huggingface.co/api/models/varunneal/flash-attention-3/revision/main "HTTP/1.1 200 OK"
[sweep] Requested 8 DDP workers but only 1 GPU(s) available — using 1.
================================================================
Starting Sweep for Depth 8
Target Tokens: Auto (per-model param count)
================================================================
  Overriding default target_dim (128) with full model_dim 512

--- Training base ---

  ┌─────────────────────────────────────────────────────┐
  │  🆕  STARTING FRESH: [base]
  │     No checkpoints found — training from scratch.
  └─────────────────────────────────────────────────────┘

Running: /usr/local/bin/torchrun --standalone --nproc_per_node=1 -m scripts.base_train --depth 8 --aspect-ratio 64 --head-dim 128 --model-dim 512 --max-seq-len 2048 --device-batch-size 128 --total-batch-size 262144 --target-tokens -1 --target-param-data-ratio 10.5 --eval-every -1 --log-every 200 --core-metric-every 0 --save-every 200 --warmup-ratio 0.005 --warmdown-ratio 0.65 --final-lr-frac 0.05 --adam-beta2 0.99 --research-warmup-ratio 0.05 --use-onecycle 0 --router-context-window -1 --remix-use-basis-gate 1 --remix-use-output-gate 1 --remix-use-context 1 --remix-basis-gate-mode mlp --remix-gate-lr-scale 0.3 --p22-n-templates 1 --p22-template-routing-learned 0 --p22-template-topk 0 --p22-attn-moe-route none --p26-output-gated-linear 0 --p28-shared-basis 0 --p28-chunk-routing-size 0 --p28-global-template-bank none --p28-attn-proj-templates 0 --p28-attn-qk-templates 0 --p31-chunk-route-impl compose --p31-top1-gate ones --p31-template-delta-rank 0 --p31-route-side output --p31-drop-basis-proj 0 --p31-basis-side-templates 0 --remix-template-block-diag 0 --remix-template-lr-scale 1.0 --p29-grad-equalize 0 --target-active-params 0 --remix-basis-gate-rank 8 --cclblock-modulation weight --cclblock-orth-lambda 0.0 --p35-template-diversity-lambda 0.0 --cclblock-context-stream local --cclblock-ema-factor 0.99 --cclblock-stale-ctx-lag 0 --cclblock-sparse-gate-k 0 --cclblock-gate-temperature 1.0 --cclblock-context-bank-size 0 --cclblock-per-head-ctx 0 --cclblock-context-source norm_x --cclblock-chunk-size 0 --cclblock-aux-objective none --cclblock-aux-lambda 0.1 --cclblock-boundary-token-id 198 --use-ral 0 --ral-rank 32 --p34-ffn-schedule  --p34-ffn-no-ffn-replacement none --p34-ffn-last-depth 1 --p36-swiglu-ffn 0 --p36-swiglu-mult 2.6666666666666665 --cond-sites both --p22-route-affine 0 --cond-rank 256 --cond-mult-steps 0 --cond-gate-source router --cond-coeff-act centered --cond-router-rank 0 --cond-router-act none --cond-live-init 0.0 --cond-chunk-size 0 --cond-mult-scale -1.0 --cond-mult-impl wy --cond-attn-projs qkvo --cond-layer-frac 1.0 --cclblock-film-gate 0 --cclblock-attn-shadow-dim 0 --cclblock-dynamic-ratio 0.25 --cclblock-gate-rank 8 --cclblock-num-regimes 8 --cclblock-regime-temperature 1.0 --cclblock-poly-order 2 --cclblock-lie-generators 4 --cclblock-grassmann-bank-size 4 --cclblock-tucker-rank 32 --cclblock-tucker-modes 8 --cclblock-svs-rank 64 --cclblock-svs-eps 0.1 --cclblock-vq-codes 8 --cclblock-vq-temperature 1.0 --cclblock-dcu-warmup-steps 0 --cclblock-fsi-rotations 8 --cclblock-fsi-selector-dim 64 --cclblock-aesp-strata 4 --cclblock-aesp-delta-rank 4 --cclblock-ckr-branches 4 --cclblock-ckr-kernel-size 64 --cclblock-ckr-pos-channels 1 --cclblock-ckr-dual-optim 0 --cclblock-ckr-content-bias 0.0 --cclblock-giad-rank 32 --cclblock-psg-kernel-size 64 --cclblock-ss-dynamic-ratio 0.25 --cclblock-ss-branches 2 --cclblock-ss-kernel-size 64 --cclblock-lokr-branches 8 --cclblock-lokr-rank 16 --cclblock-ckr-temp-start 2.0 --cclblock-ckr-temp-end 0.3 --cclblock-com-kernel-size 32 --cclblock-ckr-ortho-init 0 --cclblock-ckr-branch-dropout 0.0 --cclblock-ckr-diversity-lambda 0.0 --cclblock-pgr-kernel-size 64 --cclblock-cil-kernel-size 64 --cclblock-prb-kernel-size 64 --p18-layer-drop 0.0 --p18-dynamic-activation 0 --p18-mixture-norm 0 --p18-aux-sim-lambda 0.0 --p18-gradient-penalty 0.0 --p18-per-channel-scale 0 --p19-residual-gate 0 --p19-head-importance 0 --p19-residual-mix-groups 0 --p19-attn-logit-bias 0 --p19-residual-decay 0 --p19-grad-equilibrium 0.0 --p19-spectral-reparam 0 --p19-weight-anticollapse 0.0 --p19-ve-bias 0 --p19-weight-noise 0.0 --p20-hrcs-scale 0 --p20-lswr-scale 0 --p20-lswr-planes 8 --p20-lrcfb-branches 0 --p20-lrcfb-narrow 0 --p20-lrcfb-learned 0 --p20-lrcfb-topk 0 --p20-dgcr-branches 0 --p20-dgcr-aux-weight 0.01 --p20-mone-experts 0 --p20-mone-topk 0 --p20-mone-narrow 1 --p20-mone-frozen 0 --p20-ncea-branches 0 --p20-ncea-eps 0.1 --p20-adwi 0 --p20-pwu-branches 0 --p20-pwu-phase 1 --p20-fsvd-gate 0 --p20-wbfc-clusters 0 --p20-wbfc-active 0 --p21-per-experts 0 --p21-per-topk 0 --p21-per-learned 0 --p21-per-attn 0 --p23-tiny-expert 0 --p23-n-experts 64 --p23-topk 16 --p23-learned-route 0 --p23-std-moe-experts 0 --p23-std-moe-topk -1 --p23-std-moe-aux-weight 0.01 --p23-lokr 0 --p23-lokr-rank 4 --p23-use-shared-block-router 0 --p23-linear-moe-experts 0 --p23-linear-moe-topk 0 --p23-quantile-route 0 --seed 1 --p34-ffn-mult 4.0 --p34-ffn-single 0 --p34-dense-attn 0 --p24-use-sliced-weight 0 --p24-sliced-weight-reduction-scale 8 --p24-sliced-weight-min-select 128 --p24-sliced-weight-scope per_token --p24-sliced-weight-balance-coeff 0.01 --p24-quantile-route 0 --p24-use-folded-mod 0 --p24-folded-mod-reduction-scale 8 --p24-folded-mod-scope per_layer --p24-folded-mod-gate-act tanh_centered --p24-use-sequence-gated-linear 0 --p24-sequence-gated-scope per_layer --p24-sequence-gated-act tanh_centered --p24-folded-mod-min-dim 128 --remix-shared-context-gates 0 --remix-use-dual-gate 0 --remix-basis-scale-factor 4 --remix-output-gate-rank 16 --p24-use-sliced-weight 0 --p24-sliced-weight-reduction-scale 8 --p24-sliced-weight-min-select 128 --p24-sliced-weight-scope per_token --p24-sliced-weight-balance-coeff 0.01 --p24-quantile-route 0 --p24-use-folded-mod 0 --p24-folded-mod-reduction-scale 8 --p24-folded-mod-scope per_layer --p24-folded-mod-gate-act tanh_centered --p24-use-sequence-gated-linear 0 --p24-sequence-gated-scope per_layer --p24-sequence-gated-act tanh_centered --remix-disable-ln-basis 0 --dense-intermediate-ln 0 --use-mst 1 --mst-n-subs 4 --mst-sub-dim 128 --mst-head-dim 0 --mst-input-mode learned_proj --mst-rotated-slice-learned 0 --mst-routing-mode soft_weighted --mst-routing-topk 0 --mst-routing-aux-weight 0.01 --mst-diversity-weight 0.0 --mst-ffn-mode standard --mst-transition-mode aggregate_distribute --mst-final-mode concat_proj --mst-final-topk 0 --mst-ffn-shared-up 0 --mst-ffn-inner-dim 0 --mst-sub-dropout 0.0 --mst-transition-every 1 --mst-ffa-temperature 1.0 --mst-global-residual 0 --mst-hybrid-dense 0 --mst-cross-sub-kv 0 --mst-sub-aux-weight 0.0 --mst-progressive-merge 0 --mst-multi-scale-windows 1 --mst-delta-residual 0 --mst-sub-layers 1 --mst-grad-equalize 1 --mst-block-diagonal-muon 1 --mst-transition-width-mult 4.0 --mst-sub-lr-scale 2.0 --mst-shared-expert 0 --mst-router-entropy-weight 0.0 --mst-shared-kv-attn 0 --mst-contrastive-diversity-weight 0.0 --mst-transition-nonlinear 0 --mst-transition-gated 0 --mst-transition-mlp 0 --mst-cross-sub-gate 0 --mst-hyper-connect 0 --mst-cross-kv-inject 0 --mst-slice-transition 0 --mst-lookback-layers 0 --mst-bilinear-transition 0 --mst-cross-sub-qmod 0 --mst-feature-cycle 0 --mst-mean-transition 0 --mst-sub-head-dim 0 --mst-final-norm 0 --mst-per-stream-ve 1 --use-eet 0 --eet-frozen-kv 1 --eet-reenter-final 0 --eet-compute-skip 0 --eet-target-active-frac 0.125 --eet-capacity-schedule bell --eet-exit-fracs  --eet-router-type mlp2 --eet-router-hidden 0 --eet-freq-prior-alpha 0.0 --eet-pos-prior-beta 0.0 --eet-domain-prior 0 --eet-warmup-frac 0.02 --eet-explore-frac 0.15 --eet-reconstruct-lambda 1.0 --eet-efficiency-lambda-start 0.01 --eet-efficiency-lambda-end 0.1 --eet-translator-rank 0 --eet-max-frozen-kv-frac 0.75 --eet-exit-threshold 0.5 --eet-min-exit-layer 1 --eet-loss-variant reconstruct --eet-topk-vocab 512 --eet-entropy-lambda 0.3 --eet-surprise-lambda 0.1 --eet-adv-lambda 1.0 --eet-adv-entropy-lambda 0.2 --eet-quality-lambda 1.0 --eet-quality-entropy-bonus 0.1 --eet-gumbel-temp-start 0.0 --eet-gumbel-temp-end 0.1 --eet-gumbel-hard 1 --eet-commitment-beta 0.1 --eet-global-router 0 --eet-freq-efficiency-alpha 0.0 --eet-diversity-lambda 0.0 --eet-ce-guided-lambda 1.0 --eet-router-lr-mult 5.0 --eet-model-lr-mult 1.0 --eet-depth-weight-type none --eet-depth-weight-max 2.5 --eet-use-override 0 --eet-override-prob-start 0.5 --eet-override-prob-end 0.1 --eet-capacity-alignment-lambda 0.0 --eet-router-task-grad 1 --eet-reinforce-interval 0 --eet-reinforce-lambda 0.1 --eet-exit-adapter-rank 0 --eet-router-after-block 0 --eet-ffn-skip 0 --eet-ffn-target-frac 0.5 --eet-ffn-full-attn 1 --eet-depth-affine 0 --eet-capacity-anneal-frac 0.0 --eet-learned-schedule 0 --eet-departure-summary 0 --eet-route-consistency-lambda 0.0 --eet-dense-distill-interval 0 --eet-dense-distill-lambda 0.5 --eet-depth-lr-scale 0 --eet-depth-grad-scale 0 --eet-detach-aux-from-backbone 0 --eet-detach-exit-from-backbone 0 --compile --tokenizer-dir tokenizer --data-dir data --max-shards 300 --checkpoints-dir /__modal/volumes/vo-mKBdrtWxjif35KPeC6uz1n/out/p08_mst_parity/d8/G3_per_stream_ve_s1/depth_8/ckpt_base --model-tag base
2026-08-08 09:54:26,202 - httpx - INFO - HTTP Request: HEAD https://huggingface.co/varunneal/flash-attention-3/resolve/main/kernel-status.toml "HTTP/1.1 404 Not Found"
2026-08-08 09:54:26,333 - httpx - INFO - HTTP Request: GET https://huggingface.co/api/models/varunneal/flash-attention-3/tree/main/build?recursive=false&expand=false "HTTP/1.1 200 OK"
2026-08-08 09:54:26,479 - httpx - INFO - HTTP Request: GET https://huggingface.co/api/models/varunneal/flash-attention-3/revision/main "HTTP/1.1 200 OK"

                                                       █████                █████
                                                      ░░███                ░░███
     ████████    ██████   ████████    ██████   ██████  ░███████    ██████  ███████
    ░░███░░███  ░░░░░███ ░░███░░███  ███░░███ ███░░███ ░███░░███  ░░░░░███░░░███░
     ░███ ░███   ███████  ░███ ░███ ░███ ░███░███ ░░░  ░███ ░███   ███████  ░███
     ░███ ░███  ███░░███  ░███ ░███ ░███ ░███░███  ███ ░███ ░███  ███░░███  ░███ ███
     ████ █████░░████████ ████ █████░░██████ ░░██████  ████ █████░░███████  ░░█████
    ░░░░ ░░░░░  ░░░░░░░░ ░░░░ ░░░░░  ░░░░░░   ░░░░░░  ░░░░ ░░░░░  ░░░░░░░░   ░░░░░
    
Autodetected device type: cuda
2026-08-08 09:54:27,827 - nanochat.common - INFO - Distributed world size: 1
GPU: NVIDIA H200 | Peak FLOPS (BF16): 9.89e+14
COMPUTE_DTYPE: torch.bfloat16 (auto-detected: CUDA SM 90 (bf16 supported))
✓ Using Flash Attention 3 (Hopper GPU detected) — efficient and fast.
Vocab size: 32,768
[MST] Multi-scale sub windows: [(32, 0), (127, 0), (511, 0), (-1, 0)]
[MST] Using compile-optimized BatchedMSTLayer (N=4, d=128)
[MST] 1A: Per-sub gradient equalization hooks registered
Model config:
{
  "sequence_len": 2048,
  "vocab_size": 32768,
  "n_layer": 8,
  "n_head": 4,
  "n_kv_head": 4,
  "n_embd": 512,
  "use_moe": false,
  "use_perm": false,
  "moe_num_experts": 8,
  "moe_router_dim": 64,
  "moe_embed_dim": 64,
  "dropout": 0.0,
  "use_remix_linear": false,
  "remix_context_dim": 64,
  "remix_context_dim_ratio": 6,
  "remix_basis_size": 64,
  "remix_output_gate_rank": 16,
  "remixed_linear_kwargs": {
    "use_basis_gate": true,
    "use_output_gate": true,
    "use_context": true,
    "basis_gate_mode": "mlp",
    "sparse_gate_k": 0,
    "gate_temperature": 1.0,
    "basis_scale_factor": 4,
    "n_templates": 1,
    "template_routing_learned": false,
    "template_topk": 0,
    "tiny_expert": false,
    "tiny_expert_topk": 16,
    "lokr_expert": false,
    "lokr_n_experts": 64,
    "lokr_topk": 16,
    "lokr_rank": 4,
    "lokr_learned": false,
    "basis_gate_rank": 8,
    "disable_ln_basis": false,
    "chunk_route_impl": "compose",
    "top1_gate": "ones",
    "template_delta_rank": 0,
    "route_side": "output",
    "drop_basis_proj": false,
    "basis_side_templates": 0,
    "grad_equalize": false
  },
  "use_pos_embed": false,
  "moe_use_abs_pos_embed": false,
  "use_layer_context": true,
  "scale_basis_size": true,
  "remix_use_dual_gate": false,
  "remix_use_fused": false,
  "p26_output_gated_linear": 0,
  "p28_shared_basis": 0,
  "p28_chunk_routing_size": 0,
  "p28_global_template_bank": "none",
  "p28_attn_proj_templates": 0,
  "p28_attn_qk_templates": 0,
  "p29_template_block_diag": 0,
  "p29_template_lr_scale": 1.0,
  "p29_grad_equalize": 0,
  "p34_ffn_mult": 4.0,
  "p34_ffn_single": 0,
  "p34_dense_attn": 0,
  "legacy_init_fallback": 0,
  "p35_template_diversity_lambda": 0.0,
  "p22_route_affine": 0,
  "p34_ffn_schedule": "",
  "p34_ffn_no_ffn_replacement": "none",
  "p34_ffn_last_depth": 1,
  "p36_swiglu_ffn": 0,
  "p36_swiglu_mult": 2.6666666666666665,
  "cond_sites": "both",
  "cond_rank": 256,
  "cond_mult_steps": 0,
  "cond_gate_source": "router",
  "cond_coeff_act": "centered",
  "cond_router_rank": 0,
  "cond_live_init": 0.0,
  "cond_router_act": "none",
  "cond_chunk_size": 0,
  "cond_mult_scale": -1.0,
  "cond_mult_impl": "wy",
  "cond_attn_projs": "qkvo",
  "cond_layer_frac": 1.0,
  "perm_expert_mode": "low_rank",
  "perm_rank": 16,
  "router_context_window": -1,
  "router_causal": true,
  "router_num_heads": 4,
  "router_num_queries": 16,
  "router_n_layers": 2,
  "router_use_vocab_prior": false,
  "window_pattern": "SSSL",
  "cclblock_modulation": "weight",
  "cclblock_orth_lambda": 0.0,
  "cclblock_context_stream": "local",
  "cclblock_ema_factor": 0.99,
  "cclblock_stale_ctx_lag": 0,
  "cclblock_sparse_gate_k": 0,
  "cclblock_gate_temperature": 1.0,
  "cclblock_context_bank_size": 0,
  "cclblock_per_head_ctx": false,
  "cclblock_context_source": "norm_x",
  "cclblock_chunk_size": 0,
  "cclblock_aux_objective": "none",
  "cclblock_aux_lambda": 0.1,
  "cclblock_boundary_token_id": 198,
  "use_ral": false,
  "ral_rank": 32,
  "cclblock_film_gate": false,
  "cclblock_attn_shadow_dim": 0,
  "cclblock_dynamic_ratio": 0.25,
  "cclblock_gate_rank": 8,
  "cclblock_num_regimes": 8,
  "cclblock_regime_temperature": 1.0,
  "cclblock_poly_order": 2,
  "cclblock_lie_generators": 4,
  "cclblock_grassmann_bank_size": 4,
  "cclblock_tucker_rank": 32,
  "cclblock_tucker_modes": 8,
  "cclblock_svs_rank": 64,
  "cclblock_svs_eps": 0.1,
  "cclblock_vq_codes": 8,
  "cclblock_vq_temperature": 1.0,
  "cclblock_dcu_warmup_steps": 0,
  "cclblock_fsi_rotations": 8,
  "cclblock_fsi_selector_dim": 64,
  "cclblock_aesp_strata": 4,
  "cclblock_aesp_delta_rank": 4,
  "cclblock_ckr_branches": 4,
  "cclblock_ckr_kernel_size": 64,
  "cclblock_ckr_pos_channels": 1,
  "cclblock_ckr_dual_optim": 0,
  "cclblock_ckr_content_bias": 0.0,
  "cclblock_giad_rank": 32,
  "cclblock_psg_kernel_size": 64,
  "cclblock_ss_dynamic_ratio": 0.25,
  "cclblock_ss_branches": 2,
  "cclblock_ss_kernel_size": 64,
  "cclblock_lokr_branches": 8,
  "cclblock_lokr_rank": 16,
  "cclblock_ckr_temp_start": 2.0,
  "cclblock_ckr_temp_end": 0.3,
  "cclblock_com_kernel_size": 32,
  "cclblock_ckr_ortho_init": 0,
  "cclblock_ckr_branch_dropout": 0.0,
  "cclblock_ckr_diversity_lambda": 0.0,
  "cclblock_ckr_layer_selective": 0,
  "cclblock_pgr_kernel_size": 64,
  "cclblock_cil_kernel_size": 64,
  "cclblock_prb_kernel_size": 64,
  "p18_layer_drop": 0.0,
  "p18_dynamic_activation": 0,
  "p18_mixture_norm": 0,
  "p18_causal_attn_bias": 0,
  "p18_aux_sim_lambda": 0.0,
  "p18_gradient_penalty": 0.0,
  "p18_per_channel_scale": 0,
  "p19_residual_gate": 0,
  "p19_head_importance": 0,
  "p19_residual_mix_groups": 0,
  "p19_attn_logit_bias": 0,
  "p19_residual_decay": 0,
  "p19_grad_equilibrium": 0.0,
  "p19_spectral_reparam": 0,
  "p19_weight_anticollapse": 0.0,
  "p19_ve_bias": 0,
  "p19_weight_noise": 0.0,
  "p20_hrcs_scale": 0,
  "p20_lswr_scale": 0,
  "p20_lswr_planes": 8,
  "p20_lrcfb_branches": 0,
  "p20_lrcfb_narrow": 0,
  "p20_lrcfb_learned": 0,
  "p20_lrcfb_topk": 0,
  "p20_dgcr_branches": 0,
  "p20_dgcr_aux_weight": 0.01,
  "p20_mone_experts": 0,
  "p20_mone_topk": 0,
  "p20_mone_narrow": 1,
  "p20_mone_frozen": 0,
  "p20_ncea_branches": 0,
  "p20_ncea_eps": 0.1,
  "p20_adwi": 0,
  "p20_pwu_branches": 0,
  "p20_pwu_phase": 1,
  "p20_fsvd_gate": 0,
  "p20_wbfc_clusters": 0,
  "p20_wbfc_active": 0,
  "p21_per_experts": 0,
  "p21_per_topk": 0,
  "p21_per_learned": 0,
  "p21_per_attn": 0,
  "p22_attn_moe_route": "none",
  "p23_tiny_expert": 0,
  "p23_n_experts": 64,
  "p23_topk": 16,
  "p23_learned_route": 0,
  "p23_std_moe_experts": 0,
  "p23_std_moe_topk": -1,
  "p23_std_moe_aux_weight": 0.01,
  "p23_lokr": 0,
  "p23_lokr_rank": 4,
  "p23_use_shared_block_router": 0,
  "p23_linear_moe_experts": 0,
  "p23_linear_moe_topk": 0,
  "p23_quantile_route": 0,
  "remix_shared_context_gates": 0,
  "p24_use_sliced_weight": 0,
  "p24_sliced_weight_reduction_scale": 8,
  "p24_sliced_weight_min_select": 128,
  "p24_sliced_weight_scope": "per_token",
  "p24_sliced_weight_balance_coeff": 0.01,
  "p24_quantile_route": 0,
  "p24_use_folded_mod": 0,
  "p24_folded_mod_reduction_scale": 8,
  "p24_folded_mod_min_dim": 128,
  "p24_folded_mod_scope": "per_layer",
  "p24_folded_mod_gate_act": "tanh_centered",
  "p24_use_sequence_gated_linear": 0,
  "p24_sequence_gated_scope": "per_layer",
  "p24_sequence_gated_act": "tanh_centered",
  "remix_disable_ln_basis": 0,
  "dense_intermediate_ln": 0,
  "use_mst": true,
  "mst_n_subs": 4,
  "mst_sub_dim": 128,
  "mst_head_dim": 0,
  "mst_input_mode": "learned_proj",
  "mst_rotated_slice_learned": false,
  "mst_routing_mode": "soft_weighted",
  "mst_routing_topk": 0,
  "mst_routing_aux_weight": 0.01,
  "mst_diversity_weight": 0.0,
  "mst_ffn_mode": "standard",
  "mst_transition_mode": "aggregate_distribute",
  "mst_final_mode": "concat_proj",
  "mst_final_topk": 0,
  "mst_ffn_shared_up": 0,
  "mst_ffn_inner_dim": 0,
  "mst_sub_dropout": 0.0,
  "mst_transition_every": 1,
  "mst_ffa_temperature": 1.0,
  "mst_global_residual": 0,
  "mst_hybrid_dense": 0,
  "mst_cross_sub_kv": 0,
  "mst_sub_aux_weight": 0.0,
  "mst_progressive_merge": 0,
  "mst_multi_scale_windows": 1,
  "mst_delta_residual": 0,
  "mst_sub_layers": 1,
  "mst_grad_equalize": 1,
  "mst_block_diagonal_muon": 1,
  "mst_transition_width_mult": 4.0,
  "mst_sub_lr_scale": 2.0,
  "mst_shared_expert": 0,
  "mst_router_entropy_weight": 0.0,
  "mst_shared_kv_attn": 0,
  "mst_contrastive_diversity_weight": 0.0,
  "mst_transition_nonlinear": 0,
  "mst_transition_gated": 0,
  "mst_transition_mlp": 0,
  "mst_cross_sub_gate": 0,
  "mst_hyper_connect": 0,
  "mst_cross_kv_inject": 0,
  "mst_slice_transition": 0,
  "mst_lookback_layers": 0,
  "mst_bilinear_transition": 0,
  "mst_cross_sub_qmod": 0,
  "mst_feature_cycle": 0,
  "mst_mean_transition": 0,
  "mst_sub_head_dim": 0,
  "mst_final_norm": 0,
  "mst_per_stream_ve": 1,
  "use_eet": false,
  "eet_frozen_kv": true,
  "eet_reenter_final": false,
  "eet_router_type": "mlp2",
  "eet_router_hidden": 0,
  "eet_freq_prior_alpha": 0.0,
  "eet_pos_prior_beta": 0.0,
  "eet_domain_prior": false,
  "eet_warmup_frac": 0.02,
  "eet_explore_frac": 0.15,
  "eet_reconstruct_lambda": 1.0,
  "eet_efficiency_lambda_start": 0.01,
  "eet_efficiency_lambda_end": 0.1,
  "eet_translator_rank": 0,
  "eet_max_frozen_kv_frac": 0.75,
  "eet_exit_threshold": 0.5,
  "eet_min_exit_layer": 1,
  "eet_loss_variant": "reconstruct",
  "eet_topk_vocab": 512,
  "eet_entropy_lambda": 0.3,
  "eet_surprise_lambda": 0.1,
  "eet_adv_lambda": 1.0,
  "eet_adv_entropy_lambda": 0.2,
  "eet_quality_lambda": 1.0,
  "eet_quality_entropy_bonus": 0.1,
  "eet_gumbel_temp_start": 0.0,
  "eet_gumbel_temp_end": 0.1,
  "eet_gumbel_hard": true,
  "eet_commitment_beta": 0.1,
  "eet_global_router": false,
  "eet_freq_efficiency_alpha": 0.0,
  "eet_diversity_lambda": 0.0,
  "eet_ce_guided_lambda": 1.0,
  "eet_router_lr_mult": 5.0,
  "eet_model_lr_mult": 1.0,
  "eet_depth_weight_type": "none",
  "eet_depth_weight_max": 2.5,
  "eet_use_override": 0,
  "eet_override_prob_start": 0.5,
  "eet_override_prob_end": 0.1,
  "eet_compute_skip": false,
  "eet_target_active_frac": 0.125,
  "eet_capacity_schedule": "bell",
  "eet_exit_fracs": null,
  "eet_capacity_alignment_lambda": 0.0,
  "eet_router_task_grad": true,
  "eet_reinforce_interval": 0,
  "eet_reinforce_lambda": 0.1,
  "eet_exit_adapter_rank": 0,
  "eet_router_after_block": 0,
  "eet_ffn_skip": false,
  "eet_ffn_target_frac": 0.5,
  "eet_ffn_full_attn": true,
  "eet_depth_affine": false,
  "eet_capacity_anneal_frac": 0.0,
  "eet_learned_schedule": false,
  "eet_departure_summary": false,
  "eet_route_consistency_lambda": 0.0,
  "eet_dense_distill_interval": 0,
  "eet_dense_distill_lambda": 0.5,
  "eet_depth_lr_scale": false,
  "eet_depth_grad_scale": false,
  "eet_detach_aux_from_backbone": false,
  "eet_detach_exit_from_backbone": false
}
Seeded weight init with --seed 1
Checkpoints directory: /__modal/volumes/vo-mKBdrtWxjif35KPeC6uz1n/out/p08_mst_parity/d8/G3_per_stream_ve_s1/depth_8/ckpt_base/base
✓ Wrapping model with DistributedDataParallel (rank 0, find_unused_parameters=False)
Parameter counts:
wte                     : 16,777,216
wpe                     : 0
value_embeds            : 67,108,864
lm_head                 : 16,777,216
transformer_matrices    : 8,394,752
research                : 0
scalars                 : 16
total                   : 109,058,064
Estimated FLOPs per token (total):  1.844306e+08
Estimated FLOPs per token (active): 1.844306e+08
Estimated active params:            109,058,064
[MST] Multi-scale sub windows: [(32, 0), (127, 0), (511, 0), (-1, 0)]
[MST] Using compile-optimized BatchedMSTLayer (N=4, d=128)
[MST] 1A: Per-sub gradient equalization hooks registered
Scaling LRs by 0.7071 for batch size 262,144 (reference: 524,288)
Scaling weight decay from 0.200000 to 0.163530 for depth 8
Scaling AdamW LRs ∝1/√(512/768) = 1.224745
[MST] Per-sub Muon LR scaled by 2.00× → 0.028284
[MST] 1B: Block-diagonal Muon enabled (N=4 blocks)
Calculated number of iterations from target data:param ratio: 1,008
Total number of training tokens: 264,241,152
Tokens : Scaling params ratio: 10.50
Total training FLOPs estimate: 4.873415e+16
Total active training FLOPs estimate: 4.873415e+16
Using base scheduler: linear warmup/flat/linear warmdown
[MST] Diagnostics will be logged to: /__modal/volumes/vo-mKBdrtWxjif35KPeC6uz1n/out/p08_mst_parity/d8/G3_per_stream_ve_s1/depth_8/ckpt_base/base/mst_diagnostics.jsonl
Tokens / micro-batch / rank: 128 x 2048 = 262,144
Tokens / micro-batch: 262,144
Total batch size 262,144 => gradient accumulation steps: 1
Running pre-compilation warmup (1 dummy forward+backward to init lazy allocations)...
[rank0]:W0808 09:54:28.428000 43152 site-packages/torch/_logging/_internal.py:1199] [0/0] Profiler function <class 'torch.autograd.profiler.record_function'> will be ignored
/usr/local/lib/python3.12/site-packages/torch/_inductor/lowering.py:7242: UserWarning: 
Online softmax is disabled on the fly since Inductor decides to
split the reduction. Cut an issue to PyTorch if this is an
important use case and you want to speed it up with online
softmax.

  warnings.warn(
Warmup complete. Steady-state VRAM: 1.1 GB allocated
/usr/local/lib/python3.12/site-packages/torch/_inductor/lowering.py:7242: UserWarning: 
Online softmax is disabled on the fly since Inductor decides to
split the reduction. Cut an issue to PyTorch if this is an
important use case and you want to speed it up with online
softmax.

  warnings.warn(
  [MST diag] ERROR: [Errno 2] No such file or directory: '/__modal/volumes/vo-mKBdrtWxjif35KPeC6uz1n/out/p08_mst_parity/d8/G3_per_stream_ve_s1/depth_8/ckpt_base/base/mst_diagnostics.jsonl'
step 00000/01008 (0.00%) | loss: 10.477578 | lrm: 0.20 | lr(adamw:8.142e-02, muon:3.889e-03) | dt: 80803.30ms | tok/sec: 3,244 | bf16_mfu: 0.06 | epoch: 1 pq: 0 rg: 1 | total time: 0.00m
2026-08-08 09:58:20,673 - nanochat.checkpoint_manager - INFO - Saved model parameters to: /__modal/volumes/vo-mKBdrtWxjif35KPeC6uz1n/out/p08_mst_parity/d8/G3_per_stream_ve_s1/depth_8/ckpt_base/base/model_000200.pt
2026-08-08 09:58:20,676 - nanochat.checkpoint_manager - INFO - Saved metadata to: /__modal/volumes/vo-mKBdrtWxjif35KPeC6uz1n/out/p08_mst_parity/d8/G3_per_stream_ve_s1/depth_8/ckpt_base/base/meta_000200.json
2026-08-08 09:58:21,847 - nanochat.checkpoint_manager - INFO - Saved optimizer state to: /__modal/volumes/vo-mKBdrtWxjif35KPeC6uz1n/out/p08_mst_parity/d8/G3_per_stream_ve_s1/depth_8/ckpt_base/base/optim_000200_rank0.pt
  [MST diag] sub_sim=[0.039, 0.037, 0.020, -0.019, -0.015, -0.015, -0.011, -0.001] | route_ent=[1.125, 1.062, 1.219, 1.180, 1.133, 1.219, 1.172, 1.172] | grad_norm=[0.091, 0.049, 0.031, 0.024]
step 00200/01008 (19.84%) | loss: 4.343758 | lrm: 1.00 | lr(adamw:4.071e-01, muon:1.945e-02) | dt: 269.86ms | tok/sec: 971,395 | bf16_mfu: 18.11 | epoch: 1 pq: 1 rg: 17 | total time: 0.78m | eta: 3.3m
2026-08-08 09:59:11,871 - nanochat.checkpoint_manager - INFO - Saved model parameters to: /__modal/volumes/vo-mKBdrtWxjif35KPeC6uz1n/out/p08_mst_parity/d8/G3_per_stream_ve_s1/depth_8/ckpt_base/base/model_000400.pt
2026-08-08 09:59:11,875 - nanochat.checkpoint_manager - INFO - Saved metadata to: /__modal/volumes/vo-mKBdrtWxjif35KPeC6uz1n/out/p08_mst_parity/d8/G3_per_stream_ve_s1/depth_8/ckpt_base/base/meta_000400.json
2026-08-08 09:59:12,989 - nanochat.checkpoint_manager - INFO - Saved optimizer state to: /__modal/volumes/vo-mKBdrtWxjif35KPeC6uz1n/out/p08_mst_parity/d8/G3_per_stream_ve_s1/depth_8/ckpt_base/base/optim_000400_rank0.pt
Removed previous periodic checkpoint at step 000200
  [MST diag] sub_sim=[-0.004, -0.046, -0.056, -0.095, -0.071, -0.061, -0.040, -0.015] | route_ent=[1.305, 1.234, 1.328, 1.180, 1.148, 1.203, 1.102, 1.109] | grad_norm=[0.062, 0.041, 0.038, 0.026]
step 00400/01008 (39.68%) | loss: 3.910700 | lrm: 0.93 | lr(adamw:3.793e-01, muon:1.812e-02) | dt: 271.35ms | tok/sec: 966,057 | bf16_mfu: 18.02 | epoch: 1 pq: 2 rg: 30 | total time: 1.60m | eta: 2.5m
2026-08-08 10:00:02,913 - nanochat.checkpoint_manager - INFO - Saved model parameters to: /__modal/volumes/vo-mKBdrtWxjif35KPeC6uz1n/out/p08_mst_parity/d8/G3_per_stream_ve_s1/depth_8/ckpt_base/base/model_000600.pt
2026-08-08 10:00:02,916 - nanochat.checkpoint_manager - INFO - Saved metadata to: /__modal/volumes/vo-mKBdrtWxjif35KPeC6uz1n/out/p08_mst_parity/d8/G3_per_stream_ve_s1/depth_8/ckpt_base/base/meta_000600.json
2026-08-08 10:00:04,020 - nanochat.checkpoint_manager - INFO - Saved optimizer state to: /__modal/volumes/vo-mKBdrtWxjif35KPeC6uz1n/out/p08_mst_parity/d8/G3_per_stream_ve_s1/depth_8/ckpt_base/base/optim_000600_rank0.pt
Removed previous periodic checkpoint at step 000400
  [MST diag] sub_sim=[-0.031, -0.072, -0.076, -0.124, -0.092, -0.079, -0.051, -0.019] | route_ent=[1.344, 1.273, 1.352, 1.211, 1.203, 1.234, 1.117, 1.133] | grad_norm=[0.044, 0.023, 0.025, 0.017]
step 00600/01008 (59.52%) | loss: 3.723971 | lrm: 0.64 | lr(adamw:2.612e-01, muon:1.248e-02) | dt: 269.74ms | tok/sec: 971,837 | bf16_mfu: 18.12 | epoch: 1 pq: 3 rg: 44 | total time: 2.42m | eta: 1.7m
2026-08-08 10:00:53,865 - nanochat.checkpoint_manager - INFO - Saved model parameters to: /__modal/volumes/vo-mKBdrtWxjif35KPeC6uz1n/out/p08_mst_parity/d8/G3_per_stream_ve_s1/depth_8/ckpt_base/base/model_000800.pt
2026-08-08 10:00:53,868 - nanochat.checkpoint_manager - INFO - Saved metadata to: /__modal/volumes/vo-mKBdrtWxjif35KPeC6uz1n/out/p08_mst_parity/d8/G3_per_stream_ve_s1/depth_8/ckpt_base/base/meta_000800.json
2026-08-08 10:00:54,977 - nanochat.checkpoint_manager - INFO - Saved optimizer state to: /__modal/volumes/vo-mKBdrtWxjif35KPeC6uz1n/out/p08_mst_parity/d8/G3_per_stream_ve_s1/depth_8/ckpt_base/base/optim_000800_rank0.pt
Removed previous periodic checkpoint at step 000600
  [MST diag] sub_sim=[-0.043, -0.076, -0.082, -0.132, -0.096, -0.086, -0.059, -0.023] | route_ent=[1.352, 1.281, 1.359, 1.234, 1.234, 1.250, 1.133, 1.148] | grad_norm=[0.028, 0.020, 0.020, 0.014]
step 00800/01008 (79.37%) | loss: 3.599366 | lrm: 0.35 | lr(adamw:1.432e-01, muon:6.839e-03) | dt: 271.50ms | tok/sec: 965,525 | bf16_mfu: 18.01 | epoch: 1 pq: 4 rg: 58 | total time: 3.24m | eta: 0.9m
2026-08-08 10:01:45,054 - nanochat.checkpoint_manager - INFO - Saved model parameters to: /__modal/volumes/vo-mKBdrtWxjif35KPeC6uz1n/out/p08_mst_parity/d8/G3_per_stream_ve_s1/depth_8/ckpt_base/base/model_001000.pt
2026-08-08 10:01:45,057 - nanochat.checkpoint_manager - INFO - Saved metadata to: /__modal/volumes/vo-mKBdrtWxjif35KPeC6uz1n/out/p08_mst_parity/d8/G3_per_stream_ve_s1/depth_8/ckpt_base/base/meta_001000.json
2026-08-08 10:01:46,477 - nanochat.checkpoint_manager - INFO - Saved optimizer state to: /__modal/volumes/vo-mKBdrtWxjif35KPeC6uz1n/out/p08_mst_parity/d8/G3_per_stream_ve_s1/depth_8/ckpt_base/base/optim_001000_rank0.pt
Removed previous periodic checkpoint at step 000800
  [MST diag] sub_sim=[-0.038, -0.072, -0.078, -0.127, -0.092, -0.084, -0.059, -0.023] | route_ent=[1.352, 1.289, 1.359, 1.242, 1.250, 1.258, 1.141, 1.156] | grad_norm=[0.023, 0.016, 0.016, 0.012]
step 01000/01008 (99.21%) | loss: 3.516294 | lrm: 0.06 | lr(adamw:2.508e-02, muon:1.198e-03) | dt: 270.41ms | tok/sec: 969,421 | bf16_mfu: 18.08 | epoch: 1 pq: 5 rg: 73 | total time: 4.06m | eta: 0.0m
  [MST diag] sub_sim=[-0.038, -0.071, -0.077, -0.126, -0.093, -0.086, -0.061, -0.024] | route_ent=[1.352, 1.289, 1.359, 1.242, 1.250, 1.258, 1.141, 1.156] | grad_norm=[0.023, 0.016, 0.013, 0.010]
step 01007/01008 (99.90%) | loss: 3.508708 | lrm: 0.05 | lr(adamw:2.094e-02, muon:1.000e-03) | dt: 266.80ms | tok/sec: 982,531 | bf16_mfu: 18.32 | epoch: 1 pq: 5 rg: 76 | total time: 4.09m | eta: 0.0m
/usr/local/lib/python3.12/site-packages/torch/_dynamo/variables/functions.py:1598: UserWarning: Dynamo does not know how to trace the builtin `torch._C._distributed_c10d.pybind11_detail_function_record_v1_system_libstdcpp_gxx_abi_1xxx_use_cxx11_abi_1._broadcast_coalesced.` This function is either a Python builtin (e.g. _warnings.warn) or a third-party C/C++ Python extension (perhaps created with pybind).
If it is a Python builtin, please file an issue on GitHub so the PyTorch team can add support for it and see the next case for a workaround.
If it is a third-party C/C++ Python extension, please either wrap it into a PyTorch-understood custom operator (see https://pytorch.org/tutorials/advanced/custom_ops_landing_page.html for more details) or, if it is traceable, use `torch.compiler.allow_in_graph`.
  torch._dynamo.utils.warn_once(explanation + "\n" + "\n".join(hints))
/usr/local/lib/python3.12/site-packages/torch/_inductor/lowering.py:7242: UserWarning: 
Online softmax is disabled on the fly since Inductor decides to
split the reduction. Cut an issue to PyTorch if this is an
important use case and you want to speed it up with online
softmax.

  warnings.warn(
Step 01008 | Validation bpb: 1.045110 | val_loss: 3.428151
<|bos|>The capital of France is the capital of the capital of France. The capital of France is the capital of
<|bos|>The chemical symbol of gold is a symbol of gold, and it is a symbol of gold. It is a
<|bos|>If yesterday was Friday, then tomorrow will be the day. The next day, the next day, the next day, the
<|bos|>The opposite of hot is the cold. The cold is the cold. The cold is the cold. The
<|bos|>The planets of the solar system are: Jupiter, Saturn, Uranus, Uranus, Uranus, Uranus,
<|bos|>My favorite color is the red, green, and blue. I love the color of the red,
<|bos|>If 5*x + 3 = 13, then x is 5*x + 3 = 13, then x is 5
2026-08-08 10:03:19,266 - nanochat.checkpoint_manager - INFO - Saved model parameters to: /__modal/volumes/vo-mKBdrtWxjif35KPeC6uz1n/out/p08_mst_parity/d8/G3_per_stream_ve_s1/depth_8/ckpt_base/base/model_001008.pt
2026-08-08 10:03:19,269 - nanochat.checkpoint_manager - INFO - Saved metadata to: /__modal/volumes/vo-mKBdrtWxjif35KPeC6uz1n/out/p08_mst_parity/d8/G3_per_stream_ve_s1/depth_8/ckpt_base/base/meta_001008.json
2026-08-08 10:03:20,429 - nanochat.checkpoint_manager - INFO - Saved optimizer state to: /__modal/volumes/vo-mKBdrtWxjif35KPeC6uz1n/out/p08_mst_parity/d8/G3_per_stream_ve_s1/depth_8/ckpt_base/base/optim_001008_rank0.pt
step 01008/01008 (final) | loss: 3.508708 | early_stop: 0
Peak memory usage: 68776.95MiB
Total training time: 4.09m
Minimum validation bpb: 1.045110
Minimum validation loss (nats/byte): 3.428151
[rank0]: Traceback (most recent call last):
[rank0]:   File "<frozen runpy>", line 198, in _run_module_as_main
[rank0]:   File "<frozen runpy>", line 88, in _run_code
[rank0]:   File "/__modal/volumes/vo-mKBdrtWxjif35KPeC6uz1n/scripts/base_train.py", line 2606, in <module>
[rank0]:     _mst_tracker.write_csv(
[rank0]:   File "/__modal/volumes/vo-mKBdrtWxjif35KPeC6uz1n/scripts/base_train.py", line 1707, in write_csv
[rank0]:     self._append_row(csv_path, row)
[rank0]:     ^^^^^^^^^^^^^^^^
[rank0]: AttributeError: '_MSTTracker' object has no attribute '_append_row'
[rank0]:[W808 10:03:21.192886411 ProcessGroupNCCL.cpp:1524] Warning: WARNING: destroy_process_group() was not called before program exit, which can leak resources. For more info, please see https://pytorch.org/docs/stable/distributed.html#shutdown (function operator())
E0808 10:03:23.523000 43147 site-packages/torch/distributed/elastic/multiprocessing/api.py:882] failed (exitcode: 1) local_rank: 0 (pid: 43152) of binary: /usr/local/bin/python
Traceback (most recent call last):
  File "/usr/local/bin/torchrun", line 10, in <module>
    sys.exit(main())
             ^^^^^^
  File "/usr/local/lib/python3.12/site-packages/torch/distributed/elastic/multiprocessing/errors/__init__.py", line 357, in wrapper
    return f(*args, **kwargs)
           ^^^^^^^^^^^^^^^^^^
  File "/usr/local/lib/python3.12/site-packages/torch/distributed/run.py", line 936, in main
    run(args)
  File "/usr/local/lib/python3.12/site-packages/torch/distributed/run.py", line 927, in run
    elastic_launch(
  File "/usr/local/lib/python3.12/site-packages/torch/distributed/launcher/api.py", line 156, in __call__
    return launch_agent(self._config, self._entrypoint, list(args))
           ^^^^^^^^^^^^^^^^^^^^^^^^^^^^^^^^^^^^^^^^^^^^^^^^^^^^^^^^
  File "/usr/local/lib/python3.12/site-packages/torch/distributed/launcher/api.py", line 293, in launch_agent
    raise ChildFailedError(
torch.distributed.elastic.multiprocessing.errors.ChildFailedError: 
============================================================
scripts.base_train FAILED
------------------------------------------------------------
Failures:
  <NO_OTHER_FAILURES>
------------------------------------------------------------
Root Cause (first observed failure):
[0]:
  time      : 2026-08-08_10:03:23
  host      : localhost
  rank      : 0 (local_rank: 0)
  exitcode  : 1 (pid: 43152)
  error_file: <N/A>
  traceback : To enable traceback see: https://pytorch.org/docs/stable/elastic/errors.html
============================================================
Error training base. Marking as failed and continuing to next model.

--- Generating Report ---
No successful runs to plot.

[ERROR] The following models FAILED: ['base']
❌  G3_per_stream_ve_s1 failed; will retry on the next invocation

════════════════════════════════════════════════════════════
  P08 complete for depth 8
  results: out/p08_mst_parity/d8/mst_results*.csv   log: po8_mst_sweep.log

  Read it as: every delta is against CTRL_mst_full in this same sweep.
  The bar is ~0.03 bpb of total improvement, which is what turns the
  corrected FLOPs multiplier from 0.86x into roughly 1.15x.
════════════════════════════════════════════════════════════
